{"event": "environment", "args": {"shapes": "500,512,513,640,768,800,1024", "dtype": "bf16", "batch": 1, "heads": 8, "dim": 32, "rounds": 3, "samples": 10, "warmup": 3, "baseline": "original", "candidate": "low-memory", "chunk_i": 128, "noncontiguous_do": false, "modes": "forward,backward,forward_backward"}, "torch": "2.13.0a0+9186a08b2c.nv26.07", "triton": "3.7.1", "gpu": "NVIDIA H20-3e", "capability": [9, 0], "revision": "64148ed4a1825f98d3175ba0267a11101fcc965e", "sources": {"scripts/bench_fused.py": "92e5d0f74278b4fd329c2d07e2651f4c39152ed9b9fa79e1696ad75b27a1a5a8", "src/trifast/__init__.py": "7991e4899fe05dabd35c0ba453c516f9a22a7f1b7d7b6937441d202bf1fc8caf", "src/trifast/_fused_backward.py": "fdcd722a80b298d3700833946c8b16ff6ed8a70db2046768e44df2cc8d4df0e8", "src/trifast/_fused_chunked.py": "07bb4debb8a37943bbd89aeac8e632b27481d5d8982722428b97f7eb26a2095d", "src/trifast/_fused_dispatch.py": "add438fee965ecd1dffb830fc12e5d811d2ba39f952a1147870bccc9533e5e59", "src/trifast/_fused_forward.py": "a44e96aa9c3a82c6cbe330b1edbe707be1a89e1591b96e0e18bdec4d9a9a0113", "src/trifast/autotune.py": "0909cf562b06259aae34986a5d826e4c8fb2860816689b6b6ba56be3a44595b9", "src/trifast/autotune_helpers.py": "8bfc1a3c2ec06c001188766b6231523cb767466c22d6fbcae2089f2a410e9b9a", "src/trifast/equiv.py": "d8b293f80a605d4912704ae35e9b60b8dbe18c83e81c8be85657afc58a197097", "src/trifast/fused_api.py": "474ad68aecc5e4d29ced3daee8b88dee021dde75335c4ceb459a58463a723343", "src/trifast/fused_low_memory_api.py": "3f4d3035d569d4717951ca6651f1af01d448c461a933d4d6d4933cdf01c1e92e", "src/trifast/torch.py": "ccbd6dabc51f89132b4f0ce17506376a83484a5430f210b5bd7b23ef02641d72", "src/trifast/triton.py": "e71e3f7493e10235efd9b4a63ba5e4940f8e27bd84b5959d51dda2964e1849a9", "src/trifast/tune.py": "e960cf5e0074c8481211d754d8db24831b6b7d9f75fcab589b7bbe73c361e132", "src/trifast/utils.py": "59be46971a782cae0ade81747b553ce7b4669879890d023e0caf0f3852dcf212"}, "labels": {"A": "original", "B": "low-memory"}, "mask_probability": 0.2, "timing": "CUDA event per iteration; warm ABBA; no CUDA graphs"}
{"event": "parity", "n": 500, "checks": {"output": {"relative_l2": 0.0010558911599218845, "baseline_zero_max_abs_diagnostic": 0.0, "passed": true}, "dq": {"relative_l2": 0.0011178781278431416, "baseline_zero_max_abs_diagnostic": 0.0, "passed": true}, "dk": {"relative_l2": 0.0012073458638042212, "baseline_zero_max_abs_diagnostic": 0.0, "passed": true}, "dv": {"relative_l2": 4.196057125227526e-05, "baseline_zero_max_abs_diagnostic": 0.0, "passed": true}, "db": {"relative_l2": 0.0007298216805793345, "baseline_zero_max_abs_diagnostic": 0.0, "passed": true}}, "independent_reference": false}
{"event": "memory", "n": 500, "measurements": {"A": {"peak_increment_bytes": 566193152, "retained_increment_bytes": 516971520}, "B": {"peak_increment_bytes": 620295168, "retained_increment_bytes": 516971520}}}
{"event": "sample", "n": 500, "mode": "forward", "round": 0, "block": 0, "label": "A", "sample": 0, "ms": 1.9730240106582642}
{"event": "sample", "n": 500, "mode": "forward", "round": 0, "block": 0, "label": "A", "sample": 1, "ms": 1.707103967666626}
{"event": "sample", "n": 500, "mode": "forward", "round": 0, "block": 0, "label": "A", "sample": 2, "ms": 1.7082240581512451}
{"event": "sample", "n": 500, "mode": "forward", "round": 0, "block": 0, "label": "A", "sample": 3, "ms": 1.7092479467391968}
{"event": "sample", "n": 500, "mode": "forward", "round": 0, "block": 0, "label": "A", "sample": 4, "ms": 1.7074559926986694}
{"event": "sample", "n": 500, "mode": "forward", "round": 0, "block": 0, "label": "A", "sample": 5, "ms": 1.7095999717712402}
{"event": "sample", "n": 500, "mode": "forward", "round": 0, "block": 0, "label": "A", "sample": 6, "ms": 1.7077759504318237}
{"event": "sample", "n": 500, "mode": "forward", "round": 0, "block": 0, "label": "A", "sample": 7, "ms": 1.7097599506378174}
{"event": "sample", "n": 500, "mode": "forward", "round": 0, "block": 0, "label": "A", "sample": 8, "ms": 1.7072319984436035}
{"event": "sample", "n": 500, "mode": "forward", "round": 0, "block": 0, "label": "A", "sample": 9, "ms": 1.7096320390701294}
{"event": "sample", "n": 500, "mode": "forward", "round": 0, "block": 1, "label": "B", "sample": 0, "ms": 2.258591890335083}
{"event": "sample", "n": 500, "mode": "forward", "round": 0, "block": 1, "label": "B", "sample": 1, "ms": 2.0304958820343018}
{"event": "sample", "n": 500, "mode": "forward", "round": 0, "block": 1, "label": "B", "sample": 2, "ms": 2.0307838916778564}
{"event": "sample", "n": 500, "mode": "forward", "round": 0, "block": 1, "label": "B", "sample": 3, "ms": 2.0307838916778564}
{"event": "sample", "n": 500, "mode": "forward", "round": 0, "block": 1, "label": "B", "sample": 4, "ms": 2.03056001663208}
{"event": "sample", "n": 500, "mode": "forward", "round": 0, "block": 1, "label": "B", "sample": 5, "ms": 2.029439926147461}
{"event": "sample", "n": 500, "mode": "forward", "round": 0, "block": 1, "label": "B", "sample": 6, "ms": 2.032288074493408}
{"event": "sample", "n": 500, "mode": "forward", "round": 0, "block": 1, "label": "B", "sample": 7, "ms": 2.0313920974731445}
{"event": "sample", "n": 500, "mode": "forward", "round": 0, "block": 1, "label": "B", "sample": 8, "ms": 2.0310399532318115}
{"event": "sample", "n": 500, "mode": "forward", "round": 0, "block": 1, "label": "B", "sample": 9, "ms": 2.03110408782959}
{"event": "sample", "n": 500, "mode": "forward", "round": 0, "block": 2, "label": "B", "sample": 0, "ms": 2.222752094268799}
{"event": "sample", "n": 500, "mode": "forward", "round": 0, "block": 2, "label": "B", "sample": 1, "ms": 2.0316479206085205}
{"event": "sample", "n": 500, "mode": "forward", "round": 0, "block": 2, "label": "B", "sample": 2, "ms": 2.0300800800323486}
{"event": "sample", "n": 500, "mode": "forward", "round": 0, "block": 2, "label": "B", "sample": 3, "ms": 2.0300159454345703}
{"event": "sample", "n": 500, "mode": "forward", "round": 0, "block": 2, "label": "B", "sample": 4, "ms": 2.0303359031677246}
{"event": "sample", "n": 500, "mode": "forward", "round": 0, "block": 2, "label": "B", "sample": 5, "ms": 2.0320000648498535}
{"event": "sample", "n": 500, "mode": "forward", "round": 0, "block": 2, "label": "B", "sample": 6, "ms": 2.0289599895477295}
{"event": "sample", "n": 500, "mode": "forward", "round": 0, "block": 2, "label": "B", "sample": 7, "ms": 2.0294721126556396}
{"event": "sample", "n": 500, "mode": "forward", "round": 0, "block": 2, "label": "B", "sample": 8, "ms": 2.03222393989563}
{"event": "sample", "n": 500, "mode": "forward", "round": 0, "block": 2, "label": "B", "sample": 9, "ms": 2.033535957336426}
{"event": "sample", "n": 500, "mode": "forward", "round": 0, "block": 3, "label": "A", "sample": 0, "ms": 2.0240321159362793}
{"event": "sample", "n": 500, "mode": "forward", "round": 0, "block": 3, "label": "A", "sample": 1, "ms": 1.7076799869537354}
{"event": "sample", "n": 500, "mode": "forward", "round": 0, "block": 3, "label": "A", "sample": 2, "ms": 1.7091200351715088}
{"event": "sample", "n": 500, "mode": "forward", "round": 0, "block": 3, "label": "A", "sample": 3, "ms": 1.7092479467391968}
{"event": "sample", "n": 500, "mode": "forward", "round": 0, "block": 3, "label": "A", "sample": 4, "ms": 1.7084800004959106}
{"event": "sample", "n": 500, "mode": "forward", "round": 0, "block": 3, "label": "A", "sample": 5, "ms": 1.708799958229065}
{"event": "sample", "n": 500, "mode": "forward", "round": 0, "block": 3, "label": "A", "sample": 6, "ms": 1.7091200351715088}
{"event": "sample", "n": 500, "mode": "forward", "round": 0, "block": 3, "label": "A", "sample": 7, "ms": 1.7104320526123047}
{"event": "sample", "n": 500, "mode": "forward", "round": 0, "block": 3, "label": "A", "sample": 8, "ms": 1.7069120407104492}
{"event": "sample", "n": 500, "mode": "forward", "round": 0, "block": 3, "label": "A", "sample": 9, "ms": 1.71014404296875}
{"event": "sample", "n": 500, "mode": "forward", "round": 1, "block": 0, "label": "A", "sample": 0, "ms": 2.0415680408477783}
{"event": "sample", "n": 500, "mode": "forward", "round": 1, "block": 0, "label": "A", "sample": 1, "ms": 1.7085119485855103}
{"event": "sample", "n": 500, "mode": "forward", "round": 1, "block": 0, "label": "A", "sample": 2, "ms": 1.7076799869537354}
{"event": "sample", "n": 500, "mode": "forward", "round": 1, "block": 0, "label": "A", "sample": 3, "ms": 1.7083200216293335}
{"event": "sample", "n": 500, "mode": "forward", "round": 1, "block": 0, "label": "A", "sample": 4, "ms": 1.7091840505599976}
{"event": "sample", "n": 500, "mode": "forward", "round": 1, "block": 0, "label": "A", "sample": 5, "ms": 1.7093440294265747}
{"event": "sample", "n": 500, "mode": "forward", "round": 1, "block": 0, "label": "A", "sample": 6, "ms": 1.7098560333251953}
{"event": "sample", "n": 500, "mode": "forward", "round": 1, "block": 0, "label": "A", "sample": 7, "ms": 1.7126719951629639}
{"event": "sample", "n": 500, "mode": "forward", "round": 1, "block": 0, "label": "A", "sample": 8, "ms": 1.7112640142440796}
{"event": "sample", "n": 500, "mode": "forward", "round": 1, "block": 0, "label": "A", "sample": 9, "ms": 1.7111680507659912}
{"event": "sample", "n": 500, "mode": "forward", "round": 1, "block": 1, "label": "B", "sample": 0, "ms": 2.270688056945801}
{"event": "sample", "n": 500, "mode": "forward", "round": 1, "block": 1, "label": "B", "sample": 1, "ms": 2.0339839458465576}
{"event": "sample", "n": 500, "mode": "forward", "round": 1, "block": 1, "label": "B", "sample": 2, "ms": 2.0316479206085205}
{"event": "sample", "n": 500, "mode": "forward", "round": 1, "block": 1, "label": "B", "sample": 3, "ms": 2.034208059310913}
{"event": "sample", "n": 500, "mode": "forward", "round": 1, "block": 1, "label": "B", "sample": 4, "ms": 2.031615972518921}
{"event": "sample", "n": 500, "mode": "forward", "round": 1, "block": 1, "label": "B", "sample": 5, "ms": 2.034208059310913}
{"event": "sample", "n": 500, "mode": "forward", "round": 1, "block": 1, "label": "B", "sample": 6, "ms": 2.0327680110931396}
{"event": "sample", "n": 500, "mode": "forward", "round": 1, "block": 1, "label": "B", "sample": 7, "ms": 2.0351040363311768}
{"event": "sample", "n": 500, "mode": "forward", "round": 1, "block": 1, "label": "B", "sample": 8, "ms": 2.032320022583008}
{"event": "sample", "n": 500, "mode": "forward", "round": 1, "block": 1, "label": "B", "sample": 9, "ms": 2.0333120822906494}
{"event": "sample", "n": 500, "mode": "forward", "round": 1, "block": 2, "label": "B", "sample": 0, "ms": 2.2247679233551025}
{"event": "sample", "n": 500, "mode": "forward", "round": 1, "block": 2, "label": "B", "sample": 1, "ms": 2.033440113067627}
{"event": "sample", "n": 500, "mode": "forward", "round": 1, "block": 2, "label": "B", "sample": 2, "ms": 2.0327680110931396}
{"event": "sample", "n": 500, "mode": "forward", "round": 1, "block": 2, "label": "B", "sample": 3, "ms": 2.0333759784698486}
{"event": "sample", "n": 500, "mode": "forward", "round": 1, "block": 2, "label": "B", "sample": 4, "ms": 2.031935930252075}
{"event": "sample", "n": 500, "mode": "forward", "round": 1, "block": 2, "label": "B", "sample": 5, "ms": 2.0346240997314453}
{"event": "sample", "n": 500, "mode": "forward", "round": 1, "block": 2, "label": "B", "sample": 6, "ms": 2.0320959091186523}
{"event": "sample", "n": 500, "mode": "forward", "round": 1, "block": 2, "label": "B", "sample": 7, "ms": 2.0325119495391846}
{"event": "sample", "n": 500, "mode": "forward", "round": 1, "block": 2, "label": "B", "sample": 8, "ms": 2.0335679054260254}
{"event": "sample", "n": 500, "mode": "forward", "round": 1, "block": 2, "label": "B", "sample": 9, "ms": 2.0366721153259277}
{"event": "sample", "n": 500, "mode": "forward", "round": 1, "block": 3, "label": "A", "sample": 0, "ms": 2.0257599353790283}
{"event": "sample", "n": 500, "mode": "forward", "round": 1, "block": 3, "label": "A", "sample": 1, "ms": 1.7106560468673706}
{"event": "sample", "n": 500, "mode": "forward", "round": 1, "block": 3, "label": "A", "sample": 2, "ms": 1.7103999853134155}
{"event": "sample", "n": 500, "mode": "forward", "round": 1, "block": 3, "label": "A", "sample": 3, "ms": 1.711616039276123}
{"event": "sample", "n": 500, "mode": "forward", "round": 1, "block": 3, "label": "A", "sample": 4, "ms": 1.7102400064468384}
{"event": "sample", "n": 500, "mode": "forward", "round": 1, "block": 3, "label": "A", "sample": 5, "ms": 1.7112959623336792}
{"event": "sample", "n": 500, "mode": "forward", "round": 1, "block": 3, "label": "A", "sample": 6, "ms": 1.710976004600525}
{"event": "sample", "n": 500, "mode": "forward", "round": 1, "block": 3, "label": "A", "sample": 7, "ms": 1.711135983467102}
{"event": "sample", "n": 500, "mode": "forward", "round": 1, "block": 3, "label": "A", "sample": 8, "ms": 1.7105920314788818}
{"event": "sample", "n": 500, "mode": "forward", "round": 1, "block": 3, "label": "A", "sample": 9, "ms": 1.7119040489196777}
{"event": "sample", "n": 500, "mode": "forward", "round": 2, "block": 0, "label": "A", "sample": 0, "ms": 2.0051839351654053}
{"event": "sample", "n": 500, "mode": "forward", "round": 2, "block": 0, "label": "A", "sample": 1, "ms": 1.7095999717712402}
{"event": "sample", "n": 500, "mode": "forward", "round": 2, "block": 0, "label": "A", "sample": 2, "ms": 1.709887981414795}
{"event": "sample", "n": 500, "mode": "forward", "round": 2, "block": 0, "label": "A", "sample": 3, "ms": 1.7118719816207886}
{"event": "sample", "n": 500, "mode": "forward", "round": 2, "block": 0, "label": "A", "sample": 4, "ms": 1.7097599506378174}
{"event": "sample", "n": 500, "mode": "forward", "round": 2, "block": 0, "label": "A", "sample": 5, "ms": 1.71014404296875}
{"event": "sample", "n": 500, "mode": "forward", "round": 2, "block": 0, "label": "A", "sample": 6, "ms": 1.70796799659729}
{"event": "sample", "n": 500, "mode": "forward", "round": 2, "block": 0, "label": "A", "sample": 7, "ms": 1.7093440294265747}
{"event": "sample", "n": 500, "mode": "forward", "round": 2, "block": 0, "label": "A", "sample": 8, "ms": 1.7080639600753784}
{"event": "sample", "n": 500, "mode": "forward", "round": 2, "block": 0, "label": "A", "sample": 9, "ms": 1.7105599641799927}
{"event": "sample", "n": 500, "mode": "forward", "round": 2, "block": 1, "label": "B", "sample": 0, "ms": 2.246880054473877}
{"event": "sample", "n": 500, "mode": "forward", "round": 2, "block": 1, "label": "B", "sample": 1, "ms": 2.0315520763397217}
{"event": "sample", "n": 500, "mode": "forward", "round": 2, "block": 1, "label": "B", "sample": 2, "ms": 2.029792070388794}
{"event": "sample", "n": 500, "mode": "forward", "round": 2, "block": 1, "label": "B", "sample": 3, "ms": 2.034719944000244}
{"event": "sample", "n": 500, "mode": "forward", "round": 2, "block": 1, "label": "B", "sample": 4, "ms": 2.0310399532318115}
{"event": "sample", "n": 500, "mode": "forward", "round": 2, "block": 1, "label": "B", "sample": 5, "ms": 2.0330560207366943}
{"event": "sample", "n": 500, "mode": "forward", "round": 2, "block": 1, "label": "B", "sample": 6, "ms": 2.032128095626831}
{"event": "sample", "n": 500, "mode": "forward", "round": 2, "block": 1, "label": "B", "sample": 7, "ms": 2.031359910964966}
{"event": "sample", "n": 500, "mode": "forward", "round": 2, "block": 1, "label": "B", "sample": 8, "ms": 2.030463933944702}
{"event": "sample", "n": 500, "mode": "forward", "round": 2, "block": 1, "label": "B", "sample": 9, "ms": 2.0312960147857666}
{"event": "sample", "n": 500, "mode": "forward", "round": 2, "block": 2, "label": "B", "sample": 0, "ms": 2.2284159660339355}
{"event": "sample", "n": 500, "mode": "forward", "round": 2, "block": 2, "label": "B", "sample": 1, "ms": 2.031519889831543}
{"event": "sample", "n": 500, "mode": "forward", "round": 2, "block": 2, "label": "B", "sample": 2, "ms": 2.0311360359191895}
{"event": "sample", "n": 500, "mode": "forward", "round": 2, "block": 2, "label": "B", "sample": 3, "ms": 2.0314879417419434}
{"event": "sample", "n": 500, "mode": "forward", "round": 2, "block": 2, "label": "B", "sample": 4, "ms": 2.0318400859832764}
{"event": "sample", "n": 500, "mode": "forward", "round": 2, "block": 2, "label": "B", "sample": 5, "ms": 2.0327041149139404}
{"event": "sample", "n": 500, "mode": "forward", "round": 2, "block": 2, "label": "B", "sample": 6, "ms": 2.030400037765503}
{"event": "sample", "n": 500, "mode": "forward", "round": 2, "block": 2, "label": "B", "sample": 7, "ms": 2.030656099319458}
{"event": "sample", "n": 500, "mode": "forward", "round": 2, "block": 2, "label": "B", "sample": 8, "ms": 2.03110408782959}
{"event": "sample", "n": 500, "mode": "forward", "round": 2, "block": 2, "label": "B", "sample": 9, "ms": 2.0333120822906494}
{"event": "sample", "n": 500, "mode": "forward", "round": 2, "block": 3, "label": "A", "sample": 0, "ms": 2.4129281044006348}
{"event": "sample", "n": 500, "mode": "forward", "round": 2, "block": 3, "label": "A", "sample": 1, "ms": 1.707584023475647}
{"event": "sample", "n": 500, "mode": "forward", "round": 2, "block": 3, "label": "A", "sample": 2, "ms": 1.7093759775161743}
{"event": "sample", "n": 500, "mode": "forward", "round": 2, "block": 3, "label": "A", "sample": 3, "ms": 1.7093759775161743}
{"event": "sample", "n": 500, "mode": "forward", "round": 2, "block": 3, "label": "A", "sample": 4, "ms": 1.70796799659729}
{"event": "sample", "n": 500, "mode": "forward", "round": 2, "block": 3, "label": "A", "sample": 5, "ms": 1.7109119892120361}
{"event": "sample", "n": 500, "mode": "forward", "round": 2, "block": 3, "label": "A", "sample": 6, "ms": 1.7088639736175537}
{"event": "sample", "n": 500, "mode": "forward", "round": 2, "block": 3, "label": "A", "sample": 7, "ms": 1.7098239660263062}
{"event": "sample", "n": 500, "mode": "forward", "round": 2, "block": 3, "label": "A", "sample": 8, "ms": 1.7085119485855103}
{"event": "sample", "n": 500, "mode": "forward", "round": 2, "block": 3, "label": "A", "sample": 9, "ms": 1.708832025527954}
{"event": "summary", "n": 500, "mode": "forward", "median_ms": {"A": 1.7096160054206848, "B": 2.0319679975509644}, "speedup": 0.8413597101338234, "samples_per_label": 60}
{"event": "sample", "n": 500, "mode": "backward", "round": 0, "block": 0, "label": "A", "sample": 0, "ms": 12.997535705566406}
{"event": "sample", "n": 500, "mode": "backward", "round": 0, "block": 0, "label": "A", "sample": 1, "ms": 12.675968170166016}
{"event": "sample", "n": 500, "mode": "backward", "round": 0, "block": 0, "label": "A", "sample": 2, "ms": 12.662431716918945}
{"event": "sample", "n": 500, "mode": "backward", "round": 0, "block": 0, "label": "A", "sample": 3, "ms": 12.667967796325684}
{"event": "sample", "n": 500, "mode": "backward", "round": 0, "block": 0, "label": "A", "sample": 4, "ms": 12.667167663574219}
{"event": "sample", "n": 500, "mode": "backward", "round": 0, "block": 0, "label": "A", "sample": 5, "ms": 12.657759666442871}
{"event": "sample", "n": 500, "mode": "backward", "round": 0, "block": 0, "label": "A", "sample": 6, "ms": 12.656800270080566}
{"event": "sample", "n": 500, "mode": "backward", "round": 0, "block": 0, "label": "A", "sample": 7, "ms": 12.657088279724121}
{"event": "sample", "n": 500, "mode": "backward", "round": 0, "block": 0, "label": "A", "sample": 8, "ms": 12.657695770263672}
{"event": "sample", "n": 500, "mode": "backward", "round": 0, "block": 0, "label": "A", "sample": 9, "ms": 12.650655746459961}
{"event": "sample", "n": 500, "mode": "backward", "round": 0, "block": 1, "label": "B", "sample": 0, "ms": 6.747647762298584}
{"event": "sample", "n": 500, "mode": "backward", "round": 0, "block": 1, "label": "B", "sample": 1, "ms": 6.482528209686279}
{"event": "sample", "n": 500, "mode": "backward", "round": 0, "block": 1, "label": "B", "sample": 2, "ms": 6.4832000732421875}
{"event": "sample", "n": 500, "mode": "backward", "round": 0, "block": 1, "label": "B", "sample": 3, "ms": 6.483744144439697}
{"event": "sample", "n": 500, "mode": "backward", "round": 0, "block": 1, "label": "B", "sample": 4, "ms": 6.4806718826293945}
{"event": "sample", "n": 500, "mode": "backward", "round": 0, "block": 1, "label": "B", "sample": 5, "ms": 6.481599807739258}
{"event": "sample", "n": 500, "mode": "backward", "round": 0, "block": 1, "label": "B", "sample": 6, "ms": 6.503104209899902}
{"event": "sample", "n": 500, "mode": "backward", "round": 0, "block": 1, "label": "B", "sample": 7, "ms": 6.506144046783447}
{"event": "sample", "n": 500, "mode": "backward", "round": 0, "block": 1, "label": "B", "sample": 8, "ms": 6.507904052734375}
{"event": "sample", "n": 500, "mode": "backward", "round": 0, "block": 1, "label": "B", "sample": 9, "ms": 6.502560138702393}
{"event": "sample", "n": 500, "mode": "backward", "round": 0, "block": 2, "label": "B", "sample": 0, "ms": 6.718239784240723}
{"event": "sample", "n": 500, "mode": "backward", "round": 0, "block": 2, "label": "B", "sample": 1, "ms": 6.508927822113037}
{"event": "sample", "n": 500, "mode": "backward", "round": 0, "block": 2, "label": "B", "sample": 2, "ms": 6.490047931671143}
{"event": "sample", "n": 500, "mode": "backward", "round": 0, "block": 2, "label": "B", "sample": 3, "ms": 6.495552062988281}
{"event": "sample", "n": 500, "mode": "backward", "round": 0, "block": 2, "label": "B", "sample": 4, "ms": 6.496831893920898}
{"event": "sample", "n": 500, "mode": "backward", "round": 0, "block": 2, "label": "B", "sample": 5, "ms": 6.5002241134643555}
{"event": "sample", "n": 500, "mode": "backward", "round": 0, "block": 2, "label": "B", "sample": 6, "ms": 6.508096218109131}
{"event": "sample", "n": 500, "mode": "backward", "round": 0, "block": 2, "label": "B", "sample": 7, "ms": 6.499199867248535}
{"event": "sample", "n": 500, "mode": "backward", "round": 0, "block": 2, "label": "B", "sample": 8, "ms": 6.494016170501709}
{"event": "sample", "n": 500, "mode": "backward", "round": 0, "block": 2, "label": "B", "sample": 9, "ms": 6.481535911560059}
{"event": "sample", "n": 500, "mode": "backward", "round": 0, "block": 3, "label": "A", "sample": 0, "ms": 13.041024208068848}
{"event": "sample", "n": 500, "mode": "backward", "round": 0, "block": 3, "label": "A", "sample": 1, "ms": 12.657119750976562}
{"event": "sample", "n": 500, "mode": "backward", "round": 0, "block": 3, "label": "A", "sample": 2, "ms": 12.658656120300293}
{"event": "sample", "n": 500, "mode": "backward", "round": 0, "block": 3, "label": "A", "sample": 3, "ms": 12.659104347229004}
{"event": "sample", "n": 500, "mode": "backward", "round": 0, "block": 3, "label": "A", "sample": 4, "ms": 12.661343574523926}
{"event": "sample", "n": 500, "mode": "backward", "round": 0, "block": 3, "label": "A", "sample": 5, "ms": 12.662688255310059}
{"event": "sample", "n": 500, "mode": "backward", "round": 0, "block": 3, "label": "A", "sample": 6, "ms": 12.660799980163574}
{"event": "sample", "n": 500, "mode": "backward", "round": 0, "block": 3, "label": "A", "sample": 7, "ms": 12.66198444366455}
{"event": "sample", "n": 500, "mode": "backward", "round": 0, "block": 3, "label": "A", "sample": 8, "ms": 12.657919883728027}
{"event": "sample", "n": 500, "mode": "backward", "round": 0, "block": 3, "label": "A", "sample": 9, "ms": 12.659104347229004}
{"event": "sample", "n": 500, "mode": "backward", "round": 1, "block": 0, "label": "A", "sample": 0, "ms": 13.019200325012207}
{"event": "sample", "n": 500, "mode": "backward", "round": 1, "block": 0, "label": "A", "sample": 1, "ms": 12.653599739074707}
{"event": "sample", "n": 500, "mode": "backward", "round": 1, "block": 0, "label": "A", "sample": 2, "ms": 12.654815673828125}
{"event": "sample", "n": 500, "mode": "backward", "round": 1, "block": 0, "label": "A", "sample": 3, "ms": 12.652959823608398}
{"event": "sample", "n": 500, "mode": "backward", "round": 1, "block": 0, "label": "A", "sample": 4, "ms": 12.651840209960938}
{"event": "sample", "n": 500, "mode": "backward", "round": 1, "block": 0, "label": "A", "sample": 5, "ms": 12.653504371643066}
{"event": "sample", "n": 500, "mode": "backward", "round": 1, "block": 0, "label": "A", "sample": 6, "ms": 12.646880149841309}
{"event": "sample", "n": 500, "mode": "backward", "round": 1, "block": 0, "label": "A", "sample": 7, "ms": 12.663328170776367}
{"event": "sample", "n": 500, "mode": "backward", "round": 1, "block": 0, "label": "A", "sample": 8, "ms": 12.653311729431152}
{"event": "sample", "n": 500, "mode": "backward", "round": 1, "block": 0, "label": "A", "sample": 9, "ms": 12.65443229675293}
{"event": "sample", "n": 500, "mode": "backward", "round": 1, "block": 1, "label": "B", "sample": 0, "ms": 6.793248176574707}
{"event": "sample", "n": 500, "mode": "backward", "round": 1, "block": 1, "label": "B", "sample": 1, "ms": 6.487936019897461}
{"event": "sample", "n": 500, "mode": "backward", "round": 1, "block": 1, "label": "B", "sample": 2, "ms": 6.486144065856934}
{"event": "sample", "n": 500, "mode": "backward", "round": 1, "block": 1, "label": "B", "sample": 3, "ms": 6.488351821899414}
{"event": "sample", "n": 500, "mode": "backward", "round": 1, "block": 1, "label": "B", "sample": 4, "ms": 6.48956823348999}
{"event": "sample", "n": 500, "mode": "backward", "round": 1, "block": 1, "label": "B", "sample": 5, "ms": 6.480607986450195}
{"event": "sample", "n": 500, "mode": "backward", "round": 1, "block": 1, "label": "B", "sample": 6, "ms": 6.488671779632568}
{"event": "sample", "n": 500, "mode": "backward", "round": 1, "block": 1, "label": "B", "sample": 7, "ms": 6.493951797485352}
{"event": "sample", "n": 500, "mode": "backward", "round": 1, "block": 1, "label": "B", "sample": 8, "ms": 6.501440048217773}
{"event": "sample", "n": 500, "mode": "backward", "round": 1, "block": 1, "label": "B", "sample": 9, "ms": 6.509280204772949}
{"event": "sample", "n": 500, "mode": "backward", "round": 1, "block": 2, "label": "B", "sample": 0, "ms": 6.7325439453125}
{"event": "sample", "n": 500, "mode": "backward", "round": 1, "block": 2, "label": "B", "sample": 1, "ms": 6.497280120849609}
{"event": "sample", "n": 500, "mode": "backward", "round": 1, "block": 2, "label": "B", "sample": 2, "ms": 6.49564790725708}
{"event": "sample", "n": 500, "mode": "backward", "round": 1, "block": 2, "label": "B", "sample": 3, "ms": 6.4925761222839355}
{"event": "sample", "n": 500, "mode": "backward", "round": 1, "block": 2, "label": "B", "sample": 4, "ms": 6.513823986053467}
{"event": "sample", "n": 500, "mode": "backward", "round": 1, "block": 2, "label": "B", "sample": 5, "ms": 6.50054407119751}
{"event": "sample", "n": 500, "mode": "backward", "round": 1, "block": 2, "label": "B", "sample": 6, "ms": 6.505824089050293}
{"event": "sample", "n": 500, "mode": "backward", "round": 1, "block": 2, "label": "B", "sample": 7, "ms": 6.504064083099365}
{"event": "sample", "n": 500, "mode": "backward", "round": 1, "block": 2, "label": "B", "sample": 8, "ms": 6.5033278465271}
{"event": "sample", "n": 500, "mode": "backward", "round": 1, "block": 2, "label": "B", "sample": 9, "ms": 6.495967864990234}
{"event": "sample", "n": 500, "mode": "backward", "round": 1, "block": 3, "label": "A", "sample": 0, "ms": 13.038880348205566}
{"event": "sample", "n": 500, "mode": "backward", "round": 1, "block": 3, "label": "A", "sample": 1, "ms": 12.658944129943848}
{"event": "sample", "n": 500, "mode": "backward", "round": 1, "block": 3, "label": "A", "sample": 2, "ms": 12.66540813446045}
{"event": "sample", "n": 500, "mode": "backward", "round": 1, "block": 3, "label": "A", "sample": 3, "ms": 12.652480125427246}
{"event": "sample", "n": 500, "mode": "backward", "round": 1, "block": 3, "label": "A", "sample": 4, "ms": 12.665247917175293}
{"event": "sample", "n": 500, "mode": "backward", "round": 1, "block": 3, "label": "A", "sample": 5, "ms": 12.659456253051758}
{"event": "sample", "n": 500, "mode": "backward", "round": 1, "block": 3, "label": "A", "sample": 6, "ms": 12.665311813354492}
{"event": "sample", "n": 500, "mode": "backward", "round": 1, "block": 3, "label": "A", "sample": 7, "ms": 12.657183647155762}
{"event": "sample", "n": 500, "mode": "backward", "round": 1, "block": 3, "label": "A", "sample": 8, "ms": 12.664704322814941}
{"event": "sample", "n": 500, "mode": "backward", "round": 1, "block": 3, "label": "A", "sample": 9, "ms": 12.656607627868652}
{"event": "sample", "n": 500, "mode": "backward", "round": 2, "block": 0, "label": "A", "sample": 0, "ms": 13.012639999389648}
{"event": "sample", "n": 500, "mode": "backward", "round": 2, "block": 0, "label": "A", "sample": 1, "ms": 12.659903526306152}
{"event": "sample", "n": 500, "mode": "backward", "round": 2, "block": 0, "label": "A", "sample": 2, "ms": 12.655872344970703}
{"event": "sample", "n": 500, "mode": "backward", "round": 2, "block": 0, "label": "A", "sample": 3, "ms": 12.662528038024902}
{"event": "sample", "n": 500, "mode": "backward", "round": 2, "block": 0, "label": "A", "sample": 4, "ms": 12.669183731079102}
{"event": "sample", "n": 500, "mode": "backward", "round": 2, "block": 0, "label": "A", "sample": 5, "ms": 12.65817642211914}
{"event": "sample", "n": 500, "mode": "backward", "round": 2, "block": 0, "label": "A", "sample": 6, "ms": 12.659872055053711}
{"event": "sample", "n": 500, "mode": "backward", "round": 2, "block": 0, "label": "A", "sample": 7, "ms": 12.656671524047852}
{"event": "sample", "n": 500, "mode": "backward", "round": 2, "block": 0, "label": "A", "sample": 8, "ms": 12.658592224121094}
{"event": "sample", "n": 500, "mode": "backward", "round": 2, "block": 0, "label": "A", "sample": 9, "ms": 12.6561918258667}
{"event": "sample", "n": 500, "mode": "backward", "round": 2, "block": 1, "label": "B", "sample": 0, "ms": 6.744383811950684}
{"event": "sample", "n": 500, "mode": "backward", "round": 2, "block": 1, "label": "B", "sample": 1, "ms": 6.491168022155762}
{"event": "sample", "n": 500, "mode": "backward", "round": 2, "block": 1, "label": "B", "sample": 2, "ms": 6.4929280281066895}
{"event": "sample", "n": 500, "mode": "backward", "round": 2, "block": 1, "label": "B", "sample": 3, "ms": 6.484992027282715}
{"event": "sample", "n": 500, "mode": "backward", "round": 2, "block": 1, "label": "B", "sample": 4, "ms": 6.484255790710449}
{"event": "sample", "n": 500, "mode": "backward", "round": 2, "block": 1, "label": "B", "sample": 5, "ms": 6.4883198738098145}
{"event": "sample", "n": 500, "mode": "backward", "round": 2, "block": 1, "label": "B", "sample": 6, "ms": 6.482783794403076}
{"event": "sample", "n": 500, "mode": "backward", "round": 2, "block": 1, "label": "B", "sample": 7, "ms": 6.487775802612305}
{"event": "sample", "n": 500, "mode": "backward", "round": 2, "block": 1, "label": "B", "sample": 8, "ms": 6.488480091094971}
{"event": "sample", "n": 500, "mode": "backward", "round": 2, "block": 1, "label": "B", "sample": 9, "ms": 6.496448040008545}
{"event": "sample", "n": 500, "mode": "backward", "round": 2, "block": 2, "label": "B", "sample": 0, "ms": 6.714367866516113}
{"event": "sample", "n": 500, "mode": "backward", "round": 2, "block": 2, "label": "B", "sample": 1, "ms": 6.495903968811035}
{"event": "sample", "n": 500, "mode": "backward", "round": 2, "block": 2, "label": "B", "sample": 2, "ms": 6.51632022857666}
{"event": "sample", "n": 500, "mode": "backward", "round": 2, "block": 2, "label": "B", "sample": 3, "ms": 6.499104022979736}
{"event": "sample", "n": 500, "mode": "backward", "round": 2, "block": 2, "label": "B", "sample": 4, "ms": 6.497920036315918}
{"event": "sample", "n": 500, "mode": "backward", "round": 2, "block": 2, "label": "B", "sample": 5, "ms": 6.486176013946533}
{"event": "sample", "n": 500, "mode": "backward", "round": 2, "block": 2, "label": "B", "sample": 6, "ms": 6.48748779296875}
{"event": "sample", "n": 500, "mode": "backward", "round": 2, "block": 2, "label": "B", "sample": 7, "ms": 6.494048118591309}
{"event": "sample", "n": 500, "mode": "backward", "round": 2, "block": 2, "label": "B", "sample": 8, "ms": 6.505792140960693}
{"event": "sample", "n": 500, "mode": "backward", "round": 2, "block": 2, "label": "B", "sample": 9, "ms": 6.496831893920898}
{"event": "sample", "n": 500, "mode": "backward", "round": 2, "block": 3, "label": "A", "sample": 0, "ms": 13.041888236999512}
{"event": "sample", "n": 500, "mode": "backward", "round": 2, "block": 3, "label": "A", "sample": 1, "ms": 12.670111656188965}
{"event": "sample", "n": 500, "mode": "backward", "round": 2, "block": 3, "label": "A", "sample": 2, "ms": 12.650752067565918}
{"event": "sample", "n": 500, "mode": "backward", "round": 2, "block": 3, "label": "A", "sample": 3, "ms": 12.651616096496582}
{"event": "sample", "n": 500, "mode": "backward", "round": 2, "block": 3, "label": "A", "sample": 4, "ms": 12.657088279724121}
{"event": "sample", "n": 500, "mode": "backward", "round": 2, "block": 3, "label": "A", "sample": 5, "ms": 12.651552200317383}
{"event": "sample", "n": 500, "mode": "backward", "round": 2, "block": 3, "label": "A", "sample": 6, "ms": 12.657695770263672}
{"event": "sample", "n": 500, "mode": "backward", "round": 2, "block": 3, "label": "A", "sample": 7, "ms": 12.65721607208252}
{"event": "sample", "n": 500, "mode": "backward", "round": 2, "block": 3, "label": "A", "sample": 8, "ms": 12.652480125427246}
{"event": "sample", "n": 500, "mode": "backward", "round": 2, "block": 3, "label": "A", "sample": 9, "ms": 12.652607917785645}
{"event": "summary", "n": 500, "mode": "backward", "median_ms": {"A": 12.658384323120117, "B": 6.495935916900635}, "speedup": 1.9486621304539797, "samples_per_label": 60}
{"event": "sample", "n": 500, "mode": "forward_backward", "round": 0, "block": 0, "label": "A", "sample": 0, "ms": 14.699935913085938}
{"event": "sample", "n": 500, "mode": "forward_backward", "round": 0, "block": 0, "label": "A", "sample": 1, "ms": 14.365311622619629}
{"event": "sample", "n": 500, "mode": "forward_backward", "round": 0, "block": 0, "label": "A", "sample": 2, "ms": 14.371328353881836}
{"event": "sample", "n": 500, "mode": "forward_backward", "round": 0, "block": 0, "label": "A", "sample": 3, "ms": 14.373696327209473}
{"event": "sample", "n": 500, "mode": "forward_backward", "round": 0, "block": 0, "label": "A", "sample": 4, "ms": 14.386143684387207}
{"event": "sample", "n": 500, "mode": "forward_backward", "round": 0, "block": 0, "label": "A", "sample": 5, "ms": 14.381119728088379}
{"event": "sample", "n": 500, "mode": "forward_backward", "round": 0, "block": 0, "label": "A", "sample": 6, "ms": 14.379487991333008}
{"event": "sample", "n": 500, "mode": "forward_backward", "round": 0, "block": 0, "label": "A", "sample": 7, "ms": 14.379199981689453}
{"event": "sample", "n": 500, "mode": "forward_backward", "round": 0, "block": 0, "label": "A", "sample": 8, "ms": 14.376895904541016}
{"event": "sample", "n": 500, "mode": "forward_backward", "round": 0, "block": 0, "label": "A", "sample": 9, "ms": 14.3853759765625}
{"event": "sample", "n": 500, "mode": "forward_backward", "round": 0, "block": 1, "label": "B", "sample": 0, "ms": 8.789471626281738}
{"event": "sample", "n": 500, "mode": "forward_backward", "round": 0, "block": 1, "label": "B", "sample": 1, "ms": 8.52790355682373}
{"event": "sample", "n": 500, "mode": "forward_backward", "round": 0, "block": 1, "label": "B", "sample": 2, "ms": 8.523360252380371}
{"event": "sample", "n": 500, "mode": "forward_backward", "round": 0, "block": 1, "label": "B", "sample": 3, "ms": 8.515711784362793}
{"event": "sample", "n": 500, "mode": "forward_backward", "round": 0, "block": 1, "label": "B", "sample": 4, "ms": 8.517791748046875}
{"event": "sample", "n": 500, "mode": "forward_backward", "round": 0, "block": 1, "label": "B", "sample": 5, "ms": 8.525440216064453}
{"event": "sample", "n": 500, "mode": "forward_backward", "round": 0, "block": 1, "label": "B", "sample": 6, "ms": 8.514335632324219}
{"event": "sample", "n": 500, "mode": "forward_backward", "round": 0, "block": 1, "label": "B", "sample": 7, "ms": 8.522015571594238}
{"event": "sample", "n": 500, "mode": "forward_backward", "round": 0, "block": 1, "label": "B", "sample": 8, "ms": 8.509471893310547}
{"event": "sample", "n": 500, "mode": "forward_backward", "round": 0, "block": 1, "label": "B", "sample": 9, "ms": 8.513248443603516}
{"event": "sample", "n": 500, "mode": "forward_backward", "round": 0, "block": 2, "label": "B", "sample": 0, "ms": 8.752191543579102}
{"event": "sample", "n": 500, "mode": "forward_backward", "round": 0, "block": 2, "label": "B", "sample": 1, "ms": 8.502816200256348}
{"event": "sample", "n": 500, "mode": "forward_backward", "round": 0, "block": 2, "label": "B", "sample": 2, "ms": 8.505375862121582}
{"event": "sample", "n": 500, "mode": "forward_backward", "round": 0, "block": 2, "label": "B", "sample": 3, "ms": 8.514880180358887}
{"event": "sample", "n": 500, "mode": "forward_backward", "round": 0, "block": 2, "label": "B", "sample": 4, "ms": 8.499103546142578}
{"event": "sample", "n": 500, "mode": "forward_backward", "round": 0, "block": 2, "label": "B", "sample": 5, "ms": 8.514240264892578}
{"event": "sample", "n": 500, "mode": "forward_backward", "round": 0, "block": 2, "label": "B", "sample": 6, "ms": 8.511263847351074}
{"event": "sample", "n": 500, "mode": "forward_backward", "round": 0, "block": 2, "label": "B", "sample": 7, "ms": 8.511520385742188}
{"event": "sample", "n": 500, "mode": "forward_backward", "round": 0, "block": 2, "label": "B", "sample": 8, "ms": 8.505536079406738}
{"event": "sample", "n": 500, "mode": "forward_backward", "round": 0, "block": 2, "label": "B", "sample": 9, "ms": 8.506784439086914}
{"event": "sample", "n": 500, "mode": "forward_backward", "round": 0, "block": 3, "label": "A", "sample": 0, "ms": 14.717568397521973}
{"event": "sample", "n": 500, "mode": "forward_backward", "round": 0, "block": 3, "label": "A", "sample": 1, "ms": 14.378144264221191}
{"event": "sample", "n": 500, "mode": "forward_backward", "round": 0, "block": 3, "label": "A", "sample": 2, "ms": 14.380000114440918}
{"event": "sample", "n": 500, "mode": "forward_backward", "round": 0, "block": 3, "label": "A", "sample": 3, "ms": 14.3787202835083}
{"event": "sample", "n": 500, "mode": "forward_backward", "round": 0, "block": 3, "label": "A", "sample": 4, "ms": 14.385791778564453}
{"event": "sample", "n": 500, "mode": "forward_backward", "round": 0, "block": 3, "label": "A", "sample": 5, "ms": 14.381407737731934}
{"event": "sample", "n": 500, "mode": "forward_backward", "round": 0, "block": 3, "label": "A", "sample": 6, "ms": 14.373408317565918}
{"event": "sample", "n": 500, "mode": "forward_backward", "round": 0, "block": 3, "label": "A", "sample": 7, "ms": 14.381216049194336}
{"event": "sample", "n": 500, "mode": "forward_backward", "round": 0, "block": 3, "label": "A", "sample": 8, "ms": 14.371264457702637}
{"event": "sample", "n": 500, "mode": "forward_backward", "round": 0, "block": 3, "label": "A", "sample": 9, "ms": 14.378335952758789}
{"event": "sample", "n": 500, "mode": "forward_backward", "round": 1, "block": 0, "label": "A", "sample": 0, "ms": 14.719039916992188}
{"event": "sample", "n": 500, "mode": "forward_backward", "round": 1, "block": 0, "label": "A", "sample": 1, "ms": 14.376928329467773}
{"event": "sample", "n": 500, "mode": "forward_backward", "round": 1, "block": 0, "label": "A", "sample": 2, "ms": 14.382495880126953}
{"event": "sample", "n": 500, "mode": "forward_backward", "round": 1, "block": 0, "label": "A", "sample": 3, "ms": 14.382111549377441}
{"event": "sample", "n": 500, "mode": "forward_backward", "round": 1, "block": 0, "label": "A", "sample": 4, "ms": 14.382207870483398}
{"event": "sample", "n": 500, "mode": "forward_backward", "round": 1, "block": 0, "label": "A", "sample": 5, "ms": 14.382528305053711}
{"event": "sample", "n": 500, "mode": "forward_backward", "round": 1, "block": 0, "label": "A", "sample": 6, "ms": 14.387743949890137}
{"event": "sample", "n": 500, "mode": "forward_backward", "round": 1, "block": 0, "label": "A", "sample": 7, "ms": 14.372672080993652}
{"event": "sample", "n": 500, "mode": "forward_backward", "round": 1, "block": 0, "label": "A", "sample": 8, "ms": 14.378239631652832}
{"event": "sample", "n": 500, "mode": "forward_backward", "round": 1, "block": 0, "label": "A", "sample": 9, "ms": 14.375840187072754}
{"event": "sample", "n": 500, "mode": "forward_backward", "round": 1, "block": 1, "label": "B", "sample": 0, "ms": 8.788928031921387}
{"event": "sample", "n": 500, "mode": "forward_backward", "round": 1, "block": 1, "label": "B", "sample": 1, "ms": 8.518303871154785}
{"event": "sample", "n": 500, "mode": "forward_backward", "round": 1, "block": 1, "label": "B", "sample": 2, "ms": 8.513824462890625}
{"event": "sample", "n": 500, "mode": "forward_backward", "round": 1, "block": 1, "label": "B", "sample": 3, "ms": 8.506048202514648}
{"event": "sample", "n": 500, "mode": "forward_backward", "round": 1, "block": 1, "label": "B", "sample": 4, "ms": 8.499296188354492}
{"event": "sample", "n": 500, "mode": "forward_backward", "round": 1, "block": 1, "label": "B", "sample": 5, "ms": 8.511679649353027}
{"event": "sample", "n": 500, "mode": "forward_backward", "round": 1, "block": 1, "label": "B", "sample": 6, "ms": 8.519968032836914}
{"event": "sample", "n": 500, "mode": "forward_backward", "round": 1, "block": 1, "label": "B", "sample": 7, "ms": 8.504575729370117}
{"event": "sample", "n": 500, "mode": "forward_backward", "round": 1, "block": 1, "label": "B", "sample": 8, "ms": 8.511743545532227}
{"event": "sample", "n": 500, "mode": "forward_backward", "round": 1, "block": 1, "label": "B", "sample": 9, "ms": 8.504351615905762}
{"event": "sample", "n": 500, "mode": "forward_backward", "round": 1, "block": 2, "label": "B", "sample": 0, "ms": 8.743071556091309}
{"event": "sample", "n": 500, "mode": "forward_backward", "round": 1, "block": 2, "label": "B", "sample": 1, "ms": 8.509087562561035}
{"event": "sample", "n": 500, "mode": "forward_backward", "round": 1, "block": 2, "label": "B", "sample": 2, "ms": 8.504608154296875}
{"event": "sample", "n": 500, "mode": "forward_backward", "round": 1, "block": 2, "label": "B", "sample": 3, "ms": 8.506591796875}
{"event": "sample", "n": 500, "mode": "forward_backward", "round": 1, "block": 2, "label": "B", "sample": 4, "ms": 8.511775970458984}
{"event": "sample", "n": 500, "mode": "forward_backward", "round": 1, "block": 2, "label": "B", "sample": 5, "ms": 8.525376319885254}
{"event": "sample", "n": 500, "mode": "forward_backward", "round": 1, "block": 2, "label": "B", "sample": 6, "ms": 8.511967658996582}
{"event": "sample", "n": 500, "mode": "forward_backward", "round": 1, "block": 2, "label": "B", "sample": 7, "ms": 8.535200119018555}
{"event": "sample", "n": 500, "mode": "forward_backward", "round": 1, "block": 2, "label": "B", "sample": 8, "ms": 8.535455703735352}
{"event": "sample", "n": 500, "mode": "forward_backward", "round": 1, "block": 2, "label": "B", "sample": 9, "ms": 8.530847549438477}
{"event": "sample", "n": 500, "mode": "forward_backward", "round": 1, "block": 3, "label": "A", "sample": 0, "ms": 14.731743812561035}
{"event": "sample", "n": 500, "mode": "forward_backward", "round": 1, "block": 3, "label": "A", "sample": 1, "ms": 14.383872032165527}
{"event": "sample", "n": 500, "mode": "forward_backward", "round": 1, "block": 3, "label": "A", "sample": 2, "ms": 14.381952285766602}
{"event": "sample", "n": 500, "mode": "forward_backward", "round": 1, "block": 3, "label": "A", "sample": 3, "ms": 14.365376472473145}
{"event": "sample", "n": 500, "mode": "forward_backward", "round": 1, "block": 3, "label": "A", "sample": 4, "ms": 14.36832046508789}
{"event": "sample", "n": 500, "mode": "forward_backward", "round": 1, "block": 3, "label": "A", "sample": 5, "ms": 14.368000030517578}
{"event": "sample", "n": 500, "mode": "forward_backward", "round": 1, "block": 3, "label": "A", "sample": 6, "ms": 14.364959716796875}
{"event": "sample", "n": 500, "mode": "forward_backward", "round": 1, "block": 3, "label": "A", "sample": 7, "ms": 14.373760223388672}
{"event": "sample", "n": 500, "mode": "forward_backward", "round": 1, "block": 3, "label": "A", "sample": 8, "ms": 14.370304107666016}
{"event": "sample", "n": 500, "mode": "forward_backward", "round": 1, "block": 3, "label": "A", "sample": 9, "ms": 14.368448257446289}
{"event": "sample", "n": 500, "mode": "forward_backward", "round": 2, "block": 0, "label": "A", "sample": 0, "ms": 14.69206428527832}
{"event": "sample", "n": 500, "mode": "forward_backward", "round": 2, "block": 0, "label": "A", "sample": 1, "ms": 14.367327690124512}
{"event": "sample", "n": 500, "mode": "forward_backward", "round": 2, "block": 0, "label": "A", "sample": 2, "ms": 14.364704132080078}
{"event": "sample", "n": 500, "mode": "forward_backward", "round": 2, "block": 0, "label": "A", "sample": 3, "ms": 14.359583854675293}
{"event": "sample", "n": 500, "mode": "forward_backward", "round": 2, "block": 0, "label": "A", "sample": 4, "ms": 14.367199897766113}
{"event": "sample", "n": 500, "mode": "forward_backward", "round": 2, "block": 0, "label": "A", "sample": 5, "ms": 14.370783805847168}
{"event": "sample", "n": 500, "mode": "forward_backward", "round": 2, "block": 0, "label": "A", "sample": 6, "ms": 14.371487617492676}
{"event": "sample", "n": 500, "mode": "forward_backward", "round": 2, "block": 0, "label": "A", "sample": 7, "ms": 14.3721923828125}
{"event": "sample", "n": 500, "mode": "forward_backward", "round": 2, "block": 0, "label": "A", "sample": 8, "ms": 14.388447761535645}
{"event": "sample", "n": 500, "mode": "forward_backward", "round": 2, "block": 0, "label": "A", "sample": 9, "ms": 14.381823539733887}
{"event": "sample", "n": 500, "mode": "forward_backward", "round": 2, "block": 1, "label": "B", "sample": 0, "ms": 9.16982364654541}
{"event": "sample", "n": 500, "mode": "forward_backward", "round": 2, "block": 1, "label": "B", "sample": 1, "ms": 8.512864112854004}
{"event": "sample", "n": 500, "mode": "forward_backward", "round": 2, "block": 1, "label": "B", "sample": 2, "ms": 8.522751808166504}
{"event": "sample", "n": 500, "mode": "forward_backward", "round": 2, "block": 1, "label": "B", "sample": 3, "ms": 8.526975631713867}
{"event": "sample", "n": 500, "mode": "forward_backward", "round": 2, "block": 1, "label": "B", "sample": 4, "ms": 8.539263725280762}
{"event": "sample", "n": 500, "mode": "forward_backward", "round": 2, "block": 1, "label": "B", "sample": 5, "ms": 8.51801586151123}
{"event": "sample", "n": 500, "mode": "forward_backward", "round": 2, "block": 1, "label": "B", "sample": 6, "ms": 8.52121639251709}
{"event": "sample", "n": 500, "mode": "forward_backward", "round": 2, "block": 1, "label": "B", "sample": 7, "ms": 8.517855644226074}
{"event": "sample", "n": 500, "mode": "forward_backward", "round": 2, "block": 1, "label": "B", "sample": 8, "ms": 8.508447647094727}
{"event": "sample", "n": 500, "mode": "forward_backward", "round": 2, "block": 1, "label": "B", "sample": 9, "ms": 8.519071578979492}
{"event": "sample", "n": 500, "mode": "forward_backward", "round": 2, "block": 2, "label": "B", "sample": 0, "ms": 8.760671615600586}
{"event": "sample", "n": 500, "mode": "forward_backward", "round": 2, "block": 2, "label": "B", "sample": 1, "ms": 8.510751724243164}
{"event": "sample", "n": 500, "mode": "forward_backward", "round": 2, "block": 2, "label": "B", "sample": 2, "ms": 8.508895874023438}
{"event": "sample", "n": 500, "mode": "forward_backward", "round": 2, "block": 2, "label": "B", "sample": 3, "ms": 8.510175704956055}
{"event": "sample", "n": 500, "mode": "forward_backward", "round": 2, "block": 2, "label": "B", "sample": 4, "ms": 8.511584281921387}
{"event": "sample", "n": 500, "mode": "forward_backward", "round": 2, "block": 2, "label": "B", "sample": 5, "ms": 8.511232376098633}
{"event": "sample", "n": 500, "mode": "forward_backward", "round": 2, "block": 2, "label": "B", "sample": 6, "ms": 8.503552436828613}
{"event": "sample", "n": 500, "mode": "forward_backward", "round": 2, "block": 2, "label": "B", "sample": 7, "ms": 8.511136054992676}
{"event": "sample", "n": 500, "mode": "forward_backward", "round": 2, "block": 2, "label": "B", "sample": 8, "ms": 8.520288467407227}
{"event": "sample", "n": 500, "mode": "forward_backward", "round": 2, "block": 2, "label": "B", "sample": 9, "ms": 8.520544052124023}
{"event": "sample", "n": 500, "mode": "forward_backward", "round": 2, "block": 3, "label": "A", "sample": 0, "ms": 14.87609577178955}
{"event": "sample", "n": 500, "mode": "forward_backward", "round": 2, "block": 3, "label": "A", "sample": 1, "ms": 14.377535820007324}
{"event": "sample", "n": 500, "mode": "forward_backward", "round": 2, "block": 3, "label": "A", "sample": 2, "ms": 14.375807762145996}
{"event": "sample", "n": 500, "mode": "forward_backward", "round": 2, "block": 3, "label": "A", "sample": 3, "ms": 14.379327774047852}
{"event": "sample", "n": 500, "mode": "forward_backward", "round": 2, "block": 3, "label": "A", "sample": 4, "ms": 14.382975578308105}
{"event": "sample", "n": 500, "mode": "forward_backward", "round": 2, "block": 3, "label": "A", "sample": 5, "ms": 14.388031959533691}
{"event": "sample", "n": 500, "mode": "forward_backward", "round": 2, "block": 3, "label": "A", "sample": 6, "ms": 14.369919776916504}
{"event": "sample", "n": 500, "mode": "forward_backward", "round": 2, "block": 3, "label": "A", "sample": 7, "ms": 14.360799789428711}
{"event": "sample", "n": 500, "mode": "forward_backward", "round": 2, "block": 3, "label": "A", "sample": 8, "ms": 14.362527847290039}
{"event": "sample", "n": 500, "mode": "forward_backward", "round": 2, "block": 3, "label": "A", "sample": 9, "ms": 14.36128044128418}
{"event": "summary", "n": 500, "mode": "forward_backward", "median_ms": {"A": 14.378191947937012, "B": 8.514032363891602}, "speedup": 1.68876407011507, "samples_per_label": 60}
{"event": "parity", "n": 512, "checks": {"output": {"relative_l2": 0.0010556464549154043, "baseline_zero_max_abs_diagnostic": 0.0, "passed": true}, "dq": {"relative_l2": 0.0011181544978171587, "baseline_zero_max_abs_diagnostic": 0.0, "passed": true}, "dk": {"relative_l2": 0.0012056081322953105, "baseline_zero_max_abs_diagnostic": 0.0, "passed": true}, "dv": {"relative_l2": 4.245203308528289e-05, "baseline_zero_max_abs_diagnostic": 0.0, "passed": true}, "db": {"relative_l2": 0.0007023041835054755, "baseline_zero_max_abs_diagnostic": 0.0, "passed": true}}, "independent_reference": false}
{"event": "memory", "n": 512, "measurements": {"A": {"peak_increment_bytes": 591659008, "retained_increment_bytes": 541065216}, "B": {"peak_increment_bytes": 642269184, "retained_increment_bytes": 541065216}}}
{"event": "sample", "n": 512, "mode": "forward", "round": 0, "block": 0, "label": "A", "sample": 0, "ms": 1.7600640058517456}
{"event": "sample", "n": 512, "mode": "forward", "round": 0, "block": 0, "label": "A", "sample": 1, "ms": 1.4895679950714111}
{"event": "sample", "n": 512, "mode": "forward", "round": 0, "block": 0, "label": "A", "sample": 2, "ms": 1.491104006767273}
{"event": "sample", "n": 512, "mode": "forward", "round": 0, "block": 0, "label": "A", "sample": 3, "ms": 1.4924800395965576}
{"event": "sample", "n": 512, "mode": "forward", "round": 0, "block": 0, "label": "A", "sample": 4, "ms": 1.4910399913787842}
{"event": "sample", "n": 512, "mode": "forward", "round": 0, "block": 0, "label": "A", "sample": 5, "ms": 1.4915519952774048}
{"event": "sample", "n": 512, "mode": "forward", "round": 0, "block": 0, "label": "A", "sample": 6, "ms": 1.4907200336456299}
{"event": "sample", "n": 512, "mode": "forward", "round": 0, "block": 0, "label": "A", "sample": 7, "ms": 1.4919040203094482}
{"event": "sample", "n": 512, "mode": "forward", "round": 0, "block": 0, "label": "A", "sample": 8, "ms": 1.4916479587554932}
{"event": "sample", "n": 512, "mode": "forward", "round": 0, "block": 0, "label": "A", "sample": 9, "ms": 1.4915839433670044}
{"event": "sample", "n": 512, "mode": "forward", "round": 0, "block": 1, "label": "B", "sample": 0, "ms": 2.1910719871520996}
{"event": "sample", "n": 512, "mode": "forward", "round": 0, "block": 1, "label": "B", "sample": 1, "ms": 1.9848639965057373}
{"event": "sample", "n": 512, "mode": "forward", "round": 0, "block": 1, "label": "B", "sample": 2, "ms": 1.9871679544448853}
{"event": "sample", "n": 512, "mode": "forward", "round": 0, "block": 1, "label": "B", "sample": 3, "ms": 1.9867839813232422}
{"event": "sample", "n": 512, "mode": "forward", "round": 0, "block": 1, "label": "B", "sample": 4, "ms": 1.988095998764038}
{"event": "sample", "n": 512, "mode": "forward", "round": 0, "block": 1, "label": "B", "sample": 5, "ms": 1.9866559505462646}
{"event": "sample", "n": 512, "mode": "forward", "round": 0, "block": 1, "label": "B", "sample": 6, "ms": 1.9862719774246216}
{"event": "sample", "n": 512, "mode": "forward", "round": 0, "block": 1, "label": "B", "sample": 7, "ms": 1.9861119985580444}
{"event": "sample", "n": 512, "mode": "forward", "round": 0, "block": 1, "label": "B", "sample": 8, "ms": 1.9882880449295044}
{"event": "sample", "n": 512, "mode": "forward", "round": 0, "block": 1, "label": "B", "sample": 9, "ms": 1.9850239753723145}
{"event": "sample", "n": 512, "mode": "forward", "round": 0, "block": 2, "label": "B", "sample": 0, "ms": 2.1523520946502686}
{"event": "sample", "n": 512, "mode": "forward", "round": 0, "block": 2, "label": "B", "sample": 1, "ms": 1.985376000404358}
{"event": "sample", "n": 512, "mode": "forward", "round": 0, "block": 2, "label": "B", "sample": 2, "ms": 1.9857280254364014}
{"event": "sample", "n": 512, "mode": "forward", "round": 0, "block": 2, "label": "B", "sample": 3, "ms": 1.9849920272827148}
{"event": "sample", "n": 512, "mode": "forward", "round": 0, "block": 2, "label": "B", "sample": 4, "ms": 1.9860800504684448}
{"event": "sample", "n": 512, "mode": "forward", "round": 0, "block": 2, "label": "B", "sample": 5, "ms": 1.9863359928131104}
{"event": "sample", "n": 512, "mode": "forward", "round": 0, "block": 2, "label": "B", "sample": 6, "ms": 1.9852800369262695}
{"event": "sample", "n": 512, "mode": "forward", "round": 0, "block": 2, "label": "B", "sample": 7, "ms": 1.986016035079956}
{"event": "sample", "n": 512, "mode": "forward", "round": 0, "block": 2, "label": "B", "sample": 8, "ms": 1.98636794090271}
{"event": "sample", "n": 512, "mode": "forward", "round": 0, "block": 2, "label": "B", "sample": 9, "ms": 1.9857280254364014}
{"event": "sample", "n": 512, "mode": "forward", "round": 0, "block": 3, "label": "A", "sample": 0, "ms": 1.8096959590911865}
{"event": "sample", "n": 512, "mode": "forward", "round": 0, "block": 3, "label": "A", "sample": 1, "ms": 1.4903680086135864}
{"event": "sample", "n": 512, "mode": "forward", "round": 0, "block": 3, "label": "A", "sample": 2, "ms": 1.4905600547790527}
{"event": "sample", "n": 512, "mode": "forward", "round": 0, "block": 3, "label": "A", "sample": 3, "ms": 1.4909119606018066}
{"event": "sample", "n": 512, "mode": "forward", "round": 0, "block": 3, "label": "A", "sample": 4, "ms": 1.491487979888916}
{"event": "sample", "n": 512, "mode": "forward", "round": 0, "block": 3, "label": "A", "sample": 5, "ms": 1.4934719800949097}
{"event": "sample", "n": 512, "mode": "forward", "round": 0, "block": 3, "label": "A", "sample": 6, "ms": 1.4934719800949097}
{"event": "sample", "n": 512, "mode": "forward", "round": 0, "block": 3, "label": "A", "sample": 7, "ms": 1.4930239915847778}
{"event": "sample", "n": 512, "mode": "forward", "round": 0, "block": 3, "label": "A", "sample": 8, "ms": 1.4937280416488647}
{"event": "sample", "n": 512, "mode": "forward", "round": 0, "block": 3, "label": "A", "sample": 9, "ms": 1.4931520223617554}
{"event": "sample", "n": 512, "mode": "forward", "round": 1, "block": 0, "label": "A", "sample": 0, "ms": 1.7957439422607422}
{"event": "sample", "n": 512, "mode": "forward", "round": 1, "block": 0, "label": "A", "sample": 1, "ms": 1.4918400049209595}
{"event": "sample", "n": 512, "mode": "forward", "round": 1, "block": 0, "label": "A", "sample": 2, "ms": 1.4933760166168213}
{"event": "sample", "n": 512, "mode": "forward", "round": 1, "block": 0, "label": "A", "sample": 3, "ms": 1.4937920570373535}
{"event": "sample", "n": 512, "mode": "forward", "round": 1, "block": 0, "label": "A", "sample": 4, "ms": 1.4937920570373535}
{"event": "sample", "n": 512, "mode": "forward", "round": 1, "block": 0, "label": "A", "sample": 5, "ms": 1.4937920570373535}
{"event": "sample", "n": 512, "mode": "forward", "round": 1, "block": 0, "label": "A", "sample": 6, "ms": 1.4937920570373535}
{"event": "sample", "n": 512, "mode": "forward", "round": 1, "block": 0, "label": "A", "sample": 7, "ms": 1.4941760301589966}
{"event": "sample", "n": 512, "mode": "forward", "round": 1, "block": 0, "label": "A", "sample": 8, "ms": 1.4932160377502441}
{"event": "sample", "n": 512, "mode": "forward", "round": 1, "block": 0, "label": "A", "sample": 9, "ms": 1.494271993637085}
{"event": "sample", "n": 512, "mode": "forward", "round": 1, "block": 1, "label": "B", "sample": 0, "ms": 2.2027199268341064}
{"event": "sample", "n": 512, "mode": "forward", "round": 1, "block": 1, "label": "B", "sample": 1, "ms": 1.987615942955017}
{"event": "sample", "n": 512, "mode": "forward", "round": 1, "block": 1, "label": "B", "sample": 2, "ms": 1.9878400564193726}
{"event": "sample", "n": 512, "mode": "forward", "round": 1, "block": 1, "label": "B", "sample": 3, "ms": 1.9893759489059448}
{"event": "sample", "n": 512, "mode": "forward", "round": 1, "block": 1, "label": "B", "sample": 4, "ms": 1.988927960395813}
{"event": "sample", "n": 512, "mode": "forward", "round": 1, "block": 1, "label": "B", "sample": 5, "ms": 1.9869439601898193}
{"event": "sample", "n": 512, "mode": "forward", "round": 1, "block": 1, "label": "B", "sample": 6, "ms": 1.9892480373382568}
{"event": "sample", "n": 512, "mode": "forward", "round": 1, "block": 1, "label": "B", "sample": 7, "ms": 1.98745596408844}
{"event": "sample", "n": 512, "mode": "forward", "round": 1, "block": 1, "label": "B", "sample": 8, "ms": 1.989184021949768}
{"event": "sample", "n": 512, "mode": "forward", "round": 1, "block": 1, "label": "B", "sample": 9, "ms": 1.987615942955017}
{"event": "sample", "n": 512, "mode": "forward", "round": 1, "block": 2, "label": "B", "sample": 0, "ms": 2.158143997192383}
{"event": "sample", "n": 512, "mode": "forward", "round": 1, "block": 2, "label": "B", "sample": 1, "ms": 1.9893759489059448}
{"event": "sample", "n": 512, "mode": "forward", "round": 1, "block": 2, "label": "B", "sample": 2, "ms": 1.9877760410308838}
{"event": "sample", "n": 512, "mode": "forward", "round": 1, "block": 2, "label": "B", "sample": 3, "ms": 1.9889600276947021}
{"event": "sample", "n": 512, "mode": "forward", "round": 1, "block": 2, "label": "B", "sample": 4, "ms": 1.9892159700393677}
{"event": "sample", "n": 512, "mode": "forward", "round": 1, "block": 2, "label": "B", "sample": 5, "ms": 1.987936019897461}
{"event": "sample", "n": 512, "mode": "forward", "round": 1, "block": 2, "label": "B", "sample": 6, "ms": 1.9876799583435059}
{"event": "sample", "n": 512, "mode": "forward", "round": 1, "block": 2, "label": "B", "sample": 7, "ms": 1.9880319833755493}
{"event": "sample", "n": 512, "mode": "forward", "round": 1, "block": 2, "label": "B", "sample": 8, "ms": 1.9886720180511475}
{"event": "sample", "n": 512, "mode": "forward", "round": 1, "block": 2, "label": "B", "sample": 9, "ms": 1.9889919757843018}
{"event": "sample", "n": 512, "mode": "forward", "round": 1, "block": 3, "label": "A", "sample": 0, "ms": 1.8193919658660889}
{"event": "sample", "n": 512, "mode": "forward", "round": 1, "block": 3, "label": "A", "sample": 1, "ms": 1.4917759895324707}
{"event": "sample", "n": 512, "mode": "forward", "round": 1, "block": 3, "label": "A", "sample": 2, "ms": 1.4929280281066895}
{"event": "sample", "n": 512, "mode": "forward", "round": 1, "block": 3, "label": "A", "sample": 3, "ms": 1.493664026260376}
{"event": "sample", "n": 512, "mode": "forward", "round": 1, "block": 3, "label": "A", "sample": 4, "ms": 1.493280053138733}
{"event": "sample", "n": 512, "mode": "forward", "round": 1, "block": 3, "label": "A", "sample": 5, "ms": 1.4926719665527344}
{"event": "sample", "n": 512, "mode": "forward", "round": 1, "block": 3, "label": "A", "sample": 6, "ms": 1.492576003074646}
{"event": "sample", "n": 512, "mode": "forward", "round": 1, "block": 3, "label": "A", "sample": 7, "ms": 1.4939839839935303}
{"event": "sample", "n": 512, "mode": "forward", "round": 1, "block": 3, "label": "A", "sample": 8, "ms": 1.4930239915847778}
{"event": "sample", "n": 512, "mode": "forward", "round": 1, "block": 3, "label": "A", "sample": 9, "ms": 1.4928959608078003}
{"event": "sample", "n": 512, "mode": "forward", "round": 2, "block": 0, "label": "A", "sample": 0, "ms": 1.765663981437683}
{"event": "sample", "n": 512, "mode": "forward", "round": 2, "block": 0, "label": "A", "sample": 1, "ms": 1.49126398563385}
{"event": "sample", "n": 512, "mode": "forward", "round": 2, "block": 0, "label": "A", "sample": 2, "ms": 1.4935359954833984}
{"event": "sample", "n": 512, "mode": "forward", "round": 2, "block": 0, "label": "A", "sample": 3, "ms": 1.4936000108718872}
{"event": "sample", "n": 512, "mode": "forward", "round": 2, "block": 0, "label": "A", "sample": 4, "ms": 1.4939199686050415}
{"event": "sample", "n": 512, "mode": "forward", "round": 2, "block": 0, "label": "A", "sample": 5, "ms": 1.4928319454193115}
{"event": "sample", "n": 512, "mode": "forward", "round": 2, "block": 0, "label": "A", "sample": 6, "ms": 1.4937599897384644}
{"event": "sample", "n": 512, "mode": "forward", "round": 2, "block": 0, "label": "A", "sample": 7, "ms": 1.494047999382019}
{"event": "sample", "n": 512, "mode": "forward", "round": 2, "block": 0, "label": "A", "sample": 8, "ms": 1.4942400455474854}
{"event": "sample", "n": 512, "mode": "forward", "round": 2, "block": 0, "label": "A", "sample": 9, "ms": 1.49344003200531}
{"event": "sample", "n": 512, "mode": "forward", "round": 2, "block": 1, "label": "B", "sample": 0, "ms": 2.1921920776367188}
{"event": "sample", "n": 512, "mode": "forward", "round": 2, "block": 1, "label": "B", "sample": 1, "ms": 1.98745596408844}
{"event": "sample", "n": 512, "mode": "forward", "round": 2, "block": 1, "label": "B", "sample": 2, "ms": 1.9877760410308838}
{"event": "sample", "n": 512, "mode": "forward", "round": 2, "block": 1, "label": "B", "sample": 3, "ms": 1.9874240159988403}
{"event": "sample", "n": 512, "mode": "forward", "round": 2, "block": 1, "label": "B", "sample": 4, "ms": 1.986240029335022}
{"event": "sample", "n": 512, "mode": "forward", "round": 2, "block": 1, "label": "B", "sample": 5, "ms": 1.985983967781067}
{"event": "sample", "n": 512, "mode": "forward", "round": 2, "block": 1, "label": "B", "sample": 6, "ms": 1.9855040311813354}
{"event": "sample", "n": 512, "mode": "forward", "round": 2, "block": 1, "label": "B", "sample": 7, "ms": 1.9857920408248901}
{"event": "sample", "n": 512, "mode": "forward", "round": 2, "block": 1, "label": "B", "sample": 8, "ms": 1.98636794090271}
{"event": "sample", "n": 512, "mode": "forward", "round": 2, "block": 1, "label": "B", "sample": 9, "ms": 1.9865599870681763}
{"event": "sample", "n": 512, "mode": "forward", "round": 2, "block": 2, "label": "B", "sample": 0, "ms": 2.153791904449463}
{"event": "sample", "n": 512, "mode": "forward", "round": 2, "block": 2, "label": "B", "sample": 1, "ms": 1.9873600006103516}
{"event": "sample", "n": 512, "mode": "forward", "round": 2, "block": 2, "label": "B", "sample": 2, "ms": 1.9860800504684448}
{"event": "sample", "n": 512, "mode": "forward", "round": 2, "block": 2, "label": "B", "sample": 3, "ms": 1.9863040447235107}
{"event": "sample", "n": 512, "mode": "forward", "round": 2, "block": 2, "label": "B", "sample": 4, "ms": 1.9860800504684448}
{"event": "sample", "n": 512, "mode": "forward", "round": 2, "block": 2, "label": "B", "sample": 5, "ms": 1.9873600006103516}
{"event": "sample", "n": 512, "mode": "forward", "round": 2, "block": 2, "label": "B", "sample": 6, "ms": 1.9881279468536377}
{"event": "sample", "n": 512, "mode": "forward", "round": 2, "block": 2, "label": "B", "sample": 7, "ms": 1.986240029335022}
{"event": "sample", "n": 512, "mode": "forward", "round": 2, "block": 2, "label": "B", "sample": 8, "ms": 1.986240029335022}
{"event": "sample", "n": 512, "mode": "forward", "round": 2, "block": 2, "label": "B", "sample": 9, "ms": 1.9866559505462646}
{"event": "sample", "n": 512, "mode": "forward", "round": 2, "block": 3, "label": "A", "sample": 0, "ms": 1.7966400384902954}
{"event": "sample", "n": 512, "mode": "forward", "round": 2, "block": 3, "label": "A", "sample": 1, "ms": 1.4896320104599}
{"event": "sample", "n": 512, "mode": "forward", "round": 2, "block": 3, "label": "A", "sample": 2, "ms": 1.4913599491119385}
{"event": "sample", "n": 512, "mode": "forward", "round": 2, "block": 3, "label": "A", "sample": 3, "ms": 1.492319941520691}
{"event": "sample", "n": 512, "mode": "forward", "round": 2, "block": 3, "label": "A", "sample": 4, "ms": 1.4916800260543823}
{"event": "sample", "n": 512, "mode": "forward", "round": 2, "block": 3, "label": "A", "sample": 5, "ms": 1.4918080568313599}
{"event": "sample", "n": 512, "mode": "forward", "round": 2, "block": 3, "label": "A", "sample": 6, "ms": 1.491104006767273}
{"event": "sample", "n": 512, "mode": "forward", "round": 2, "block": 3, "label": "A", "sample": 7, "ms": 1.4916479587554932}
{"event": "sample", "n": 512, "mode": "forward", "round": 2, "block": 3, "label": "A", "sample": 8, "ms": 1.4913599491119385}
{"event": "sample", "n": 512, "mode": "forward", "round": 2, "block": 3, "label": "A", "sample": 9, "ms": 1.4910399913787842}
{"event": "summary", "n": 512, "mode": "forward", "median_ms": {"A": 1.4929760098457336, "B": 1.9873600006103516}, "speedup": 0.7512358150446903, "samples_per_label": 60}
{"event": "sample", "n": 512, "mode": "backward", "round": 0, "block": 0, "label": "A", "sample": 0, "ms": 7.861760139465332}
{"event": "sample", "n": 512, "mode": "backward", "round": 0, "block": 0, "label": "A", "sample": 1, "ms": 7.55628776550293}
{"event": "sample", "n": 512, "mode": "backward", "round": 0, "block": 0, "label": "A", "sample": 2, "ms": 7.557568073272705}
{"event": "sample", "n": 512, "mode": "backward", "round": 0, "block": 0, "label": "A", "sample": 3, "ms": 7.563007831573486}
{"event": "sample", "n": 512, "mode": "backward", "round": 0, "block": 0, "label": "A", "sample": 4, "ms": 7.560863971710205}
{"event": "sample", "n": 512, "mode": "backward", "round": 0, "block": 0, "label": "A", "sample": 5, "ms": 7.556735992431641}
{"event": "sample", "n": 512, "mode": "backward", "round": 0, "block": 0, "label": "A", "sample": 6, "ms": 7.5616960525512695}
{"event": "sample", "n": 512, "mode": "backward", "round": 0, "block": 0, "label": "A", "sample": 7, "ms": 7.56825590133667}
{"event": "sample", "n": 512, "mode": "backward", "round": 0, "block": 0, "label": "A", "sample": 8, "ms": 7.56057596206665}
{"event": "sample", "n": 512, "mode": "backward", "round": 0, "block": 0, "label": "A", "sample": 9, "ms": 7.558688163757324}
{"event": "sample", "n": 512, "mode": "backward", "round": 0, "block": 1, "label": "B", "sample": 0, "ms": 5.726272106170654}
{"event": "sample", "n": 512, "mode": "backward", "round": 0, "block": 1, "label": "B", "sample": 1, "ms": 5.557568073272705}
{"event": "sample", "n": 512, "mode": "backward", "round": 0, "block": 1, "label": "B", "sample": 2, "ms": 5.5542402267456055}
{"event": "sample", "n": 512, "mode": "backward", "round": 0, "block": 1, "label": "B", "sample": 3, "ms": 5.5563201904296875}
{"event": "sample", "n": 512, "mode": "backward", "round": 0, "block": 1, "label": "B", "sample": 4, "ms": 5.557600021362305}
{"event": "sample", "n": 512, "mode": "backward", "round": 0, "block": 1, "label": "B", "sample": 5, "ms": 5.5681281089782715}
{"event": "sample", "n": 512, "mode": "backward", "round": 0, "block": 1, "label": "B", "sample": 6, "ms": 5.552864074707031}
{"event": "sample", "n": 512, "mode": "backward", "round": 0, "block": 1, "label": "B", "sample": 7, "ms": 5.554336071014404}
{"event": "sample", "n": 512, "mode": "backward", "round": 0, "block": 1, "label": "B", "sample": 8, "ms": 5.55347204208374}
{"event": "sample", "n": 512, "mode": "backward", "round": 0, "block": 1, "label": "B", "sample": 9, "ms": 5.559711933135986}
{"event": "sample", "n": 512, "mode": "backward", "round": 0, "block": 2, "label": "B", "sample": 0, "ms": 5.75161600112915}
{"event": "sample", "n": 512, "mode": "backward", "round": 0, "block": 2, "label": "B", "sample": 1, "ms": 5.5550079345703125}
{"event": "sample", "n": 512, "mode": "backward", "round": 0, "block": 2, "label": "B", "sample": 2, "ms": 5.5583038330078125}
{"event": "sample", "n": 512, "mode": "backward", "round": 0, "block": 2, "label": "B", "sample": 3, "ms": 5.573408126831055}
{"event": "sample", "n": 512, "mode": "backward", "round": 0, "block": 2, "label": "B", "sample": 4, "ms": 5.555488109588623}
{"event": "sample", "n": 512, "mode": "backward", "round": 0, "block": 2, "label": "B", "sample": 5, "ms": 5.552351951599121}
{"event": "sample", "n": 512, "mode": "backward", "round": 0, "block": 2, "label": "B", "sample": 6, "ms": 5.557631969451904}
{"event": "sample", "n": 512, "mode": "backward", "round": 0, "block": 2, "label": "B", "sample": 7, "ms": 5.555583953857422}
{"event": "sample", "n": 512, "mode": "backward", "round": 0, "block": 2, "label": "B", "sample": 8, "ms": 5.551072120666504}
{"event": "sample", "n": 512, "mode": "backward", "round": 0, "block": 2, "label": "B", "sample": 9, "ms": 5.557151794433594}
{"event": "sample", "n": 512, "mode": "backward", "round": 0, "block": 3, "label": "A", "sample": 0, "ms": 7.9561920166015625}
{"event": "sample", "n": 512, "mode": "backward", "round": 0, "block": 3, "label": "A", "sample": 1, "ms": 7.561312198638916}
{"event": "sample", "n": 512, "mode": "backward", "round": 0, "block": 3, "label": "A", "sample": 2, "ms": 7.566847801208496}
{"event": "sample", "n": 512, "mode": "backward", "round": 0, "block": 3, "label": "A", "sample": 3, "ms": 7.557663917541504}
{"event": "sample", "n": 512, "mode": "backward", "round": 0, "block": 3, "label": "A", "sample": 4, "ms": 7.552832126617432}
{"event": "sample", "n": 512, "mode": "backward", "round": 0, "block": 3, "label": "A", "sample": 5, "ms": 7.568192005157471}
{"event": "sample", "n": 512, "mode": "backward", "round": 0, "block": 3, "label": "A", "sample": 6, "ms": 7.564288139343262}
{"event": "sample", "n": 512, "mode": "backward", "round": 0, "block": 3, "label": "A", "sample": 7, "ms": 7.562848091125488}
{"event": "sample", "n": 512, "mode": "backward", "round": 0, "block": 3, "label": "A", "sample": 8, "ms": 7.559999942779541}
{"event": "sample", "n": 512, "mode": "backward", "round": 0, "block": 3, "label": "A", "sample": 9, "ms": 7.561024188995361}
{"event": "sample", "n": 512, "mode": "backward", "round": 1, "block": 0, "label": "A", "sample": 0, "ms": 7.870207786560059}
{"event": "sample", "n": 512, "mode": "backward", "round": 1, "block": 0, "label": "A", "sample": 1, "ms": 7.556128025054932}
{"event": "sample", "n": 512, "mode": "backward", "round": 1, "block": 0, "label": "A", "sample": 2, "ms": 7.5616960525512695}
{"event": "sample", "n": 512, "mode": "backward", "round": 1, "block": 0, "label": "A", "sample": 3, "ms": 7.55676794052124}
{"event": "sample", "n": 512, "mode": "backward", "round": 1, "block": 0, "label": "A", "sample": 4, "ms": 7.562431812286377}
{"event": "sample", "n": 512, "mode": "backward", "round": 1, "block": 0, "label": "A", "sample": 5, "ms": 7.563104152679443}
{"event": "sample", "n": 512, "mode": "backward", "round": 1, "block": 0, "label": "A", "sample": 6, "ms": 7.559743881225586}
{"event": "sample", "n": 512, "mode": "backward", "round": 1, "block": 0, "label": "A", "sample": 7, "ms": 7.55676794052124}
{"event": "sample", "n": 512, "mode": "backward", "round": 1, "block": 0, "label": "A", "sample": 8, "ms": 7.563072204589844}
{"event": "sample", "n": 512, "mode": "backward", "round": 1, "block": 0, "label": "A", "sample": 9, "ms": 7.561183929443359}
{"event": "sample", "n": 512, "mode": "backward", "round": 1, "block": 1, "label": "B", "sample": 0, "ms": 5.757887840270996}
{"event": "sample", "n": 512, "mode": "backward", "round": 1, "block": 1, "label": "B", "sample": 1, "ms": 5.551392078399658}
{"event": "sample", "n": 512, "mode": "backward", "round": 1, "block": 1, "label": "B", "sample": 2, "ms": 5.551328182220459}
{"event": "sample", "n": 512, "mode": "backward", "round": 1, "block": 1, "label": "B", "sample": 3, "ms": 5.557631969451904}
{"event": "sample", "n": 512, "mode": "backward", "round": 1, "block": 1, "label": "B", "sample": 4, "ms": 5.559807777404785}
{"event": "sample", "n": 512, "mode": "backward", "round": 1, "block": 1, "label": "B", "sample": 5, "ms": 5.566944122314453}
{"event": "sample", "n": 512, "mode": "backward", "round": 1, "block": 1, "label": "B", "sample": 6, "ms": 5.556543827056885}
{"event": "sample", "n": 512, "mode": "backward", "round": 1, "block": 1, "label": "B", "sample": 7, "ms": 5.553887844085693}
{"event": "sample", "n": 512, "mode": "backward", "round": 1, "block": 1, "label": "B", "sample": 8, "ms": 5.552351951599121}
{"event": "sample", "n": 512, "mode": "backward", "round": 1, "block": 1, "label": "B", "sample": 9, "ms": 5.561567783355713}
{"event": "sample", "n": 512, "mode": "backward", "round": 1, "block": 2, "label": "B", "sample": 0, "ms": 5.742688179016113}
{"event": "sample", "n": 512, "mode": "backward", "round": 1, "block": 2, "label": "B", "sample": 1, "ms": 5.561728000640869}
{"event": "sample", "n": 512, "mode": "backward", "round": 1, "block": 2, "label": "B", "sample": 2, "ms": 5.5726399421691895}
{"event": "sample", "n": 512, "mode": "backward", "round": 1, "block": 2, "label": "B", "sample": 3, "ms": 5.549920082092285}
{"event": "sample", "n": 512, "mode": "backward", "round": 1, "block": 2, "label": "B", "sample": 4, "ms": 5.5557122230529785}
{"event": "sample", "n": 512, "mode": "backward", "round": 1, "block": 2, "label": "B", "sample": 5, "ms": 5.55676794052124}
{"event": "sample", "n": 512, "mode": "backward", "round": 1, "block": 2, "label": "B", "sample": 6, "ms": 5.556608200073242}
{"event": "sample", "n": 512, "mode": "backward", "round": 1, "block": 2, "label": "B", "sample": 7, "ms": 5.5556159019470215}
{"event": "sample", "n": 512, "mode": "backward", "round": 1, "block": 2, "label": "B", "sample": 8, "ms": 5.55075216293335}
{"event": "sample", "n": 512, "mode": "backward", "round": 1, "block": 2, "label": "B", "sample": 9, "ms": 5.557216167449951}
{"event": "sample", "n": 512, "mode": "backward", "round": 1, "block": 3, "label": "A", "sample": 0, "ms": 7.904575824737549}
{"event": "sample", "n": 512, "mode": "backward", "round": 1, "block": 3, "label": "A", "sample": 1, "ms": 7.55625581741333}
{"event": "sample", "n": 512, "mode": "backward", "round": 1, "block": 3, "label": "A", "sample": 2, "ms": 7.556735992431641}
{"event": "sample", "n": 512, "mode": "backward", "round": 1, "block": 3, "label": "A", "sample": 3, "ms": 7.554944038391113}
{"event": "sample", "n": 512, "mode": "backward", "round": 1, "block": 3, "label": "A", "sample": 4, "ms": 7.558559894561768}
{"event": "sample", "n": 512, "mode": "backward", "round": 1, "block": 3, "label": "A", "sample": 5, "ms": 7.555391788482666}
{"event": "sample", "n": 512, "mode": "backward", "round": 1, "block": 3, "label": "A", "sample": 6, "ms": 7.552832126617432}
{"event": "sample", "n": 512, "mode": "backward", "round": 1, "block": 3, "label": "A", "sample": 7, "ms": 7.553599834442139}
{"event": "sample", "n": 512, "mode": "backward", "round": 1, "block": 3, "label": "A", "sample": 8, "ms": 7.550015926361084}
{"event": "sample", "n": 512, "mode": "backward", "round": 1, "block": 3, "label": "A", "sample": 9, "ms": 7.553247928619385}
{"event": "sample", "n": 512, "mode": "backward", "round": 2, "block": 0, "label": "A", "sample": 0, "ms": 7.871679782867432}
{"event": "sample", "n": 512, "mode": "backward", "round": 2, "block": 0, "label": "A", "sample": 1, "ms": 7.552031993865967}
{"event": "sample", "n": 512, "mode": "backward", "round": 2, "block": 0, "label": "A", "sample": 2, "ms": 7.547967910766602}
{"event": "sample", "n": 512, "mode": "backward", "round": 2, "block": 0, "label": "A", "sample": 3, "ms": 7.552896022796631}
{"event": "sample", "n": 512, "mode": "backward", "round": 2, "block": 0, "label": "A", "sample": 4, "ms": 7.546239852905273}
{"event": "sample", "n": 512, "mode": "backward", "round": 2, "block": 0, "label": "A", "sample": 5, "ms": 7.545087814331055}
{"event": "sample", "n": 512, "mode": "backward", "round": 2, "block": 0, "label": "A", "sample": 6, "ms": 7.553599834442139}
{"event": "sample", "n": 512, "mode": "backward", "round": 2, "block": 0, "label": "A", "sample": 7, "ms": 7.551551818847656}
{"event": "sample", "n": 512, "mode": "backward", "round": 2, "block": 0, "label": "A", "sample": 8, "ms": 7.556704044342041}
{"event": "sample", "n": 512, "mode": "backward", "round": 2, "block": 0, "label": "A", "sample": 9, "ms": 7.56063985824585}
{"event": "sample", "n": 512, "mode": "backward", "round": 2, "block": 1, "label": "B", "sample": 0, "ms": 5.754655838012695}
{"event": "sample", "n": 512, "mode": "backward", "round": 2, "block": 1, "label": "B", "sample": 1, "ms": 5.555647850036621}
{"event": "sample", "n": 512, "mode": "backward", "round": 2, "block": 1, "label": "B", "sample": 2, "ms": 5.559807777404785}
{"event": "sample", "n": 512, "mode": "backward", "round": 2, "block": 1, "label": "B", "sample": 3, "ms": 5.557919979095459}
{"event": "sample", "n": 512, "mode": "backward", "round": 2, "block": 1, "label": "B", "sample": 4, "ms": 5.55676794052124}
{"event": "sample", "n": 512, "mode": "backward", "round": 2, "block": 1, "label": "B", "sample": 5, "ms": 5.555776119232178}
{"event": "sample", "n": 512, "mode": "backward", "round": 2, "block": 1, "label": "B", "sample": 6, "ms": 5.551487922668457}
{"event": "sample", "n": 512, "mode": "backward", "round": 2, "block": 1, "label": "B", "sample": 7, "ms": 5.552544116973877}
{"event": "sample", "n": 512, "mode": "backward", "round": 2, "block": 1, "label": "B", "sample": 8, "ms": 5.556992053985596}
{"event": "sample", "n": 512, "mode": "backward", "round": 2, "block": 1, "label": "B", "sample": 9, "ms": 5.556159973144531}
{"event": "sample", "n": 512, "mode": "backward", "round": 2, "block": 2, "label": "B", "sample": 0, "ms": 5.733151912689209}
{"event": "sample", "n": 512, "mode": "backward", "round": 2, "block": 2, "label": "B", "sample": 1, "ms": 5.5635199546813965}
{"event": "sample", "n": 512, "mode": "backward", "round": 2, "block": 2, "label": "B", "sample": 2, "ms": 5.554975986480713}
{"event": "sample", "n": 512, "mode": "backward", "round": 2, "block": 2, "label": "B", "sample": 3, "ms": 5.562943935394287}
{"event": "sample", "n": 512, "mode": "backward", "round": 2, "block": 2, "label": "B", "sample": 4, "ms": 5.563968181610107}
{"event": "sample", "n": 512, "mode": "backward", "round": 2, "block": 2, "label": "B", "sample": 5, "ms": 5.555776119232178}
{"event": "sample", "n": 512, "mode": "backward", "round": 2, "block": 2, "label": "B", "sample": 6, "ms": 5.5496320724487305}
{"event": "sample", "n": 512, "mode": "backward", "round": 2, "block": 2, "label": "B", "sample": 7, "ms": 5.552544116973877}
{"event": "sample", "n": 512, "mode": "backward", "round": 2, "block": 2, "label": "B", "sample": 8, "ms": 5.5483198165893555}
{"event": "sample", "n": 512, "mode": "backward", "round": 2, "block": 2, "label": "B", "sample": 9, "ms": 5.553728103637695}
{"event": "sample", "n": 512, "mode": "backward", "round": 2, "block": 3, "label": "A", "sample": 0, "ms": 7.904287815093994}
{"event": "sample", "n": 512, "mode": "backward", "round": 2, "block": 3, "label": "A", "sample": 1, "ms": 7.551551818847656}
{"event": "sample", "n": 512, "mode": "backward", "round": 2, "block": 3, "label": "A", "sample": 2, "ms": 7.549088001251221}
{"event": "sample", "n": 512, "mode": "backward", "round": 2, "block": 3, "label": "A", "sample": 3, "ms": 7.554495811462402}
{"event": "sample", "n": 512, "mode": "backward", "round": 2, "block": 3, "label": "A", "sample": 4, "ms": 7.549056053161621}
{"event": "sample", "n": 512, "mode": "backward", "round": 2, "block": 3, "label": "A", "sample": 5, "ms": 7.549983978271484}
{"event": "sample", "n": 512, "mode": "backward", "round": 2, "block": 3, "label": "A", "sample": 6, "ms": 7.553567886352539}
{"event": "sample", "n": 512, "mode": "backward", "round": 2, "block": 3, "label": "A", "sample": 7, "ms": 7.548672199249268}
{"event": "sample", "n": 512, "mode": "backward", "round": 2, "block": 3, "label": "A", "sample": 8, "ms": 7.555136203765869}
{"event": "sample", "n": 512, "mode": "backward", "round": 2, "block": 3, "label": "A", "sample": 9, "ms": 7.558784008026123}
{"event": "summary", "n": 512, "mode": "backward", "median_ms": {"A": 7.557168006896973, "B": 5.5565760135650635}, "speedup": 1.3600404256952372, "samples_per_label": 60}
{"event": "sample", "n": 512, "mode": "forward_backward", "round": 0, "block": 0, "label": "A", "sample": 0, "ms": 9.377216339111328}
{"event": "sample", "n": 512, "mode": "forward_backward", "round": 0, "block": 0, "label": "A", "sample": 1, "ms": 9.050496101379395}
{"event": "sample", "n": 512, "mode": "forward_backward", "round": 0, "block": 0, "label": "A", "sample": 2, "ms": 9.050111770629883}
{"event": "sample", "n": 512, "mode": "forward_backward", "round": 0, "block": 0, "label": "A", "sample": 3, "ms": 9.049887657165527}
{"event": "sample", "n": 512, "mode": "forward_backward", "round": 0, "block": 0, "label": "A", "sample": 4, "ms": 9.05174446105957}
{"event": "sample", "n": 512, "mode": "forward_backward", "round": 0, "block": 0, "label": "A", "sample": 5, "ms": 9.040448188781738}
{"event": "sample", "n": 512, "mode": "forward_backward", "round": 0, "block": 0, "label": "A", "sample": 6, "ms": 9.040096282958984}
{"event": "sample", "n": 512, "mode": "forward_backward", "round": 0, "block": 0, "label": "A", "sample": 7, "ms": 9.03923225402832}
{"event": "sample", "n": 512, "mode": "forward_backward", "round": 0, "block": 0, "label": "A", "sample": 8, "ms": 9.04361629486084}
{"event": "sample", "n": 512, "mode": "forward_backward", "round": 0, "block": 0, "label": "A", "sample": 9, "ms": 9.04371166229248}
{"event": "sample", "n": 512, "mode": "forward_backward", "round": 0, "block": 1, "label": "B", "sample": 0, "ms": 7.7478718757629395}
{"event": "sample", "n": 512, "mode": "forward_backward", "round": 0, "block": 1, "label": "B", "sample": 1, "ms": 7.528192043304443}
{"event": "sample", "n": 512, "mode": "forward_backward", "round": 0, "block": 1, "label": "B", "sample": 2, "ms": 7.535103797912598}
{"event": "sample", "n": 512, "mode": "forward_backward", "round": 0, "block": 1, "label": "B", "sample": 3, "ms": 7.521440029144287}
{"event": "sample", "n": 512, "mode": "forward_backward", "round": 0, "block": 1, "label": "B", "sample": 4, "ms": 7.528639793395996}
{"event": "sample", "n": 512, "mode": "forward_backward", "round": 0, "block": 1, "label": "B", "sample": 5, "ms": 7.536736011505127}
{"event": "sample", "n": 512, "mode": "forward_backward", "round": 0, "block": 1, "label": "B", "sample": 6, "ms": 7.52780818939209}
{"event": "sample", "n": 512, "mode": "forward_backward", "round": 0, "block": 1, "label": "B", "sample": 7, "ms": 7.5419840812683105}
{"event": "sample", "n": 512, "mode": "forward_backward", "round": 0, "block": 1, "label": "B", "sample": 8, "ms": 7.550816059112549}
{"event": "sample", "n": 512, "mode": "forward_backward", "round": 0, "block": 1, "label": "B", "sample": 9, "ms": 7.537312030792236}
{"event": "sample", "n": 512, "mode": "forward_backward", "round": 0, "block": 2, "label": "B", "sample": 0, "ms": 7.747744083404541}
{"event": "sample", "n": 512, "mode": "forward_backward", "round": 0, "block": 2, "label": "B", "sample": 1, "ms": 7.542655944824219}
{"event": "sample", "n": 512, "mode": "forward_backward", "round": 0, "block": 2, "label": "B", "sample": 2, "ms": 7.54860782623291}
{"event": "sample", "n": 512, "mode": "forward_backward", "round": 0, "block": 2, "label": "B", "sample": 3, "ms": 7.543456077575684}
{"event": "sample", "n": 512, "mode": "forward_backward", "round": 0, "block": 2, "label": "B", "sample": 4, "ms": 7.540863990783691}
{"event": "sample", "n": 512, "mode": "forward_backward", "round": 0, "block": 2, "label": "B", "sample": 5, "ms": 7.534336090087891}
{"event": "sample", "n": 512, "mode": "forward_backward", "round": 0, "block": 2, "label": "B", "sample": 6, "ms": 7.548704147338867}
{"event": "sample", "n": 512, "mode": "forward_backward", "round": 0, "block": 2, "label": "B", "sample": 7, "ms": 7.54307222366333}
{"event": "sample", "n": 512, "mode": "forward_backward", "round": 0, "block": 2, "label": "B", "sample": 8, "ms": 7.542719841003418}
{"event": "sample", "n": 512, "mode": "forward_backward", "round": 0, "block": 2, "label": "B", "sample": 9, "ms": 7.5477118492126465}
{"event": "sample", "n": 512, "mode": "forward_backward", "round": 0, "block": 3, "label": "A", "sample": 0, "ms": 9.372384071350098}
{"event": "sample", "n": 512, "mode": "forward_backward", "round": 0, "block": 3, "label": "A", "sample": 1, "ms": 9.044416427612305}
{"event": "sample", "n": 512, "mode": "forward_backward", "round": 0, "block": 3, "label": "A", "sample": 2, "ms": 9.036831855773926}
{"event": "sample", "n": 512, "mode": "forward_backward", "round": 0, "block": 3, "label": "A", "sample": 3, "ms": 9.041536331176758}
{"event": "sample", "n": 512, "mode": "forward_backward", "round": 0, "block": 3, "label": "A", "sample": 4, "ms": 9.042367935180664}
{"event": "sample", "n": 512, "mode": "forward_backward", "round": 0, "block": 3, "label": "A", "sample": 5, "ms": 9.042207717895508}
{"event": "sample", "n": 512, "mode": "forward_backward", "round": 0, "block": 3, "label": "A", "sample": 6, "ms": 9.04422378540039}
{"event": "sample", "n": 512, "mode": "forward_backward", "round": 0, "block": 3, "label": "A", "sample": 7, "ms": 9.03651237487793}
{"event": "sample", "n": 512, "mode": "forward_backward", "round": 0, "block": 3, "label": "A", "sample": 8, "ms": 9.042143821716309}
{"event": "sample", "n": 512, "mode": "forward_backward", "round": 0, "block": 3, "label": "A", "sample": 9, "ms": 9.041919708251953}
{"event": "sample", "n": 512, "mode": "forward_backward", "round": 1, "block": 0, "label": "A", "sample": 0, "ms": 9.346847534179688}
{"event": "sample", "n": 512, "mode": "forward_backward", "round": 1, "block": 0, "label": "A", "sample": 1, "ms": 9.047648429870605}
{"event": "sample", "n": 512, "mode": "forward_backward", "round": 1, "block": 0, "label": "A", "sample": 2, "ms": 9.042495727539062}
{"event": "sample", "n": 512, "mode": "forward_backward", "round": 1, "block": 0, "label": "A", "sample": 3, "ms": 9.045951843261719}
{"event": "sample", "n": 512, "mode": "forward_backward", "round": 1, "block": 0, "label": "A", "sample": 4, "ms": 9.052191734313965}
{"event": "sample", "n": 512, "mode": "forward_backward", "round": 1, "block": 0, "label": "A", "sample": 5, "ms": 9.049856185913086}
{"event": "sample", "n": 512, "mode": "forward_backward", "round": 1, "block": 0, "label": "A", "sample": 6, "ms": 9.048576354980469}
{"event": "sample", "n": 512, "mode": "forward_backward", "round": 1, "block": 0, "label": "A", "sample": 7, "ms": 9.048128128051758}
{"event": "sample", "n": 512, "mode": "forward_backward", "round": 1, "block": 0, "label": "A", "sample": 8, "ms": 9.052895545959473}
{"event": "sample", "n": 512, "mode": "forward_backward", "round": 1, "block": 0, "label": "A", "sample": 9, "ms": 9.046367645263672}
{"event": "sample", "n": 512, "mode": "forward_backward", "round": 1, "block": 1, "label": "B", "sample": 0, "ms": 7.756735801696777}
{"event": "sample", "n": 512, "mode": "forward_backward", "round": 1, "block": 1, "label": "B", "sample": 1, "ms": 7.551392078399658}
{"event": "sample", "n": 512, "mode": "forward_backward", "round": 1, "block": 1, "label": "B", "sample": 2, "ms": 7.535999774932861}
{"event": "sample", "n": 512, "mode": "forward_backward", "round": 1, "block": 1, "label": "B", "sample": 3, "ms": 7.551616191864014}
{"event": "sample", "n": 512, "mode": "forward_backward", "round": 1, "block": 1, "label": "B", "sample": 4, "ms": 7.543680191040039}
{"event": "sample", "n": 512, "mode": "forward_backward", "round": 1, "block": 1, "label": "B", "sample": 5, "ms": 7.528992176055908}
{"event": "sample", "n": 512, "mode": "forward_backward", "round": 1, "block": 1, "label": "B", "sample": 6, "ms": 7.538047790527344}
{"event": "sample", "n": 512, "mode": "forward_backward", "round": 1, "block": 1, "label": "B", "sample": 7, "ms": 7.5498881340026855}
{"event": "sample", "n": 512, "mode": "forward_backward", "round": 1, "block": 1, "label": "B", "sample": 8, "ms": 7.549759864807129}
{"event": "sample", "n": 512, "mode": "forward_backward", "round": 1, "block": 1, "label": "B", "sample": 9, "ms": 7.535967826843262}
{"event": "sample", "n": 512, "mode": "forward_backward", "round": 1, "block": 2, "label": "B", "sample": 0, "ms": 7.7197442054748535}
{"event": "sample", "n": 512, "mode": "forward_backward", "round": 1, "block": 2, "label": "B", "sample": 1, "ms": 7.5496320724487305}
{"event": "sample", "n": 512, "mode": "forward_backward", "round": 1, "block": 2, "label": "B", "sample": 2, "ms": 7.544256210327148}
{"event": "sample", "n": 512, "mode": "forward_backward", "round": 1, "block": 2, "label": "B", "sample": 3, "ms": 7.536479949951172}
{"event": "sample", "n": 512, "mode": "forward_backward", "round": 1, "block": 2, "label": "B", "sample": 4, "ms": 7.535488128662109}
{"event": "sample", "n": 512, "mode": "forward_backward", "round": 1, "block": 2, "label": "B", "sample": 5, "ms": 7.55072021484375}
{"event": "sample", "n": 512, "mode": "forward_backward", "round": 1, "block": 2, "label": "B", "sample": 6, "ms": 7.541632175445557}
{"event": "sample", "n": 512, "mode": "forward_backward", "round": 1, "block": 2, "label": "B", "sample": 7, "ms": 7.537600040435791}
{"event": "sample", "n": 512, "mode": "forward_backward", "round": 1, "block": 2, "label": "B", "sample": 8, "ms": 7.543488025665283}
{"event": "sample", "n": 512, "mode": "forward_backward", "round": 1, "block": 2, "label": "B", "sample": 9, "ms": 7.540351867675781}
{"event": "sample", "n": 512, "mode": "forward_backward", "round": 1, "block": 3, "label": "A", "sample": 0, "ms": 9.410783767700195}
{"event": "sample", "n": 512, "mode": "forward_backward", "round": 1, "block": 3, "label": "A", "sample": 1, "ms": 9.048735618591309}
{"event": "sample", "n": 512, "mode": "forward_backward", "round": 1, "block": 3, "label": "A", "sample": 2, "ms": 9.060319900512695}
{"event": "sample", "n": 512, "mode": "forward_backward", "round": 1, "block": 3, "label": "A", "sample": 3, "ms": 9.04537582397461}
{"event": "sample", "n": 512, "mode": "forward_backward", "round": 1, "block": 3, "label": "A", "sample": 4, "ms": 9.048768043518066}
{"event": "sample", "n": 512, "mode": "forward_backward", "round": 1, "block": 3, "label": "A", "sample": 5, "ms": 9.049216270446777}
{"event": "sample", "n": 512, "mode": "forward_backward", "round": 1, "block": 3, "label": "A", "sample": 6, "ms": 9.055423736572266}
{"event": "sample", "n": 512, "mode": "forward_backward", "round": 1, "block": 3, "label": "A", "sample": 7, "ms": 9.05958366394043}
{"event": "sample", "n": 512, "mode": "forward_backward", "round": 1, "block": 3, "label": "A", "sample": 8, "ms": 9.055168151855469}
{"event": "sample", "n": 512, "mode": "forward_backward", "round": 1, "block": 3, "label": "A", "sample": 9, "ms": 9.054911613464355}
{"event": "sample", "n": 512, "mode": "forward_backward", "round": 2, "block": 0, "label": "A", "sample": 0, "ms": 9.375328063964844}
{"event": "sample", "n": 512, "mode": "forward_backward", "round": 2, "block": 0, "label": "A", "sample": 1, "ms": 9.053055763244629}
{"event": "sample", "n": 512, "mode": "forward_backward", "round": 2, "block": 0, "label": "A", "sample": 2, "ms": 9.04918384552002}
{"event": "sample", "n": 512, "mode": "forward_backward", "round": 2, "block": 0, "label": "A", "sample": 3, "ms": 9.054143905639648}
{"event": "sample", "n": 512, "mode": "forward_backward", "round": 2, "block": 0, "label": "A", "sample": 4, "ms": 9.056672096252441}
{"event": "sample", "n": 512, "mode": "forward_backward", "round": 2, "block": 0, "label": "A", "sample": 5, "ms": 9.0481595993042}
{"event": "sample", "n": 512, "mode": "forward_backward", "round": 2, "block": 0, "label": "A", "sample": 6, "ms": 9.049344062805176}
{"event": "sample", "n": 512, "mode": "forward_backward", "round": 2, "block": 0, "label": "A", "sample": 7, "ms": 9.055359840393066}
{"event": "sample", "n": 512, "mode": "forward_backward", "round": 2, "block": 0, "label": "A", "sample": 8, "ms": 9.0731201171875}
{"event": "sample", "n": 512, "mode": "forward_backward", "round": 2, "block": 0, "label": "A", "sample": 9, "ms": 9.066656112670898}
{"event": "sample", "n": 512, "mode": "forward_backward", "round": 2, "block": 1, "label": "B", "sample": 0, "ms": 7.792863845825195}
{"event": "sample", "n": 512, "mode": "forward_backward", "round": 2, "block": 1, "label": "B", "sample": 1, "ms": 7.5603837966918945}
{"event": "sample", "n": 512, "mode": "forward_backward", "round": 2, "block": 1, "label": "B", "sample": 2, "ms": 7.543231964111328}
{"event": "sample", "n": 512, "mode": "forward_backward", "round": 2, "block": 1, "label": "B", "sample": 3, "ms": 7.560544013977051}
{"event": "sample", "n": 512, "mode": "forward_backward", "round": 2, "block": 1, "label": "B", "sample": 4, "ms": 7.550528049468994}
{"event": "sample", "n": 512, "mode": "forward_backward", "round": 2, "block": 1, "label": "B", "sample": 5, "ms": 7.550464153289795}
{"event": "sample", "n": 512, "mode": "forward_backward", "round": 2, "block": 1, "label": "B", "sample": 6, "ms": 7.548031806945801}
{"event": "sample", "n": 512, "mode": "forward_backward", "round": 2, "block": 1, "label": "B", "sample": 7, "ms": 7.560128211975098}
{"event": "sample", "n": 512, "mode": "forward_backward", "round": 2, "block": 1, "label": "B", "sample": 8, "ms": 7.571263790130615}
{"event": "sample", "n": 512, "mode": "forward_backward", "round": 2, "block": 1, "label": "B", "sample": 9, "ms": 7.553215980529785}
{"event": "sample", "n": 512, "mode": "forward_backward", "round": 2, "block": 2, "label": "B", "sample": 0, "ms": 7.737472057342529}
{"event": "sample", "n": 512, "mode": "forward_backward", "round": 2, "block": 2, "label": "B", "sample": 1, "ms": 7.5346879959106445}
{"event": "sample", "n": 512, "mode": "forward_backward", "round": 2, "block": 2, "label": "B", "sample": 2, "ms": 7.5352959632873535}
{"event": "sample", "n": 512, "mode": "forward_backward", "round": 2, "block": 2, "label": "B", "sample": 3, "ms": 7.543039798736572}
{"event": "sample", "n": 512, "mode": "forward_backward", "round": 2, "block": 2, "label": "B", "sample": 4, "ms": 7.546112060546875}
{"event": "sample", "n": 512, "mode": "forward_backward", "round": 2, "block": 2, "label": "B", "sample": 5, "ms": 7.533088207244873}
{"event": "sample", "n": 512, "mode": "forward_backward", "round": 2, "block": 2, "label": "B", "sample": 6, "ms": 7.538815975189209}
{"event": "sample", "n": 512, "mode": "forward_backward", "round": 2, "block": 2, "label": "B", "sample": 7, "ms": 7.537087917327881}
{"event": "sample", "n": 512, "mode": "forward_backward", "round": 2, "block": 2, "label": "B", "sample": 8, "ms": 7.53766393661499}
{"event": "sample", "n": 512, "mode": "forward_backward", "round": 2, "block": 2, "label": "B", "sample": 9, "ms": 7.541791915893555}
{"event": "sample", "n": 512, "mode": "forward_backward", "round": 2, "block": 3, "label": "A", "sample": 0, "ms": 9.401599884033203}
{"event": "sample", "n": 512, "mode": "forward_backward", "round": 2, "block": 3, "label": "A", "sample": 1, "ms": 9.053407669067383}
{"event": "sample", "n": 512, "mode": "forward_backward", "round": 2, "block": 3, "label": "A", "sample": 2, "ms": 9.055232048034668}
{"event": "sample", "n": 512, "mode": "forward_backward", "round": 2, "block": 3, "label": "A", "sample": 3, "ms": 9.076191902160645}
{"event": "sample", "n": 512, "mode": "forward_backward", "round": 2, "block": 3, "label": "A", "sample": 4, "ms": 9.066143989562988}
{"event": "sample", "n": 512, "mode": "forward_backward", "round": 2, "block": 3, "label": "A", "sample": 5, "ms": 9.074848175048828}
{"event": "sample", "n": 512, "mode": "forward_backward", "round": 2, "block": 3, "label": "A", "sample": 6, "ms": 9.069727897644043}
{"event": "sample", "n": 512, "mode": "forward_backward", "round": 2, "block": 3, "label": "A", "sample": 7, "ms": 9.06982421875}
{"event": "sample", "n": 512, "mode": "forward_backward", "round": 2, "block": 3, "label": "A", "sample": 8, "ms": 9.072575569152832}
{"event": "sample", "n": 512, "mode": "forward_backward", "round": 2, "block": 3, "label": "A", "sample": 9, "ms": 9.07209587097168}
{"event": "summary", "n": 512, "mode": "forward_backward", "median_ms": {"A": 9.050303936004639, "B": 7.543152093887329}, "speedup": 1.1998039842440198, "samples_per_label": 60}
{"event": "parity", "n": 513, "checks": {"output": {"relative_l2": 0.001057752757333219, "baseline_zero_max_abs_diagnostic": 0.0, "passed": true}, "dq": {"relative_l2": 0.0011212589452043176, "baseline_zero_max_abs_diagnostic": 0.0, "passed": true}, "dk": {"relative_l2": 0.0012092285323888063, "baseline_zero_max_abs_diagnostic": 0.0, "passed": true}, "dv": {"relative_l2": 4.253703446011059e-05, "baseline_zero_max_abs_diagnostic": 0.0, "passed": true}, "db": {"relative_l2": 0.000708926294464618, "baseline_zero_max_abs_diagnostic": 0.0, "passed": true}}, "independent_reference": false}
{"event": "memory", "n": 513, "measurements": {"A": {"peak_increment_bytes": 593976320, "retained_increment_bytes": 543181312}, "B": {"peak_increment_bytes": 661444096, "retained_increment_bytes": 543181312}}}
{"event": "sample", "n": 513, "mode": "forward", "round": 0, "block": 0, "label": "A", "sample": 0, "ms": 2.409696102142334}
{"event": "sample", "n": 513, "mode": "forward", "round": 0, "block": 0, "label": "A", "sample": 1, "ms": 2.1269760131835938}
{"event": "sample", "n": 513, "mode": "forward", "round": 0, "block": 0, "label": "A", "sample": 2, "ms": 2.1273279190063477}
{"event": "sample", "n": 513, "mode": "forward", "round": 0, "block": 0, "label": "A", "sample": 3, "ms": 2.130176067352295}
{"event": "sample", "n": 513, "mode": "forward", "round": 0, "block": 0, "label": "A", "sample": 4, "ms": 2.128159999847412}
{"event": "sample", "n": 513, "mode": "forward", "round": 0, "block": 0, "label": "A", "sample": 5, "ms": 2.130784034729004}
{"event": "sample", "n": 513, "mode": "forward", "round": 0, "block": 0, "label": "A", "sample": 6, "ms": 2.128351926803589}
{"event": "sample", "n": 513, "mode": "forward", "round": 0, "block": 0, "label": "A", "sample": 7, "ms": 2.1299519538879395}
{"event": "sample", "n": 513, "mode": "forward", "round": 0, "block": 0, "label": "A", "sample": 8, "ms": 2.128416061401367}
{"event": "sample", "n": 513, "mode": "forward", "round": 0, "block": 0, "label": "A", "sample": 9, "ms": 2.130176067352295}
{"event": "sample", "n": 513, "mode": "forward", "round": 0, "block": 1, "label": "B", "sample": 0, "ms": 2.6552000045776367}
{"event": "sample", "n": 513, "mode": "forward", "round": 0, "block": 1, "label": "B", "sample": 1, "ms": 2.4085440635681152}
{"event": "sample", "n": 513, "mode": "forward", "round": 0, "block": 1, "label": "B", "sample": 2, "ms": 2.4093759059906006}
{"event": "sample", "n": 513, "mode": "forward", "round": 0, "block": 1, "label": "B", "sample": 3, "ms": 2.4098238945007324}
{"event": "sample", "n": 513, "mode": "forward", "round": 0, "block": 1, "label": "B", "sample": 4, "ms": 2.410207986831665}
{"event": "sample", "n": 513, "mode": "forward", "round": 0, "block": 1, "label": "B", "sample": 5, "ms": 2.4079039096832275}
{"event": "sample", "n": 513, "mode": "forward", "round": 0, "block": 1, "label": "B", "sample": 6, "ms": 2.4085440635681152}
{"event": "sample", "n": 513, "mode": "forward", "round": 0, "block": 1, "label": "B", "sample": 7, "ms": 2.411936044692993}
{"event": "sample", "n": 513, "mode": "forward", "round": 0, "block": 1, "label": "B", "sample": 8, "ms": 2.413151979446411}
{"event": "sample", "n": 513, "mode": "forward", "round": 0, "block": 1, "label": "B", "sample": 9, "ms": 2.4092800617218018}
{"event": "sample", "n": 513, "mode": "forward", "round": 0, "block": 2, "label": "B", "sample": 0, "ms": 2.5972800254821777}
{"event": "sample", "n": 513, "mode": "forward", "round": 0, "block": 2, "label": "B", "sample": 1, "ms": 2.410367965698242}
{"event": "sample", "n": 513, "mode": "forward", "round": 0, "block": 2, "label": "B", "sample": 2, "ms": 2.40995192527771}
{"event": "sample", "n": 513, "mode": "forward", "round": 0, "block": 2, "label": "B", "sample": 3, "ms": 2.411871910095215}
{"event": "sample", "n": 513, "mode": "forward", "round": 0, "block": 2, "label": "B", "sample": 4, "ms": 2.41046404838562}
{"event": "sample", "n": 513, "mode": "forward", "round": 0, "block": 2, "label": "B", "sample": 5, "ms": 2.4129281044006348}
{"event": "sample", "n": 513, "mode": "forward", "round": 0, "block": 2, "label": "B", "sample": 6, "ms": 2.4124159812927246}
{"event": "sample", "n": 513, "mode": "forward", "round": 0, "block": 2, "label": "B", "sample": 7, "ms": 2.4090240001678467}
{"event": "sample", "n": 513, "mode": "forward", "round": 0, "block": 2, "label": "B", "sample": 8, "ms": 2.410111904144287}
{"event": "sample", "n": 513, "mode": "forward", "round": 0, "block": 2, "label": "B", "sample": 9, "ms": 2.412544012069702}
{"event": "sample", "n": 513, "mode": "forward", "round": 0, "block": 3, "label": "A", "sample": 0, "ms": 2.4527359008789062}
{"event": "sample", "n": 513, "mode": "forward", "round": 0, "block": 3, "label": "A", "sample": 1, "ms": 2.131135940551758}
{"event": "sample", "n": 513, "mode": "forward", "round": 0, "block": 3, "label": "A", "sample": 2, "ms": 2.130176067352295}
{"event": "sample", "n": 513, "mode": "forward", "round": 0, "block": 3, "label": "A", "sample": 3, "ms": 2.1307199001312256}
{"event": "sample", "n": 513, "mode": "forward", "round": 0, "block": 3, "label": "A", "sample": 4, "ms": 2.1303679943084717}
{"event": "sample", "n": 513, "mode": "forward", "round": 0, "block": 3, "label": "A", "sample": 5, "ms": 2.132319927215576}
{"event": "sample", "n": 513, "mode": "forward", "round": 0, "block": 3, "label": "A", "sample": 6, "ms": 2.1308159828186035}
{"event": "sample", "n": 513, "mode": "forward", "round": 0, "block": 3, "label": "A", "sample": 7, "ms": 2.131808042526245}
{"event": "sample", "n": 513, "mode": "forward", "round": 0, "block": 3, "label": "A", "sample": 8, "ms": 2.132159948348999}
{"event": "sample", "n": 513, "mode": "forward", "round": 0, "block": 3, "label": "A", "sample": 9, "ms": 2.1322240829467773}
{"event": "sample", "n": 513, "mode": "forward", "round": 1, "block": 0, "label": "A", "sample": 0, "ms": 2.414560079574585}
{"event": "sample", "n": 513, "mode": "forward", "round": 1, "block": 0, "label": "A", "sample": 1, "ms": 2.1313281059265137}
{"event": "sample", "n": 513, "mode": "forward", "round": 1, "block": 0, "label": "A", "sample": 2, "ms": 2.131488084793091}
{"event": "sample", "n": 513, "mode": "forward", "round": 1, "block": 0, "label": "A", "sample": 3, "ms": 2.1328001022338867}
{"event": "sample", "n": 513, "mode": "forward", "round": 1, "block": 0, "label": "A", "sample": 4, "ms": 2.1299519538879395}
{"event": "sample", "n": 513, "mode": "forward", "round": 1, "block": 0, "label": "A", "sample": 5, "ms": 2.1315200328826904}
{"event": "sample", "n": 513, "mode": "forward", "round": 1, "block": 0, "label": "A", "sample": 6, "ms": 2.1307199001312256}
{"event": "sample", "n": 513, "mode": "forward", "round": 1, "block": 0, "label": "A", "sample": 7, "ms": 2.131648063659668}
{"event": "sample", "n": 513, "mode": "forward", "round": 1, "block": 0, "label": "A", "sample": 8, "ms": 2.1312320232391357}
{"event": "sample", "n": 513, "mode": "forward", "round": 1, "block": 0, "label": "A", "sample": 9, "ms": 2.1312639713287354}
{"event": "sample", "n": 513, "mode": "forward", "round": 1, "block": 1, "label": "B", "sample": 0, "ms": 2.6360321044921875}
{"event": "sample", "n": 513, "mode": "forward", "round": 1, "block": 1, "label": "B", "sample": 1, "ms": 2.40995192527771}
{"event": "sample", "n": 513, "mode": "forward", "round": 1, "block": 1, "label": "B", "sample": 2, "ms": 2.4106879234313965}
{"event": "sample", "n": 513, "mode": "forward", "round": 1, "block": 1, "label": "B", "sample": 3, "ms": 2.411679983139038}
{"event": "sample", "n": 513, "mode": "forward", "round": 1, "block": 1, "label": "B", "sample": 4, "ms": 2.4121599197387695}
{"event": "sample", "n": 513, "mode": "forward", "round": 1, "block": 1, "label": "B", "sample": 5, "ms": 2.411423921585083}
{"event": "sample", "n": 513, "mode": "forward", "round": 1, "block": 1, "label": "B", "sample": 6, "ms": 2.409087896347046}
{"event": "sample", "n": 513, "mode": "forward", "round": 1, "block": 1, "label": "B", "sample": 7, "ms": 2.412031888961792}
{"event": "sample", "n": 513, "mode": "forward", "round": 1, "block": 1, "label": "B", "sample": 8, "ms": 2.4120960235595703}
{"event": "sample", "n": 513, "mode": "forward", "round": 1, "block": 1, "label": "B", "sample": 9, "ms": 2.4118080139160156}
{"event": "sample", "n": 513, "mode": "forward", "round": 1, "block": 2, "label": "B", "sample": 0, "ms": 2.615744113922119}
{"event": "sample", "n": 513, "mode": "forward", "round": 1, "block": 2, "label": "B", "sample": 1, "ms": 2.4100799560546875}
{"event": "sample", "n": 513, "mode": "forward", "round": 1, "block": 2, "label": "B", "sample": 2, "ms": 2.410912036895752}
{"event": "sample", "n": 513, "mode": "forward", "round": 1, "block": 2, "label": "B", "sample": 3, "ms": 2.409759998321533}
{"event": "sample", "n": 513, "mode": "forward", "round": 1, "block": 2, "label": "B", "sample": 4, "ms": 2.409343957901001}
{"event": "sample", "n": 513, "mode": "forward", "round": 1, "block": 2, "label": "B", "sample": 5, "ms": 2.4111359119415283}
{"event": "sample", "n": 513, "mode": "forward", "round": 1, "block": 2, "label": "B", "sample": 6, "ms": 2.4138240814208984}
{"event": "sample", "n": 513, "mode": "forward", "round": 1, "block": 2, "label": "B", "sample": 7, "ms": 2.4083199501037598}
{"event": "sample", "n": 513, "mode": "forward", "round": 1, "block": 2, "label": "B", "sample": 8, "ms": 2.4081599712371826}
{"event": "sample", "n": 513, "mode": "forward", "round": 1, "block": 2, "label": "B", "sample": 9, "ms": 2.409696102142334}
{"event": "sample", "n": 513, "mode": "forward", "round": 1, "block": 3, "label": "A", "sample": 0, "ms": 2.436000108718872}
{"event": "sample", "n": 513, "mode": "forward", "round": 1, "block": 3, "label": "A", "sample": 1, "ms": 2.129823923110962}
{"event": "sample", "n": 513, "mode": "forward", "round": 1, "block": 3, "label": "A", "sample": 2, "ms": 2.1276800632476807}
{"event": "sample", "n": 513, "mode": "forward", "round": 1, "block": 3, "label": "A", "sample": 3, "ms": 2.1282880306243896}
{"event": "sample", "n": 513, "mode": "forward", "round": 1, "block": 3, "label": "A", "sample": 4, "ms": 2.1288321018218994}
{"event": "sample", "n": 513, "mode": "forward", "round": 1, "block": 3, "label": "A", "sample": 5, "ms": 2.1292479038238525}
{"event": "sample", "n": 513, "mode": "forward", "round": 1, "block": 3, "label": "A", "sample": 6, "ms": 2.128767967224121}
{"event": "sample", "n": 513, "mode": "forward", "round": 1, "block": 3, "label": "A", "sample": 7, "ms": 2.1289920806884766}
{"event": "sample", "n": 513, "mode": "forward", "round": 1, "block": 3, "label": "A", "sample": 8, "ms": 2.1289920806884766}
{"event": "sample", "n": 513, "mode": "forward", "round": 1, "block": 3, "label": "A", "sample": 9, "ms": 2.1295359134674072}
{"event": "sample", "n": 513, "mode": "forward", "round": 2, "block": 0, "label": "A", "sample": 0, "ms": 2.4044480323791504}
{"event": "sample", "n": 513, "mode": "forward", "round": 2, "block": 0, "label": "A", "sample": 1, "ms": 2.1287360191345215}
{"event": "sample", "n": 513, "mode": "forward", "round": 2, "block": 0, "label": "A", "sample": 2, "ms": 2.128159999847412}
{"event": "sample", "n": 513, "mode": "forward", "round": 2, "block": 0, "label": "A", "sample": 3, "ms": 2.1292800903320312}
{"event": "sample", "n": 513, "mode": "forward", "round": 2, "block": 0, "label": "A", "sample": 4, "ms": 2.1287999153137207}
{"event": "sample", "n": 513, "mode": "forward", "round": 2, "block": 0, "label": "A", "sample": 5, "ms": 2.129823923110962}
{"event": "sample", "n": 513, "mode": "forward", "round": 2, "block": 0, "label": "A", "sample": 6, "ms": 2.129728078842163}
{"event": "sample", "n": 513, "mode": "forward", "round": 2, "block": 0, "label": "A", "sample": 7, "ms": 2.1283199787139893}
{"event": "sample", "n": 513, "mode": "forward", "round": 2, "block": 0, "label": "A", "sample": 8, "ms": 2.126271963119507}
{"event": "sample", "n": 513, "mode": "forward", "round": 2, "block": 0, "label": "A", "sample": 9, "ms": 2.129055976867676}
{"event": "sample", "n": 513, "mode": "forward", "round": 2, "block": 1, "label": "B", "sample": 0, "ms": 2.6433920860290527}
{"event": "sample", "n": 513, "mode": "forward", "round": 2, "block": 1, "label": "B", "sample": 1, "ms": 2.4096319675445557}
{"event": "sample", "n": 513, "mode": "forward", "round": 2, "block": 1, "label": "B", "sample": 2, "ms": 2.4091200828552246}
{"event": "sample", "n": 513, "mode": "forward", "round": 2, "block": 1, "label": "B", "sample": 3, "ms": 2.409343957901001}
{"event": "sample", "n": 513, "mode": "forward", "round": 2, "block": 1, "label": "B", "sample": 4, "ms": 2.410048007965088}
{"event": "sample", "n": 513, "mode": "forward", "round": 2, "block": 1, "label": "B", "sample": 5, "ms": 2.408992052078247}
{"event": "sample", "n": 513, "mode": "forward", "round": 2, "block": 1, "label": "B", "sample": 6, "ms": 2.408128023147583}
{"event": "sample", "n": 513, "mode": "forward", "round": 2, "block": 1, "label": "B", "sample": 7, "ms": 2.409600019454956}
{"event": "sample", "n": 513, "mode": "forward", "round": 2, "block": 1, "label": "B", "sample": 8, "ms": 2.4105920791625977}
{"event": "sample", "n": 513, "mode": "forward", "round": 2, "block": 1, "label": "B", "sample": 9, "ms": 2.407327890396118}
{"event": "sample", "n": 513, "mode": "forward", "round": 2, "block": 2, "label": "B", "sample": 0, "ms": 2.594815969467163}
{"event": "sample", "n": 513, "mode": "forward", "round": 2, "block": 2, "label": "B", "sample": 1, "ms": 2.409440040588379}
{"event": "sample", "n": 513, "mode": "forward", "round": 2, "block": 2, "label": "B", "sample": 2, "ms": 2.4104959964752197}
{"event": "sample", "n": 513, "mode": "forward", "round": 2, "block": 2, "label": "B", "sample": 3, "ms": 2.411168098449707}
{"event": "sample", "n": 513, "mode": "forward", "round": 2, "block": 2, "label": "B", "sample": 4, "ms": 2.4104959964752197}
{"event": "sample", "n": 513, "mode": "forward", "round": 2, "block": 2, "label": "B", "sample": 5, "ms": 2.4105920791625977}
{"event": "sample", "n": 513, "mode": "forward", "round": 2, "block": 2, "label": "B", "sample": 6, "ms": 2.411936044692993}
{"event": "sample", "n": 513, "mode": "forward", "round": 2, "block": 2, "label": "B", "sample": 7, "ms": 2.4093120098114014}
{"event": "sample", "n": 513, "mode": "forward", "round": 2, "block": 2, "label": "B", "sample": 8, "ms": 2.410048007965088}
{"event": "sample", "n": 513, "mode": "forward", "round": 2, "block": 2, "label": "B", "sample": 9, "ms": 2.4103360176086426}
{"event": "sample", "n": 513, "mode": "forward", "round": 2, "block": 3, "label": "A", "sample": 0, "ms": 2.4622719287872314}
{"event": "sample", "n": 513, "mode": "forward", "round": 2, "block": 3, "label": "A", "sample": 1, "ms": 2.1298880577087402}
{"event": "sample", "n": 513, "mode": "forward", "round": 2, "block": 3, "label": "A", "sample": 2, "ms": 2.131040096282959}
{"event": "sample", "n": 513, "mode": "forward", "round": 2, "block": 3, "label": "A", "sample": 3, "ms": 2.131743907928467}
{"event": "sample", "n": 513, "mode": "forward", "round": 2, "block": 3, "label": "A", "sample": 4, "ms": 2.130687952041626}
{"event": "sample", "n": 513, "mode": "forward", "round": 2, "block": 3, "label": "A", "sample": 5, "ms": 2.1308159828186035}
{"event": "sample", "n": 513, "mode": "forward", "round": 2, "block": 3, "label": "A", "sample": 6, "ms": 2.130143880844116}
{"event": "sample", "n": 513, "mode": "forward", "round": 2, "block": 3, "label": "A", "sample": 7, "ms": 2.1303999423980713}
{"event": "sample", "n": 513, "mode": "forward", "round": 2, "block": 3, "label": "A", "sample": 8, "ms": 2.1307520866394043}
{"event": "sample", "n": 513, "mode": "forward", "round": 2, "block": 3, "label": "A", "sample": 9, "ms": 2.1321280002593994}
{"event": "summary", "n": 513, "mode": "forward", "median_ms": {"A": 2.1302720308303833, "B": 2.4103519916534424}, "speedup": 0.8838012199907238, "samples_per_label": 60}
{"event": "sample", "n": 513, "mode": "backward", "round": 0, "block": 0, "label": "A", "sample": 0, "ms": 15.971424102783203}
{"event": "sample", "n": 513, "mode": "backward", "round": 0, "block": 0, "label": "A", "sample": 1, "ms": 15.620160102844238}
{"event": "sample", "n": 513, "mode": "backward", "round": 0, "block": 0, "label": "A", "sample": 2, "ms": 15.61961555480957}
{"event": "sample", "n": 513, "mode": "backward", "round": 0, "block": 0, "label": "A", "sample": 3, "ms": 15.616640090942383}
{"event": "sample", "n": 513, "mode": "backward", "round": 0, "block": 0, "label": "A", "sample": 4, "ms": 15.618207931518555}
{"event": "sample", "n": 513, "mode": "backward", "round": 0, "block": 0, "label": "A", "sample": 5, "ms": 15.600447654724121}
{"event": "sample", "n": 513, "mode": "backward", "round": 0, "block": 0, "label": "A", "sample": 6, "ms": 15.601311683654785}
{"event": "sample", "n": 513, "mode": "backward", "round": 0, "block": 0, "label": "A", "sample": 7, "ms": 15.597855567932129}
{"event": "sample", "n": 513, "mode": "backward", "round": 0, "block": 0, "label": "A", "sample": 8, "ms": 15.599712371826172}
{"event": "sample", "n": 513, "mode": "backward", "round": 0, "block": 0, "label": "A", "sample": 9, "ms": 15.603520393371582}
{"event": "sample", "n": 513, "mode": "backward", "round": 0, "block": 1, "label": "B", "sample": 0, "ms": 7.8730878829956055}
{"event": "sample", "n": 513, "mode": "backward", "round": 0, "block": 1, "label": "B", "sample": 1, "ms": 7.673664093017578}
{"event": "sample", "n": 513, "mode": "backward", "round": 0, "block": 1, "label": "B", "sample": 2, "ms": 7.673439979553223}
{"event": "sample", "n": 513, "mode": "backward", "round": 0, "block": 1, "label": "B", "sample": 3, "ms": 7.685535907745361}
{"event": "sample", "n": 513, "mode": "backward", "round": 0, "block": 1, "label": "B", "sample": 4, "ms": 7.68064022064209}
{"event": "sample", "n": 513, "mode": "backward", "round": 0, "block": 1, "label": "B", "sample": 5, "ms": 7.695295810699463}
{"event": "sample", "n": 513, "mode": "backward", "round": 0, "block": 1, "label": "B", "sample": 6, "ms": 7.678304195404053}
{"event": "sample", "n": 513, "mode": "backward", "round": 0, "block": 1, "label": "B", "sample": 7, "ms": 7.676896095275879}
{"event": "sample", "n": 513, "mode": "backward", "round": 0, "block": 1, "label": "B", "sample": 8, "ms": 7.693568229675293}
{"event": "sample", "n": 513, "mode": "backward", "round": 0, "block": 1, "label": "B", "sample": 9, "ms": 7.69049596786499}
{"event": "sample", "n": 513, "mode": "backward", "round": 0, "block": 2, "label": "B", "sample": 0, "ms": 7.850111961364746}
{"event": "sample", "n": 513, "mode": "backward", "round": 0, "block": 2, "label": "B", "sample": 1, "ms": 7.699967861175537}
{"event": "sample", "n": 513, "mode": "backward", "round": 0, "block": 2, "label": "B", "sample": 2, "ms": 7.682400226593018}
{"event": "sample", "n": 513, "mode": "backward", "round": 0, "block": 2, "label": "B", "sample": 3, "ms": 7.683231830596924}
{"event": "sample", "n": 513, "mode": "backward", "round": 0, "block": 2, "label": "B", "sample": 4, "ms": 7.682943820953369}
{"event": "sample", "n": 513, "mode": "backward", "round": 0, "block": 2, "label": "B", "sample": 5, "ms": 7.688928127288818}
{"event": "sample", "n": 513, "mode": "backward", "round": 0, "block": 2, "label": "B", "sample": 6, "ms": 7.679647922515869}
{"event": "sample", "n": 513, "mode": "backward", "round": 0, "block": 2, "label": "B", "sample": 7, "ms": 7.681312084197998}
{"event": "sample", "n": 513, "mode": "backward", "round": 0, "block": 2, "label": "B", "sample": 8, "ms": 7.670623779296875}
{"event": "sample", "n": 513, "mode": "backward", "round": 0, "block": 2, "label": "B", "sample": 9, "ms": 7.680448055267334}
{"event": "sample", "n": 513, "mode": "backward", "round": 0, "block": 3, "label": "A", "sample": 0, "ms": 15.949536323547363}
{"event": "sample", "n": 513, "mode": "backward", "round": 0, "block": 3, "label": "A", "sample": 1, "ms": 15.608799934387207}
{"event": "sample", "n": 513, "mode": "backward", "round": 0, "block": 3, "label": "A", "sample": 2, "ms": 15.611616134643555}
{"event": "sample", "n": 513, "mode": "backward", "round": 0, "block": 3, "label": "A", "sample": 3, "ms": 15.613408088684082}
{"event": "sample", "n": 513, "mode": "backward", "round": 0, "block": 3, "label": "A", "sample": 4, "ms": 15.629023551940918}
{"event": "sample", "n": 513, "mode": "backward", "round": 0, "block": 3, "label": "A", "sample": 5, "ms": 15.622591972351074}
{"event": "sample", "n": 513, "mode": "backward", "round": 0, "block": 3, "label": "A", "sample": 6, "ms": 15.622495651245117}
{"event": "sample", "n": 513, "mode": "backward", "round": 0, "block": 3, "label": "A", "sample": 7, "ms": 15.623104095458984}
{"event": "sample", "n": 513, "mode": "backward", "round": 0, "block": 3, "label": "A", "sample": 8, "ms": 15.629311561584473}
{"event": "sample", "n": 513, "mode": "backward", "round": 0, "block": 3, "label": "A", "sample": 9, "ms": 15.627519607543945}
{"event": "sample", "n": 513, "mode": "backward", "round": 1, "block": 0, "label": "A", "sample": 0, "ms": 15.934144020080566}
{"event": "sample", "n": 513, "mode": "backward", "round": 1, "block": 0, "label": "A", "sample": 1, "ms": 15.602848052978516}
{"event": "sample", "n": 513, "mode": "backward", "round": 1, "block": 0, "label": "A", "sample": 2, "ms": 15.608160018920898}
{"event": "sample", "n": 513, "mode": "backward", "round": 1, "block": 0, "label": "A", "sample": 3, "ms": 15.607935905456543}
{"event": "sample", "n": 513, "mode": "backward", "round": 1, "block": 0, "label": "A", "sample": 4, "ms": 15.604384422302246}
{"event": "sample", "n": 513, "mode": "backward", "round": 1, "block": 0, "label": "A", "sample": 5, "ms": 15.608415603637695}
{"event": "sample", "n": 513, "mode": "backward", "round": 1, "block": 0, "label": "A", "sample": 6, "ms": 15.60364818572998}
{"event": "sample", "n": 513, "mode": "backward", "round": 1, "block": 0, "label": "A", "sample": 7, "ms": 15.599103927612305}
{"event": "sample", "n": 513, "mode": "backward", "round": 1, "block": 0, "label": "A", "sample": 8, "ms": 15.605183601379395}
{"event": "sample", "n": 513, "mode": "backward", "round": 1, "block": 0, "label": "A", "sample": 9, "ms": 15.607168197631836}
{"event": "sample", "n": 513, "mode": "backward", "round": 1, "block": 1, "label": "B", "sample": 0, "ms": 7.910016059875488}
{"event": "sample", "n": 513, "mode": "backward", "round": 1, "block": 1, "label": "B", "sample": 1, "ms": 7.676352024078369}
{"event": "sample", "n": 513, "mode": "backward", "round": 1, "block": 1, "label": "B", "sample": 2, "ms": 7.670559883117676}
{"event": "sample", "n": 513, "mode": "backward", "round": 1, "block": 1, "label": "B", "sample": 3, "ms": 7.667232036590576}
{"event": "sample", "n": 513, "mode": "backward", "round": 1, "block": 1, "label": "B", "sample": 4, "ms": 7.676191806793213}
{"event": "sample", "n": 513, "mode": "backward", "round": 1, "block": 1, "label": "B", "sample": 5, "ms": 7.672704219818115}
{"event": "sample", "n": 513, "mode": "backward", "round": 1, "block": 1, "label": "B", "sample": 6, "ms": 7.675327777862549}
{"event": "sample", "n": 513, "mode": "backward", "round": 1, "block": 1, "label": "B", "sample": 7, "ms": 7.675903797149658}
{"event": "sample", "n": 513, "mode": "backward", "round": 1, "block": 1, "label": "B", "sample": 8, "ms": 7.674272060394287}
{"event": "sample", "n": 513, "mode": "backward", "round": 1, "block": 1, "label": "B", "sample": 9, "ms": 7.669119834899902}
{"event": "sample", "n": 513, "mode": "backward", "round": 1, "block": 2, "label": "B", "sample": 0, "ms": 7.8640642166137695}
{"event": "sample", "n": 513, "mode": "backward", "round": 1, "block": 2, "label": "B", "sample": 1, "ms": 7.666783809661865}
{"event": "sample", "n": 513, "mode": "backward", "round": 1, "block": 2, "label": "B", "sample": 2, "ms": 7.6730241775512695}
{"event": "sample", "n": 513, "mode": "backward", "round": 1, "block": 2, "label": "B", "sample": 3, "ms": 7.6760640144348145}
{"event": "sample", "n": 513, "mode": "backward", "round": 1, "block": 2, "label": "B", "sample": 4, "ms": 7.673344135284424}
{"event": "sample", "n": 513, "mode": "backward", "round": 1, "block": 2, "label": "B", "sample": 5, "ms": 7.673759937286377}
{"event": "sample", "n": 513, "mode": "backward", "round": 1, "block": 2, "label": "B", "sample": 6, "ms": 7.680704116821289}
{"event": "sample", "n": 513, "mode": "backward", "round": 1, "block": 2, "label": "B", "sample": 7, "ms": 7.673727989196777}
{"event": "sample", "n": 513, "mode": "backward", "round": 1, "block": 2, "label": "B", "sample": 8, "ms": 7.672383785247803}
{"event": "sample", "n": 513, "mode": "backward", "round": 1, "block": 2, "label": "B", "sample": 9, "ms": 7.680704116821289}
{"event": "sample", "n": 513, "mode": "backward", "round": 1, "block": 3, "label": "A", "sample": 0, "ms": 15.969375610351562}
{"event": "sample", "n": 513, "mode": "backward", "round": 1, "block": 3, "label": "A", "sample": 1, "ms": 15.616415977478027}
{"event": "sample", "n": 513, "mode": "backward", "round": 1, "block": 3, "label": "A", "sample": 2, "ms": 15.61235237121582}
{"event": "sample", "n": 513, "mode": "backward", "round": 1, "block": 3, "label": "A", "sample": 3, "ms": 15.619551658630371}
{"event": "sample", "n": 513, "mode": "backward", "round": 1, "block": 3, "label": "A", "sample": 4, "ms": 15.62502384185791}
{"event": "sample", "n": 513, "mode": "backward", "round": 1, "block": 3, "label": "A", "sample": 5, "ms": 15.616864204406738}
{"event": "sample", "n": 513, "mode": "backward", "round": 1, "block": 3, "label": "A", "sample": 6, "ms": 15.603743553161621}
{"event": "sample", "n": 513, "mode": "backward", "round": 1, "block": 3, "label": "A", "sample": 7, "ms": 15.601119995117188}
{"event": "sample", "n": 513, "mode": "backward", "round": 1, "block": 3, "label": "A", "sample": 8, "ms": 15.605152130126953}
{"event": "sample", "n": 513, "mode": "backward", "round": 1, "block": 3, "label": "A", "sample": 9, "ms": 15.598719596862793}
{"event": "sample", "n": 513, "mode": "backward", "round": 2, "block": 0, "label": "A", "sample": 0, "ms": 15.921024322509766}
{"event": "sample", "n": 513, "mode": "backward", "round": 2, "block": 0, "label": "A", "sample": 1, "ms": 15.602879524230957}
{"event": "sample", "n": 513, "mode": "backward", "round": 2, "block": 0, "label": "A", "sample": 2, "ms": 15.612447738647461}
{"event": "sample", "n": 513, "mode": "backward", "round": 2, "block": 0, "label": "A", "sample": 3, "ms": 15.602784156799316}
{"event": "sample", "n": 513, "mode": "backward", "round": 2, "block": 0, "label": "A", "sample": 4, "ms": 15.602944374084473}
{"event": "sample", "n": 513, "mode": "backward", "round": 2, "block": 0, "label": "A", "sample": 5, "ms": 15.598367691040039}
{"event": "sample", "n": 513, "mode": "backward", "round": 2, "block": 0, "label": "A", "sample": 6, "ms": 15.605504035949707}
{"event": "sample", "n": 513, "mode": "backward", "round": 2, "block": 0, "label": "A", "sample": 7, "ms": 15.604351997375488}
{"event": "sample", "n": 513, "mode": "backward", "round": 2, "block": 0, "label": "A", "sample": 8, "ms": 15.603584289550781}
{"event": "sample", "n": 513, "mode": "backward", "round": 2, "block": 0, "label": "A", "sample": 9, "ms": 15.600192070007324}
{"event": "sample", "n": 513, "mode": "backward", "round": 2, "block": 1, "label": "B", "sample": 0, "ms": 7.896768093109131}
{"event": "sample", "n": 513, "mode": "backward", "round": 2, "block": 1, "label": "B", "sample": 1, "ms": 7.669727802276611}
{"event": "sample", "n": 513, "mode": "backward", "round": 2, "block": 1, "label": "B", "sample": 2, "ms": 7.666880130767822}
{"event": "sample", "n": 513, "mode": "backward", "round": 2, "block": 1, "label": "B", "sample": 3, "ms": 7.669343948364258}
{"event": "sample", "n": 513, "mode": "backward", "round": 2, "block": 1, "label": "B", "sample": 4, "ms": 7.669695854187012}
{"event": "sample", "n": 513, "mode": "backward", "round": 2, "block": 1, "label": "B", "sample": 5, "ms": 7.672224044799805}
{"event": "sample", "n": 513, "mode": "backward", "round": 2, "block": 1, "label": "B", "sample": 6, "ms": 7.670656204223633}
{"event": "sample", "n": 513, "mode": "backward", "round": 2, "block": 1, "label": "B", "sample": 7, "ms": 7.66703987121582}
{"event": "sample", "n": 513, "mode": "backward", "round": 2, "block": 1, "label": "B", "sample": 8, "ms": 7.663136005401611}
{"event": "sample", "n": 513, "mode": "backward", "round": 2, "block": 1, "label": "B", "sample": 9, "ms": 7.6708478927612305}
{"event": "sample", "n": 513, "mode": "backward", "round": 2, "block": 2, "label": "B", "sample": 0, "ms": 7.8751678466796875}
{"event": "sample", "n": 513, "mode": "backward", "round": 2, "block": 2, "label": "B", "sample": 1, "ms": 7.679488182067871}
{"event": "sample", "n": 513, "mode": "backward", "round": 2, "block": 2, "label": "B", "sample": 2, "ms": 7.686111927032471}
{"event": "sample", "n": 513, "mode": "backward", "round": 2, "block": 2, "label": "B", "sample": 3, "ms": 7.681600093841553}
{"event": "sample", "n": 513, "mode": "backward", "round": 2, "block": 2, "label": "B", "sample": 4, "ms": 7.695231914520264}
{"event": "sample", "n": 513, "mode": "backward", "round": 2, "block": 2, "label": "B", "sample": 5, "ms": 7.684351921081543}
{"event": "sample", "n": 513, "mode": "backward", "round": 2, "block": 2, "label": "B", "sample": 6, "ms": 7.675648212432861}
{"event": "sample", "n": 513, "mode": "backward", "round": 2, "block": 2, "label": "B", "sample": 7, "ms": 7.686560153961182}
{"event": "sample", "n": 513, "mode": "backward", "round": 2, "block": 2, "label": "B", "sample": 8, "ms": 7.683872222900391}
{"event": "sample", "n": 513, "mode": "backward", "round": 2, "block": 2, "label": "B", "sample": 9, "ms": 7.675903797149658}
{"event": "sample", "n": 513, "mode": "backward", "round": 2, "block": 3, "label": "A", "sample": 0, "ms": 15.984512329101562}
{"event": "sample", "n": 513, "mode": "backward", "round": 2, "block": 3, "label": "A", "sample": 1, "ms": 15.609855651855469}
{"event": "sample", "n": 513, "mode": "backward", "round": 2, "block": 3, "label": "A", "sample": 2, "ms": 15.6048002243042}
{"event": "sample", "n": 513, "mode": "backward", "round": 2, "block": 3, "label": "A", "sample": 3, "ms": 15.60524845123291}
{"event": "sample", "n": 513, "mode": "backward", "round": 2, "block": 3, "label": "A", "sample": 4, "ms": 15.607935905456543}
{"event": "sample", "n": 513, "mode": "backward", "round": 2, "block": 3, "label": "A", "sample": 5, "ms": 15.602463722229004}
{"event": "sample", "n": 513, "mode": "backward", "round": 2, "block": 3, "label": "A", "sample": 6, "ms": 15.606271743774414}
{"event": "sample", "n": 513, "mode": "backward", "round": 2, "block": 3, "label": "A", "sample": 7, "ms": 15.608896255493164}
{"event": "sample", "n": 513, "mode": "backward", "round": 2, "block": 3, "label": "A", "sample": 8, "ms": 15.610207557678223}
{"event": "sample", "n": 513, "mode": "backward", "round": 2, "block": 3, "label": "A", "sample": 9, "ms": 15.605055809020996}
{"event": "summary", "n": 513, "mode": "backward", "median_ms": {"A": 15.60804796218872, "B": 7.676624059677124}, "speedup": 2.03319165310867, "samples_per_label": 60}
{"event": "sample", "n": 513, "mode": "forward_backward", "round": 0, "block": 0, "label": "A", "sample": 0, "ms": 18.4781436920166}
{"event": "sample", "n": 513, "mode": "forward_backward", "round": 0, "block": 0, "label": "A", "sample": 1, "ms": 17.747711181640625}
{"event": "sample", "n": 513, "mode": "forward_backward", "round": 0, "block": 0, "label": "A", "sample": 2, "ms": 17.74825668334961}
{"event": "sample", "n": 513, "mode": "forward_backward", "round": 0, "block": 0, "label": "A", "sample": 3, "ms": 17.749727249145508}
{"event": "sample", "n": 513, "mode": "forward_backward", "round": 0, "block": 0, "label": "A", "sample": 4, "ms": 17.74684715270996}
{"event": "sample", "n": 513, "mode": "forward_backward", "round": 0, "block": 0, "label": "A", "sample": 5, "ms": 17.744735717773438}
{"event": "sample", "n": 513, "mode": "forward_backward", "round": 0, "block": 0, "label": "A", "sample": 6, "ms": 17.74883270263672}
{"event": "sample", "n": 513, "mode": "forward_backward", "round": 0, "block": 0, "label": "A", "sample": 7, "ms": 17.747007369995117}
{"event": "sample", "n": 513, "mode": "forward_backward", "round": 0, "block": 0, "label": "A", "sample": 8, "ms": 17.749311447143555}
{"event": "sample", "n": 513, "mode": "forward_backward", "round": 0, "block": 0, "label": "A", "sample": 9, "ms": 17.747039794921875}
{"event": "sample", "n": 513, "mode": "forward_backward", "round": 0, "block": 1, "label": "B", "sample": 0, "ms": 10.369855880737305}
{"event": "sample", "n": 513, "mode": "forward_backward", "round": 0, "block": 1, "label": "B", "sample": 1, "ms": 10.087583541870117}
{"event": "sample", "n": 513, "mode": "forward_backward", "round": 0, "block": 1, "label": "B", "sample": 2, "ms": 10.086336135864258}
{"event": "sample", "n": 513, "mode": "forward_backward", "round": 0, "block": 1, "label": "B", "sample": 3, "ms": 10.102239608764648}
{"event": "sample", "n": 513, "mode": "forward_backward", "round": 0, "block": 1, "label": "B", "sample": 4, "ms": 10.086784362792969}
{"event": "sample", "n": 513, "mode": "forward_backward", "round": 0, "block": 1, "label": "B", "sample": 5, "ms": 10.088671684265137}
{"event": "sample", "n": 513, "mode": "forward_backward", "round": 0, "block": 1, "label": "B", "sample": 6, "ms": 10.094335556030273}
{"event": "sample", "n": 513, "mode": "forward_backward", "round": 0, "block": 1, "label": "B", "sample": 7, "ms": 10.088959693908691}
{"event": "sample", "n": 513, "mode": "forward_backward", "round": 0, "block": 1, "label": "B", "sample": 8, "ms": 10.091872215270996}
{"event": "sample", "n": 513, "mode": "forward_backward", "round": 0, "block": 1, "label": "B", "sample": 9, "ms": 10.085951805114746}
{"event": "sample", "n": 513, "mode": "forward_backward", "round": 0, "block": 2, "label": "B", "sample": 0, "ms": 10.323776245117188}
{"event": "sample", "n": 513, "mode": "forward_backward", "round": 0, "block": 2, "label": "B", "sample": 1, "ms": 10.099519729614258}
{"event": "sample", "n": 513, "mode": "forward_backward", "round": 0, "block": 2, "label": "B", "sample": 2, "ms": 10.095999717712402}
{"event": "sample", "n": 513, "mode": "forward_backward", "round": 0, "block": 2, "label": "B", "sample": 3, "ms": 10.087967872619629}
{"event": "sample", "n": 513, "mode": "forward_backward", "round": 0, "block": 2, "label": "B", "sample": 4, "ms": 10.08902359008789}
{"event": "sample", "n": 513, "mode": "forward_backward", "round": 0, "block": 2, "label": "B", "sample": 5, "ms": 10.09500789642334}
{"event": "sample", "n": 513, "mode": "forward_backward", "round": 0, "block": 2, "label": "B", "sample": 6, "ms": 10.088159561157227}
{"event": "sample", "n": 513, "mode": "forward_backward", "round": 0, "block": 2, "label": "B", "sample": 7, "ms": 10.10905647277832}
{"event": "sample", "n": 513, "mode": "forward_backward", "round": 0, "block": 2, "label": "B", "sample": 8, "ms": 10.104640007019043}
{"event": "sample", "n": 513, "mode": "forward_backward", "round": 0, "block": 2, "label": "B", "sample": 9, "ms": 10.0797758102417}
{"event": "sample", "n": 513, "mode": "forward_backward", "round": 0, "block": 3, "label": "A", "sample": 0, "ms": 18.080352783203125}
{"event": "sample", "n": 513, "mode": "forward_backward", "round": 0, "block": 3, "label": "A", "sample": 1, "ms": 17.73289680480957}
{"event": "sample", "n": 513, "mode": "forward_backward", "round": 0, "block": 3, "label": "A", "sample": 2, "ms": 17.727392196655273}
{"event": "sample", "n": 513, "mode": "forward_backward", "round": 0, "block": 3, "label": "A", "sample": 3, "ms": 17.727039337158203}
{"event": "sample", "n": 513, "mode": "forward_backward", "round": 0, "block": 3, "label": "A", "sample": 4, "ms": 17.72719955444336}
{"event": "sample", "n": 513, "mode": "forward_backward", "round": 0, "block": 3, "label": "A", "sample": 5, "ms": 17.741056442260742}
{"event": "sample", "n": 513, "mode": "forward_backward", "round": 0, "block": 3, "label": "A", "sample": 6, "ms": 17.745695114135742}
{"event": "sample", "n": 513, "mode": "forward_backward", "round": 0, "block": 3, "label": "A", "sample": 7, "ms": 17.751935958862305}
{"event": "sample", "n": 513, "mode": "forward_backward", "round": 0, "block": 3, "label": "A", "sample": 8, "ms": 17.74732780456543}
{"event": "sample", "n": 513, "mode": "forward_backward", "round": 0, "block": 3, "label": "A", "sample": 9, "ms": 17.75004768371582}
{"event": "sample", "n": 513, "mode": "forward_backward", "round": 1, "block": 0, "label": "A", "sample": 0, "ms": 18.118879318237305}
{"event": "sample", "n": 513, "mode": "forward_backward", "round": 1, "block": 0, "label": "A", "sample": 1, "ms": 17.741056442260742}
{"event": "sample", "n": 513, "mode": "forward_backward", "round": 1, "block": 0, "label": "A", "sample": 2, "ms": 17.74355125427246}
{"event": "sample", "n": 513, "mode": "forward_backward", "round": 1, "block": 0, "label": "A", "sample": 3, "ms": 17.746688842773438}
{"event": "sample", "n": 513, "mode": "forward_backward", "round": 1, "block": 0, "label": "A", "sample": 4, "ms": 17.746784210205078}
{"event": "sample", "n": 513, "mode": "forward_backward", "round": 1, "block": 0, "label": "A", "sample": 5, "ms": 17.753183364868164}
{"event": "sample", "n": 513, "mode": "forward_backward", "round": 1, "block": 0, "label": "A", "sample": 6, "ms": 17.74323272705078}
{"event": "sample", "n": 513, "mode": "forward_backward", "round": 1, "block": 0, "label": "A", "sample": 7, "ms": 17.743488311767578}
{"event": "sample", "n": 513, "mode": "forward_backward", "round": 1, "block": 0, "label": "A", "sample": 8, "ms": 17.753984451293945}
{"event": "sample", "n": 513, "mode": "forward_backward", "round": 1, "block": 0, "label": "A", "sample": 9, "ms": 17.747936248779297}
{"event": "sample", "n": 513, "mode": "forward_backward", "round": 1, "block": 1, "label": "B", "sample": 0, "ms": 10.372127532958984}
{"event": "sample", "n": 513, "mode": "forward_backward", "round": 1, "block": 1, "label": "B", "sample": 1, "ms": 10.083423614501953}
{"event": "sample", "n": 513, "mode": "forward_backward", "round": 1, "block": 1, "label": "B", "sample": 2, "ms": 10.094592094421387}
{"event": "sample", "n": 513, "mode": "forward_backward", "round": 1, "block": 1, "label": "B", "sample": 3, "ms": 10.093088150024414}
{"event": "sample", "n": 513, "mode": "forward_backward", "round": 1, "block": 1, "label": "B", "sample": 4, "ms": 10.08028793334961}
{"event": "sample", "n": 513, "mode": "forward_backward", "round": 1, "block": 1, "label": "B", "sample": 5, "ms": 10.079808235168457}
{"event": "sample", "n": 513, "mode": "forward_backward", "round": 1, "block": 1, "label": "B", "sample": 6, "ms": 10.07260799407959}
{"event": "sample", "n": 513, "mode": "forward_backward", "round": 1, "block": 1, "label": "B", "sample": 7, "ms": 10.08291244506836}
{"event": "sample", "n": 513, "mode": "forward_backward", "round": 1, "block": 1, "label": "B", "sample": 8, "ms": 10.073087692260742}
{"event": "sample", "n": 513, "mode": "forward_backward", "round": 1, "block": 1, "label": "B", "sample": 9, "ms": 10.085344314575195}
{"event": "sample", "n": 513, "mode": "forward_backward", "round": 1, "block": 2, "label": "B", "sample": 0, "ms": 10.286080360412598}
{"event": "sample", "n": 513, "mode": "forward_backward", "round": 1, "block": 2, "label": "B", "sample": 1, "ms": 10.086655616760254}
{"event": "sample", "n": 513, "mode": "forward_backward", "round": 1, "block": 2, "label": "B", "sample": 2, "ms": 10.082847595214844}
{"event": "sample", "n": 513, "mode": "forward_backward", "round": 1, "block": 2, "label": "B", "sample": 3, "ms": 10.08572769165039}
{"event": "sample", "n": 513, "mode": "forward_backward", "round": 1, "block": 2, "label": "B", "sample": 4, "ms": 10.09545612335205}
{"event": "sample", "n": 513, "mode": "forward_backward", "round": 1, "block": 2, "label": "B", "sample": 5, "ms": 10.092096328735352}
{"event": "sample", "n": 513, "mode": "forward_backward", "round": 1, "block": 2, "label": "B", "sample": 6, "ms": 10.086624145507812}
{"event": "sample", "n": 513, "mode": "forward_backward", "round": 1, "block": 2, "label": "B", "sample": 7, "ms": 10.094367980957031}
{"event": "sample", "n": 513, "mode": "forward_backward", "round": 1, "block": 2, "label": "B", "sample": 8, "ms": 10.098688125610352}
{"event": "sample", "n": 513, "mode": "forward_backward", "round": 1, "block": 2, "label": "B", "sample": 9, "ms": 10.09887981414795}
{"event": "sample", "n": 513, "mode": "forward_backward", "round": 1, "block": 3, "label": "A", "sample": 0, "ms": 18.100223541259766}
{"event": "sample", "n": 513, "mode": "forward_backward", "round": 1, "block": 3, "label": "A", "sample": 1, "ms": 17.744415283203125}
{"event": "sample", "n": 513, "mode": "forward_backward", "round": 1, "block": 3, "label": "A", "sample": 2, "ms": 17.727264404296875}
{"event": "sample", "n": 513, "mode": "forward_backward", "round": 1, "block": 3, "label": "A", "sample": 3, "ms": 17.723712921142578}
{"event": "sample", "n": 513, "mode": "forward_backward", "round": 1, "block": 3, "label": "A", "sample": 4, "ms": 17.727935791015625}
{"event": "sample", "n": 513, "mode": "forward_backward", "round": 1, "block": 3, "label": "A", "sample": 5, "ms": 17.72675132751465}
{"event": "sample", "n": 513, "mode": "forward_backward", "round": 1, "block": 3, "label": "A", "sample": 6, "ms": 17.730239868164062}
{"event": "sample", "n": 513, "mode": "forward_backward", "round": 1, "block": 3, "label": "A", "sample": 7, "ms": 17.7225284576416}
{"event": "sample", "n": 513, "mode": "forward_backward", "round": 1, "block": 3, "label": "A", "sample": 8, "ms": 17.730207443237305}
{"event": "sample", "n": 513, "mode": "forward_backward", "round": 1, "block": 3, "label": "A", "sample": 9, "ms": 17.730464935302734}
{"event": "sample", "n": 513, "mode": "forward_backward", "round": 2, "block": 0, "label": "A", "sample": 0, "ms": 18.071264266967773}
{"event": "sample", "n": 513, "mode": "forward_backward", "round": 2, "block": 0, "label": "A", "sample": 1, "ms": 17.727136611938477}
{"event": "sample", "n": 513, "mode": "forward_backward", "round": 2, "block": 0, "label": "A", "sample": 2, "ms": 17.72947120666504}
{"event": "sample", "n": 513, "mode": "forward_backward", "round": 2, "block": 0, "label": "A", "sample": 3, "ms": 17.725984573364258}
{"event": "sample", "n": 513, "mode": "forward_backward", "round": 2, "block": 0, "label": "A", "sample": 4, "ms": 17.73423957824707}
{"event": "sample", "n": 513, "mode": "forward_backward", "round": 2, "block": 0, "label": "A", "sample": 5, "ms": 17.73321533203125}
{"event": "sample", "n": 513, "mode": "forward_backward", "round": 2, "block": 0, "label": "A", "sample": 6, "ms": 17.728544235229492}
{"event": "sample", "n": 513, "mode": "forward_backward", "round": 2, "block": 0, "label": "A", "sample": 7, "ms": 17.731327056884766}
{"event": "sample", "n": 513, "mode": "forward_backward", "round": 2, "block": 0, "label": "A", "sample": 8, "ms": 17.73040008544922}
{"event": "sample", "n": 513, "mode": "forward_backward", "round": 2, "block": 0, "label": "A", "sample": 9, "ms": 17.730911254882812}
{"event": "sample", "n": 513, "mode": "forward_backward", "round": 2, "block": 1, "label": "B", "sample": 0, "ms": 10.347455978393555}
{"event": "sample", "n": 513, "mode": "forward_backward", "round": 2, "block": 1, "label": "B", "sample": 1, "ms": 10.075936317443848}
{"event": "sample", "n": 513, "mode": "forward_backward", "round": 2, "block": 1, "label": "B", "sample": 2, "ms": 10.081888198852539}
{"event": "sample", "n": 513, "mode": "forward_backward", "round": 2, "block": 1, "label": "B", "sample": 3, "ms": 10.078368186950684}
{"event": "sample", "n": 513, "mode": "forward_backward", "round": 2, "block": 1, "label": "B", "sample": 4, "ms": 10.082624435424805}
{"event": "sample", "n": 513, "mode": "forward_backward", "round": 2, "block": 1, "label": "B", "sample": 5, "ms": 10.07151985168457}
{"event": "sample", "n": 513, "mode": "forward_backward", "round": 2, "block": 1, "label": "B", "sample": 6, "ms": 10.080320358276367}
{"event": "sample", "n": 513, "mode": "forward_backward", "round": 2, "block": 1, "label": "B", "sample": 7, "ms": 10.078880310058594}
{"event": "sample", "n": 513, "mode": "forward_backward", "round": 2, "block": 1, "label": "B", "sample": 8, "ms": 10.090911865234375}
{"event": "sample", "n": 513, "mode": "forward_backward", "round": 2, "block": 1, "label": "B", "sample": 9, "ms": 10.090239524841309}
{"event": "sample", "n": 513, "mode": "forward_backward", "round": 2, "block": 2, "label": "B", "sample": 0, "ms": 10.320511817932129}
{"event": "sample", "n": 513, "mode": "forward_backward", "round": 2, "block": 2, "label": "B", "sample": 1, "ms": 10.084159851074219}
{"event": "sample", "n": 513, "mode": "forward_backward", "round": 2, "block": 2, "label": "B", "sample": 2, "ms": 10.089344024658203}
{"event": "sample", "n": 513, "mode": "forward_backward", "round": 2, "block": 2, "label": "B", "sample": 3, "ms": 10.089759826660156}
{"event": "sample", "n": 513, "mode": "forward_backward", "round": 2, "block": 2, "label": "B", "sample": 4, "ms": 10.08841609954834}
{"event": "sample", "n": 513, "mode": "forward_backward", "round": 2, "block": 2, "label": "B", "sample": 5, "ms": 10.085408210754395}
{"event": "sample", "n": 513, "mode": "forward_backward", "round": 2, "block": 2, "label": "B", "sample": 6, "ms": 10.088319778442383}
{"event": "sample", "n": 513, "mode": "forward_backward", "round": 2, "block": 2, "label": "B", "sample": 7, "ms": 10.073760032653809}
{"event": "sample", "n": 513, "mode": "forward_backward", "round": 2, "block": 2, "label": "B", "sample": 8, "ms": 10.081343650817871}
{"event": "sample", "n": 513, "mode": "forward_backward", "round": 2, "block": 2, "label": "B", "sample": 9, "ms": 10.07811164855957}
{"event": "sample", "n": 513, "mode": "forward_backward", "round": 2, "block": 3, "label": "A", "sample": 0, "ms": 18.077856063842773}
{"event": "sample", "n": 513, "mode": "forward_backward", "round": 2, "block": 3, "label": "A", "sample": 1, "ms": 17.729440689086914}
{"event": "sample", "n": 513, "mode": "forward_backward", "round": 2, "block": 3, "label": "A", "sample": 2, "ms": 17.73107147216797}
{"event": "sample", "n": 513, "mode": "forward_backward", "round": 2, "block": 3, "label": "A", "sample": 3, "ms": 17.728351593017578}
{"event": "sample", "n": 513, "mode": "forward_backward", "round": 2, "block": 3, "label": "A", "sample": 4, "ms": 17.744415283203125}
{"event": "sample", "n": 513, "mode": "forward_backward", "round": 2, "block": 3, "label": "A", "sample": 5, "ms": 17.742656707763672}
{"event": "sample", "n": 513, "mode": "forward_backward", "round": 2, "block": 3, "label": "A", "sample": 6, "ms": 17.748287200927734}
{"event": "sample", "n": 513, "mode": "forward_backward", "round": 2, "block": 3, "label": "A", "sample": 7, "ms": 17.752063751220703}
{"event": "sample", "n": 513, "mode": "forward_backward", "round": 2, "block": 3, "label": "A", "sample": 8, "ms": 17.748544692993164}
{"event": "sample", "n": 513, "mode": "forward_backward", "round": 2, "block": 3, "label": "A", "sample": 9, "ms": 17.748544692993164}
{"event": "summary", "n": 513, "mode": "forward_backward", "median_ms": {"A": 17.743983268737793, "B": 10.088239669799805}, "speedup": 1.7588780450821617, "samples_per_label": 60}
{"event": "parity", "n": 640, "checks": {"output": {"relative_l2": 0.001026020385324955, "baseline_zero_max_abs_diagnostic": 0.0, "passed": true}, "dq": {"relative_l2": 0.0010810821549966931, "baseline_zero_max_abs_diagnostic": 4.1961669921875e-05, "passed": true}, "dk": {"relative_l2": 0.001165769761428237, "baseline_zero_max_abs_diagnostic": 0.0, "passed": true}, "dv": {"relative_l2": 4.787409125128761e-05, "baseline_zero_max_abs_diagnostic": 0.0, "passed": true}, "db": {"relative_l2": 0.0006554503343068063, "baseline_zero_max_abs_diagnostic": 0.0, "passed": true}}, "independent_reference": false}
{"event": "memory", "n": 640, "measurements": {"A": {"peak_increment_bytes": 924467200, "retained_increment_bytes": 845414400}, "B": {"peak_increment_bytes": 1000755200, "retained_increment_bytes": 845414400}}}
{"event": "sample", "n": 640, "mode": "forward", "round": 0, "block": 0, "label": "A", "sample": 0, "ms": 3.057568073272705}
{"event": "sample", "n": 640, "mode": "forward", "round": 0, "block": 0, "label": "A", "sample": 1, "ms": 2.8192319869995117}
{"event": "sample", "n": 640, "mode": "forward", "round": 0, "block": 0, "label": "A", "sample": 2, "ms": 2.8205759525299072}
{"event": "sample", "n": 640, "mode": "forward", "round": 0, "block": 0, "label": "A", "sample": 3, "ms": 2.818079948425293}
{"event": "sample", "n": 640, "mode": "forward", "round": 0, "block": 0, "label": "A", "sample": 4, "ms": 2.8183679580688477}
{"event": "sample", "n": 640, "mode": "forward", "round": 0, "block": 0, "label": "A", "sample": 5, "ms": 2.819135904312134}
{"event": "sample", "n": 640, "mode": "forward", "round": 0, "block": 0, "label": "A", "sample": 6, "ms": 2.8183999061584473}
{"event": "sample", "n": 640, "mode": "forward", "round": 0, "block": 0, "label": "A", "sample": 7, "ms": 2.8198399543762207}
{"event": "sample", "n": 640, "mode": "forward", "round": 0, "block": 0, "label": "A", "sample": 8, "ms": 2.819904088973999}
{"event": "sample", "n": 640, "mode": "forward", "round": 0, "block": 0, "label": "A", "sample": 9, "ms": 2.8180480003356934}
{"event": "sample", "n": 640, "mode": "forward", "round": 0, "block": 1, "label": "B", "sample": 0, "ms": 4.06390380859375}
{"event": "sample", "n": 640, "mode": "forward", "round": 0, "block": 1, "label": "B", "sample": 1, "ms": 3.818880081176758}
{"event": "sample", "n": 640, "mode": "forward", "round": 0, "block": 1, "label": "B", "sample": 2, "ms": 3.8215041160583496}
{"event": "sample", "n": 640, "mode": "forward", "round": 0, "block": 1, "label": "B", "sample": 3, "ms": 3.818527936935425}
{"event": "sample", "n": 640, "mode": "forward", "round": 0, "block": 1, "label": "B", "sample": 4, "ms": 3.8187520503997803}
{"event": "sample", "n": 640, "mode": "forward", "round": 0, "block": 1, "label": "B", "sample": 5, "ms": 3.8231360912323}
{"event": "sample", "n": 640, "mode": "forward", "round": 0, "block": 1, "label": "B", "sample": 6, "ms": 3.821280002593994}
{"event": "sample", "n": 640, "mode": "forward", "round": 0, "block": 1, "label": "B", "sample": 7, "ms": 3.819456100463867}
{"event": "sample", "n": 640, "mode": "forward", "round": 0, "block": 1, "label": "B", "sample": 8, "ms": 3.818687915802002}
{"event": "sample", "n": 640, "mode": "forward", "round": 0, "block": 1, "label": "B", "sample": 9, "ms": 3.820672035217285}
{"event": "sample", "n": 640, "mode": "forward", "round": 0, "block": 2, "label": "B", "sample": 0, "ms": 4.012991905212402}
{"event": "sample", "n": 640, "mode": "forward", "round": 0, "block": 2, "label": "B", "sample": 1, "ms": 3.8187201023101807}
{"event": "sample", "n": 640, "mode": "forward", "round": 0, "block": 2, "label": "B", "sample": 2, "ms": 3.8202879428863525}
{"event": "sample", "n": 640, "mode": "forward", "round": 0, "block": 2, "label": "B", "sample": 3, "ms": 3.8205440044403076}
{"event": "sample", "n": 640, "mode": "forward", "round": 0, "block": 2, "label": "B", "sample": 4, "ms": 3.819648027420044}
{"event": "sample", "n": 640, "mode": "forward", "round": 0, "block": 2, "label": "B", "sample": 5, "ms": 3.8195838928222656}
{"event": "sample", "n": 640, "mode": "forward", "round": 0, "block": 2, "label": "B", "sample": 6, "ms": 3.818336009979248}
{"event": "sample", "n": 640, "mode": "forward", "round": 0, "block": 2, "label": "B", "sample": 7, "ms": 3.8175039291381836}
{"event": "sample", "n": 640, "mode": "forward", "round": 0, "block": 2, "label": "B", "sample": 8, "ms": 3.820352077484131}
{"event": "sample", "n": 640, "mode": "forward", "round": 0, "block": 2, "label": "B", "sample": 9, "ms": 3.8174080848693848}
{"event": "sample", "n": 640, "mode": "forward", "round": 0, "block": 3, "label": "A", "sample": 0, "ms": 3.1165759563446045}
{"event": "sample", "n": 640, "mode": "forward", "round": 0, "block": 3, "label": "A", "sample": 1, "ms": 2.8162240982055664}
{"event": "sample", "n": 640, "mode": "forward", "round": 0, "block": 3, "label": "A", "sample": 2, "ms": 2.8164479732513428}
{"event": "sample", "n": 640, "mode": "forward", "round": 0, "block": 3, "label": "A", "sample": 3, "ms": 2.818176031112671}
{"event": "sample", "n": 640, "mode": "forward", "round": 0, "block": 3, "label": "A", "sample": 4, "ms": 2.817631959915161}
{"event": "sample", "n": 640, "mode": "forward", "round": 0, "block": 3, "label": "A", "sample": 5, "ms": 2.8174080848693848}
{"event": "sample", "n": 640, "mode": "forward", "round": 0, "block": 3, "label": "A", "sample": 6, "ms": 2.8182079792022705}
{"event": "sample", "n": 640, "mode": "forward", "round": 0, "block": 3, "label": "A", "sample": 7, "ms": 2.818176031112671}
{"event": "sample", "n": 640, "mode": "forward", "round": 0, "block": 3, "label": "A", "sample": 8, "ms": 2.818592071533203}
{"event": "sample", "n": 640, "mode": "forward", "round": 0, "block": 3, "label": "A", "sample": 9, "ms": 2.818432092666626}
{"event": "sample", "n": 640, "mode": "forward", "round": 1, "block": 0, "label": "A", "sample": 0, "ms": 3.066240072250366}
{"event": "sample", "n": 640, "mode": "forward", "round": 1, "block": 0, "label": "A", "sample": 1, "ms": 2.8165760040283203}
{"event": "sample", "n": 640, "mode": "forward", "round": 1, "block": 0, "label": "A", "sample": 2, "ms": 2.816960096359253}
{"event": "sample", "n": 640, "mode": "forward", "round": 1, "block": 0, "label": "A", "sample": 3, "ms": 2.817215919494629}
{"event": "sample", "n": 640, "mode": "forward", "round": 1, "block": 0, "label": "A", "sample": 4, "ms": 2.8180480003356934}
{"event": "sample", "n": 640, "mode": "forward", "round": 1, "block": 0, "label": "A", "sample": 5, "ms": 2.817471981048584}
{"event": "sample", "n": 640, "mode": "forward", "round": 1, "block": 0, "label": "A", "sample": 6, "ms": 2.817375898361206}
{"event": "sample", "n": 640, "mode": "forward", "round": 1, "block": 0, "label": "A", "sample": 7, "ms": 2.816416025161743}
{"event": "sample", "n": 640, "mode": "forward", "round": 1, "block": 0, "label": "A", "sample": 8, "ms": 2.8199679851531982}
{"event": "sample", "n": 640, "mode": "forward", "round": 1, "block": 0, "label": "A", "sample": 9, "ms": 2.8177599906921387}
{"event": "sample", "n": 640, "mode": "forward", "round": 1, "block": 1, "label": "B", "sample": 0, "ms": 4.048384189605713}
{"event": "sample", "n": 640, "mode": "forward", "round": 1, "block": 1, "label": "B", "sample": 1, "ms": 3.817888021469116}
{"event": "sample", "n": 640, "mode": "forward", "round": 1, "block": 1, "label": "B", "sample": 2, "ms": 3.8171839714050293}
{"event": "sample", "n": 640, "mode": "forward", "round": 1, "block": 1, "label": "B", "sample": 3, "ms": 3.8165760040283203}
{"event": "sample", "n": 640, "mode": "forward", "round": 1, "block": 1, "label": "B", "sample": 4, "ms": 3.8178560733795166}
{"event": "sample", "n": 640, "mode": "forward", "round": 1, "block": 1, "label": "B", "sample": 5, "ms": 3.820159912109375}
{"event": "sample", "n": 640, "mode": "forward", "round": 1, "block": 1, "label": "B", "sample": 6, "ms": 3.822943925857544}
{"event": "sample", "n": 640, "mode": "forward", "round": 1, "block": 1, "label": "B", "sample": 7, "ms": 3.818592071533203}
{"event": "sample", "n": 640, "mode": "forward", "round": 1, "block": 1, "label": "B", "sample": 8, "ms": 3.8202240467071533}
{"event": "sample", "n": 640, "mode": "forward", "round": 1, "block": 1, "label": "B", "sample": 9, "ms": 3.8226239681243896}
{"event": "sample", "n": 640, "mode": "forward", "round": 1, "block": 2, "label": "B", "sample": 0, "ms": 4.021120071411133}
{"event": "sample", "n": 640, "mode": "forward", "round": 1, "block": 2, "label": "B", "sample": 1, "ms": 3.8195199966430664}
{"event": "sample", "n": 640, "mode": "forward", "round": 1, "block": 2, "label": "B", "sample": 2, "ms": 3.8211519718170166}
{"event": "sample", "n": 640, "mode": "forward", "round": 1, "block": 2, "label": "B", "sample": 3, "ms": 3.8223040103912354}
{"event": "sample", "n": 640, "mode": "forward", "round": 1, "block": 2, "label": "B", "sample": 4, "ms": 3.8233280181884766}
{"event": "sample", "n": 640, "mode": "forward", "round": 1, "block": 2, "label": "B", "sample": 5, "ms": 3.8207039833068848}
{"event": "sample", "n": 640, "mode": "forward", "round": 1, "block": 2, "label": "B", "sample": 6, "ms": 3.8200318813323975}
{"event": "sample", "n": 640, "mode": "forward", "round": 1, "block": 2, "label": "B", "sample": 7, "ms": 3.821631908416748}
{"event": "sample", "n": 640, "mode": "forward", "round": 1, "block": 2, "label": "B", "sample": 8, "ms": 3.8217599391937256}
{"event": "sample", "n": 640, "mode": "forward", "round": 1, "block": 2, "label": "B", "sample": 9, "ms": 3.8205440044403076}
{"event": "sample", "n": 640, "mode": "forward", "round": 1, "block": 3, "label": "A", "sample": 0, "ms": 3.1220479011535645}
{"event": "sample", "n": 640, "mode": "forward", "round": 1, "block": 3, "label": "A", "sample": 1, "ms": 2.8207359313964844}
{"event": "sample", "n": 640, "mode": "forward", "round": 1, "block": 3, "label": "A", "sample": 2, "ms": 2.820863962173462}
{"event": "sample", "n": 640, "mode": "forward", "round": 1, "block": 3, "label": "A", "sample": 3, "ms": 2.8208959102630615}
{"event": "sample", "n": 640, "mode": "forward", "round": 1, "block": 3, "label": "A", "sample": 4, "ms": 2.821183919906616}
{"event": "sample", "n": 640, "mode": "forward", "round": 1, "block": 3, "label": "A", "sample": 5, "ms": 2.8202240467071533}
{"event": "sample", "n": 640, "mode": "forward", "round": 1, "block": 3, "label": "A", "sample": 6, "ms": 2.821280002593994}
{"event": "sample", "n": 640, "mode": "forward", "round": 1, "block": 3, "label": "A", "sample": 7, "ms": 2.820512056350708}
{"event": "sample", "n": 640, "mode": "forward", "round": 1, "block": 3, "label": "A", "sample": 8, "ms": 2.8207039833068848}
{"event": "sample", "n": 640, "mode": "forward", "round": 1, "block": 3, "label": "A", "sample": 9, "ms": 2.8213119506835938}
{"event": "sample", "n": 640, "mode": "forward", "round": 2, "block": 0, "label": "A", "sample": 0, "ms": 3.0761919021606445}
{"event": "sample", "n": 640, "mode": "forward", "round": 2, "block": 0, "label": "A", "sample": 1, "ms": 2.8200318813323975}
{"event": "sample", "n": 640, "mode": "forward", "round": 2, "block": 0, "label": "A", "sample": 2, "ms": 2.821120023727417}
{"event": "sample", "n": 640, "mode": "forward", "round": 2, "block": 0, "label": "A", "sample": 3, "ms": 2.8219521045684814}
{"event": "sample", "n": 640, "mode": "forward", "round": 2, "block": 0, "label": "A", "sample": 4, "ms": 2.8236799240112305}
{"event": "sample", "n": 640, "mode": "forward", "round": 2, "block": 0, "label": "A", "sample": 5, "ms": 2.8201920986175537}
{"event": "sample", "n": 640, "mode": "forward", "round": 2, "block": 0, "label": "A", "sample": 6, "ms": 2.821887969970703}
{"event": "sample", "n": 640, "mode": "forward", "round": 2, "block": 0, "label": "A", "sample": 7, "ms": 2.820768117904663}
{"event": "sample", "n": 640, "mode": "forward", "round": 2, "block": 0, "label": "A", "sample": 8, "ms": 2.8210558891296387}
{"event": "sample", "n": 640, "mode": "forward", "round": 2, "block": 0, "label": "A", "sample": 9, "ms": 2.8235840797424316}
{"event": "sample", "n": 640, "mode": "forward", "round": 2, "block": 1, "label": "B", "sample": 0, "ms": 4.054624080657959}
{"event": "sample", "n": 640, "mode": "forward", "round": 2, "block": 1, "label": "B", "sample": 1, "ms": 3.82096004486084}
{"event": "sample", "n": 640, "mode": "forward", "round": 2, "block": 1, "label": "B", "sample": 2, "ms": 3.8217599391937256}
{"event": "sample", "n": 640, "mode": "forward", "round": 2, "block": 1, "label": "B", "sample": 3, "ms": 3.819904088973999}
{"event": "sample", "n": 640, "mode": "forward", "round": 2, "block": 1, "label": "B", "sample": 4, "ms": 3.820352077484131}
{"event": "sample", "n": 640, "mode": "forward", "round": 2, "block": 1, "label": "B", "sample": 5, "ms": 3.8248000144958496}
{"event": "sample", "n": 640, "mode": "forward", "round": 2, "block": 1, "label": "B", "sample": 6, "ms": 3.8215041160583496}
{"event": "sample", "n": 640, "mode": "forward", "round": 2, "block": 1, "label": "B", "sample": 7, "ms": 3.817984104156494}
{"event": "sample", "n": 640, "mode": "forward", "round": 2, "block": 1, "label": "B", "sample": 8, "ms": 3.820255994796753}
{"event": "sample", "n": 640, "mode": "forward", "round": 2, "block": 1, "label": "B", "sample": 9, "ms": 3.821887969970703}
{"event": "sample", "n": 640, "mode": "forward", "round": 2, "block": 2, "label": "B", "sample": 0, "ms": 4.320256233215332}
{"event": "sample", "n": 640, "mode": "forward", "round": 2, "block": 2, "label": "B", "sample": 1, "ms": 3.821471929550171}
{"event": "sample", "n": 640, "mode": "forward", "round": 2, "block": 2, "label": "B", "sample": 2, "ms": 3.821631908416748}
{"event": "sample", "n": 640, "mode": "forward", "round": 2, "block": 2, "label": "B", "sample": 3, "ms": 3.821376085281372}
{"event": "sample", "n": 640, "mode": "forward", "round": 2, "block": 2, "label": "B", "sample": 4, "ms": 3.8242239952087402}
{"event": "sample", "n": 640, "mode": "forward", "round": 2, "block": 2, "label": "B", "sample": 5, "ms": 3.8204479217529297}
{"event": "sample", "n": 640, "mode": "forward", "round": 2, "block": 2, "label": "B", "sample": 6, "ms": 3.819999933242798}
{"event": "sample", "n": 640, "mode": "forward", "round": 2, "block": 2, "label": "B", "sample": 7, "ms": 3.8225600719451904}
{"event": "sample", "n": 640, "mode": "forward", "round": 2, "block": 2, "label": "B", "sample": 8, "ms": 3.8240959644317627}
{"event": "sample", "n": 640, "mode": "forward", "round": 2, "block": 2, "label": "B", "sample": 9, "ms": 3.8204479217529297}
{"event": "sample", "n": 640, "mode": "forward", "round": 2, "block": 3, "label": "A", "sample": 0, "ms": 3.205280065536499}
{"event": "sample", "n": 640, "mode": "forward", "round": 2, "block": 3, "label": "A", "sample": 1, "ms": 2.8199679851531982}
{"event": "sample", "n": 640, "mode": "forward", "round": 2, "block": 3, "label": "A", "sample": 2, "ms": 2.8269760608673096}
{"event": "sample", "n": 640, "mode": "forward", "round": 2, "block": 3, "label": "A", "sample": 3, "ms": 2.827392101287842}
{"event": "sample", "n": 640, "mode": "forward", "round": 2, "block": 3, "label": "A", "sample": 4, "ms": 2.827455997467041}
{"event": "sample", "n": 640, "mode": "forward", "round": 2, "block": 3, "label": "A", "sample": 5, "ms": 2.827296018600464}
{"event": "sample", "n": 640, "mode": "forward", "round": 2, "block": 3, "label": "A", "sample": 6, "ms": 2.827967882156372}
{"event": "sample", "n": 640, "mode": "forward", "round": 2, "block": 3, "label": "A", "sample": 7, "ms": 2.828160047531128}
{"event": "sample", "n": 640, "mode": "forward", "round": 2, "block": 3, "label": "A", "sample": 8, "ms": 2.8274879455566406}
{"event": "sample", "n": 640, "mode": "forward", "round": 2, "block": 3, "label": "A", "sample": 9, "ms": 2.8281280994415283}
{"event": "summary", "n": 640, "mode": "forward", "median_ms": {"A": 2.8203680515289307, "B": 3.8205440044403076}, "speedup": 0.7382111155508342, "samples_per_label": 60}
{"event": "sample", "n": 640, "mode": "backward", "round": 0, "block": 0, "label": "A", "sample": 0, "ms": 14.687392234802246}
{"event": "sample", "n": 640, "mode": "backward", "round": 0, "block": 0, "label": "A", "sample": 1, "ms": 14.376768112182617}
{"event": "sample", "n": 640, "mode": "backward", "round": 0, "block": 0, "label": "A", "sample": 2, "ms": 14.377056121826172}
{"event": "sample", "n": 640, "mode": "backward", "round": 0, "block": 0, "label": "A", "sample": 3, "ms": 14.36451244354248}
{"event": "sample", "n": 640, "mode": "backward", "round": 0, "block": 0, "label": "A", "sample": 4, "ms": 14.368255615234375}
{"event": "sample", "n": 640, "mode": "backward", "round": 0, "block": 0, "label": "A", "sample": 5, "ms": 14.375040054321289}
{"event": "sample", "n": 640, "mode": "backward", "round": 0, "block": 0, "label": "A", "sample": 6, "ms": 14.377440452575684}
{"event": "sample", "n": 640, "mode": "backward", "round": 0, "block": 0, "label": "A", "sample": 7, "ms": 14.3755521774292}
{"event": "sample", "n": 640, "mode": "backward", "round": 0, "block": 0, "label": "A", "sample": 8, "ms": 14.374239921569824}
{"event": "sample", "n": 640, "mode": "backward", "round": 0, "block": 0, "label": "A", "sample": 9, "ms": 14.375519752502441}
{"event": "sample", "n": 640, "mode": "backward", "round": 0, "block": 1, "label": "B", "sample": 0, "ms": 10.82096004486084}
{"event": "sample", "n": 640, "mode": "backward", "round": 0, "block": 1, "label": "B", "sample": 1, "ms": 10.58556842803955}
{"event": "sample", "n": 640, "mode": "backward", "round": 0, "block": 1, "label": "B", "sample": 2, "ms": 10.606143951416016}
{"event": "sample", "n": 640, "mode": "backward", "round": 0, "block": 1, "label": "B", "sample": 3, "ms": 10.590911865234375}
{"event": "sample", "n": 640, "mode": "backward", "round": 0, "block": 1, "label": "B", "sample": 4, "ms": 10.59164810180664}
{"event": "sample", "n": 640, "mode": "backward", "round": 0, "block": 1, "label": "B", "sample": 5, "ms": 10.595871925354004}
{"event": "sample", "n": 640, "mode": "backward", "round": 0, "block": 1, "label": "B", "sample": 6, "ms": 10.584799766540527}
{"event": "sample", "n": 640, "mode": "backward", "round": 0, "block": 1, "label": "B", "sample": 7, "ms": 10.589823722839355}
{"event": "sample", "n": 640, "mode": "backward", "round": 0, "block": 1, "label": "B", "sample": 8, "ms": 10.58454418182373}
{"event": "sample", "n": 640, "mode": "backward", "round": 0, "block": 1, "label": "B", "sample": 9, "ms": 10.598496437072754}
{"event": "sample", "n": 640, "mode": "backward", "round": 0, "block": 2, "label": "B", "sample": 0, "ms": 10.775327682495117}
{"event": "sample", "n": 640, "mode": "backward", "round": 0, "block": 2, "label": "B", "sample": 1, "ms": 10.595232009887695}
{"event": "sample", "n": 640, "mode": "backward", "round": 0, "block": 2, "label": "B", "sample": 2, "ms": 10.588479995727539}
{"event": "sample", "n": 640, "mode": "backward", "round": 0, "block": 2, "label": "B", "sample": 3, "ms": 10.590527534484863}
{"event": "sample", "n": 640, "mode": "backward", "round": 0, "block": 2, "label": "B", "sample": 4, "ms": 10.565247535705566}
{"event": "sample", "n": 640, "mode": "backward", "round": 0, "block": 2, "label": "B", "sample": 5, "ms": 10.576576232910156}
{"event": "sample", "n": 640, "mode": "backward", "round": 0, "block": 2, "label": "B", "sample": 6, "ms": 10.569727897644043}
{"event": "sample", "n": 640, "mode": "backward", "round": 0, "block": 2, "label": "B", "sample": 7, "ms": 10.58073616027832}
{"event": "sample", "n": 640, "mode": "backward", "round": 0, "block": 2, "label": "B", "sample": 8, "ms": 10.572575569152832}
{"event": "sample", "n": 640, "mode": "backward", "round": 0, "block": 2, "label": "B", "sample": 9, "ms": 10.571840286254883}
{"event": "sample", "n": 640, "mode": "backward", "round": 0, "block": 3, "label": "A", "sample": 0, "ms": 14.736096382141113}
{"event": "sample", "n": 640, "mode": "backward", "round": 0, "block": 3, "label": "A", "sample": 1, "ms": 14.353311538696289}
{"event": "sample", "n": 640, "mode": "backward", "round": 0, "block": 3, "label": "A", "sample": 2, "ms": 14.35916805267334}
{"event": "sample", "n": 640, "mode": "backward", "round": 0, "block": 3, "label": "A", "sample": 3, "ms": 14.373791694641113}
{"event": "sample", "n": 640, "mode": "backward", "round": 0, "block": 3, "label": "A", "sample": 4, "ms": 14.381248474121094}
{"event": "sample", "n": 640, "mode": "backward", "round": 0, "block": 3, "label": "A", "sample": 5, "ms": 14.366399765014648}
{"event": "sample", "n": 640, "mode": "backward", "round": 0, "block": 3, "label": "A", "sample": 6, "ms": 14.373760223388672}
{"event": "sample", "n": 640, "mode": "backward", "round": 0, "block": 3, "label": "A", "sample": 7, "ms": 14.369343757629395}
{"event": "sample", "n": 640, "mode": "backward", "round": 0, "block": 3, "label": "A", "sample": 8, "ms": 14.374303817749023}
{"event": "sample", "n": 640, "mode": "backward", "round": 0, "block": 3, "label": "A", "sample": 9, "ms": 14.379072189331055}
{"event": "sample", "n": 640, "mode": "backward", "round": 1, "block": 0, "label": "A", "sample": 0, "ms": 14.708000183105469}
{"event": "sample", "n": 640, "mode": "backward", "round": 1, "block": 0, "label": "A", "sample": 1, "ms": 14.377984046936035}
{"event": "sample", "n": 640, "mode": "backward", "round": 1, "block": 0, "label": "A", "sample": 2, "ms": 14.375679969787598}
{"event": "sample", "n": 640, "mode": "backward", "round": 1, "block": 0, "label": "A", "sample": 3, "ms": 14.375935554504395}
{"event": "sample", "n": 640, "mode": "backward", "round": 1, "block": 0, "label": "A", "sample": 4, "ms": 14.368351936340332}
{"event": "sample", "n": 640, "mode": "backward", "round": 1, "block": 0, "label": "A", "sample": 5, "ms": 14.369728088378906}
{"event": "sample", "n": 640, "mode": "backward", "round": 1, "block": 0, "label": "A", "sample": 6, "ms": 14.374815940856934}
{"event": "sample", "n": 640, "mode": "backward", "round": 1, "block": 0, "label": "A", "sample": 7, "ms": 14.37279987335205}
{"event": "sample", "n": 640, "mode": "backward", "round": 1, "block": 0, "label": "A", "sample": 8, "ms": 14.376992225646973}
{"event": "sample", "n": 640, "mode": "backward", "round": 1, "block": 0, "label": "A", "sample": 9, "ms": 14.37929630279541}
{"event": "sample", "n": 640, "mode": "backward", "round": 1, "block": 1, "label": "B", "sample": 0, "ms": 10.816864013671875}
{"event": "sample", "n": 640, "mode": "backward", "round": 1, "block": 1, "label": "B", "sample": 1, "ms": 10.604479789733887}
{"event": "sample", "n": 640, "mode": "backward", "round": 1, "block": 1, "label": "B", "sample": 2, "ms": 10.585151672363281}
{"event": "sample", "n": 640, "mode": "backward", "round": 1, "block": 1, "label": "B", "sample": 3, "ms": 10.576255798339844}
{"event": "sample", "n": 640, "mode": "backward", "round": 1, "block": 1, "label": "B", "sample": 4, "ms": 10.612288475036621}
{"event": "sample", "n": 640, "mode": "backward", "round": 1, "block": 1, "label": "B", "sample": 5, "ms": 10.63100814819336}
{"event": "sample", "n": 640, "mode": "backward", "round": 1, "block": 1, "label": "B", "sample": 6, "ms": 10.614208221435547}
{"event": "sample", "n": 640, "mode": "backward", "round": 1, "block": 1, "label": "B", "sample": 7, "ms": 10.611295700073242}
{"event": "sample", "n": 640, "mode": "backward", "round": 1, "block": 1, "label": "B", "sample": 8, "ms": 10.607551574707031}
{"event": "sample", "n": 640, "mode": "backward", "round": 1, "block": 1, "label": "B", "sample": 9, "ms": 10.622528076171875}
{"event": "sample", "n": 640, "mode": "backward", "round": 1, "block": 2, "label": "B", "sample": 0, "ms": 10.829119682312012}
{"event": "sample", "n": 640, "mode": "backward", "round": 1, "block": 2, "label": "B", "sample": 1, "ms": 10.637887954711914}
{"event": "sample", "n": 640, "mode": "backward", "round": 1, "block": 2, "label": "B", "sample": 2, "ms": 10.61359977722168}
{"event": "sample", "n": 640, "mode": "backward", "round": 1, "block": 2, "label": "B", "sample": 3, "ms": 10.600576400756836}
{"event": "sample", "n": 640, "mode": "backward", "round": 1, "block": 2, "label": "B", "sample": 4, "ms": 10.595071792602539}
{"event": "sample", "n": 640, "mode": "backward", "round": 1, "block": 2, "label": "B", "sample": 5, "ms": 10.587679862976074}
{"event": "sample", "n": 640, "mode": "backward", "round": 1, "block": 2, "label": "B", "sample": 6, "ms": 10.588224411010742}
{"event": "sample", "n": 640, "mode": "backward", "round": 1, "block": 2, "label": "B", "sample": 7, "ms": 10.586463928222656}
{"event": "sample", "n": 640, "mode": "backward", "round": 1, "block": 2, "label": "B", "sample": 8, "ms": 10.585023880004883}
{"event": "sample", "n": 640, "mode": "backward", "round": 1, "block": 2, "label": "B", "sample": 9, "ms": 10.591263771057129}
{"event": "sample", "n": 640, "mode": "backward", "round": 1, "block": 3, "label": "A", "sample": 0, "ms": 14.798527717590332}
{"event": "sample", "n": 640, "mode": "backward", "round": 1, "block": 3, "label": "A", "sample": 1, "ms": 14.367775917053223}
{"event": "sample", "n": 640, "mode": "backward", "round": 1, "block": 3, "label": "A", "sample": 2, "ms": 14.40112018585205}
{"event": "sample", "n": 640, "mode": "backward", "round": 1, "block": 3, "label": "A", "sample": 3, "ms": 14.406496047973633}
{"event": "sample", "n": 640, "mode": "backward", "round": 1, "block": 3, "label": "A", "sample": 4, "ms": 14.4104642868042}
{"event": "sample", "n": 640, "mode": "backward", "round": 1, "block": 3, "label": "A", "sample": 5, "ms": 14.405247688293457}
{"event": "sample", "n": 640, "mode": "backward", "round": 1, "block": 3, "label": "A", "sample": 6, "ms": 14.402463912963867}
{"event": "sample", "n": 640, "mode": "backward", "round": 1, "block": 3, "label": "A", "sample": 7, "ms": 14.402144432067871}
{"event": "sample", "n": 640, "mode": "backward", "round": 1, "block": 3, "label": "A", "sample": 8, "ms": 14.407423973083496}
{"event": "sample", "n": 640, "mode": "backward", "round": 1, "block": 3, "label": "A", "sample": 9, "ms": 14.366911888122559}
{"event": "sample", "n": 640, "mode": "backward", "round": 2, "block": 0, "label": "A", "sample": 0, "ms": 14.727168083190918}
{"event": "sample", "n": 640, "mode": "backward", "round": 2, "block": 0, "label": "A", "sample": 1, "ms": 14.36963176727295}
{"event": "sample", "n": 640, "mode": "backward", "round": 2, "block": 0, "label": "A", "sample": 2, "ms": 14.380096435546875}
{"event": "sample", "n": 640, "mode": "backward", "round": 2, "block": 0, "label": "A", "sample": 3, "ms": 14.371295928955078}
{"event": "sample", "n": 640, "mode": "backward", "round": 2, "block": 0, "label": "A", "sample": 4, "ms": 14.370304107666016}
{"event": "sample", "n": 640, "mode": "backward", "round": 2, "block": 0, "label": "A", "sample": 5, "ms": 14.368415832519531}
{"event": "sample", "n": 640, "mode": "backward", "round": 2, "block": 0, "label": "A", "sample": 6, "ms": 14.380224227905273}
{"event": "sample", "n": 640, "mode": "backward", "round": 2, "block": 0, "label": "A", "sample": 7, "ms": 14.374879837036133}
{"event": "sample", "n": 640, "mode": "backward", "round": 2, "block": 0, "label": "A", "sample": 8, "ms": 14.372896194458008}
{"event": "sample", "n": 640, "mode": "backward", "round": 2, "block": 0, "label": "A", "sample": 9, "ms": 14.377568244934082}
{"event": "sample", "n": 640, "mode": "backward", "round": 2, "block": 1, "label": "B", "sample": 0, "ms": 10.826432228088379}
{"event": "sample", "n": 640, "mode": "backward", "round": 2, "block": 1, "label": "B", "sample": 1, "ms": 10.60812759399414}
{"event": "sample", "n": 640, "mode": "backward", "round": 2, "block": 1, "label": "B", "sample": 2, "ms": 10.596735954284668}
{"event": "sample", "n": 640, "mode": "backward", "round": 2, "block": 1, "label": "B", "sample": 3, "ms": 10.601216316223145}
{"event": "sample", "n": 640, "mode": "backward", "round": 2, "block": 1, "label": "B", "sample": 4, "ms": 10.598688125610352}
{"event": "sample", "n": 640, "mode": "backward", "round": 2, "block": 1, "label": "B", "sample": 5, "ms": 10.595359802246094}
{"event": "sample", "n": 640, "mode": "backward", "round": 2, "block": 1, "label": "B", "sample": 6, "ms": 10.595071792602539}
{"event": "sample", "n": 640, "mode": "backward", "round": 2, "block": 1, "label": "B", "sample": 7, "ms": 10.586560249328613}
{"event": "sample", "n": 640, "mode": "backward", "round": 2, "block": 1, "label": "B", "sample": 8, "ms": 10.595104217529297}
{"event": "sample", "n": 640, "mode": "backward", "round": 2, "block": 1, "label": "B", "sample": 9, "ms": 10.599424362182617}
{"event": "sample", "n": 640, "mode": "backward", "round": 2, "block": 2, "label": "B", "sample": 0, "ms": 10.79980754852295}
{"event": "sample", "n": 640, "mode": "backward", "round": 2, "block": 2, "label": "B", "sample": 1, "ms": 10.603103637695312}
{"event": "sample", "n": 640, "mode": "backward", "round": 2, "block": 2, "label": "B", "sample": 2, "ms": 10.60319995880127}
{"event": "sample", "n": 640, "mode": "backward", "round": 2, "block": 2, "label": "B", "sample": 3, "ms": 10.577983856201172}
{"event": "sample", "n": 640, "mode": "backward", "round": 2, "block": 2, "label": "B", "sample": 4, "ms": 10.584383964538574}
{"event": "sample", "n": 640, "mode": "backward", "round": 2, "block": 2, "label": "B", "sample": 5, "ms": 10.577631950378418}
{"event": "sample", "n": 640, "mode": "backward", "round": 2, "block": 2, "label": "B", "sample": 6, "ms": 10.58403205871582}
{"event": "sample", "n": 640, "mode": "backward", "round": 2, "block": 2, "label": "B", "sample": 7, "ms": 10.582207679748535}
{"event": "sample", "n": 640, "mode": "backward", "round": 2, "block": 2, "label": "B", "sample": 8, "ms": 10.576864242553711}
{"event": "sample", "n": 640, "mode": "backward", "round": 2, "block": 2, "label": "B", "sample": 9, "ms": 10.577759742736816}
{"event": "sample", "n": 640, "mode": "backward", "round": 2, "block": 3, "label": "A", "sample": 0, "ms": 14.72009563446045}
{"event": "sample", "n": 640, "mode": "backward", "round": 2, "block": 3, "label": "A", "sample": 1, "ms": 14.357151985168457}
{"event": "sample", "n": 640, "mode": "backward", "round": 2, "block": 3, "label": "A", "sample": 2, "ms": 14.365535736083984}
{"event": "sample", "n": 640, "mode": "backward", "round": 2, "block": 3, "label": "A", "sample": 3, "ms": 14.380895614624023}
{"event": "sample", "n": 640, "mode": "backward", "round": 2, "block": 3, "label": "A", "sample": 4, "ms": 14.379776000976562}
{"event": "sample", "n": 640, "mode": "backward", "round": 2, "block": 3, "label": "A", "sample": 5, "ms": 14.376768112182617}
{"event": "sample", "n": 640, "mode": "backward", "round": 2, "block": 3, "label": "A", "sample": 6, "ms": 14.37558364868164}
{"event": "sample", "n": 640, "mode": "backward", "round": 2, "block": 3, "label": "A", "sample": 7, "ms": 14.37987232208252}
{"event": "sample", "n": 640, "mode": "backward", "round": 2, "block": 3, "label": "A", "sample": 8, "ms": 14.371232032775879}
{"event": "sample", "n": 640, "mode": "backward", "round": 2, "block": 3, "label": "A", "sample": 9, "ms": 14.378111839294434}
{"event": "summary", "n": 640, "mode": "backward", "median_ms": {"A": 14.375807762145996, "B": 10.595071792602539}, "speedup": 1.3568391081769886, "samples_per_label": 60}
{"event": "sample", "n": 640, "mode": "forward_backward", "round": 0, "block": 0, "label": "A", "sample": 0, "ms": 17.483488082885742}
{"event": "sample", "n": 640, "mode": "forward_backward", "round": 0, "block": 0, "label": "A", "sample": 1, "ms": 17.183584213256836}
{"event": "sample", "n": 640, "mode": "forward_backward", "round": 0, "block": 0, "label": "A", "sample": 2, "ms": 17.182655334472656}
{"event": "sample", "n": 640, "mode": "forward_backward", "round": 0, "block": 0, "label": "A", "sample": 3, "ms": 17.17840003967285}
{"event": "sample", "n": 640, "mode": "forward_backward", "round": 0, "block": 0, "label": "A", "sample": 4, "ms": 17.181760787963867}
{"event": "sample", "n": 640, "mode": "forward_backward", "round": 0, "block": 0, "label": "A", "sample": 5, "ms": 17.200096130371094}
{"event": "sample", "n": 640, "mode": "forward_backward", "round": 0, "block": 0, "label": "A", "sample": 6, "ms": 17.199296951293945}
{"event": "sample", "n": 640, "mode": "forward_backward", "round": 0, "block": 0, "label": "A", "sample": 7, "ms": 17.200767517089844}
{"event": "sample", "n": 640, "mode": "forward_backward", "round": 0, "block": 0, "label": "A", "sample": 8, "ms": 17.198816299438477}
{"event": "sample", "n": 640, "mode": "forward_backward", "round": 0, "block": 0, "label": "A", "sample": 9, "ms": 17.203872680664062}
{"event": "sample", "n": 640, "mode": "forward_backward", "round": 0, "block": 1, "label": "B", "sample": 0, "ms": 14.651712417602539}
{"event": "sample", "n": 640, "mode": "forward_backward", "round": 0, "block": 1, "label": "B", "sample": 1, "ms": 14.399680137634277}
{"event": "sample", "n": 640, "mode": "forward_backward", "round": 0, "block": 1, "label": "B", "sample": 2, "ms": 14.400064468383789}
{"event": "sample", "n": 640, "mode": "forward_backward", "round": 0, "block": 1, "label": "B", "sample": 3, "ms": 14.406240463256836}
{"event": "sample", "n": 640, "mode": "forward_backward", "round": 0, "block": 1, "label": "B", "sample": 4, "ms": 14.409600257873535}
{"event": "sample", "n": 640, "mode": "forward_backward", "round": 0, "block": 1, "label": "B", "sample": 5, "ms": 14.398303985595703}
{"event": "sample", "n": 640, "mode": "forward_backward", "round": 0, "block": 1, "label": "B", "sample": 6, "ms": 14.399392127990723}
{"event": "sample", "n": 640, "mode": "forward_backward", "round": 0, "block": 1, "label": "B", "sample": 7, "ms": 14.403840065002441}
{"event": "sample", "n": 640, "mode": "forward_backward", "round": 0, "block": 1, "label": "B", "sample": 8, "ms": 14.437248229980469}
{"event": "sample", "n": 640, "mode": "forward_backward", "round": 0, "block": 1, "label": "B", "sample": 9, "ms": 14.427200317382812}
{"event": "sample", "n": 640, "mode": "forward_backward", "round": 0, "block": 2, "label": "B", "sample": 0, "ms": 14.638239860534668}
{"event": "sample", "n": 640, "mode": "forward_backward", "round": 0, "block": 2, "label": "B", "sample": 1, "ms": 14.435423851013184}
{"event": "sample", "n": 640, "mode": "forward_backward", "round": 0, "block": 2, "label": "B", "sample": 2, "ms": 14.440671920776367}
{"event": "sample", "n": 640, "mode": "forward_backward", "round": 0, "block": 2, "label": "B", "sample": 3, "ms": 14.419615745544434}
{"event": "sample", "n": 640, "mode": "forward_backward", "round": 0, "block": 2, "label": "B", "sample": 4, "ms": 14.419327735900879}
{"event": "sample", "n": 640, "mode": "forward_backward", "round": 0, "block": 2, "label": "B", "sample": 5, "ms": 14.39452838897705}
{"event": "sample", "n": 640, "mode": "forward_backward", "round": 0, "block": 2, "label": "B", "sample": 6, "ms": 14.413344383239746}
{"event": "sample", "n": 640, "mode": "forward_backward", "round": 0, "block": 2, "label": "B", "sample": 7, "ms": 14.401599884033203}
{"event": "sample", "n": 640, "mode": "forward_backward", "round": 0, "block": 2, "label": "B", "sample": 8, "ms": 14.40067195892334}
{"event": "sample", "n": 640, "mode": "forward_backward", "round": 0, "block": 2, "label": "B", "sample": 9, "ms": 14.408191680908203}
{"event": "sample", "n": 640, "mode": "forward_backward", "round": 0, "block": 3, "label": "A", "sample": 0, "ms": 17.529983520507812}
{"event": "sample", "n": 640, "mode": "forward_backward", "round": 0, "block": 3, "label": "A", "sample": 1, "ms": 17.23404884338379}
{"event": "sample", "n": 640, "mode": "forward_backward", "round": 0, "block": 3, "label": "A", "sample": 2, "ms": 17.24025535583496}
{"event": "sample", "n": 640, "mode": "forward_backward", "round": 0, "block": 3, "label": "A", "sample": 3, "ms": 17.23196792602539}
{"event": "sample", "n": 640, "mode": "forward_backward", "round": 0, "block": 3, "label": "A", "sample": 4, "ms": 17.233823776245117}
{"event": "sample", "n": 640, "mode": "forward_backward", "round": 0, "block": 3, "label": "A", "sample": 5, "ms": 17.226463317871094}
{"event": "sample", "n": 640, "mode": "forward_backward", "round": 0, "block": 3, "label": "A", "sample": 6, "ms": 17.23632049560547}
{"event": "sample", "n": 640, "mode": "forward_backward", "round": 0, "block": 3, "label": "A", "sample": 7, "ms": 17.195232391357422}
{"event": "sample", "n": 640, "mode": "forward_backward", "round": 0, "block": 3, "label": "A", "sample": 8, "ms": 17.18796730041504}
{"event": "sample", "n": 640, "mode": "forward_backward", "round": 0, "block": 3, "label": "A", "sample": 9, "ms": 17.191999435424805}
{"event": "sample", "n": 640, "mode": "forward_backward", "round": 1, "block": 0, "label": "A", "sample": 0, "ms": 17.48748779296875}
{"event": "sample", "n": 640, "mode": "forward_backward", "round": 1, "block": 0, "label": "A", "sample": 1, "ms": 17.189599990844727}
{"event": "sample", "n": 640, "mode": "forward_backward", "round": 1, "block": 0, "label": "A", "sample": 2, "ms": 17.187744140625}
{"event": "sample", "n": 640, "mode": "forward_backward", "round": 1, "block": 0, "label": "A", "sample": 3, "ms": 17.202112197875977}
{"event": "sample", "n": 640, "mode": "forward_backward", "round": 1, "block": 0, "label": "A", "sample": 4, "ms": 17.19990348815918}
{"event": "sample", "n": 640, "mode": "forward_backward", "round": 1, "block": 0, "label": "A", "sample": 5, "ms": 17.189504623413086}
{"event": "sample", "n": 640, "mode": "forward_backward", "round": 1, "block": 0, "label": "A", "sample": 6, "ms": 17.199264526367188}
{"event": "sample", "n": 640, "mode": "forward_backward", "round": 1, "block": 0, "label": "A", "sample": 7, "ms": 17.191776275634766}
{"event": "sample", "n": 640, "mode": "forward_backward", "round": 1, "block": 0, "label": "A", "sample": 8, "ms": 17.202463150024414}
{"event": "sample", "n": 640, "mode": "forward_backward", "round": 1, "block": 0, "label": "A", "sample": 9, "ms": 17.196319580078125}
{"event": "sample", "n": 640, "mode": "forward_backward", "round": 1, "block": 1, "label": "B", "sample": 0, "ms": 15.043231964111328}
{"event": "sample", "n": 640, "mode": "forward_backward", "round": 1, "block": 1, "label": "B", "sample": 1, "ms": 14.43171215057373}
{"event": "sample", "n": 640, "mode": "forward_backward", "round": 1, "block": 1, "label": "B", "sample": 2, "ms": 14.451295852661133}
{"event": "sample", "n": 640, "mode": "forward_backward", "round": 1, "block": 1, "label": "B", "sample": 3, "ms": 14.446432113647461}
{"event": "sample", "n": 640, "mode": "forward_backward", "round": 1, "block": 1, "label": "B", "sample": 4, "ms": 14.42899227142334}
{"event": "sample", "n": 640, "mode": "forward_backward", "round": 1, "block": 1, "label": "B", "sample": 5, "ms": 14.489184379577637}
{"event": "sample", "n": 640, "mode": "forward_backward", "round": 1, "block": 1, "label": "B", "sample": 6, "ms": 14.48851203918457}
{"event": "sample", "n": 640, "mode": "forward_backward", "round": 1, "block": 1, "label": "B", "sample": 7, "ms": 14.475423812866211}
{"event": "sample", "n": 640, "mode": "forward_backward", "round": 1, "block": 1, "label": "B", "sample": 8, "ms": 14.471327781677246}
{"event": "sample", "n": 640, "mode": "forward_backward", "round": 1, "block": 1, "label": "B", "sample": 9, "ms": 14.490303993225098}
{"event": "sample", "n": 640, "mode": "forward_backward", "round": 1, "block": 2, "label": "B", "sample": 0, "ms": 14.713279724121094}
{"event": "sample", "n": 640, "mode": "forward_backward", "round": 1, "block": 2, "label": "B", "sample": 1, "ms": 14.468832015991211}
{"event": "sample", "n": 640, "mode": "forward_backward", "round": 1, "block": 2, "label": "B", "sample": 2, "ms": 14.441727638244629}
{"event": "sample", "n": 640, "mode": "forward_backward", "round": 1, "block": 2, "label": "B", "sample": 3, "ms": 14.440863609313965}
{"event": "sample", "n": 640, "mode": "forward_backward", "round": 1, "block": 2, "label": "B", "sample": 4, "ms": 14.45308780670166}
{"event": "sample", "n": 640, "mode": "forward_backward", "round": 1, "block": 2, "label": "B", "sample": 5, "ms": 14.435999870300293}
{"event": "sample", "n": 640, "mode": "forward_backward", "round": 1, "block": 2, "label": "B", "sample": 6, "ms": 14.443872451782227}
{"event": "sample", "n": 640, "mode": "forward_backward", "round": 1, "block": 2, "label": "B", "sample": 7, "ms": 14.454400062561035}
{"event": "sample", "n": 640, "mode": "forward_backward", "round": 1, "block": 2, "label": "B", "sample": 8, "ms": 14.466431617736816}
{"event": "sample", "n": 640, "mode": "forward_backward", "round": 1, "block": 2, "label": "B", "sample": 9, "ms": 14.46406364440918}
{"event": "sample", "n": 640, "mode": "forward_backward", "round": 1, "block": 3, "label": "A", "sample": 0, "ms": 17.692447662353516}
{"event": "sample", "n": 640, "mode": "forward_backward", "round": 1, "block": 3, "label": "A", "sample": 1, "ms": 17.23734474182129}
{"event": "sample", "n": 640, "mode": "forward_backward", "round": 1, "block": 3, "label": "A", "sample": 2, "ms": 17.234304428100586}
{"event": "sample", "n": 640, "mode": "forward_backward", "round": 1, "block": 3, "label": "A", "sample": 3, "ms": 17.238527297973633}
{"event": "sample", "n": 640, "mode": "forward_backward", "round": 1, "block": 3, "label": "A", "sample": 4, "ms": 17.218975067138672}
{"event": "sample", "n": 640, "mode": "forward_backward", "round": 1, "block": 3, "label": "A", "sample": 5, "ms": 17.19708824157715}
{"event": "sample", "n": 640, "mode": "forward_backward", "round": 1, "block": 3, "label": "A", "sample": 6, "ms": 17.198944091796875}
{"event": "sample", "n": 640, "mode": "forward_backward", "round": 1, "block": 3, "label": "A", "sample": 7, "ms": 17.200960159301758}
{"event": "sample", "n": 640, "mode": "forward_backward", "round": 1, "block": 3, "label": "A", "sample": 8, "ms": 17.196735382080078}
{"event": "sample", "n": 640, "mode": "forward_backward", "round": 1, "block": 3, "label": "A", "sample": 9, "ms": 17.194496154785156}
{"event": "sample", "n": 640, "mode": "forward_backward", "round": 2, "block": 0, "label": "A", "sample": 0, "ms": 17.488800048828125}
{"event": "sample", "n": 640, "mode": "forward_backward", "round": 2, "block": 0, "label": "A", "sample": 1, "ms": 17.19830322265625}
{"event": "sample", "n": 640, "mode": "forward_backward", "round": 2, "block": 0, "label": "A", "sample": 2, "ms": 17.20025634765625}
{"event": "sample", "n": 640, "mode": "forward_backward", "round": 2, "block": 0, "label": "A", "sample": 3, "ms": 17.196895599365234}
{"event": "sample", "n": 640, "mode": "forward_backward", "round": 2, "block": 0, "label": "A", "sample": 4, "ms": 17.20047950744629}
{"event": "sample", "n": 640, "mode": "forward_backward", "round": 2, "block": 0, "label": "A", "sample": 5, "ms": 17.191104888916016}
{"event": "sample", "n": 640, "mode": "forward_backward", "round": 2, "block": 0, "label": "A", "sample": 6, "ms": 17.18716812133789}
{"event": "sample", "n": 640, "mode": "forward_backward", "round": 2, "block": 0, "label": "A", "sample": 7, "ms": 17.19615936279297}
{"event": "sample", "n": 640, "mode": "forward_backward", "round": 2, "block": 0, "label": "A", "sample": 8, "ms": 17.196191787719727}
{"event": "sample", "n": 640, "mode": "forward_backward", "round": 2, "block": 0, "label": "A", "sample": 9, "ms": 17.198848724365234}
{"event": "sample", "n": 640, "mode": "forward_backward", "round": 2, "block": 1, "label": "B", "sample": 0, "ms": 14.685407638549805}
{"event": "sample", "n": 640, "mode": "forward_backward", "round": 2, "block": 1, "label": "B", "sample": 1, "ms": 14.391327857971191}
{"event": "sample", "n": 640, "mode": "forward_backward", "round": 2, "block": 1, "label": "B", "sample": 2, "ms": 14.415167808532715}
{"event": "sample", "n": 640, "mode": "forward_backward", "round": 2, "block": 1, "label": "B", "sample": 3, "ms": 14.425536155700684}
{"event": "sample", "n": 640, "mode": "forward_backward", "round": 2, "block": 1, "label": "B", "sample": 4, "ms": 14.42512035369873}
{"event": "sample", "n": 640, "mode": "forward_backward", "round": 2, "block": 1, "label": "B", "sample": 5, "ms": 14.438847541809082}
{"event": "sample", "n": 640, "mode": "forward_backward", "round": 2, "block": 1, "label": "B", "sample": 6, "ms": 14.44320011138916}
{"event": "sample", "n": 640, "mode": "forward_backward", "round": 2, "block": 1, "label": "B", "sample": 7, "ms": 14.453280448913574}
{"event": "sample", "n": 640, "mode": "forward_backward", "round": 2, "block": 1, "label": "B", "sample": 8, "ms": 14.415040016174316}
{"event": "sample", "n": 640, "mode": "forward_backward", "round": 2, "block": 1, "label": "B", "sample": 9, "ms": 14.392959594726562}
{"event": "sample", "n": 640, "mode": "forward_backward", "round": 2, "block": 2, "label": "B", "sample": 0, "ms": 14.624863624572754}
{"event": "sample", "n": 640, "mode": "forward_backward", "round": 2, "block": 2, "label": "B", "sample": 1, "ms": 14.392383575439453}
{"event": "sample", "n": 640, "mode": "forward_backward", "round": 2, "block": 2, "label": "B", "sample": 2, "ms": 14.39299201965332}
{"event": "sample", "n": 640, "mode": "forward_backward", "round": 2, "block": 2, "label": "B", "sample": 3, "ms": 14.400511741638184}
{"event": "sample", "n": 640, "mode": "forward_backward", "round": 2, "block": 2, "label": "B", "sample": 4, "ms": 14.401663780212402}
{"event": "sample", "n": 640, "mode": "forward_backward", "round": 2, "block": 2, "label": "B", "sample": 5, "ms": 14.388319969177246}
{"event": "sample", "n": 640, "mode": "forward_backward", "round": 2, "block": 2, "label": "B", "sample": 6, "ms": 14.429375648498535}
{"event": "sample", "n": 640, "mode": "forward_backward", "round": 2, "block": 2, "label": "B", "sample": 7, "ms": 14.42467212677002}
{"event": "sample", "n": 640, "mode": "forward_backward", "round": 2, "block": 2, "label": "B", "sample": 8, "ms": 14.433119773864746}
{"event": "sample", "n": 640, "mode": "forward_backward", "round": 2, "block": 2, "label": "B", "sample": 9, "ms": 14.431391716003418}
{"event": "sample", "n": 640, "mode": "forward_backward", "round": 2, "block": 3, "label": "A", "sample": 0, "ms": 17.56902313232422}
{"event": "sample", "n": 640, "mode": "forward_backward", "round": 2, "block": 3, "label": "A", "sample": 1, "ms": 17.23721694946289}
{"event": "sample", "n": 640, "mode": "forward_backward", "round": 2, "block": 3, "label": "A", "sample": 2, "ms": 17.216480255126953}
{"event": "sample", "n": 640, "mode": "forward_backward", "round": 2, "block": 3, "label": "A", "sample": 3, "ms": 17.189151763916016}
{"event": "sample", "n": 640, "mode": "forward_backward", "round": 2, "block": 3, "label": "A", "sample": 4, "ms": 17.197664260864258}
{"event": "sample", "n": 640, "mode": "forward_backward", "round": 2, "block": 3, "label": "A", "sample": 5, "ms": 17.196704864501953}
{"event": "sample", "n": 640, "mode": "forward_backward", "round": 2, "block": 3, "label": "A", "sample": 6, "ms": 17.19878387451172}
{"event": "sample", "n": 640, "mode": "forward_backward", "round": 2, "block": 3, "label": "A", "sample": 7, "ms": 17.200992584228516}
{"event": "sample", "n": 640, "mode": "forward_backward", "round": 2, "block": 3, "label": "A", "sample": 8, "ms": 17.20035171508789}
{"event": "sample", "n": 640, "mode": "forward_backward", "round": 2, "block": 3, "label": "A", "sample": 9, "ms": 17.197311401367188}
{"event": "summary", "n": 640, "mode": "forward_backward", "median_ms": {"A": 17.199280738830566, "B": 14.431551933288574}, "speedup": 1.1917831719233054, "samples_per_label": 60}
{"event": "parity", "n": 768, "checks": {"output": {"relative_l2": 0.0010035739978775382, "baseline_zero_max_abs_diagnostic": 0.0, "passed": true}, "dq": {"relative_l2": 0.001050156424753368, "baseline_zero_max_abs_diagnostic": 0.0, "passed": true}, "dk": {"relative_l2": 0.0011302817147225142, "baseline_zero_max_abs_diagnostic": 0.0, "passed": true}, "dv": {"relative_l2": 5.162725574336946e-05, "baseline_zero_max_abs_diagnostic": 0.0, "passed": true}, "db": {"relative_l2": 0.0006384055595844984, "baseline_zero_max_abs_diagnostic": 0.0, "passed": true}}, "independent_reference": false}
{"event": "memory", "n": 768, "measurements": {"A": {"peak_increment_bytes": 1331232768, "retained_increment_bytes": 1217396736}, "B": {"peak_increment_bytes": 1413242880, "retained_increment_bytes": 1217396736}}}
{"event": "sample", "n": 768, "mode": "forward", "round": 0, "block": 0, "label": "A", "sample": 0, "ms": 4.960480213165283}
{"event": "sample", "n": 768, "mode": "forward", "round": 0, "block": 0, "label": "A", "sample": 1, "ms": 4.731584072113037}
{"event": "sample", "n": 768, "mode": "forward", "round": 0, "block": 0, "label": "A", "sample": 2, "ms": 4.733344078063965}
{"event": "sample", "n": 768, "mode": "forward", "round": 0, "block": 0, "label": "A", "sample": 3, "ms": 4.7325758934021}
{"event": "sample", "n": 768, "mode": "forward", "round": 0, "block": 0, "label": "A", "sample": 4, "ms": 4.736512184143066}
{"event": "sample", "n": 768, "mode": "forward", "round": 0, "block": 0, "label": "A", "sample": 5, "ms": 4.73308801651001}
{"event": "sample", "n": 768, "mode": "forward", "round": 0, "block": 0, "label": "A", "sample": 6, "ms": 4.733695983886719}
{"event": "sample", "n": 768, "mode": "forward", "round": 0, "block": 0, "label": "A", "sample": 7, "ms": 4.737823963165283}
{"event": "sample", "n": 768, "mode": "forward", "round": 0, "block": 0, "label": "A", "sample": 8, "ms": 4.74294376373291}
{"event": "sample", "n": 768, "mode": "forward", "round": 0, "block": 0, "label": "A", "sample": 9, "ms": 4.745312213897705}
{"event": "sample", "n": 768, "mode": "forward", "round": 0, "block": 1, "label": "B", "sample": 0, "ms": 6.725088119506836}
{"event": "sample", "n": 768, "mode": "forward", "round": 0, "block": 1, "label": "B", "sample": 1, "ms": 6.505343914031982}
{"event": "sample", "n": 768, "mode": "forward", "round": 0, "block": 1, "label": "B", "sample": 2, "ms": 6.504447937011719}
{"event": "sample", "n": 768, "mode": "forward", "round": 0, "block": 1, "label": "B", "sample": 3, "ms": 6.5004801750183105}
{"event": "sample", "n": 768, "mode": "forward", "round": 0, "block": 1, "label": "B", "sample": 4, "ms": 6.501344203948975}
{"event": "sample", "n": 768, "mode": "forward", "round": 0, "block": 1, "label": "B", "sample": 5, "ms": 6.5068159103393555}
{"event": "sample", "n": 768, "mode": "forward", "round": 0, "block": 1, "label": "B", "sample": 6, "ms": 6.500415802001953}
{"event": "sample", "n": 768, "mode": "forward", "round": 0, "block": 1, "label": "B", "sample": 7, "ms": 6.501535892486572}
{"event": "sample", "n": 768, "mode": "forward", "round": 0, "block": 1, "label": "B", "sample": 8, "ms": 6.5009918212890625}
{"event": "sample", "n": 768, "mode": "forward", "round": 0, "block": 1, "label": "B", "sample": 9, "ms": 6.501503944396973}
{"event": "sample", "n": 768, "mode": "forward", "round": 0, "block": 2, "label": "B", "sample": 0, "ms": 6.6860480308532715}
{"event": "sample", "n": 768, "mode": "forward", "round": 0, "block": 2, "label": "B", "sample": 1, "ms": 6.502624034881592}
{"event": "sample", "n": 768, "mode": "forward", "round": 0, "block": 2, "label": "B", "sample": 2, "ms": 6.502079963684082}
{"event": "sample", "n": 768, "mode": "forward", "round": 0, "block": 2, "label": "B", "sample": 3, "ms": 6.498816013336182}
{"event": "sample", "n": 768, "mode": "forward", "round": 0, "block": 2, "label": "B", "sample": 4, "ms": 6.488607883453369}
{"event": "sample", "n": 768, "mode": "forward", "round": 0, "block": 2, "label": "B", "sample": 5, "ms": 6.48799991607666}
{"event": "sample", "n": 768, "mode": "forward", "round": 0, "block": 2, "label": "B", "sample": 6, "ms": 6.491040229797363}
{"event": "sample", "n": 768, "mode": "forward", "round": 0, "block": 2, "label": "B", "sample": 7, "ms": 6.494080066680908}
{"event": "sample", "n": 768, "mode": "forward", "round": 0, "block": 2, "label": "B", "sample": 8, "ms": 6.490464210510254}
{"event": "sample", "n": 768, "mode": "forward", "round": 0, "block": 2, "label": "B", "sample": 9, "ms": 6.489920139312744}
{"event": "sample", "n": 768, "mode": "forward", "round": 0, "block": 3, "label": "A", "sample": 0, "ms": 5.006080150604248}
{"event": "sample", "n": 768, "mode": "forward", "round": 0, "block": 3, "label": "A", "sample": 1, "ms": 4.733503818511963}
{"event": "sample", "n": 768, "mode": "forward", "round": 0, "block": 3, "label": "A", "sample": 2, "ms": 4.734591960906982}
{"event": "sample", "n": 768, "mode": "forward", "round": 0, "block": 3, "label": "A", "sample": 3, "ms": 4.7321600914001465}
{"event": "sample", "n": 768, "mode": "forward", "round": 0, "block": 3, "label": "A", "sample": 4, "ms": 4.733119964599609}
{"event": "sample", "n": 768, "mode": "forward", "round": 0, "block": 3, "label": "A", "sample": 5, "ms": 4.732992172241211}
{"event": "sample", "n": 768, "mode": "forward", "round": 0, "block": 3, "label": "A", "sample": 6, "ms": 4.73356819152832}
{"event": "sample", "n": 768, "mode": "forward", "round": 0, "block": 3, "label": "A", "sample": 7, "ms": 4.735136032104492}
{"event": "sample", "n": 768, "mode": "forward", "round": 0, "block": 3, "label": "A", "sample": 8, "ms": 4.735040187835693}
{"event": "sample", "n": 768, "mode": "forward", "round": 0, "block": 3, "label": "A", "sample": 9, "ms": 4.734560012817383}
{"event": "sample", "n": 768, "mode": "forward", "round": 1, "block": 0, "label": "A", "sample": 0, "ms": 4.9588799476623535}
{"event": "sample", "n": 768, "mode": "forward", "round": 1, "block": 0, "label": "A", "sample": 1, "ms": 4.732128143310547}
{"event": "sample", "n": 768, "mode": "forward", "round": 1, "block": 0, "label": "A", "sample": 2, "ms": 4.731776237487793}
{"event": "sample", "n": 768, "mode": "forward", "round": 1, "block": 0, "label": "A", "sample": 3, "ms": 4.73199987411499}
{"event": "sample", "n": 768, "mode": "forward", "round": 1, "block": 0, "label": "A", "sample": 4, "ms": 4.73305606842041}
{"event": "sample", "n": 768, "mode": "forward", "round": 1, "block": 0, "label": "A", "sample": 5, "ms": 4.733759880065918}
{"event": "sample", "n": 768, "mode": "forward", "round": 1, "block": 0, "label": "A", "sample": 6, "ms": 4.734272003173828}
{"event": "sample", "n": 768, "mode": "forward", "round": 1, "block": 0, "label": "A", "sample": 7, "ms": 4.733983993530273}
{"event": "sample", "n": 768, "mode": "forward", "round": 1, "block": 0, "label": "A", "sample": 8, "ms": 4.7325439453125}
{"event": "sample", "n": 768, "mode": "forward", "round": 1, "block": 0, "label": "A", "sample": 9, "ms": 4.7330241203308105}
{"event": "sample", "n": 768, "mode": "forward", "round": 1, "block": 1, "label": "B", "sample": 0, "ms": 6.715936183929443}
{"event": "sample", "n": 768, "mode": "forward", "round": 1, "block": 1, "label": "B", "sample": 1, "ms": 6.491456031799316}
{"event": "sample", "n": 768, "mode": "forward", "round": 1, "block": 1, "label": "B", "sample": 2, "ms": 6.488927841186523}
{"event": "sample", "n": 768, "mode": "forward", "round": 1, "block": 1, "label": "B", "sample": 3, "ms": 6.490975856781006}
{"event": "sample", "n": 768, "mode": "forward", "round": 1, "block": 1, "label": "B", "sample": 4, "ms": 6.490367889404297}
{"event": "sample", "n": 768, "mode": "forward", "round": 1, "block": 1, "label": "B", "sample": 5, "ms": 6.493631839752197}
{"event": "sample", "n": 768, "mode": "forward", "round": 1, "block": 1, "label": "B", "sample": 6, "ms": 6.489408016204834}
{"event": "sample", "n": 768, "mode": "forward", "round": 1, "block": 1, "label": "B", "sample": 7, "ms": 6.490943908691406}
{"event": "sample", "n": 768, "mode": "forward", "round": 1, "block": 1, "label": "B", "sample": 8, "ms": 6.49129581451416}
{"event": "sample", "n": 768, "mode": "forward", "round": 1, "block": 1, "label": "B", "sample": 9, "ms": 6.490719795227051}
{"event": "sample", "n": 768, "mode": "forward", "round": 1, "block": 2, "label": "B", "sample": 0, "ms": 6.676767826080322}
{"event": "sample", "n": 768, "mode": "forward", "round": 1, "block": 2, "label": "B", "sample": 1, "ms": 6.490272045135498}
{"event": "sample", "n": 768, "mode": "forward", "round": 1, "block": 2, "label": "B", "sample": 2, "ms": 6.4891839027404785}
{"event": "sample", "n": 768, "mode": "forward", "round": 1, "block": 2, "label": "B", "sample": 3, "ms": 6.491744041442871}
{"event": "sample", "n": 768, "mode": "forward", "round": 1, "block": 2, "label": "B", "sample": 4, "ms": 6.490079879760742}
{"event": "sample", "n": 768, "mode": "forward", "round": 1, "block": 2, "label": "B", "sample": 5, "ms": 6.487296104431152}
{"event": "sample", "n": 768, "mode": "forward", "round": 1, "block": 2, "label": "B", "sample": 6, "ms": 6.488800048828125}
{"event": "sample", "n": 768, "mode": "forward", "round": 1, "block": 2, "label": "B", "sample": 7, "ms": 6.490816116333008}
{"event": "sample", "n": 768, "mode": "forward", "round": 1, "block": 2, "label": "B", "sample": 8, "ms": 6.490880012512207}
{"event": "sample", "n": 768, "mode": "forward", "round": 1, "block": 2, "label": "B", "sample": 9, "ms": 6.4891839027404785}
{"event": "sample", "n": 768, "mode": "forward", "round": 1, "block": 3, "label": "A", "sample": 0, "ms": 5.002240180969238}
{"event": "sample", "n": 768, "mode": "forward", "round": 1, "block": 3, "label": "A", "sample": 1, "ms": 4.733183860778809}
{"event": "sample", "n": 768, "mode": "forward", "round": 1, "block": 3, "label": "A", "sample": 2, "ms": 4.7333760261535645}
{"event": "sample", "n": 768, "mode": "forward", "round": 1, "block": 3, "label": "A", "sample": 3, "ms": 4.731872081756592}
{"event": "sample", "n": 768, "mode": "forward", "round": 1, "block": 3, "label": "A", "sample": 4, "ms": 4.732831954956055}
{"event": "sample", "n": 768, "mode": "forward", "round": 1, "block": 3, "label": "A", "sample": 5, "ms": 4.740447998046875}
{"event": "sample", "n": 768, "mode": "forward", "round": 1, "block": 3, "label": "A", "sample": 6, "ms": 4.745952129364014}
{"event": "sample", "n": 768, "mode": "forward", "round": 1, "block": 3, "label": "A", "sample": 7, "ms": 4.746719837188721}
{"event": "sample", "n": 768, "mode": "forward", "round": 1, "block": 3, "label": "A", "sample": 8, "ms": 4.7445759773254395}
{"event": "sample", "n": 768, "mode": "forward", "round": 1, "block": 3, "label": "A", "sample": 9, "ms": 4.745471954345703}
{"event": "sample", "n": 768, "mode": "forward", "round": 2, "block": 0, "label": "A", "sample": 0, "ms": 4.971583843231201}
{"event": "sample", "n": 768, "mode": "forward", "round": 2, "block": 0, "label": "A", "sample": 1, "ms": 4.742015838623047}
{"event": "sample", "n": 768, "mode": "forward", "round": 2, "block": 0, "label": "A", "sample": 2, "ms": 4.743199825286865}
{"event": "sample", "n": 768, "mode": "forward", "round": 2, "block": 0, "label": "A", "sample": 3, "ms": 4.743008136749268}
{"event": "sample", "n": 768, "mode": "forward", "round": 2, "block": 0, "label": "A", "sample": 4, "ms": 4.7454400062561035}
{"event": "sample", "n": 768, "mode": "forward", "round": 2, "block": 0, "label": "A", "sample": 5, "ms": 4.745728015899658}
{"event": "sample", "n": 768, "mode": "forward", "round": 2, "block": 0, "label": "A", "sample": 6, "ms": 4.744319915771484}
{"event": "sample", "n": 768, "mode": "forward", "round": 2, "block": 0, "label": "A", "sample": 7, "ms": 4.741663932800293}
{"event": "sample", "n": 768, "mode": "forward", "round": 2, "block": 0, "label": "A", "sample": 8, "ms": 4.743040084838867}
{"event": "sample", "n": 768, "mode": "forward", "round": 2, "block": 0, "label": "A", "sample": 9, "ms": 4.744287967681885}
{"event": "sample", "n": 768, "mode": "forward", "round": 2, "block": 1, "label": "B", "sample": 0, "ms": 6.742271900177002}
{"event": "sample", "n": 768, "mode": "forward", "round": 2, "block": 1, "label": "B", "sample": 1, "ms": 6.501503944396973}
{"event": "sample", "n": 768, "mode": "forward", "round": 2, "block": 1, "label": "B", "sample": 2, "ms": 6.501760005950928}
{"event": "sample", "n": 768, "mode": "forward", "round": 2, "block": 1, "label": "B", "sample": 3, "ms": 6.498688220977783}
{"event": "sample", "n": 768, "mode": "forward", "round": 2, "block": 1, "label": "B", "sample": 4, "ms": 6.494592189788818}
{"event": "sample", "n": 768, "mode": "forward", "round": 2, "block": 1, "label": "B", "sample": 5, "ms": 6.493408203125}
{"event": "sample", "n": 768, "mode": "forward", "round": 2, "block": 1, "label": "B", "sample": 6, "ms": 6.486911773681641}
{"event": "sample", "n": 768, "mode": "forward", "round": 2, "block": 1, "label": "B", "sample": 7, "ms": 6.490592002868652}
{"event": "sample", "n": 768, "mode": "forward", "round": 2, "block": 1, "label": "B", "sample": 8, "ms": 6.491456031799316}
{"event": "sample", "n": 768, "mode": "forward", "round": 2, "block": 1, "label": "B", "sample": 9, "ms": 6.487679958343506}
{"event": "sample", "n": 768, "mode": "forward", "round": 2, "block": 2, "label": "B", "sample": 0, "ms": 6.674015998840332}
{"event": "sample", "n": 768, "mode": "forward", "round": 2, "block": 2, "label": "B", "sample": 1, "ms": 6.492959976196289}
{"event": "sample", "n": 768, "mode": "forward", "round": 2, "block": 2, "label": "B", "sample": 2, "ms": 6.4903998374938965}
{"event": "sample", "n": 768, "mode": "forward", "round": 2, "block": 2, "label": "B", "sample": 3, "ms": 6.489696025848389}
{"event": "sample", "n": 768, "mode": "forward", "round": 2, "block": 2, "label": "B", "sample": 4, "ms": 6.491168022155762}
{"event": "sample", "n": 768, "mode": "forward", "round": 2, "block": 2, "label": "B", "sample": 5, "ms": 6.488128185272217}
{"event": "sample", "n": 768, "mode": "forward", "round": 2, "block": 2, "label": "B", "sample": 6, "ms": 6.492032051086426}
{"event": "sample", "n": 768, "mode": "forward", "round": 2, "block": 2, "label": "B", "sample": 7, "ms": 6.490079879760742}
{"event": "sample", "n": 768, "mode": "forward", "round": 2, "block": 2, "label": "B", "sample": 8, "ms": 6.48851203918457}
{"event": "sample", "n": 768, "mode": "forward", "round": 2, "block": 2, "label": "B", "sample": 9, "ms": 6.4898881912231445}
{"event": "sample", "n": 768, "mode": "forward", "round": 2, "block": 3, "label": "A", "sample": 0, "ms": 4.998879909515381}
{"event": "sample", "n": 768, "mode": "forward", "round": 2, "block": 3, "label": "A", "sample": 1, "ms": 4.7294721603393555}
{"event": "sample", "n": 768, "mode": "forward", "round": 2, "block": 3, "label": "A", "sample": 2, "ms": 4.73414421081543}
{"event": "sample", "n": 768, "mode": "forward", "round": 2, "block": 3, "label": "A", "sample": 3, "ms": 4.732448101043701}
{"event": "sample", "n": 768, "mode": "forward", "round": 2, "block": 3, "label": "A", "sample": 4, "ms": 4.733664035797119}
{"event": "sample", "n": 768, "mode": "forward", "round": 2, "block": 3, "label": "A", "sample": 5, "ms": 4.733503818511963}
{"event": "sample", "n": 768, "mode": "forward", "round": 2, "block": 3, "label": "A", "sample": 6, "ms": 4.730815887451172}
{"event": "sample", "n": 768, "mode": "forward", "round": 2, "block": 3, "label": "A", "sample": 7, "ms": 4.729983806610107}
{"event": "sample", "n": 768, "mode": "forward", "round": 2, "block": 3, "label": "A", "sample": 8, "ms": 4.732639789581299}
{"event": "sample", "n": 768, "mode": "forward", "round": 2, "block": 3, "label": "A", "sample": 9, "ms": 4.733248233795166}
{"event": "summary", "n": 768, "mode": "forward", "median_ms": {"A": 4.734064102172852, "B": 6.491375923156738}, "speedup": 0.7292851559073918, "samples_per_label": 60}
{"event": "sample", "n": 768, "mode": "backward", "round": 0, "block": 0, "label": "A", "sample": 0, "ms": 24.836576461791992}
{"event": "sample", "n": 768, "mode": "backward", "round": 0, "block": 0, "label": "A", "sample": 1, "ms": 24.49286460876465}
{"event": "sample", "n": 768, "mode": "backward", "round": 0, "block": 0, "label": "A", "sample": 2, "ms": 24.49635124206543}
{"event": "sample", "n": 768, "mode": "backward", "round": 0, "block": 0, "label": "A", "sample": 3, "ms": 24.499935150146484}
{"event": "sample", "n": 768, "mode": "backward", "round": 0, "block": 0, "label": "A", "sample": 4, "ms": 24.526592254638672}
{"event": "sample", "n": 768, "mode": "backward", "round": 0, "block": 0, "label": "A", "sample": 5, "ms": 24.557920455932617}
{"event": "sample", "n": 768, "mode": "backward", "round": 0, "block": 0, "label": "A", "sample": 6, "ms": 24.554943084716797}
{"event": "sample", "n": 768, "mode": "backward", "round": 0, "block": 0, "label": "A", "sample": 7, "ms": 24.552671432495117}
{"event": "sample", "n": 768, "mode": "backward", "round": 0, "block": 0, "label": "A", "sample": 8, "ms": 24.52137565612793}
{"event": "sample", "n": 768, "mode": "backward", "round": 0, "block": 0, "label": "A", "sample": 9, "ms": 24.49635124206543}
{"event": "sample", "n": 768, "mode": "backward", "round": 0, "block": 1, "label": "B", "sample": 0, "ms": 18.094303131103516}
{"event": "sample", "n": 768, "mode": "backward", "round": 0, "block": 1, "label": "B", "sample": 1, "ms": 17.850719451904297}
{"event": "sample", "n": 768, "mode": "backward", "round": 0, "block": 1, "label": "B", "sample": 2, "ms": 17.832447052001953}
{"event": "sample", "n": 768, "mode": "backward", "round": 0, "block": 1, "label": "B", "sample": 3, "ms": 17.869247436523438}
{"event": "sample", "n": 768, "mode": "backward", "round": 0, "block": 1, "label": "B", "sample": 4, "ms": 17.91391944885254}
{"event": "sample", "n": 768, "mode": "backward", "round": 0, "block": 1, "label": "B", "sample": 5, "ms": 17.88153648376465}
{"event": "sample", "n": 768, "mode": "backward", "round": 0, "block": 1, "label": "B", "sample": 6, "ms": 17.899904251098633}
{"event": "sample", "n": 768, "mode": "backward", "round": 0, "block": 1, "label": "B", "sample": 7, "ms": 17.873119354248047}
{"event": "sample", "n": 768, "mode": "backward", "round": 0, "block": 1, "label": "B", "sample": 8, "ms": 17.89740753173828}
{"event": "sample", "n": 768, "mode": "backward", "round": 0, "block": 1, "label": "B", "sample": 9, "ms": 17.862464904785156}
{"event": "sample", "n": 768, "mode": "backward", "round": 0, "block": 2, "label": "B", "sample": 0, "ms": 18.47091293334961}
{"event": "sample", "n": 768, "mode": "backward", "round": 0, "block": 2, "label": "B", "sample": 1, "ms": 17.861055374145508}
{"event": "sample", "n": 768, "mode": "backward", "round": 0, "block": 2, "label": "B", "sample": 2, "ms": 17.847871780395508}
{"event": "sample", "n": 768, "mode": "backward", "round": 0, "block": 2, "label": "B", "sample": 3, "ms": 17.851167678833008}
{"event": "sample", "n": 768, "mode": "backward", "round": 0, "block": 2, "label": "B", "sample": 4, "ms": 17.886783599853516}
{"event": "sample", "n": 768, "mode": "backward", "round": 0, "block": 2, "label": "B", "sample": 5, "ms": 17.91529655456543}
{"event": "sample", "n": 768, "mode": "backward", "round": 0, "block": 2, "label": "B", "sample": 6, "ms": 17.88355255126953}
{"event": "sample", "n": 768, "mode": "backward", "round": 0, "block": 2, "label": "B", "sample": 7, "ms": 17.861183166503906}
{"event": "sample", "n": 768, "mode": "backward", "round": 0, "block": 2, "label": "B", "sample": 8, "ms": 17.863967895507812}
{"event": "sample", "n": 768, "mode": "backward", "round": 0, "block": 2, "label": "B", "sample": 9, "ms": 17.896095275878906}
{"event": "sample", "n": 768, "mode": "backward", "round": 0, "block": 3, "label": "A", "sample": 0, "ms": 24.96544075012207}
{"event": "sample", "n": 768, "mode": "backward", "round": 0, "block": 3, "label": "A", "sample": 1, "ms": 24.490751266479492}
{"event": "sample", "n": 768, "mode": "backward", "round": 0, "block": 3, "label": "A", "sample": 2, "ms": 24.50102424621582}
{"event": "sample", "n": 768, "mode": "backward", "round": 0, "block": 3, "label": "A", "sample": 3, "ms": 24.50048065185547}
{"event": "sample", "n": 768, "mode": "backward", "round": 0, "block": 3, "label": "A", "sample": 4, "ms": 24.554624557495117}
{"event": "sample", "n": 768, "mode": "backward", "round": 0, "block": 3, "label": "A", "sample": 5, "ms": 24.548927307128906}
{"event": "sample", "n": 768, "mode": "backward", "round": 0, "block": 3, "label": "A", "sample": 6, "ms": 24.54969596862793}
{"event": "sample", "n": 768, "mode": "backward", "round": 0, "block": 3, "label": "A", "sample": 7, "ms": 24.55241584777832}
{"event": "sample", "n": 768, "mode": "backward", "round": 0, "block": 3, "label": "A", "sample": 8, "ms": 24.509855270385742}
{"event": "sample", "n": 768, "mode": "backward", "round": 0, "block": 3, "label": "A", "sample": 9, "ms": 24.501407623291016}
{"event": "sample", "n": 768, "mode": "backward", "round": 1, "block": 0, "label": "A", "sample": 0, "ms": 24.88092803955078}
{"event": "sample", "n": 768, "mode": "backward", "round": 1, "block": 0, "label": "A", "sample": 1, "ms": 24.48579216003418}
{"event": "sample", "n": 768, "mode": "backward", "round": 1, "block": 0, "label": "A", "sample": 2, "ms": 24.497440338134766}
{"event": "sample", "n": 768, "mode": "backward", "round": 1, "block": 0, "label": "A", "sample": 3, "ms": 24.48700714111328}
{"event": "sample", "n": 768, "mode": "backward", "round": 1, "block": 0, "label": "A", "sample": 4, "ms": 24.48454475402832}
{"event": "sample", "n": 768, "mode": "backward", "round": 1, "block": 0, "label": "A", "sample": 5, "ms": 24.498336791992188}
{"event": "sample", "n": 768, "mode": "backward", "round": 1, "block": 0, "label": "A", "sample": 6, "ms": 24.500736236572266}
{"event": "sample", "n": 768, "mode": "backward", "round": 1, "block": 0, "label": "A", "sample": 7, "ms": 24.49945640563965}
{"event": "sample", "n": 768, "mode": "backward", "round": 1, "block": 0, "label": "A", "sample": 8, "ms": 24.49920082092285}
{"event": "sample", "n": 768, "mode": "backward", "round": 1, "block": 0, "label": "A", "sample": 9, "ms": 24.50441551208496}
{"event": "sample", "n": 768, "mode": "backward", "round": 1, "block": 1, "label": "B", "sample": 0, "ms": 18.092544555664062}
{"event": "sample", "n": 768, "mode": "backward", "round": 1, "block": 1, "label": "B", "sample": 1, "ms": 17.897151947021484}
{"event": "sample", "n": 768, "mode": "backward", "round": 1, "block": 1, "label": "B", "sample": 2, "ms": 17.890880584716797}
{"event": "sample", "n": 768, "mode": "backward", "round": 1, "block": 1, "label": "B", "sample": 3, "ms": 17.88256072998047}
{"event": "sample", "n": 768, "mode": "backward", "round": 1, "block": 1, "label": "B", "sample": 4, "ms": 17.870304107666016}
{"event": "sample", "n": 768, "mode": "backward", "round": 1, "block": 1, "label": "B", "sample": 5, "ms": 17.884511947631836}
{"event": "sample", "n": 768, "mode": "backward", "round": 1, "block": 1, "label": "B", "sample": 6, "ms": 17.863391876220703}
{"event": "sample", "n": 768, "mode": "backward", "round": 1, "block": 1, "label": "B", "sample": 7, "ms": 17.848735809326172}
{"event": "sample", "n": 768, "mode": "backward", "round": 1, "block": 1, "label": "B", "sample": 8, "ms": 17.831392288208008}
{"event": "sample", "n": 768, "mode": "backward", "round": 1, "block": 1, "label": "B", "sample": 9, "ms": 17.828031539916992}
{"event": "sample", "n": 768, "mode": "backward", "round": 1, "block": 2, "label": "B", "sample": 0, "ms": 18.013248443603516}
{"event": "sample", "n": 768, "mode": "backward", "round": 1, "block": 2, "label": "B", "sample": 1, "ms": 17.83795166015625}
{"event": "sample", "n": 768, "mode": "backward", "round": 1, "block": 2, "label": "B", "sample": 2, "ms": 17.813600540161133}
{"event": "sample", "n": 768, "mode": "backward", "round": 1, "block": 2, "label": "B", "sample": 3, "ms": 17.8503360748291}
{"event": "sample", "n": 768, "mode": "backward", "round": 1, "block": 2, "label": "B", "sample": 4, "ms": 17.8437442779541}
{"event": "sample", "n": 768, "mode": "backward", "round": 1, "block": 2, "label": "B", "sample": 5, "ms": 17.85385513305664}
{"event": "sample", "n": 768, "mode": "backward", "round": 1, "block": 2, "label": "B", "sample": 6, "ms": 17.841407775878906}
{"event": "sample", "n": 768, "mode": "backward", "round": 1, "block": 2, "label": "B", "sample": 7, "ms": 17.825376510620117}
{"event": "sample", "n": 768, "mode": "backward", "round": 1, "block": 2, "label": "B", "sample": 8, "ms": 17.81599998474121}
{"event": "sample", "n": 768, "mode": "backward", "round": 1, "block": 2, "label": "B", "sample": 9, "ms": 17.817312240600586}
{"event": "sample", "n": 768, "mode": "backward", "round": 1, "block": 3, "label": "A", "sample": 0, "ms": 24.847871780395508}
{"event": "sample", "n": 768, "mode": "backward", "round": 1, "block": 3, "label": "A", "sample": 1, "ms": 24.471712112426758}
{"event": "sample", "n": 768, "mode": "backward", "round": 1, "block": 3, "label": "A", "sample": 2, "ms": 24.49577522277832}
{"event": "sample", "n": 768, "mode": "backward", "round": 1, "block": 3, "label": "A", "sample": 3, "ms": 24.498912811279297}
{"event": "sample", "n": 768, "mode": "backward", "round": 1, "block": 3, "label": "A", "sample": 4, "ms": 24.50284767150879}
{"event": "sample", "n": 768, "mode": "backward", "round": 1, "block": 3, "label": "A", "sample": 5, "ms": 24.496639251708984}
{"event": "sample", "n": 768, "mode": "backward", "round": 1, "block": 3, "label": "A", "sample": 6, "ms": 24.49724769592285}
{"event": "sample", "n": 768, "mode": "backward", "round": 1, "block": 3, "label": "A", "sample": 7, "ms": 24.50124740600586}
{"event": "sample", "n": 768, "mode": "backward", "round": 1, "block": 3, "label": "A", "sample": 8, "ms": 24.498079299926758}
{"event": "sample", "n": 768, "mode": "backward", "round": 1, "block": 3, "label": "A", "sample": 9, "ms": 24.498720169067383}
{"event": "sample", "n": 768, "mode": "backward", "round": 2, "block": 0, "label": "A", "sample": 0, "ms": 24.852384567260742}
{"event": "sample", "n": 768, "mode": "backward", "round": 2, "block": 0, "label": "A", "sample": 1, "ms": 24.499008178710938}
{"event": "sample", "n": 768, "mode": "backward", "round": 2, "block": 0, "label": "A", "sample": 2, "ms": 24.50204849243164}
{"event": "sample", "n": 768, "mode": "backward", "round": 2, "block": 0, "label": "A", "sample": 3, "ms": 24.496063232421875}
{"event": "sample", "n": 768, "mode": "backward", "round": 2, "block": 0, "label": "A", "sample": 4, "ms": 24.483840942382812}
{"event": "sample", "n": 768, "mode": "backward", "round": 2, "block": 0, "label": "A", "sample": 5, "ms": 24.49660873413086}
{"event": "sample", "n": 768, "mode": "backward", "round": 2, "block": 0, "label": "A", "sample": 6, "ms": 24.497024536132812}
{"event": "sample", "n": 768, "mode": "backward", "round": 2, "block": 0, "label": "A", "sample": 7, "ms": 24.493791580200195}
{"event": "sample", "n": 768, "mode": "backward", "round": 2, "block": 0, "label": "A", "sample": 8, "ms": 24.496448516845703}
{"event": "sample", "n": 768, "mode": "backward", "round": 2, "block": 0, "label": "A", "sample": 9, "ms": 24.504127502441406}
{"event": "sample", "n": 768, "mode": "backward", "round": 2, "block": 1, "label": "B", "sample": 0, "ms": 18.049663543701172}
{"event": "sample", "n": 768, "mode": "backward", "round": 2, "block": 1, "label": "B", "sample": 1, "ms": 17.841920852661133}
{"event": "sample", "n": 768, "mode": "backward", "round": 2, "block": 1, "label": "B", "sample": 2, "ms": 17.845855712890625}
{"event": "sample", "n": 768, "mode": "backward", "round": 2, "block": 1, "label": "B", "sample": 3, "ms": 17.88742446899414}
{"event": "sample", "n": 768, "mode": "backward", "round": 2, "block": 1, "label": "B", "sample": 4, "ms": 17.889055252075195}
{"event": "sample", "n": 768, "mode": "backward", "round": 2, "block": 1, "label": "B", "sample": 5, "ms": 17.912639617919922}
{"event": "sample", "n": 768, "mode": "backward", "round": 2, "block": 1, "label": "B", "sample": 6, "ms": 17.882112503051758}
{"event": "sample", "n": 768, "mode": "backward", "round": 2, "block": 1, "label": "B", "sample": 7, "ms": 17.890560150146484}
{"event": "sample", "n": 768, "mode": "backward", "round": 2, "block": 1, "label": "B", "sample": 8, "ms": 17.8538875579834}
{"event": "sample", "n": 768, "mode": "backward", "round": 2, "block": 1, "label": "B", "sample": 9, "ms": 17.817312240600586}
{"event": "sample", "n": 768, "mode": "backward", "round": 2, "block": 2, "label": "B", "sample": 0, "ms": 18.051712036132812}
{"event": "sample", "n": 768, "mode": "backward", "round": 2, "block": 2, "label": "B", "sample": 1, "ms": 17.83126449584961}
{"event": "sample", "n": 768, "mode": "backward", "round": 2, "block": 2, "label": "B", "sample": 2, "ms": 17.848255157470703}
{"event": "sample", "n": 768, "mode": "backward", "round": 2, "block": 2, "label": "B", "sample": 3, "ms": 17.831327438354492}
{"event": "sample", "n": 768, "mode": "backward", "round": 2, "block": 2, "label": "B", "sample": 4, "ms": 17.899744033813477}
{"event": "sample", "n": 768, "mode": "backward", "round": 2, "block": 2, "label": "B", "sample": 5, "ms": 17.878847122192383}
{"event": "sample", "n": 768, "mode": "backward", "round": 2, "block": 2, "label": "B", "sample": 6, "ms": 17.88377571105957}
{"event": "sample", "n": 768, "mode": "backward", "round": 2, "block": 2, "label": "B", "sample": 7, "ms": 17.898944854736328}
{"event": "sample", "n": 768, "mode": "backward", "round": 2, "block": 2, "label": "B", "sample": 8, "ms": 17.872127532958984}
{"event": "sample", "n": 768, "mode": "backward", "round": 2, "block": 2, "label": "B", "sample": 9, "ms": 17.870271682739258}
{"event": "sample", "n": 768, "mode": "backward", "round": 2, "block": 3, "label": "A", "sample": 0, "ms": 24.841535568237305}
{"event": "sample", "n": 768, "mode": "backward", "round": 2, "block": 3, "label": "A", "sample": 1, "ms": 24.4899845123291}
{"event": "sample", "n": 768, "mode": "backward", "round": 2, "block": 3, "label": "A", "sample": 2, "ms": 24.498464584350586}
{"event": "sample", "n": 768, "mode": "backward", "round": 2, "block": 3, "label": "A", "sample": 3, "ms": 24.49951934814453}
{"event": "sample", "n": 768, "mode": "backward", "round": 2, "block": 3, "label": "A", "sample": 4, "ms": 24.50873565673828}
{"event": "sample", "n": 768, "mode": "backward", "round": 2, "block": 3, "label": "A", "sample": 5, "ms": 24.49519920349121}
{"event": "sample", "n": 768, "mode": "backward", "round": 2, "block": 3, "label": "A", "sample": 6, "ms": 24.49622344970703}
{"event": "sample", "n": 768, "mode": "backward", "round": 2, "block": 3, "label": "A", "sample": 7, "ms": 24.503328323364258}
{"event": "sample", "n": 768, "mode": "backward", "round": 2, "block": 3, "label": "A", "sample": 8, "ms": 24.5599365234375}
{"event": "sample", "n": 768, "mode": "backward", "round": 2, "block": 3, "label": "A", "sample": 9, "ms": 24.553407669067383}
{"event": "summary", "n": 768, "mode": "backward", "median_ms": {"A": 24.499727249145508, "B": 17.870287895202637}, "speedup": 1.3709755205299505, "samples_per_label": 60}
{"event": "sample", "n": 768, "mode": "forward_backward", "round": 0, "block": 0, "label": "A", "sample": 0, "ms": 29.567359924316406}
{"event": "sample", "n": 768, "mode": "forward_backward", "round": 0, "block": 0, "label": "A", "sample": 1, "ms": 29.296064376831055}
{"event": "sample", "n": 768, "mode": "forward_backward", "round": 0, "block": 0, "label": "A", "sample": 2, "ms": 29.289472579956055}
{"event": "sample", "n": 768, "mode": "forward_backward", "round": 0, "block": 0, "label": "A", "sample": 3, "ms": 29.23040008544922}
{"event": "sample", "n": 768, "mode": "forward_backward", "round": 0, "block": 0, "label": "A", "sample": 4, "ms": 29.227359771728516}
{"event": "sample", "n": 768, "mode": "forward_backward", "round": 0, "block": 0, "label": "A", "sample": 5, "ms": 29.237823486328125}
{"event": "sample", "n": 768, "mode": "forward_backward", "round": 0, "block": 0, "label": "A", "sample": 6, "ms": 29.21353530883789}
{"event": "sample", "n": 768, "mode": "forward_backward", "round": 0, "block": 0, "label": "A", "sample": 7, "ms": 29.22617530822754}
{"event": "sample", "n": 768, "mode": "forward_backward", "round": 0, "block": 0, "label": "A", "sample": 8, "ms": 29.228479385375977}
{"event": "sample", "n": 768, "mode": "forward_backward", "round": 0, "block": 0, "label": "A", "sample": 9, "ms": 29.233503341674805}
{"event": "sample", "n": 768, "mode": "forward_backward", "round": 0, "block": 1, "label": "B", "sample": 0, "ms": 24.619199752807617}
{"event": "sample", "n": 768, "mode": "forward_backward", "round": 0, "block": 1, "label": "B", "sample": 1, "ms": 24.358335494995117}
{"event": "sample", "n": 768, "mode": "forward_backward", "round": 0, "block": 1, "label": "B", "sample": 2, "ms": 24.369312286376953}
{"event": "sample", "n": 768, "mode": "forward_backward", "round": 0, "block": 1, "label": "B", "sample": 3, "ms": 24.383167266845703}
{"event": "sample", "n": 768, "mode": "forward_backward", "round": 0, "block": 1, "label": "B", "sample": 4, "ms": 24.388416290283203}
{"event": "sample", "n": 768, "mode": "forward_backward", "round": 0, "block": 1, "label": "B", "sample": 5, "ms": 24.36172866821289}
{"event": "sample", "n": 768, "mode": "forward_backward", "round": 0, "block": 1, "label": "B", "sample": 6, "ms": 24.363744735717773}
{"event": "sample", "n": 768, "mode": "forward_backward", "round": 0, "block": 1, "label": "B", "sample": 7, "ms": 24.363359451293945}
{"event": "sample", "n": 768, "mode": "forward_backward", "round": 0, "block": 1, "label": "B", "sample": 8, "ms": 24.422815322875977}
{"event": "sample", "n": 768, "mode": "forward_backward", "round": 0, "block": 1, "label": "B", "sample": 9, "ms": 24.460512161254883}
{"event": "sample", "n": 768, "mode": "forward_backward", "round": 0, "block": 2, "label": "B", "sample": 0, "ms": 24.618207931518555}
{"event": "sample", "n": 768, "mode": "forward_backward", "round": 0, "block": 2, "label": "B", "sample": 1, "ms": 24.4388484954834}
{"event": "sample", "n": 768, "mode": "forward_backward", "round": 0, "block": 2, "label": "B", "sample": 2, "ms": 24.37833595275879}
{"event": "sample", "n": 768, "mode": "forward_backward", "round": 0, "block": 2, "label": "B", "sample": 3, "ms": 24.367359161376953}
{"event": "sample", "n": 768, "mode": "forward_backward", "round": 0, "block": 2, "label": "B", "sample": 4, "ms": 24.37401580810547}
{"event": "sample", "n": 768, "mode": "forward_backward", "round": 0, "block": 2, "label": "B", "sample": 5, "ms": 24.37299156188965}
{"event": "sample", "n": 768, "mode": "forward_backward", "round": 0, "block": 2, "label": "B", "sample": 6, "ms": 24.434335708618164}
{"event": "sample", "n": 768, "mode": "forward_backward", "round": 0, "block": 2, "label": "B", "sample": 7, "ms": 24.439359664916992}
{"event": "sample", "n": 768, "mode": "forward_backward", "round": 0, "block": 2, "label": "B", "sample": 8, "ms": 24.42563247680664}
{"event": "sample", "n": 768, "mode": "forward_backward", "round": 0, "block": 2, "label": "B", "sample": 9, "ms": 24.424320220947266}
{"event": "sample", "n": 768, "mode": "forward_backward", "round": 0, "block": 3, "label": "A", "sample": 0, "ms": 29.50079917907715}
{"event": "sample", "n": 768, "mode": "forward_backward", "round": 0, "block": 3, "label": "A", "sample": 1, "ms": 29.215295791625977}
{"event": "sample", "n": 768, "mode": "forward_backward", "round": 0, "block": 3, "label": "A", "sample": 2, "ms": 29.236736297607422}
{"event": "sample", "n": 768, "mode": "forward_backward", "round": 0, "block": 3, "label": "A", "sample": 3, "ms": 29.238048553466797}
{"event": "sample", "n": 768, "mode": "forward_backward", "round": 0, "block": 3, "label": "A", "sample": 4, "ms": 29.22979164123535}
{"event": "sample", "n": 768, "mode": "forward_backward", "round": 0, "block": 3, "label": "A", "sample": 5, "ms": 29.225664138793945}
{"event": "sample", "n": 768, "mode": "forward_backward", "round": 0, "block": 3, "label": "A", "sample": 6, "ms": 29.234495162963867}
{"event": "sample", "n": 768, "mode": "forward_backward", "round": 0, "block": 3, "label": "A", "sample": 7, "ms": 29.23302459716797}
{"event": "sample", "n": 768, "mode": "forward_backward", "round": 0, "block": 3, "label": "A", "sample": 8, "ms": 29.215744018554688}
{"event": "sample", "n": 768, "mode": "forward_backward", "round": 0, "block": 3, "label": "A", "sample": 9, "ms": 29.23017692565918}
{"event": "sample", "n": 768, "mode": "forward_backward", "round": 1, "block": 0, "label": "A", "sample": 0, "ms": 29.79465675354004}
{"event": "sample", "n": 768, "mode": "forward_backward", "round": 1, "block": 0, "label": "A", "sample": 1, "ms": 29.23206329345703}
{"event": "sample", "n": 768, "mode": "forward_backward", "round": 1, "block": 0, "label": "A", "sample": 2, "ms": 29.230655670166016}
{"event": "sample", "n": 768, "mode": "forward_backward", "round": 1, "block": 0, "label": "A", "sample": 3, "ms": 29.23308753967285}
{"event": "sample", "n": 768, "mode": "forward_backward", "round": 1, "block": 0, "label": "A", "sample": 4, "ms": 29.226591110229492}
{"event": "sample", "n": 768, "mode": "forward_backward", "round": 1, "block": 0, "label": "A", "sample": 5, "ms": 29.232223510742188}
{"event": "sample", "n": 768, "mode": "forward_backward", "round": 1, "block": 0, "label": "A", "sample": 6, "ms": 29.22870445251465}
{"event": "sample", "n": 768, "mode": "forward_backward", "round": 1, "block": 0, "label": "A", "sample": 7, "ms": 29.227264404296875}
{"event": "sample", "n": 768, "mode": "forward_backward", "round": 1, "block": 0, "label": "A", "sample": 8, "ms": 29.23072052001953}
{"event": "sample", "n": 768, "mode": "forward_backward", "round": 1, "block": 0, "label": "A", "sample": 9, "ms": 29.233535766601562}
{"event": "sample", "n": 768, "mode": "forward_backward", "round": 1, "block": 1, "label": "B", "sample": 0, "ms": 24.722496032714844}
{"event": "sample", "n": 768, "mode": "forward_backward", "round": 1, "block": 1, "label": "B", "sample": 1, "ms": 24.465120315551758}
{"event": "sample", "n": 768, "mode": "forward_backward", "round": 1, "block": 1, "label": "B", "sample": 2, "ms": 24.45097541809082}
{"event": "sample", "n": 768, "mode": "forward_backward", "round": 1, "block": 1, "label": "B", "sample": 3, "ms": 24.43894386291504}
{"event": "sample", "n": 768, "mode": "forward_backward", "round": 1, "block": 1, "label": "B", "sample": 4, "ms": 24.443456649780273}
{"event": "sample", "n": 768, "mode": "forward_backward", "round": 1, "block": 1, "label": "B", "sample": 5, "ms": 24.384767532348633}
{"event": "sample", "n": 768, "mode": "forward_backward", "round": 1, "block": 1, "label": "B", "sample": 6, "ms": 24.382080078125}
{"event": "sample", "n": 768, "mode": "forward_backward", "round": 1, "block": 1, "label": "B", "sample": 7, "ms": 24.392480850219727}
{"event": "sample", "n": 768, "mode": "forward_backward", "round": 1, "block": 1, "label": "B", "sample": 8, "ms": 24.394847869873047}
{"event": "sample", "n": 768, "mode": "forward_backward", "round": 1, "block": 1, "label": "B", "sample": 9, "ms": 24.39308738708496}
{"event": "sample", "n": 768, "mode": "forward_backward", "round": 1, "block": 2, "label": "B", "sample": 0, "ms": 24.63715171813965}
{"event": "sample", "n": 768, "mode": "forward_backward", "round": 1, "block": 2, "label": "B", "sample": 1, "ms": 24.40790367126465}
{"event": "sample", "n": 768, "mode": "forward_backward", "round": 1, "block": 2, "label": "B", "sample": 2, "ms": 24.395200729370117}
{"event": "sample", "n": 768, "mode": "forward_backward", "round": 1, "block": 2, "label": "B", "sample": 3, "ms": 24.368640899658203}
{"event": "sample", "n": 768, "mode": "forward_backward", "round": 1, "block": 2, "label": "B", "sample": 4, "ms": 24.3701114654541}
{"event": "sample", "n": 768, "mode": "forward_backward", "round": 1, "block": 2, "label": "B", "sample": 5, "ms": 24.36083221435547}
{"event": "sample", "n": 768, "mode": "forward_backward", "round": 1, "block": 2, "label": "B", "sample": 6, "ms": 24.356895446777344}
{"event": "sample", "n": 768, "mode": "forward_backward", "round": 1, "block": 2, "label": "B", "sample": 7, "ms": 24.3907527923584}
{"event": "sample", "n": 768, "mode": "forward_backward", "round": 1, "block": 2, "label": "B", "sample": 8, "ms": 24.401119232177734}
{"event": "sample", "n": 768, "mode": "forward_backward", "round": 1, "block": 2, "label": "B", "sample": 9, "ms": 24.409055709838867}
{"event": "sample", "n": 768, "mode": "forward_backward", "round": 1, "block": 3, "label": "A", "sample": 0, "ms": 29.539039611816406}
{"event": "sample", "n": 768, "mode": "forward_backward", "round": 1, "block": 3, "label": "A", "sample": 1, "ms": 29.207904815673828}
{"event": "sample", "n": 768, "mode": "forward_backward", "round": 1, "block": 3, "label": "A", "sample": 2, "ms": 29.23107147216797}
{"event": "sample", "n": 768, "mode": "forward_backward", "round": 1, "block": 3, "label": "A", "sample": 3, "ms": 29.23103904724121}
{"event": "sample", "n": 768, "mode": "forward_backward", "round": 1, "block": 3, "label": "A", "sample": 4, "ms": 29.22150421142578}
{"event": "sample", "n": 768, "mode": "forward_backward", "round": 1, "block": 3, "label": "A", "sample": 5, "ms": 29.22991943359375}
{"event": "sample", "n": 768, "mode": "forward_backward", "round": 1, "block": 3, "label": "A", "sample": 6, "ms": 29.23423957824707}
{"event": "sample", "n": 768, "mode": "forward_backward", "round": 1, "block": 3, "label": "A", "sample": 7, "ms": 29.234560012817383}
{"event": "sample", "n": 768, "mode": "forward_backward", "round": 1, "block": 3, "label": "A", "sample": 8, "ms": 29.232351303100586}
{"event": "sample", "n": 768, "mode": "forward_backward", "round": 1, "block": 3, "label": "A", "sample": 9, "ms": 29.23276710510254}
{"event": "sample", "n": 768, "mode": "forward_backward", "round": 2, "block": 0, "label": "A", "sample": 0, "ms": 29.47648048400879}
{"event": "sample", "n": 768, "mode": "forward_backward", "round": 2, "block": 0, "label": "A", "sample": 1, "ms": 29.298303604125977}
{"event": "sample", "n": 768, "mode": "forward_backward", "round": 2, "block": 0, "label": "A", "sample": 2, "ms": 29.28940773010254}
{"event": "sample", "n": 768, "mode": "forward_backward", "round": 2, "block": 0, "label": "A", "sample": 3, "ms": 29.288576126098633}
{"event": "sample", "n": 768, "mode": "forward_backward", "round": 2, "block": 0, "label": "A", "sample": 4, "ms": 29.263456344604492}
{"event": "sample", "n": 768, "mode": "forward_backward", "round": 2, "block": 0, "label": "A", "sample": 5, "ms": 29.234207153320312}
{"event": "sample", "n": 768, "mode": "forward_backward", "round": 2, "block": 0, "label": "A", "sample": 6, "ms": 29.2193603515625}
{"event": "sample", "n": 768, "mode": "forward_backward", "round": 2, "block": 0, "label": "A", "sample": 7, "ms": 29.233503341674805}
{"event": "sample", "n": 768, "mode": "forward_backward", "round": 2, "block": 0, "label": "A", "sample": 8, "ms": 29.224767684936523}
{"event": "sample", "n": 768, "mode": "forward_backward", "round": 2, "block": 0, "label": "A", "sample": 9, "ms": 29.234783172607422}
{"event": "sample", "n": 768, "mode": "forward_backward", "round": 2, "block": 1, "label": "B", "sample": 0, "ms": 24.614112854003906}
{"event": "sample", "n": 768, "mode": "forward_backward", "round": 2, "block": 1, "label": "B", "sample": 1, "ms": 24.360416412353516}
{"event": "sample", "n": 768, "mode": "forward_backward", "round": 2, "block": 1, "label": "B", "sample": 2, "ms": 24.358623504638672}
{"event": "sample", "n": 768, "mode": "forward_backward", "round": 2, "block": 1, "label": "B", "sample": 3, "ms": 24.36720085144043}
{"event": "sample", "n": 768, "mode": "forward_backward", "round": 2, "block": 1, "label": "B", "sample": 4, "ms": 24.348896026611328}
{"event": "sample", "n": 768, "mode": "forward_backward", "round": 2, "block": 1, "label": "B", "sample": 5, "ms": 24.403072357177734}
{"event": "sample", "n": 768, "mode": "forward_backward", "round": 2, "block": 1, "label": "B", "sample": 6, "ms": 24.41974449157715}
{"event": "sample", "n": 768, "mode": "forward_backward", "round": 2, "block": 1, "label": "B", "sample": 7, "ms": 24.429664611816406}
{"event": "sample", "n": 768, "mode": "forward_backward", "round": 2, "block": 1, "label": "B", "sample": 8, "ms": 24.40889549255371}
{"event": "sample", "n": 768, "mode": "forward_backward", "round": 2, "block": 1, "label": "B", "sample": 9, "ms": 24.40105628967285}
{"event": "sample", "n": 768, "mode": "forward_backward", "round": 2, "block": 2, "label": "B", "sample": 0, "ms": 24.605344772338867}
{"event": "sample", "n": 768, "mode": "forward_backward", "round": 2, "block": 2, "label": "B", "sample": 1, "ms": 24.371135711669922}
{"event": "sample", "n": 768, "mode": "forward_backward", "round": 2, "block": 2, "label": "B", "sample": 2, "ms": 24.337472915649414}
{"event": "sample", "n": 768, "mode": "forward_backward", "round": 2, "block": 2, "label": "B", "sample": 3, "ms": 24.357215881347656}
{"event": "sample", "n": 768, "mode": "forward_backward", "round": 2, "block": 2, "label": "B", "sample": 4, "ms": 24.403263092041016}
{"event": "sample", "n": 768, "mode": "forward_backward", "round": 2, "block": 2, "label": "B", "sample": 5, "ms": 24.42233657836914}
{"event": "sample", "n": 768, "mode": "forward_backward", "round": 2, "block": 2, "label": "B", "sample": 6, "ms": 24.407712936401367}
{"event": "sample", "n": 768, "mode": "forward_backward", "round": 2, "block": 2, "label": "B", "sample": 7, "ms": 24.424991607666016}
{"event": "sample", "n": 768, "mode": "forward_backward", "round": 2, "block": 2, "label": "B", "sample": 8, "ms": 24.359743118286133}
{"event": "sample", "n": 768, "mode": "forward_backward", "round": 2, "block": 2, "label": "B", "sample": 9, "ms": 24.36275291442871}
{"event": "sample", "n": 768, "mode": "forward_backward", "round": 2, "block": 3, "label": "A", "sample": 0, "ms": 29.52003288269043}
{"event": "sample", "n": 768, "mode": "forward_backward", "round": 2, "block": 3, "label": "A", "sample": 1, "ms": 29.261472702026367}
{"event": "sample", "n": 768, "mode": "forward_backward", "round": 2, "block": 3, "label": "A", "sample": 2, "ms": 29.294048309326172}
{"event": "sample", "n": 768, "mode": "forward_backward", "round": 2, "block": 3, "label": "A", "sample": 3, "ms": 29.29929542541504}
{"event": "sample", "n": 768, "mode": "forward_backward", "round": 2, "block": 3, "label": "A", "sample": 4, "ms": 29.29484748840332}
{"event": "sample", "n": 768, "mode": "forward_backward", "round": 2, "block": 3, "label": "A", "sample": 5, "ms": 29.231903076171875}
{"event": "sample", "n": 768, "mode": "forward_backward", "round": 2, "block": 3, "label": "A", "sample": 6, "ms": 29.227807998657227}
{"event": "sample", "n": 768, "mode": "forward_backward", "round": 2, "block": 3, "label": "A", "sample": 7, "ms": 29.23846435546875}
{"event": "sample", "n": 768, "mode": "forward_backward", "round": 2, "block": 3, "label": "A", "sample": 8, "ms": 29.229215621948242}
{"event": "sample", "n": 768, "mode": "forward_backward", "round": 2, "block": 3, "label": "A", "sample": 9, "ms": 29.230880737304688}
{"event": "summary", "n": 768, "mode": "forward_backward", "median_ms": {"A": 29.232895851135254, "B": 24.395024299621582}, "speedup": 1.1983138648313918, "samples_per_label": 60}
{"event": "parity", "n": 800, "checks": {"output": {"relative_l2": 0.0009949858067557216, "baseline_zero_max_abs_diagnostic": 4.267692565917969e-05, "passed": true}, "dq": {"relative_l2": 0.0010395415592938662, "baseline_zero_max_abs_diagnostic": 0.0, "passed": true}, "dk": {"relative_l2": 0.001118561252951622, "baseline_zero_max_abs_diagnostic": 0.0, "passed": true}, "dv": {"relative_l2": 5.062800846644677e-05, "baseline_zero_max_abs_diagnostic": 0.0, "passed": true}, "db": {"relative_l2": 0.0006215785397216678, "baseline_zero_max_abs_diagnostic": 0.0, "passed": true}}, "independent_reference": false}
{"event": "memory", "n": 800, "measurements": {"A": {"peak_increment_bytes": 1447920640, "retained_increment_bytes": 1321451520}, "B": {"peak_increment_bytes": 1530438656, "retained_increment_bytes": 1321451520}}}
{"event": "sample", "n": 800, "mode": "forward", "round": 0, "block": 0, "label": "A", "sample": 0, "ms": 6.161471843719482}
{"event": "sample", "n": 800, "mode": "forward", "round": 0, "block": 0, "label": "A", "sample": 1, "ms": 5.944960117340088}
{"event": "sample", "n": 800, "mode": "forward", "round": 0, "block": 0, "label": "A", "sample": 2, "ms": 5.94543981552124}
{"event": "sample", "n": 800, "mode": "forward", "round": 0, "block": 0, "label": "A", "sample": 3, "ms": 5.947199821472168}
{"event": "sample", "n": 800, "mode": "forward", "round": 0, "block": 0, "label": "A", "sample": 4, "ms": 5.945407867431641}
{"event": "sample", "n": 800, "mode": "forward", "round": 0, "block": 0, "label": "A", "sample": 5, "ms": 5.944863796234131}
{"event": "sample", "n": 800, "mode": "forward", "round": 0, "block": 0, "label": "A", "sample": 6, "ms": 5.942783832550049}
{"event": "sample", "n": 800, "mode": "forward", "round": 0, "block": 0, "label": "A", "sample": 7, "ms": 5.947423934936523}
{"event": "sample", "n": 800, "mode": "forward", "round": 0, "block": 0, "label": "A", "sample": 8, "ms": 5.9435200691223145}
{"event": "sample", "n": 800, "mode": "forward", "round": 0, "block": 0, "label": "A", "sample": 9, "ms": 5.946303844451904}
{"event": "sample", "n": 800, "mode": "forward", "round": 0, "block": 1, "label": "B", "sample": 0, "ms": 7.815616130828857}
{"event": "sample", "n": 800, "mode": "forward", "round": 0, "block": 1, "label": "B", "sample": 1, "ms": 7.586751937866211}
{"event": "sample", "n": 800, "mode": "forward", "round": 0, "block": 1, "label": "B", "sample": 2, "ms": 7.583456039428711}
{"event": "sample", "n": 800, "mode": "forward", "round": 0, "block": 1, "label": "B", "sample": 3, "ms": 7.587071895599365}
{"event": "sample", "n": 800, "mode": "forward", "round": 0, "block": 1, "label": "B", "sample": 4, "ms": 7.585599899291992}
{"event": "sample", "n": 800, "mode": "forward", "round": 0, "block": 1, "label": "B", "sample": 5, "ms": 7.584512233734131}
{"event": "sample", "n": 800, "mode": "forward", "round": 0, "block": 1, "label": "B", "sample": 6, "ms": 7.583680152893066}
{"event": "sample", "n": 800, "mode": "forward", "round": 0, "block": 1, "label": "B", "sample": 7, "ms": 7.588191986083984}
{"event": "sample", "n": 800, "mode": "forward", "round": 0, "block": 1, "label": "B", "sample": 8, "ms": 7.582079887390137}
{"event": "sample", "n": 800, "mode": "forward", "round": 0, "block": 1, "label": "B", "sample": 9, "ms": 7.585728168487549}
{"event": "sample", "n": 800, "mode": "forward", "round": 0, "block": 2, "label": "B", "sample": 0, "ms": 7.7690558433532715}
{"event": "sample", "n": 800, "mode": "forward", "round": 0, "block": 2, "label": "B", "sample": 1, "ms": 7.58681583404541}
{"event": "sample", "n": 800, "mode": "forward", "round": 0, "block": 2, "label": "B", "sample": 2, "ms": 7.585023880004883}
{"event": "sample", "n": 800, "mode": "forward", "round": 0, "block": 2, "label": "B", "sample": 3, "ms": 7.584735870361328}
{"event": "sample", "n": 800, "mode": "forward", "round": 0, "block": 2, "label": "B", "sample": 4, "ms": 7.60207986831665}
{"event": "sample", "n": 800, "mode": "forward", "round": 0, "block": 2, "label": "B", "sample": 5, "ms": 7.603903770446777}
{"event": "sample", "n": 800, "mode": "forward", "round": 0, "block": 2, "label": "B", "sample": 6, "ms": 7.599584102630615}
{"event": "sample", "n": 800, "mode": "forward", "round": 0, "block": 2, "label": "B", "sample": 7, "ms": 7.597439765930176}
{"event": "sample", "n": 800, "mode": "forward", "round": 0, "block": 2, "label": "B", "sample": 8, "ms": 7.597695827484131}
{"event": "sample", "n": 800, "mode": "forward", "round": 0, "block": 2, "label": "B", "sample": 9, "ms": 7.602431774139404}
{"event": "sample", "n": 800, "mode": "forward", "round": 0, "block": 3, "label": "A", "sample": 0, "ms": 6.2202558517456055}
{"event": "sample", "n": 800, "mode": "forward", "round": 0, "block": 3, "label": "A", "sample": 1, "ms": 5.956128120422363}
{"event": "sample", "n": 800, "mode": "forward", "round": 0, "block": 3, "label": "A", "sample": 2, "ms": 5.956511974334717}
{"event": "sample", "n": 800, "mode": "forward", "round": 0, "block": 3, "label": "A", "sample": 3, "ms": 5.959968090057373}
{"event": "sample", "n": 800, "mode": "forward", "round": 0, "block": 3, "label": "A", "sample": 4, "ms": 5.956511974334717}
{"event": "sample", "n": 800, "mode": "forward", "round": 0, "block": 3, "label": "A", "sample": 5, "ms": 5.959263801574707}
{"event": "sample", "n": 800, "mode": "forward", "round": 0, "block": 3, "label": "A", "sample": 6, "ms": 5.954815864562988}
{"event": "sample", "n": 800, "mode": "forward", "round": 0, "block": 3, "label": "A", "sample": 7, "ms": 5.959199905395508}
{"event": "sample", "n": 800, "mode": "forward", "round": 0, "block": 3, "label": "A", "sample": 8, "ms": 5.953887939453125}
{"event": "sample", "n": 800, "mode": "forward", "round": 0, "block": 3, "label": "A", "sample": 9, "ms": 5.94700813293457}
{"event": "sample", "n": 800, "mode": "forward", "round": 1, "block": 0, "label": "A", "sample": 0, "ms": 6.158527851104736}
{"event": "sample", "n": 800, "mode": "forward", "round": 1, "block": 0, "label": "A", "sample": 1, "ms": 5.945888042449951}
{"event": "sample", "n": 800, "mode": "forward", "round": 1, "block": 0, "label": "A", "sample": 2, "ms": 5.942527770996094}
{"event": "sample", "n": 800, "mode": "forward", "round": 1, "block": 0, "label": "A", "sample": 3, "ms": 5.947743892669678}
{"event": "sample", "n": 800, "mode": "forward", "round": 1, "block": 0, "label": "A", "sample": 4, "ms": 5.945119857788086}
{"event": "sample", "n": 800, "mode": "forward", "round": 1, "block": 0, "label": "A", "sample": 5, "ms": 5.945375919342041}
{"event": "sample", "n": 800, "mode": "forward", "round": 1, "block": 0, "label": "A", "sample": 6, "ms": 5.942592144012451}
{"event": "sample", "n": 800, "mode": "forward", "round": 1, "block": 0, "label": "A", "sample": 7, "ms": 5.944831848144531}
{"event": "sample", "n": 800, "mode": "forward", "round": 1, "block": 0, "label": "A", "sample": 8, "ms": 5.944096088409424}
{"event": "sample", "n": 800, "mode": "forward", "round": 1, "block": 0, "label": "A", "sample": 9, "ms": 5.947199821472168}
{"event": "sample", "n": 800, "mode": "forward", "round": 1, "block": 1, "label": "B", "sample": 0, "ms": 7.80790376663208}
{"event": "sample", "n": 800, "mode": "forward", "round": 1, "block": 1, "label": "B", "sample": 1, "ms": 7.5854082107543945}
{"event": "sample", "n": 800, "mode": "forward", "round": 1, "block": 1, "label": "B", "sample": 2, "ms": 7.587168216705322}
{"event": "sample", "n": 800, "mode": "forward", "round": 1, "block": 1, "label": "B", "sample": 3, "ms": 7.586944103240967}
{"event": "sample", "n": 800, "mode": "forward", "round": 1, "block": 1, "label": "B", "sample": 4, "ms": 7.584352016448975}
{"event": "sample", "n": 800, "mode": "forward", "round": 1, "block": 1, "label": "B", "sample": 5, "ms": 7.585504055023193}
{"event": "sample", "n": 800, "mode": "forward", "round": 1, "block": 1, "label": "B", "sample": 6, "ms": 7.588223934173584}
{"event": "sample", "n": 800, "mode": "forward", "round": 1, "block": 1, "label": "B", "sample": 7, "ms": 7.586143970489502}
{"event": "sample", "n": 800, "mode": "forward", "round": 1, "block": 1, "label": "B", "sample": 8, "ms": 7.584799766540527}
{"event": "sample", "n": 800, "mode": "forward", "round": 1, "block": 1, "label": "B", "sample": 9, "ms": 7.586912155151367}
{"event": "sample", "n": 800, "mode": "forward", "round": 1, "block": 2, "label": "B", "sample": 0, "ms": 7.774752140045166}
{"event": "sample", "n": 800, "mode": "forward", "round": 1, "block": 2, "label": "B", "sample": 1, "ms": 7.583744049072266}
{"event": "sample", "n": 800, "mode": "forward", "round": 1, "block": 2, "label": "B", "sample": 2, "ms": 7.585696220397949}
{"event": "sample", "n": 800, "mode": "forward", "round": 1, "block": 2, "label": "B", "sample": 3, "ms": 7.582687854766846}
{"event": "sample", "n": 800, "mode": "forward", "round": 1, "block": 2, "label": "B", "sample": 4, "ms": 7.58841609954834}
{"event": "sample", "n": 800, "mode": "forward", "round": 1, "block": 2, "label": "B", "sample": 5, "ms": 7.587103843688965}
{"event": "sample", "n": 800, "mode": "forward", "round": 1, "block": 2, "label": "B", "sample": 6, "ms": 7.583615779876709}
{"event": "sample", "n": 800, "mode": "forward", "round": 1, "block": 2, "label": "B", "sample": 7, "ms": 7.596831798553467}
{"event": "sample", "n": 800, "mode": "forward", "round": 1, "block": 2, "label": "B", "sample": 8, "ms": 7.604479789733887}
{"event": "sample", "n": 800, "mode": "forward", "round": 1, "block": 2, "label": "B", "sample": 9, "ms": 7.598176002502441}
{"event": "sample", "n": 800, "mode": "forward", "round": 1, "block": 3, "label": "A", "sample": 0, "ms": 6.207712173461914}
{"event": "sample", "n": 800, "mode": "forward", "round": 1, "block": 3, "label": "A", "sample": 1, "ms": 5.954463958740234}
{"event": "sample", "n": 800, "mode": "forward", "round": 1, "block": 3, "label": "A", "sample": 2, "ms": 5.9527997970581055}
{"event": "sample", "n": 800, "mode": "forward", "round": 1, "block": 3, "label": "A", "sample": 3, "ms": 5.959519863128662}
{"event": "sample", "n": 800, "mode": "forward", "round": 1, "block": 3, "label": "A", "sample": 4, "ms": 5.956992149353027}
{"event": "sample", "n": 800, "mode": "forward", "round": 1, "block": 3, "label": "A", "sample": 5, "ms": 5.957312107086182}
{"event": "sample", "n": 800, "mode": "forward", "round": 1, "block": 3, "label": "A", "sample": 6, "ms": 5.954815864562988}
{"event": "sample", "n": 800, "mode": "forward", "round": 1, "block": 3, "label": "A", "sample": 7, "ms": 5.956960201263428}
{"event": "sample", "n": 800, "mode": "forward", "round": 1, "block": 3, "label": "A", "sample": 8, "ms": 5.956575870513916}
{"event": "sample", "n": 800, "mode": "forward", "round": 1, "block": 3, "label": "A", "sample": 9, "ms": 5.957087993621826}
{"event": "sample", "n": 800, "mode": "forward", "round": 2, "block": 0, "label": "A", "sample": 0, "ms": 6.605535984039307}
{"event": "sample", "n": 800, "mode": "forward", "round": 2, "block": 0, "label": "A", "sample": 1, "ms": 5.955808162689209}
{"event": "sample", "n": 800, "mode": "forward", "round": 2, "block": 0, "label": "A", "sample": 2, "ms": 5.955135822296143}
{"event": "sample", "n": 800, "mode": "forward", "round": 2, "block": 0, "label": "A", "sample": 3, "ms": 5.9451518058776855}
{"event": "sample", "n": 800, "mode": "forward", "round": 2, "block": 0, "label": "A", "sample": 4, "ms": 5.942560195922852}
{"event": "sample", "n": 800, "mode": "forward", "round": 2, "block": 0, "label": "A", "sample": 5, "ms": 5.945824146270752}
{"event": "sample", "n": 800, "mode": "forward", "round": 2, "block": 0, "label": "A", "sample": 6, "ms": 5.93990421295166}
{"event": "sample", "n": 800, "mode": "forward", "round": 2, "block": 0, "label": "A", "sample": 7, "ms": 5.94271993637085}
{"event": "sample", "n": 800, "mode": "forward", "round": 2, "block": 0, "label": "A", "sample": 8, "ms": 5.943103790283203}
{"event": "sample", "n": 800, "mode": "forward", "round": 2, "block": 0, "label": "A", "sample": 9, "ms": 5.9451518058776855}
{"event": "sample", "n": 800, "mode": "forward", "round": 2, "block": 1, "label": "B", "sample": 0, "ms": 7.929120063781738}
{"event": "sample", "n": 800, "mode": "forward", "round": 2, "block": 1, "label": "B", "sample": 1, "ms": 7.585696220397949}
{"event": "sample", "n": 800, "mode": "forward", "round": 2, "block": 1, "label": "B", "sample": 2, "ms": 7.582272052764893}
{"event": "sample", "n": 800, "mode": "forward", "round": 2, "block": 1, "label": "B", "sample": 3, "ms": 7.586976051330566}
{"event": "sample", "n": 800, "mode": "forward", "round": 2, "block": 1, "label": "B", "sample": 4, "ms": 7.582848072052002}
{"event": "sample", "n": 800, "mode": "forward", "round": 2, "block": 1, "label": "B", "sample": 5, "ms": 7.586463928222656}
{"event": "sample", "n": 800, "mode": "forward", "round": 2, "block": 1, "label": "B", "sample": 6, "ms": 7.5871357917785645}
{"event": "sample", "n": 800, "mode": "forward", "round": 2, "block": 1, "label": "B", "sample": 7, "ms": 7.585055828094482}
{"event": "sample", "n": 800, "mode": "forward", "round": 2, "block": 1, "label": "B", "sample": 8, "ms": 7.583648204803467}
{"event": "sample", "n": 800, "mode": "forward", "round": 2, "block": 1, "label": "B", "sample": 9, "ms": 7.583775997161865}
{"event": "sample", "n": 800, "mode": "forward", "round": 2, "block": 2, "label": "B", "sample": 0, "ms": 7.776063919067383}
{"event": "sample", "n": 800, "mode": "forward", "round": 2, "block": 2, "label": "B", "sample": 1, "ms": 7.583968162536621}
{"event": "sample", "n": 800, "mode": "forward", "round": 2, "block": 2, "label": "B", "sample": 2, "ms": 7.58355188369751}
{"event": "sample", "n": 800, "mode": "forward", "round": 2, "block": 2, "label": "B", "sample": 3, "ms": 7.587423801422119}
{"event": "sample", "n": 800, "mode": "forward", "round": 2, "block": 2, "label": "B", "sample": 4, "ms": 7.584799766540527}
{"event": "sample", "n": 800, "mode": "forward", "round": 2, "block": 2, "label": "B", "sample": 5, "ms": 7.586656093597412}
{"event": "sample", "n": 800, "mode": "forward", "round": 2, "block": 2, "label": "B", "sample": 6, "ms": 7.584671974182129}
{"event": "sample", "n": 800, "mode": "forward", "round": 2, "block": 2, "label": "B", "sample": 7, "ms": 7.583136081695557}
{"event": "sample", "n": 800, "mode": "forward", "round": 2, "block": 2, "label": "B", "sample": 8, "ms": 7.587776184082031}
{"event": "sample", "n": 800, "mode": "forward", "round": 2, "block": 2, "label": "B", "sample": 9, "ms": 7.58457612991333}
{"event": "sample", "n": 800, "mode": "forward", "round": 2, "block": 3, "label": "A", "sample": 0, "ms": 6.218527793884277}
{"event": "sample", "n": 800, "mode": "forward", "round": 2, "block": 3, "label": "A", "sample": 1, "ms": 5.9385600090026855}
{"event": "sample", "n": 800, "mode": "forward", "round": 2, "block": 3, "label": "A", "sample": 2, "ms": 5.942431926727295}
{"event": "sample", "n": 800, "mode": "forward", "round": 2, "block": 3, "label": "A", "sample": 3, "ms": 5.944928169250488}
{"event": "sample", "n": 800, "mode": "forward", "round": 2, "block": 3, "label": "A", "sample": 4, "ms": 5.943136215209961}
{"event": "sample", "n": 800, "mode": "forward", "round": 2, "block": 3, "label": "A", "sample": 5, "ms": 5.942431926727295}
{"event": "sample", "n": 800, "mode": "forward", "round": 2, "block": 3, "label": "A", "sample": 6, "ms": 5.944128036499023}
{"event": "sample", "n": 800, "mode": "forward", "round": 2, "block": 3, "label": "A", "sample": 7, "ms": 5.944608211517334}
{"event": "sample", "n": 800, "mode": "forward", "round": 2, "block": 3, "label": "A", "sample": 8, "ms": 5.942975997924805}
{"event": "sample", "n": 800, "mode": "forward", "round": 2, "block": 3, "label": "A", "sample": 9, "ms": 5.944608211517334}
{"event": "summary", "n": 800, "mode": "forward", "median_ms": {"A": 5.946655988693237, "B": 7.586560010910034}, "speedup": 0.7838408949697236, "samples_per_label": 60}
{"event": "sample", "n": 800, "mode": "backward", "round": 0, "block": 0, "label": "A", "sample": 0, "ms": 29.593727111816406}
{"event": "sample", "n": 800, "mode": "backward", "round": 0, "block": 0, "label": "A", "sample": 1, "ms": 29.249792098999023}
{"event": "sample", "n": 800, "mode": "backward", "round": 0, "block": 0, "label": "A", "sample": 2, "ms": 29.298368453979492}
{"event": "sample", "n": 800, "mode": "backward", "round": 0, "block": 0, "label": "A", "sample": 3, "ms": 29.31772804260254}
{"event": "sample", "n": 800, "mode": "backward", "round": 0, "block": 0, "label": "A", "sample": 4, "ms": 29.32352066040039}
{"event": "sample", "n": 800, "mode": "backward", "round": 0, "block": 0, "label": "A", "sample": 5, "ms": 29.300416946411133}
{"event": "sample", "n": 800, "mode": "backward", "round": 0, "block": 0, "label": "A", "sample": 6, "ms": 29.244831085205078}
{"event": "sample", "n": 800, "mode": "backward", "round": 0, "block": 0, "label": "A", "sample": 7, "ms": 29.251808166503906}
{"event": "sample", "n": 800, "mode": "backward", "round": 0, "block": 0, "label": "A", "sample": 8, "ms": 29.25164794921875}
{"event": "sample", "n": 800, "mode": "backward", "round": 0, "block": 0, "label": "A", "sample": 9, "ms": 29.25142478942871}
{"event": "sample", "n": 800, "mode": "backward", "round": 0, "block": 1, "label": "B", "sample": 0, "ms": 24.119808197021484}
{"event": "sample", "n": 800, "mode": "backward", "round": 0, "block": 1, "label": "B", "sample": 1, "ms": 23.851104736328125}
{"event": "sample", "n": 800, "mode": "backward", "round": 0, "block": 1, "label": "B", "sample": 2, "ms": 23.866655349731445}
{"event": "sample", "n": 800, "mode": "backward", "round": 0, "block": 1, "label": "B", "sample": 3, "ms": 23.915647506713867}
{"event": "sample", "n": 800, "mode": "backward", "round": 0, "block": 1, "label": "B", "sample": 4, "ms": 23.938528060913086}
{"event": "sample", "n": 800, "mode": "backward", "round": 0, "block": 1, "label": "B", "sample": 5, "ms": 23.930591583251953}
{"event": "sample", "n": 800, "mode": "backward", "round": 0, "block": 1, "label": "B", "sample": 6, "ms": 23.93903923034668}
{"event": "sample", "n": 800, "mode": "backward", "round": 0, "block": 1, "label": "B", "sample": 7, "ms": 23.86476707458496}
{"event": "sample", "n": 800, "mode": "backward", "round": 0, "block": 1, "label": "B", "sample": 8, "ms": 23.866655349731445}
{"event": "sample", "n": 800, "mode": "backward", "round": 0, "block": 1, "label": "B", "sample": 9, "ms": 23.847360610961914}
{"event": "sample", "n": 800, "mode": "backward", "round": 0, "block": 2, "label": "B", "sample": 0, "ms": 24.068416595458984}
{"event": "sample", "n": 800, "mode": "backward", "round": 0, "block": 2, "label": "B", "sample": 1, "ms": 23.845632553100586}
{"event": "sample", "n": 800, "mode": "backward", "round": 0, "block": 2, "label": "B", "sample": 2, "ms": 23.881568908691406}
{"event": "sample", "n": 800, "mode": "backward", "round": 0, "block": 2, "label": "B", "sample": 3, "ms": 23.87923240661621}
{"event": "sample", "n": 800, "mode": "backward", "round": 0, "block": 2, "label": "B", "sample": 4, "ms": 23.87433624267578}
{"event": "sample", "n": 800, "mode": "backward", "round": 0, "block": 2, "label": "B", "sample": 5, "ms": 23.858720779418945}
{"event": "sample", "n": 800, "mode": "backward", "round": 0, "block": 2, "label": "B", "sample": 6, "ms": 23.832447052001953}
{"event": "sample", "n": 800, "mode": "backward", "round": 0, "block": 2, "label": "B", "sample": 7, "ms": 23.816255569458008}
{"event": "sample", "n": 800, "mode": "backward", "round": 0, "block": 2, "label": "B", "sample": 8, "ms": 23.82524871826172}
{"event": "sample", "n": 800, "mode": "backward", "round": 0, "block": 2, "label": "B", "sample": 9, "ms": 23.85875129699707}
{"event": "sample", "n": 800, "mode": "backward", "round": 0, "block": 3, "label": "A", "sample": 0, "ms": 29.602815628051758}
{"event": "sample", "n": 800, "mode": "backward", "round": 0, "block": 3, "label": "A", "sample": 1, "ms": 29.25481605529785}
{"event": "sample", "n": 800, "mode": "backward", "round": 0, "block": 3, "label": "A", "sample": 2, "ms": 29.253952026367188}
{"event": "sample", "n": 800, "mode": "backward", "round": 0, "block": 3, "label": "A", "sample": 3, "ms": 29.25369644165039}
{"event": "sample", "n": 800, "mode": "backward", "round": 0, "block": 3, "label": "A", "sample": 4, "ms": 29.25164794921875}
{"event": "sample", "n": 800, "mode": "backward", "round": 0, "block": 3, "label": "A", "sample": 5, "ms": 29.25276756286621}
{"event": "sample", "n": 800, "mode": "backward", "round": 0, "block": 3, "label": "A", "sample": 6, "ms": 29.283584594726562}
{"event": "sample", "n": 800, "mode": "backward", "round": 0, "block": 3, "label": "A", "sample": 7, "ms": 29.329376220703125}
{"event": "sample", "n": 800, "mode": "backward", "round": 0, "block": 3, "label": "A", "sample": 8, "ms": 29.318016052246094}
{"event": "sample", "n": 800, "mode": "backward", "round": 0, "block": 3, "label": "A", "sample": 9, "ms": 29.32192039489746}
{"event": "sample", "n": 800, "mode": "backward", "round": 1, "block": 0, "label": "A", "sample": 0, "ms": 29.589567184448242}
{"event": "sample", "n": 800, "mode": "backward", "round": 1, "block": 0, "label": "A", "sample": 1, "ms": 29.250751495361328}
{"event": "sample", "n": 800, "mode": "backward", "round": 1, "block": 0, "label": "A", "sample": 2, "ms": 29.256032943725586}
{"event": "sample", "n": 800, "mode": "backward", "round": 1, "block": 0, "label": "A", "sample": 3, "ms": 29.298688888549805}
{"event": "sample", "n": 800, "mode": "backward", "round": 1, "block": 0, "label": "A", "sample": 4, "ms": 29.321887969970703}
{"event": "sample", "n": 800, "mode": "backward", "round": 1, "block": 0, "label": "A", "sample": 5, "ms": 29.31692886352539}
{"event": "sample", "n": 800, "mode": "backward", "round": 1, "block": 0, "label": "A", "sample": 6, "ms": 29.30556869506836}
{"event": "sample", "n": 800, "mode": "backward", "round": 1, "block": 0, "label": "A", "sample": 7, "ms": 29.255359649658203}
{"event": "sample", "n": 800, "mode": "backward", "round": 1, "block": 0, "label": "A", "sample": 8, "ms": 29.258432388305664}
{"event": "sample", "n": 800, "mode": "backward", "round": 1, "block": 0, "label": "A", "sample": 9, "ms": 29.25872039794922}
{"event": "sample", "n": 800, "mode": "backward", "round": 1, "block": 1, "label": "B", "sample": 0, "ms": 24.110944747924805}
{"event": "sample", "n": 800, "mode": "backward", "round": 1, "block": 1, "label": "B", "sample": 1, "ms": 23.852191925048828}
{"event": "sample", "n": 800, "mode": "backward", "round": 1, "block": 1, "label": "B", "sample": 2, "ms": 23.84351921081543}
{"event": "sample", "n": 800, "mode": "backward", "round": 1, "block": 1, "label": "B", "sample": 3, "ms": 23.85456085205078}
{"event": "sample", "n": 800, "mode": "backward", "round": 1, "block": 1, "label": "B", "sample": 4, "ms": 23.855072021484375}
{"event": "sample", "n": 800, "mode": "backward", "round": 1, "block": 1, "label": "B", "sample": 5, "ms": 23.87161636352539}
{"event": "sample", "n": 800, "mode": "backward", "round": 1, "block": 1, "label": "B", "sample": 6, "ms": 23.859167098999023}
{"event": "sample", "n": 800, "mode": "backward", "round": 1, "block": 1, "label": "B", "sample": 7, "ms": 23.854719161987305}
{"event": "sample", "n": 800, "mode": "backward", "round": 1, "block": 1, "label": "B", "sample": 8, "ms": 23.847808837890625}
{"event": "sample", "n": 800, "mode": "backward", "round": 1, "block": 1, "label": "B", "sample": 9, "ms": 23.82691192626953}
{"event": "sample", "n": 800, "mode": "backward", "round": 1, "block": 2, "label": "B", "sample": 0, "ms": 24.029823303222656}
{"event": "sample", "n": 800, "mode": "backward", "round": 1, "block": 2, "label": "B", "sample": 1, "ms": 23.818143844604492}
{"event": "sample", "n": 800, "mode": "backward", "round": 1, "block": 2, "label": "B", "sample": 2, "ms": 23.841407775878906}
{"event": "sample", "n": 800, "mode": "backward", "round": 1, "block": 2, "label": "B", "sample": 3, "ms": 23.842208862304688}
{"event": "sample", "n": 800, "mode": "backward", "round": 1, "block": 2, "label": "B", "sample": 4, "ms": 23.85478401184082}
{"event": "sample", "n": 800, "mode": "backward", "round": 1, "block": 2, "label": "B", "sample": 5, "ms": 23.848928451538086}
{"event": "sample", "n": 800, "mode": "backward", "round": 1, "block": 2, "label": "B", "sample": 6, "ms": 23.849184036254883}
{"event": "sample", "n": 800, "mode": "backward", "round": 1, "block": 2, "label": "B", "sample": 7, "ms": 23.83932876586914}
{"event": "sample", "n": 800, "mode": "backward", "round": 1, "block": 2, "label": "B", "sample": 8, "ms": 23.82294464111328}
{"event": "sample", "n": 800, "mode": "backward", "round": 1, "block": 2, "label": "B", "sample": 9, "ms": 23.81260871887207}
{"event": "sample", "n": 800, "mode": "backward", "round": 1, "block": 3, "label": "A", "sample": 0, "ms": 29.589344024658203}
{"event": "sample", "n": 800, "mode": "backward", "round": 1, "block": 3, "label": "A", "sample": 1, "ms": 29.25334358215332}
{"event": "sample", "n": 800, "mode": "backward", "round": 1, "block": 3, "label": "A", "sample": 2, "ms": 29.257183074951172}
{"event": "sample", "n": 800, "mode": "backward", "round": 1, "block": 3, "label": "A", "sample": 3, "ms": 29.25107192993164}
{"event": "sample", "n": 800, "mode": "backward", "round": 1, "block": 3, "label": "A", "sample": 4, "ms": 29.258623123168945}
{"event": "sample", "n": 800, "mode": "backward", "round": 1, "block": 3, "label": "A", "sample": 5, "ms": 29.25644874572754}
{"event": "sample", "n": 800, "mode": "backward", "round": 1, "block": 3, "label": "A", "sample": 6, "ms": 29.253408432006836}
{"event": "sample", "n": 800, "mode": "backward", "round": 1, "block": 3, "label": "A", "sample": 7, "ms": 29.259872436523438}
{"event": "sample", "n": 800, "mode": "backward", "round": 1, "block": 3, "label": "A", "sample": 8, "ms": 29.25494384765625}
{"event": "sample", "n": 800, "mode": "backward", "round": 1, "block": 3, "label": "A", "sample": 9, "ms": 29.25449562072754}
{"event": "sample", "n": 800, "mode": "backward", "round": 2, "block": 0, "label": "A", "sample": 0, "ms": 29.587360382080078}
{"event": "sample", "n": 800, "mode": "backward", "round": 2, "block": 0, "label": "A", "sample": 1, "ms": 29.247711181640625}
{"event": "sample", "n": 800, "mode": "backward", "round": 2, "block": 0, "label": "A", "sample": 2, "ms": 29.252704620361328}
{"event": "sample", "n": 800, "mode": "backward", "round": 2, "block": 0, "label": "A", "sample": 3, "ms": 29.254688262939453}
{"event": "sample", "n": 800, "mode": "backward", "round": 2, "block": 0, "label": "A", "sample": 4, "ms": 29.290815353393555}
{"event": "sample", "n": 800, "mode": "backward", "round": 2, "block": 0, "label": "A", "sample": 5, "ms": 29.320480346679688}
{"event": "sample", "n": 800, "mode": "backward", "round": 2, "block": 0, "label": "A", "sample": 6, "ms": 29.317119598388672}
{"event": "sample", "n": 800, "mode": "backward", "round": 2, "block": 0, "label": "A", "sample": 7, "ms": 29.31292724609375}
{"event": "sample", "n": 800, "mode": "backward", "round": 2, "block": 0, "label": "A", "sample": 8, "ms": 29.255712509155273}
{"event": "sample", "n": 800, "mode": "backward", "round": 2, "block": 0, "label": "A", "sample": 9, "ms": 29.254880905151367}
{"event": "sample", "n": 800, "mode": "backward", "round": 2, "block": 1, "label": "B", "sample": 0, "ms": 24.0948486328125}
{"event": "sample", "n": 800, "mode": "backward", "round": 2, "block": 1, "label": "B", "sample": 1, "ms": 23.880191802978516}
{"event": "sample", "n": 800, "mode": "backward", "round": 2, "block": 1, "label": "B", "sample": 2, "ms": 23.885568618774414}
{"event": "sample", "n": 800, "mode": "backward", "round": 2, "block": 1, "label": "B", "sample": 3, "ms": 23.87824058532715}
{"event": "sample", "n": 800, "mode": "backward", "round": 2, "block": 1, "label": "B", "sample": 4, "ms": 23.888511657714844}
{"event": "sample", "n": 800, "mode": "backward", "round": 2, "block": 1, "label": "B", "sample": 5, "ms": 23.85887908935547}
{"event": "sample", "n": 800, "mode": "backward", "round": 2, "block": 1, "label": "B", "sample": 6, "ms": 23.880863189697266}
{"event": "sample", "n": 800, "mode": "backward", "round": 2, "block": 1, "label": "B", "sample": 7, "ms": 23.874048233032227}
{"event": "sample", "n": 800, "mode": "backward", "round": 2, "block": 1, "label": "B", "sample": 8, "ms": 23.866655349731445}
{"event": "sample", "n": 800, "mode": "backward", "round": 2, "block": 1, "label": "B", "sample": 9, "ms": 23.875328063964844}
{"event": "sample", "n": 800, "mode": "backward", "round": 2, "block": 2, "label": "B", "sample": 0, "ms": 24.042144775390625}
{"event": "sample", "n": 800, "mode": "backward", "round": 2, "block": 2, "label": "B", "sample": 1, "ms": 23.848127365112305}
{"event": "sample", "n": 800, "mode": "backward", "round": 2, "block": 2, "label": "B", "sample": 2, "ms": 23.849119186401367}
{"event": "sample", "n": 800, "mode": "backward", "round": 2, "block": 2, "label": "B", "sample": 3, "ms": 23.848703384399414}
{"event": "sample", "n": 800, "mode": "backward", "round": 2, "block": 2, "label": "B", "sample": 4, "ms": 23.884031295776367}
{"event": "sample", "n": 800, "mode": "backward", "round": 2, "block": 2, "label": "B", "sample": 5, "ms": 23.868640899658203}
{"event": "sample", "n": 800, "mode": "backward", "round": 2, "block": 2, "label": "B", "sample": 6, "ms": 23.879743576049805}
{"event": "sample", "n": 800, "mode": "backward", "round": 2, "block": 2, "label": "B", "sample": 7, "ms": 23.86284828186035}
{"event": "sample", "n": 800, "mode": "backward", "round": 2, "block": 2, "label": "B", "sample": 8, "ms": 23.855648040771484}
{"event": "sample", "n": 800, "mode": "backward", "round": 2, "block": 2, "label": "B", "sample": 9, "ms": 23.828832626342773}
{"event": "sample", "n": 800, "mode": "backward", "round": 2, "block": 3, "label": "A", "sample": 0, "ms": 30.017663955688477}
{"event": "sample", "n": 800, "mode": "backward", "round": 2, "block": 3, "label": "A", "sample": 1, "ms": 29.21881675720215}
{"event": "sample", "n": 800, "mode": "backward", "round": 2, "block": 3, "label": "A", "sample": 2, "ms": 29.25859260559082}
{"event": "sample", "n": 800, "mode": "backward", "round": 2, "block": 3, "label": "A", "sample": 3, "ms": 29.254528045654297}
{"event": "sample", "n": 800, "mode": "backward", "round": 2, "block": 3, "label": "A", "sample": 4, "ms": 29.254016876220703}
{"event": "sample", "n": 800, "mode": "backward", "round": 2, "block": 3, "label": "A", "sample": 5, "ms": 29.25481605529785}
{"event": "sample", "n": 800, "mode": "backward", "round": 2, "block": 3, "label": "A", "sample": 6, "ms": 29.257247924804688}
{"event": "sample", "n": 800, "mode": "backward", "round": 2, "block": 3, "label": "A", "sample": 7, "ms": 29.24835205078125}
{"event": "sample", "n": 800, "mode": "backward", "round": 2, "block": 3, "label": "A", "sample": 8, "ms": 29.25372886657715}
{"event": "sample", "n": 800, "mode": "backward", "round": 2, "block": 3, "label": "A", "sample": 9, "ms": 29.252992630004883}
{"event": "summary", "n": 800, "mode": "backward", "median_ms": {"A": 29.256240844726562, "B": 23.859023094177246}, "speedup": 1.2262128557923437, "samples_per_label": 60}
{"event": "sample", "n": 800, "mode": "forward_backward", "round": 0, "block": 0, "label": "A", "sample": 0, "ms": 35.423423767089844}
{"event": "sample", "n": 800, "mode": "forward_backward", "round": 0, "block": 0, "label": "A", "sample": 1, "ms": 35.165504455566406}
{"event": "sample", "n": 800, "mode": "forward_backward", "round": 0, "block": 0, "label": "A", "sample": 2, "ms": 35.200191497802734}
{"event": "sample", "n": 800, "mode": "forward_backward", "round": 0, "block": 0, "label": "A", "sample": 3, "ms": 35.198753356933594}
{"event": "sample", "n": 800, "mode": "forward_backward", "round": 0, "block": 0, "label": "A", "sample": 4, "ms": 35.200862884521484}
{"event": "sample", "n": 800, "mode": "forward_backward", "round": 0, "block": 0, "label": "A", "sample": 5, "ms": 35.20048141479492}
{"event": "sample", "n": 800, "mode": "forward_backward", "round": 0, "block": 0, "label": "A", "sample": 6, "ms": 35.20025634765625}
{"event": "sample", "n": 800, "mode": "forward_backward", "round": 0, "block": 0, "label": "A", "sample": 7, "ms": 35.19744110107422}
{"event": "sample", "n": 800, "mode": "forward_backward", "round": 0, "block": 0, "label": "A", "sample": 8, "ms": 35.200862884521484}
{"event": "sample", "n": 800, "mode": "forward_backward", "round": 0, "block": 0, "label": "A", "sample": 9, "ms": 35.19939041137695}
{"event": "sample", "n": 800, "mode": "forward_backward", "round": 0, "block": 1, "label": "B", "sample": 0, "ms": 31.69558334350586}
{"event": "sample", "n": 800, "mode": "forward_backward", "round": 0, "block": 1, "label": "B", "sample": 1, "ms": 31.47385597229004}
{"event": "sample", "n": 800, "mode": "forward_backward", "round": 0, "block": 1, "label": "B", "sample": 2, "ms": 31.48076820373535}
{"event": "sample", "n": 800, "mode": "forward_backward", "round": 0, "block": 1, "label": "B", "sample": 3, "ms": 31.47875213623047}
{"event": "sample", "n": 800, "mode": "forward_backward", "round": 0, "block": 1, "label": "B", "sample": 4, "ms": 31.469823837280273}
{"event": "sample", "n": 800, "mode": "forward_backward", "round": 0, "block": 1, "label": "B", "sample": 5, "ms": 31.42838478088379}
{"event": "sample", "n": 800, "mode": "forward_backward", "round": 0, "block": 1, "label": "B", "sample": 6, "ms": 31.465856552124023}
{"event": "sample", "n": 800, "mode": "forward_backward", "round": 0, "block": 1, "label": "B", "sample": 7, "ms": 31.4520320892334}
{"event": "sample", "n": 800, "mode": "forward_backward", "round": 0, "block": 1, "label": "B", "sample": 8, "ms": 31.489280700683594}
{"event": "sample", "n": 800, "mode": "forward_backward", "round": 0, "block": 1, "label": "B", "sample": 9, "ms": 31.478368759155273}
{"event": "sample", "n": 800, "mode": "forward_backward", "round": 0, "block": 2, "label": "B", "sample": 0, "ms": 31.703168869018555}
{"event": "sample", "n": 800, "mode": "forward_backward", "round": 0, "block": 2, "label": "B", "sample": 1, "ms": 31.46454429626465}
{"event": "sample", "n": 800, "mode": "forward_backward", "round": 0, "block": 2, "label": "B", "sample": 2, "ms": 31.435712814331055}
{"event": "sample", "n": 800, "mode": "forward_backward", "round": 0, "block": 2, "label": "B", "sample": 3, "ms": 31.431488037109375}
{"event": "sample", "n": 800, "mode": "forward_backward", "round": 0, "block": 2, "label": "B", "sample": 4, "ms": 31.43459129333496}
{"event": "sample", "n": 800, "mode": "forward_backward", "round": 0, "block": 2, "label": "B", "sample": 5, "ms": 31.417600631713867}
{"event": "sample", "n": 800, "mode": "forward_backward", "round": 0, "block": 2, "label": "B", "sample": 6, "ms": 31.43164825439453}
{"event": "sample", "n": 800, "mode": "forward_backward", "round": 0, "block": 2, "label": "B", "sample": 7, "ms": 31.47327995300293}
{"event": "sample", "n": 800, "mode": "forward_backward", "round": 0, "block": 2, "label": "B", "sample": 8, "ms": 31.45248031616211}
{"event": "sample", "n": 800, "mode": "forward_backward", "round": 0, "block": 2, "label": "B", "sample": 9, "ms": 31.431360244750977}
{"event": "sample", "n": 800, "mode": "forward_backward", "round": 0, "block": 3, "label": "A", "sample": 0, "ms": 35.44950485229492}
{"event": "sample", "n": 800, "mode": "forward_backward", "round": 0, "block": 3, "label": "A", "sample": 1, "ms": 35.1539192199707}
{"event": "sample", "n": 800, "mode": "forward_backward", "round": 0, "block": 3, "label": "A", "sample": 2, "ms": 35.19084930419922}
{"event": "sample", "n": 800, "mode": "forward_backward", "round": 0, "block": 3, "label": "A", "sample": 3, "ms": 35.20188903808594}
{"event": "sample", "n": 800, "mode": "forward_backward", "round": 0, "block": 3, "label": "A", "sample": 4, "ms": 35.198944091796875}
{"event": "sample", "n": 800, "mode": "forward_backward", "round": 0, "block": 3, "label": "A", "sample": 5, "ms": 35.200191497802734}
{"event": "sample", "n": 800, "mode": "forward_backward", "round": 0, "block": 3, "label": "A", "sample": 6, "ms": 35.206878662109375}
{"event": "sample", "n": 800, "mode": "forward_backward", "round": 0, "block": 3, "label": "A", "sample": 7, "ms": 35.19855880737305}
{"event": "sample", "n": 800, "mode": "forward_backward", "round": 0, "block": 3, "label": "A", "sample": 8, "ms": 35.202369689941406}
{"event": "sample", "n": 800, "mode": "forward_backward", "round": 0, "block": 3, "label": "A", "sample": 9, "ms": 35.194305419921875}
{"event": "sample", "n": 800, "mode": "forward_backward", "round": 1, "block": 0, "label": "A", "sample": 0, "ms": 35.47273635864258}
{"event": "sample", "n": 800, "mode": "forward_backward", "round": 1, "block": 0, "label": "A", "sample": 1, "ms": 35.198753356933594}
{"event": "sample", "n": 800, "mode": "forward_backward", "round": 1, "block": 0, "label": "A", "sample": 2, "ms": 35.19721603393555}
{"event": "sample", "n": 800, "mode": "forward_backward", "round": 1, "block": 0, "label": "A", "sample": 3, "ms": 35.19839859008789}
{"event": "sample", "n": 800, "mode": "forward_backward", "round": 1, "block": 0, "label": "A", "sample": 4, "ms": 35.200801849365234}
{"event": "sample", "n": 800, "mode": "forward_backward", "round": 1, "block": 0, "label": "A", "sample": 5, "ms": 35.203487396240234}
{"event": "sample", "n": 800, "mode": "forward_backward", "round": 1, "block": 0, "label": "A", "sample": 6, "ms": 35.20492935180664}
{"event": "sample", "n": 800, "mode": "forward_backward", "round": 1, "block": 0, "label": "A", "sample": 7, "ms": 35.19657516479492}
{"event": "sample", "n": 800, "mode": "forward_backward", "round": 1, "block": 0, "label": "A", "sample": 8, "ms": 35.20556640625}
{"event": "sample", "n": 800, "mode": "forward_backward", "round": 1, "block": 0, "label": "A", "sample": 9, "ms": 35.19833755493164}
{"event": "sample", "n": 800, "mode": "forward_backward", "round": 1, "block": 1, "label": "B", "sample": 0, "ms": 31.760671615600586}
{"event": "sample", "n": 800, "mode": "forward_backward", "round": 1, "block": 1, "label": "B", "sample": 1, "ms": 31.466976165771484}
{"event": "sample", "n": 800, "mode": "forward_backward", "round": 1, "block": 1, "label": "B", "sample": 2, "ms": 31.479328155517578}
{"event": "sample", "n": 800, "mode": "forward_backward", "round": 1, "block": 1, "label": "B", "sample": 3, "ms": 31.483360290527344}
{"event": "sample", "n": 800, "mode": "forward_backward", "round": 1, "block": 1, "label": "B", "sample": 4, "ms": 31.45587158203125}
{"event": "sample", "n": 800, "mode": "forward_backward", "round": 1, "block": 1, "label": "B", "sample": 5, "ms": 31.446144104003906}
{"event": "sample", "n": 800, "mode": "forward_backward", "round": 1, "block": 1, "label": "B", "sample": 6, "ms": 31.396095275878906}
{"event": "sample", "n": 800, "mode": "forward_backward", "round": 1, "block": 1, "label": "B", "sample": 7, "ms": 31.442623138427734}
{"event": "sample", "n": 800, "mode": "forward_backward", "round": 1, "block": 1, "label": "B", "sample": 8, "ms": 31.420543670654297}
{"event": "sample", "n": 800, "mode": "forward_backward", "round": 1, "block": 1, "label": "B", "sample": 9, "ms": 31.499744415283203}
{"event": "sample", "n": 800, "mode": "forward_backward", "round": 1, "block": 2, "label": "B", "sample": 0, "ms": 31.70560073852539}
{"event": "sample", "n": 800, "mode": "forward_backward", "round": 1, "block": 2, "label": "B", "sample": 1, "ms": 31.420127868652344}
{"event": "sample", "n": 800, "mode": "forward_backward", "round": 1, "block": 2, "label": "B", "sample": 2, "ms": 31.421920776367188}
{"event": "sample", "n": 800, "mode": "forward_backward", "round": 1, "block": 2, "label": "B", "sample": 3, "ms": 31.40729522705078}
{"event": "sample", "n": 800, "mode": "forward_backward", "round": 1, "block": 2, "label": "B", "sample": 4, "ms": 31.413984298706055}
{"event": "sample", "n": 800, "mode": "forward_backward", "round": 1, "block": 2, "label": "B", "sample": 5, "ms": 31.472736358642578}
{"event": "sample", "n": 800, "mode": "forward_backward", "round": 1, "block": 2, "label": "B", "sample": 6, "ms": 31.476160049438477}
{"event": "sample", "n": 800, "mode": "forward_backward", "round": 1, "block": 2, "label": "B", "sample": 7, "ms": 31.444927215576172}
{"event": "sample", "n": 800, "mode": "forward_backward", "round": 1, "block": 2, "label": "B", "sample": 8, "ms": 31.402751922607422}
{"event": "sample", "n": 800, "mode": "forward_backward", "round": 1, "block": 2, "label": "B", "sample": 9, "ms": 31.431808471679688}
{"event": "sample", "n": 800, "mode": "forward_backward", "round": 1, "block": 3, "label": "A", "sample": 0, "ms": 35.448734283447266}
{"event": "sample", "n": 800, "mode": "forward_backward", "round": 1, "block": 3, "label": "A", "sample": 1, "ms": 35.19270324707031}
{"event": "sample", "n": 800, "mode": "forward_backward", "round": 1, "block": 3, "label": "A", "sample": 2, "ms": 35.1995849609375}
{"event": "sample", "n": 800, "mode": "forward_backward", "round": 1, "block": 3, "label": "A", "sample": 3, "ms": 35.19523239135742}
{"event": "sample", "n": 800, "mode": "forward_backward", "round": 1, "block": 3, "label": "A", "sample": 4, "ms": 35.2026252746582}
{"event": "sample", "n": 800, "mode": "forward_backward", "round": 1, "block": 3, "label": "A", "sample": 5, "ms": 35.202911376953125}
{"event": "sample", "n": 800, "mode": "forward_backward", "round": 1, "block": 3, "label": "A", "sample": 6, "ms": 35.19363021850586}
{"event": "sample", "n": 800, "mode": "forward_backward", "round": 1, "block": 3, "label": "A", "sample": 7, "ms": 35.1978874206543}
{"event": "sample", "n": 800, "mode": "forward_backward", "round": 1, "block": 3, "label": "A", "sample": 8, "ms": 35.198463439941406}
{"event": "sample", "n": 800, "mode": "forward_backward", "round": 1, "block": 3, "label": "A", "sample": 9, "ms": 35.21039962768555}
{"event": "sample", "n": 800, "mode": "forward_backward", "round": 2, "block": 0, "label": "A", "sample": 0, "ms": 35.46278381347656}
{"event": "sample", "n": 800, "mode": "forward_backward", "round": 2, "block": 0, "label": "A", "sample": 1, "ms": 35.19820785522461}
{"event": "sample", "n": 800, "mode": "forward_backward", "round": 2, "block": 0, "label": "A", "sample": 2, "ms": 35.1962890625}
{"event": "sample", "n": 800, "mode": "forward_backward", "round": 2, "block": 0, "label": "A", "sample": 3, "ms": 35.20163345336914}
{"event": "sample", "n": 800, "mode": "forward_backward", "round": 2, "block": 0, "label": "A", "sample": 4, "ms": 35.198974609375}
{"event": "sample", "n": 800, "mode": "forward_backward", "round": 2, "block": 0, "label": "A", "sample": 5, "ms": 35.197662353515625}
{"event": "sample", "n": 800, "mode": "forward_backward", "round": 2, "block": 0, "label": "A", "sample": 6, "ms": 35.19772720336914}
{"event": "sample", "n": 800, "mode": "forward_backward", "round": 2, "block": 0, "label": "A", "sample": 7, "ms": 35.20256042480469}
{"event": "sample", "n": 800, "mode": "forward_backward", "round": 2, "block": 0, "label": "A", "sample": 8, "ms": 35.19987106323242}
{"event": "sample", "n": 800, "mode": "forward_backward", "round": 2, "block": 0, "label": "A", "sample": 9, "ms": 35.20111846923828}
{"event": "sample", "n": 800, "mode": "forward_backward", "round": 2, "block": 1, "label": "B", "sample": 0, "ms": 31.7040958404541}
{"event": "sample", "n": 800, "mode": "forward_backward", "round": 2, "block": 1, "label": "B", "sample": 1, "ms": 31.488895416259766}
{"event": "sample", "n": 800, "mode": "forward_backward", "round": 2, "block": 1, "label": "B", "sample": 2, "ms": 31.439199447631836}
{"event": "sample", "n": 800, "mode": "forward_backward", "round": 2, "block": 1, "label": "B", "sample": 3, "ms": 31.458816528320312}
{"event": "sample", "n": 800, "mode": "forward_backward", "round": 2, "block": 1, "label": "B", "sample": 4, "ms": 31.558879852294922}
{"event": "sample", "n": 800, "mode": "forward_backward", "round": 2, "block": 1, "label": "B", "sample": 5, "ms": 31.562463760375977}
{"event": "sample", "n": 800, "mode": "forward_backward", "round": 2, "block": 1, "label": "B", "sample": 6, "ms": 31.541215896606445}
{"event": "sample", "n": 800, "mode": "forward_backward", "round": 2, "block": 1, "label": "B", "sample": 7, "ms": 31.481407165527344}
{"event": "sample", "n": 800, "mode": "forward_backward", "round": 2, "block": 1, "label": "B", "sample": 8, "ms": 31.44316864013672}
{"event": "sample", "n": 800, "mode": "forward_backward", "round": 2, "block": 1, "label": "B", "sample": 9, "ms": 31.480287551879883}
{"event": "sample", "n": 800, "mode": "forward_backward", "round": 2, "block": 2, "label": "B", "sample": 0, "ms": 31.763071060180664}
{"event": "sample", "n": 800, "mode": "forward_backward", "round": 2, "block": 2, "label": "B", "sample": 1, "ms": 31.51148796081543}
{"event": "sample", "n": 800, "mode": "forward_backward", "round": 2, "block": 2, "label": "B", "sample": 2, "ms": 31.524608612060547}
{"event": "sample", "n": 800, "mode": "forward_backward", "round": 2, "block": 2, "label": "B", "sample": 3, "ms": 31.523456573486328}
{"event": "sample", "n": 800, "mode": "forward_backward", "round": 2, "block": 2, "label": "B", "sample": 4, "ms": 31.46009635925293}
{"event": "sample", "n": 800, "mode": "forward_backward", "round": 2, "block": 2, "label": "B", "sample": 5, "ms": 31.441312789916992}
{"event": "sample", "n": 800, "mode": "forward_backward", "round": 2, "block": 2, "label": "B", "sample": 6, "ms": 31.4619197845459}
{"event": "sample", "n": 800, "mode": "forward_backward", "round": 2, "block": 2, "label": "B", "sample": 7, "ms": 31.534048080444336}
{"event": "sample", "n": 800, "mode": "forward_backward", "round": 2, "block": 2, "label": "B", "sample": 8, "ms": 31.545568466186523}
{"event": "sample", "n": 800, "mode": "forward_backward", "round": 2, "block": 2, "label": "B", "sample": 9, "ms": 31.545183181762695}
{"event": "sample", "n": 800, "mode": "forward_backward", "round": 2, "block": 3, "label": "A", "sample": 0, "ms": 35.769630432128906}
{"event": "sample", "n": 800, "mode": "forward_backward", "round": 2, "block": 3, "label": "A", "sample": 1, "ms": 35.19878387451172}
{"event": "sample", "n": 800, "mode": "forward_backward", "round": 2, "block": 3, "label": "A", "sample": 2, "ms": 35.21046447753906}
{"event": "sample", "n": 800, "mode": "forward_backward", "round": 2, "block": 3, "label": "A", "sample": 3, "ms": 35.28665542602539}
{"event": "sample", "n": 800, "mode": "forward_backward", "round": 2, "block": 3, "label": "A", "sample": 4, "ms": 35.276031494140625}
{"event": "sample", "n": 800, "mode": "forward_backward", "round": 2, "block": 3, "label": "A", "sample": 5, "ms": 35.24892807006836}
{"event": "sample", "n": 800, "mode": "forward_backward", "round": 2, "block": 3, "label": "A", "sample": 6, "ms": 35.19510269165039}
{"event": "sample", "n": 800, "mode": "forward_backward", "round": 2, "block": 3, "label": "A", "sample": 7, "ms": 35.19504165649414}
{"event": "sample", "n": 800, "mode": "forward_backward", "round": 2, "block": 3, "label": "A", "sample": 8, "ms": 35.1976318359375}
{"event": "sample", "n": 800, "mode": "forward_backward", "round": 2, "block": 3, "label": "A", "sample": 9, "ms": 35.1978874206543}
{"event": "summary", "n": 800, "mode": "forward_backward", "median_ms": {"A": 35.19972801208496, "B": 31.46840000152588}, "speedup": 1.1185738077048135, "samples_per_label": 60}
{"event": "parity", "n": 1024, "checks": {"output": {"relative_l2": 0.0009663617820478976, "baseline_zero_max_abs_diagnostic": 1.1265277862548828e-05, "passed": true}, "dq": {"relative_l2": 0.001000662217848003, "baseline_zero_max_abs_diagnostic": 0.0, "passed": true}, "dk": {"relative_l2": 0.001076377579011023, "baseline_zero_max_abs_diagnostic": 0.0, "passed": true}, "dv": {"relative_l2": 5.9841051552211866e-05, "baseline_zero_max_abs_diagnostic": 0.0, "passed": true}, "db": {"relative_l2": 0.0005898718372918665, "baseline_zero_max_abs_diagnostic": 0.0, "passed": true}}, "independent_reference": false}
{"event": "memory", "n": 1024, "measurements": {"A": {"peak_increment_bytes": 2366636032, "retained_increment_bytes": 2164260864}, "B": {"peak_increment_bytes": 2433777664, "retained_increment_bytes": 2164260864}}}
{"event": "sample", "n": 1024, "mode": "forward", "round": 0, "block": 0, "label": "A", "sample": 0, "ms": 11.005215644836426}
{"event": "sample", "n": 1024, "mode": "forward", "round": 0, "block": 0, "label": "A", "sample": 1, "ms": 10.788607597351074}
{"event": "sample", "n": 1024, "mode": "forward", "round": 0, "block": 0, "label": "A", "sample": 2, "ms": 10.791839599609375}
{"event": "sample", "n": 1024, "mode": "forward", "round": 0, "block": 0, "label": "A", "sample": 3, "ms": 10.792767524719238}
{"event": "sample", "n": 1024, "mode": "forward", "round": 0, "block": 0, "label": "A", "sample": 4, "ms": 10.795167922973633}
{"event": "sample", "n": 1024, "mode": "forward", "round": 0, "block": 0, "label": "A", "sample": 5, "ms": 10.725184440612793}
{"event": "sample", "n": 1024, "mode": "forward", "round": 0, "block": 0, "label": "A", "sample": 6, "ms": 10.720416069030762}
{"event": "sample", "n": 1024, "mode": "forward", "round": 0, "block": 0, "label": "A", "sample": 7, "ms": 10.722208023071289}
{"event": "sample", "n": 1024, "mode": "forward", "round": 0, "block": 0, "label": "A", "sample": 8, "ms": 10.720224380493164}
{"event": "sample", "n": 1024, "mode": "forward", "round": 0, "block": 0, "label": "A", "sample": 9, "ms": 10.719327926635742}
{"event": "sample", "n": 1024, "mode": "forward", "round": 0, "block": 1, "label": "B", "sample": 0, "ms": 15.03279972076416}
{"event": "sample", "n": 1024, "mode": "forward", "round": 0, "block": 1, "label": "B", "sample": 1, "ms": 14.81824016571045}
{"event": "sample", "n": 1024, "mode": "forward", "round": 0, "block": 1, "label": "B", "sample": 2, "ms": 14.810527801513672}
{"event": "sample", "n": 1024, "mode": "forward", "round": 0, "block": 1, "label": "B", "sample": 3, "ms": 14.811967849731445}
{"event": "sample", "n": 1024, "mode": "forward", "round": 0, "block": 1, "label": "B", "sample": 4, "ms": 14.815199851989746}
{"event": "sample", "n": 1024, "mode": "forward", "round": 0, "block": 1, "label": "B", "sample": 5, "ms": 14.814175605773926}
{"event": "sample", "n": 1024, "mode": "forward", "round": 0, "block": 1, "label": "B", "sample": 6, "ms": 14.813664436340332}
{"event": "sample", "n": 1024, "mode": "forward", "round": 0, "block": 1, "label": "B", "sample": 7, "ms": 14.813632011413574}
{"event": "sample", "n": 1024, "mode": "forward", "round": 0, "block": 1, "label": "B", "sample": 8, "ms": 14.799615859985352}
{"event": "sample", "n": 1024, "mode": "forward", "round": 0, "block": 1, "label": "B", "sample": 9, "ms": 14.798591613769531}
{"event": "sample", "n": 1024, "mode": "forward", "round": 0, "block": 2, "label": "B", "sample": 0, "ms": 14.96288013458252}
{"event": "sample", "n": 1024, "mode": "forward", "round": 0, "block": 2, "label": "B", "sample": 1, "ms": 14.791808128356934}
{"event": "sample", "n": 1024, "mode": "forward", "round": 0, "block": 2, "label": "B", "sample": 2, "ms": 14.792672157287598}
{"event": "sample", "n": 1024, "mode": "forward", "round": 0, "block": 2, "label": "B", "sample": 3, "ms": 14.793888092041016}
{"event": "sample", "n": 1024, "mode": "forward", "round": 0, "block": 2, "label": "B", "sample": 4, "ms": 14.792511940002441}
{"event": "sample", "n": 1024, "mode": "forward", "round": 0, "block": 2, "label": "B", "sample": 5, "ms": 14.790783882141113}
{"event": "sample", "n": 1024, "mode": "forward", "round": 0, "block": 2, "label": "B", "sample": 6, "ms": 14.793984413146973}
{"event": "sample", "n": 1024, "mode": "forward", "round": 0, "block": 2, "label": "B", "sample": 7, "ms": 14.794879913330078}
{"event": "sample", "n": 1024, "mode": "forward", "round": 0, "block": 2, "label": "B", "sample": 8, "ms": 14.792160034179688}
{"event": "sample", "n": 1024, "mode": "forward", "round": 0, "block": 2, "label": "B", "sample": 9, "ms": 14.793375968933105}
{"event": "sample", "n": 1024, "mode": "forward", "round": 0, "block": 3, "label": "A", "sample": 0, "ms": 10.89516830444336}
{"event": "sample", "n": 1024, "mode": "forward", "round": 0, "block": 3, "label": "A", "sample": 1, "ms": 10.6976318359375}
{"event": "sample", "n": 1024, "mode": "forward", "round": 0, "block": 3, "label": "A", "sample": 2, "ms": 10.701663970947266}
{"event": "sample", "n": 1024, "mode": "forward", "round": 0, "block": 3, "label": "A", "sample": 3, "ms": 10.704959869384766}
{"event": "sample", "n": 1024, "mode": "forward", "round": 0, "block": 3, "label": "A", "sample": 4, "ms": 10.703455924987793}
{"event": "sample", "n": 1024, "mode": "forward", "round": 0, "block": 3, "label": "A", "sample": 5, "ms": 10.703712463378906}
{"event": "sample", "n": 1024, "mode": "forward", "round": 0, "block": 3, "label": "A", "sample": 6, "ms": 10.705023765563965}
{"event": "sample", "n": 1024, "mode": "forward", "round": 0, "block": 3, "label": "A", "sample": 7, "ms": 10.700384140014648}
{"event": "sample", "n": 1024, "mode": "forward", "round": 0, "block": 3, "label": "A", "sample": 8, "ms": 10.704192161560059}
{"event": "sample", "n": 1024, "mode": "forward", "round": 0, "block": 3, "label": "A", "sample": 9, "ms": 10.703328132629395}
{"event": "sample", "n": 1024, "mode": "forward", "round": 1, "block": 0, "label": "A", "sample": 0, "ms": 10.850175857543945}
{"event": "sample", "n": 1024, "mode": "forward", "round": 1, "block": 0, "label": "A", "sample": 1, "ms": 10.701919555664062}
{"event": "sample", "n": 1024, "mode": "forward", "round": 1, "block": 0, "label": "A", "sample": 2, "ms": 10.700672149658203}
{"event": "sample", "n": 1024, "mode": "forward", "round": 1, "block": 0, "label": "A", "sample": 3, "ms": 10.703359603881836}
{"event": "sample", "n": 1024, "mode": "forward", "round": 1, "block": 0, "label": "A", "sample": 4, "ms": 10.703167915344238}
{"event": "sample", "n": 1024, "mode": "forward", "round": 1, "block": 0, "label": "A", "sample": 5, "ms": 10.705792427062988}
{"event": "sample", "n": 1024, "mode": "forward", "round": 1, "block": 0, "label": "A", "sample": 6, "ms": 10.702176094055176}
{"event": "sample", "n": 1024, "mode": "forward", "round": 1, "block": 0, "label": "A", "sample": 7, "ms": 10.704511642456055}
{"event": "sample", "n": 1024, "mode": "forward", "round": 1, "block": 0, "label": "A", "sample": 8, "ms": 10.702591896057129}
{"event": "sample", "n": 1024, "mode": "forward", "round": 1, "block": 0, "label": "A", "sample": 9, "ms": 10.702816009521484}
{"event": "sample", "n": 1024, "mode": "forward", "round": 1, "block": 1, "label": "B", "sample": 0, "ms": 15.022784233093262}
{"event": "sample", "n": 1024, "mode": "forward", "round": 1, "block": 1, "label": "B", "sample": 1, "ms": 14.797216415405273}
{"event": "sample", "n": 1024, "mode": "forward", "round": 1, "block": 1, "label": "B", "sample": 2, "ms": 14.794464111328125}
{"event": "sample", "n": 1024, "mode": "forward", "round": 1, "block": 1, "label": "B", "sample": 3, "ms": 14.795999526977539}
{"event": "sample", "n": 1024, "mode": "forward", "round": 1, "block": 1, "label": "B", "sample": 4, "ms": 14.796928405761719}
{"event": "sample", "n": 1024, "mode": "forward", "round": 1, "block": 1, "label": "B", "sample": 5, "ms": 14.795071601867676}
{"event": "sample", "n": 1024, "mode": "forward", "round": 1, "block": 1, "label": "B", "sample": 6, "ms": 14.797151565551758}
{"event": "sample", "n": 1024, "mode": "forward", "round": 1, "block": 1, "label": "B", "sample": 7, "ms": 14.796735763549805}
{"event": "sample", "n": 1024, "mode": "forward", "round": 1, "block": 1, "label": "B", "sample": 8, "ms": 14.801535606384277}
{"event": "sample", "n": 1024, "mode": "forward", "round": 1, "block": 1, "label": "B", "sample": 9, "ms": 14.79366397857666}
{"event": "sample", "n": 1024, "mode": "forward", "round": 1, "block": 2, "label": "B", "sample": 0, "ms": 14.962335586547852}
{"event": "sample", "n": 1024, "mode": "forward", "round": 1, "block": 2, "label": "B", "sample": 1, "ms": 14.79747200012207}
{"event": "sample", "n": 1024, "mode": "forward", "round": 1, "block": 2, "label": "B", "sample": 2, "ms": 14.799903869628906}
{"event": "sample", "n": 1024, "mode": "forward", "round": 1, "block": 2, "label": "B", "sample": 3, "ms": 14.798912048339844}
{"event": "sample", "n": 1024, "mode": "forward", "round": 1, "block": 2, "label": "B", "sample": 4, "ms": 14.808575630187988}
{"event": "sample", "n": 1024, "mode": "forward", "round": 1, "block": 2, "label": "B", "sample": 5, "ms": 14.812000274658203}
{"event": "sample", "n": 1024, "mode": "forward", "round": 1, "block": 2, "label": "B", "sample": 6, "ms": 14.813504219055176}
{"event": "sample", "n": 1024, "mode": "forward", "round": 1, "block": 2, "label": "B", "sample": 7, "ms": 14.810815811157227}
{"event": "sample", "n": 1024, "mode": "forward", "round": 1, "block": 2, "label": "B", "sample": 8, "ms": 14.812704086303711}
{"event": "sample", "n": 1024, "mode": "forward", "round": 1, "block": 2, "label": "B", "sample": 9, "ms": 14.809823989868164}
{"event": "sample", "n": 1024, "mode": "forward", "round": 1, "block": 3, "label": "A", "sample": 0, "ms": 10.890463829040527}
{"event": "sample", "n": 1024, "mode": "forward", "round": 1, "block": 3, "label": "A", "sample": 1, "ms": 10.715200424194336}
{"event": "sample", "n": 1024, "mode": "forward", "round": 1, "block": 3, "label": "A", "sample": 2, "ms": 10.716544151306152}
{"event": "sample", "n": 1024, "mode": "forward", "round": 1, "block": 3, "label": "A", "sample": 3, "ms": 10.718144416809082}
{"event": "sample", "n": 1024, "mode": "forward", "round": 1, "block": 3, "label": "A", "sample": 4, "ms": 10.716383934020996}
{"event": "sample", "n": 1024, "mode": "forward", "round": 1, "block": 3, "label": "A", "sample": 5, "ms": 10.714816093444824}
{"event": "sample", "n": 1024, "mode": "forward", "round": 1, "block": 3, "label": "A", "sample": 6, "ms": 10.71878433227539}
{"event": "sample", "n": 1024, "mode": "forward", "round": 1, "block": 3, "label": "A", "sample": 7, "ms": 10.718879699707031}
{"event": "sample", "n": 1024, "mode": "forward", "round": 1, "block": 3, "label": "A", "sample": 8, "ms": 10.717184066772461}
{"event": "sample", "n": 1024, "mode": "forward", "round": 1, "block": 3, "label": "A", "sample": 9, "ms": 10.718496322631836}
{"event": "sample", "n": 1024, "mode": "forward", "round": 2, "block": 0, "label": "A", "sample": 0, "ms": 10.888447761535645}
{"event": "sample", "n": 1024, "mode": "forward", "round": 2, "block": 0, "label": "A", "sample": 1, "ms": 10.717056274414062}
{"event": "sample", "n": 1024, "mode": "forward", "round": 2, "block": 0, "label": "A", "sample": 2, "ms": 10.71731185913086}
{"event": "sample", "n": 1024, "mode": "forward", "round": 2, "block": 0, "label": "A", "sample": 3, "ms": 10.715359687805176}
{"event": "sample", "n": 1024, "mode": "forward", "round": 2, "block": 0, "label": "A", "sample": 4, "ms": 10.717408180236816}
{"event": "sample", "n": 1024, "mode": "forward", "round": 2, "block": 0, "label": "A", "sample": 5, "ms": 10.717344284057617}
{"event": "sample", "n": 1024, "mode": "forward", "round": 2, "block": 0, "label": "A", "sample": 6, "ms": 10.715519905090332}
{"event": "sample", "n": 1024, "mode": "forward", "round": 2, "block": 0, "label": "A", "sample": 7, "ms": 10.717087745666504}
{"event": "sample", "n": 1024, "mode": "forward", "round": 2, "block": 0, "label": "A", "sample": 8, "ms": 10.719231605529785}
{"event": "sample", "n": 1024, "mode": "forward", "round": 2, "block": 0, "label": "A", "sample": 9, "ms": 10.70736026763916}
{"event": "sample", "n": 1024, "mode": "forward", "round": 2, "block": 1, "label": "B", "sample": 0, "ms": 15.00592041015625}
{"event": "sample", "n": 1024, "mode": "forward", "round": 2, "block": 1, "label": "B", "sample": 1, "ms": 14.785120010375977}
{"event": "sample", "n": 1024, "mode": "forward", "round": 2, "block": 1, "label": "B", "sample": 2, "ms": 14.787455558776855}
{"event": "sample", "n": 1024, "mode": "forward", "round": 2, "block": 1, "label": "B", "sample": 3, "ms": 14.792832374572754}
{"event": "sample", "n": 1024, "mode": "forward", "round": 2, "block": 1, "label": "B", "sample": 4, "ms": 14.792703628540039}
{"event": "sample", "n": 1024, "mode": "forward", "round": 2, "block": 1, "label": "B", "sample": 5, "ms": 14.788991928100586}
{"event": "sample", "n": 1024, "mode": "forward", "round": 2, "block": 1, "label": "B", "sample": 6, "ms": 14.790719985961914}
{"event": "sample", "n": 1024, "mode": "forward", "round": 2, "block": 1, "label": "B", "sample": 7, "ms": 14.788543701171875}
{"event": "sample", "n": 1024, "mode": "forward", "round": 2, "block": 1, "label": "B", "sample": 8, "ms": 14.78991985321045}
{"event": "sample", "n": 1024, "mode": "forward", "round": 2, "block": 1, "label": "B", "sample": 9, "ms": 14.793791770935059}
{"event": "sample", "n": 1024, "mode": "forward", "round": 2, "block": 2, "label": "B", "sample": 0, "ms": 14.93286418914795}
{"event": "sample", "n": 1024, "mode": "forward", "round": 2, "block": 2, "label": "B", "sample": 1, "ms": 14.78713607788086}
{"event": "sample", "n": 1024, "mode": "forward", "round": 2, "block": 2, "label": "B", "sample": 2, "ms": 14.793472290039062}
{"event": "sample", "n": 1024, "mode": "forward", "round": 2, "block": 2, "label": "B", "sample": 3, "ms": 14.78758430480957}
{"event": "sample", "n": 1024, "mode": "forward", "round": 2, "block": 2, "label": "B", "sample": 4, "ms": 14.791168212890625}
{"event": "sample", "n": 1024, "mode": "forward", "round": 2, "block": 2, "label": "B", "sample": 5, "ms": 14.791359901428223}
{"event": "sample", "n": 1024, "mode": "forward", "round": 2, "block": 2, "label": "B", "sample": 6, "ms": 14.790528297424316}
{"event": "sample", "n": 1024, "mode": "forward", "round": 2, "block": 2, "label": "B", "sample": 7, "ms": 14.78867244720459}
{"event": "sample", "n": 1024, "mode": "forward", "round": 2, "block": 2, "label": "B", "sample": 8, "ms": 14.788928031921387}
{"event": "sample", "n": 1024, "mode": "forward", "round": 2, "block": 2, "label": "B", "sample": 9, "ms": 14.787712097167969}
{"event": "sample", "n": 1024, "mode": "forward", "round": 2, "block": 3, "label": "A", "sample": 0, "ms": 10.891136169433594}
{"event": "sample", "n": 1024, "mode": "forward", "round": 2, "block": 3, "label": "A", "sample": 1, "ms": 10.699520111083984}
{"event": "sample", "n": 1024, "mode": "forward", "round": 2, "block": 3, "label": "A", "sample": 2, "ms": 10.706208229064941}
{"event": "sample", "n": 1024, "mode": "forward", "round": 2, "block": 3, "label": "A", "sample": 3, "ms": 10.702176094055176}
{"event": "sample", "n": 1024, "mode": "forward", "round": 2, "block": 3, "label": "A", "sample": 4, "ms": 10.703840255737305}
{"event": "sample", "n": 1024, "mode": "forward", "round": 2, "block": 3, "label": "A", "sample": 5, "ms": 10.702943801879883}
{"event": "sample", "n": 1024, "mode": "forward", "round": 2, "block": 3, "label": "A", "sample": 6, "ms": 10.70304012298584}
{"event": "sample", "n": 1024, "mode": "forward", "round": 2, "block": 3, "label": "A", "sample": 7, "ms": 10.703776359558105}
{"event": "sample", "n": 1024, "mode": "forward", "round": 2, "block": 3, "label": "A", "sample": 8, "ms": 10.709440231323242}
{"event": "sample", "n": 1024, "mode": "forward", "round": 2, "block": 3, "label": "A", "sample": 9, "ms": 10.717439651489258}
{"event": "summary", "n": 1024, "mode": "forward", "median_ms": {"A": 10.715439796447754, "B": 14.795535564422607}, "speedup": 0.7242346686127493, "samples_per_label": 60}
{"event": "sample", "n": 1024, "mode": "backward", "round": 0, "block": 0, "label": "A", "sample": 0, "ms": 56.95977783203125}
{"event": "sample", "n": 1024, "mode": "backward", "round": 0, "block": 0, "label": "A", "sample": 1, "ms": 56.69839859008789}
{"event": "sample", "n": 1024, "mode": "backward", "round": 0, "block": 0, "label": "A", "sample": 2, "ms": 56.70828628540039}
{"event": "sample", "n": 1024, "mode": "backward", "round": 0, "block": 0, "label": "A", "sample": 3, "ms": 56.72284698486328}
{"event": "sample", "n": 1024, "mode": "backward", "round": 0, "block": 0, "label": "A", "sample": 4, "ms": 56.6954231262207}
{"event": "sample", "n": 1024, "mode": "backward", "round": 0, "block": 0, "label": "A", "sample": 5, "ms": 56.63510513305664}
{"event": "sample", "n": 1024, "mode": "backward", "round": 0, "block": 0, "label": "A", "sample": 6, "ms": 56.63363265991211}
{"event": "sample", "n": 1024, "mode": "backward", "round": 0, "block": 0, "label": "A", "sample": 7, "ms": 56.643104553222656}
{"event": "sample", "n": 1024, "mode": "backward", "round": 0, "block": 0, "label": "A", "sample": 8, "ms": 56.63129425048828}
{"event": "sample", "n": 1024, "mode": "backward", "round": 0, "block": 0, "label": "A", "sample": 9, "ms": 56.63296127319336}
{"event": "sample", "n": 1024, "mode": "backward", "round": 0, "block": 1, "label": "B", "sample": 0, "ms": 41.24403381347656}
{"event": "sample", "n": 1024, "mode": "backward", "round": 0, "block": 1, "label": "B", "sample": 1, "ms": 41.00678253173828}
{"event": "sample", "n": 1024, "mode": "backward", "round": 0, "block": 1, "label": "B", "sample": 2, "ms": 40.97587203979492}
{"event": "sample", "n": 1024, "mode": "backward", "round": 0, "block": 1, "label": "B", "sample": 3, "ms": 40.95449447631836}
{"event": "sample", "n": 1024, "mode": "backward", "round": 0, "block": 1, "label": "B", "sample": 4, "ms": 40.98175811767578}
{"event": "sample", "n": 1024, "mode": "backward", "round": 0, "block": 1, "label": "B", "sample": 5, "ms": 41.01222229003906}
{"event": "sample", "n": 1024, "mode": "backward", "round": 0, "block": 1, "label": "B", "sample": 6, "ms": 40.99967956542969}
{"event": "sample", "n": 1024, "mode": "backward", "round": 0, "block": 1, "label": "B", "sample": 7, "ms": 40.967071533203125}
{"event": "sample", "n": 1024, "mode": "backward", "round": 0, "block": 1, "label": "B", "sample": 8, "ms": 40.93305587768555}
{"event": "sample", "n": 1024, "mode": "backward", "round": 0, "block": 1, "label": "B", "sample": 9, "ms": 40.984256744384766}
{"event": "sample", "n": 1024, "mode": "backward", "round": 0, "block": 2, "label": "B", "sample": 0, "ms": 41.15020751953125}
{"event": "sample", "n": 1024, "mode": "backward", "round": 0, "block": 2, "label": "B", "sample": 1, "ms": 40.99875259399414}
{"event": "sample", "n": 1024, "mode": "backward", "round": 0, "block": 2, "label": "B", "sample": 2, "ms": 40.95356750488281}
{"event": "sample", "n": 1024, "mode": "backward", "round": 0, "block": 2, "label": "B", "sample": 3, "ms": 40.9600944519043}
{"event": "sample", "n": 1024, "mode": "backward", "round": 0, "block": 2, "label": "B", "sample": 4, "ms": 40.99692916870117}
{"event": "sample", "n": 1024, "mode": "backward", "round": 0, "block": 2, "label": "B", "sample": 5, "ms": 41.06876754760742}
{"event": "sample", "n": 1024, "mode": "backward", "round": 0, "block": 2, "label": "B", "sample": 6, "ms": 41.03023910522461}
{"event": "sample", "n": 1024, "mode": "backward", "round": 0, "block": 2, "label": "B", "sample": 7, "ms": 40.934688568115234}
{"event": "sample", "n": 1024, "mode": "backward", "round": 0, "block": 2, "label": "B", "sample": 8, "ms": 40.980865478515625}
{"event": "sample", "n": 1024, "mode": "backward", "round": 0, "block": 2, "label": "B", "sample": 9, "ms": 40.98339080810547}
{"event": "sample", "n": 1024, "mode": "backward", "round": 0, "block": 3, "label": "A", "sample": 0, "ms": 57.46963119506836}
{"event": "sample", "n": 1024, "mode": "backward", "round": 0, "block": 3, "label": "A", "sample": 1, "ms": 56.66080093383789}
{"event": "sample", "n": 1024, "mode": "backward", "round": 0, "block": 3, "label": "A", "sample": 2, "ms": 56.64080047607422}
{"event": "sample", "n": 1024, "mode": "backward", "round": 0, "block": 3, "label": "A", "sample": 3, "ms": 56.631038665771484}
{"event": "sample", "n": 1024, "mode": "backward", "round": 0, "block": 3, "label": "A", "sample": 4, "ms": 56.63731384277344}
{"event": "sample", "n": 1024, "mode": "backward", "round": 0, "block": 3, "label": "A", "sample": 5, "ms": 56.639007568359375}
{"event": "sample", "n": 1024, "mode": "backward", "round": 0, "block": 3, "label": "A", "sample": 6, "ms": 56.629920959472656}
{"event": "sample", "n": 1024, "mode": "backward", "round": 0, "block": 3, "label": "A", "sample": 7, "ms": 56.63267135620117}
{"event": "sample", "n": 1024, "mode": "backward", "round": 0, "block": 3, "label": "A", "sample": 8, "ms": 56.63123321533203}
{"event": "sample", "n": 1024, "mode": "backward", "round": 0, "block": 3, "label": "A", "sample": 9, "ms": 56.63894271850586}
{"event": "sample", "n": 1024, "mode": "backward", "round": 1, "block": 0, "label": "A", "sample": 0, "ms": 56.95916748046875}
{"event": "sample", "n": 1024, "mode": "backward", "round": 1, "block": 0, "label": "A", "sample": 1, "ms": 56.63087844848633}
{"event": "sample", "n": 1024, "mode": "backward", "round": 1, "block": 0, "label": "A", "sample": 2, "ms": 56.63151931762695}
{"event": "sample", "n": 1024, "mode": "backward", "round": 1, "block": 0, "label": "A", "sample": 3, "ms": 56.65903854370117}
{"event": "sample", "n": 1024, "mode": "backward", "round": 1, "block": 0, "label": "A", "sample": 4, "ms": 56.71379089355469}
{"event": "sample", "n": 1024, "mode": "backward", "round": 1, "block": 0, "label": "A", "sample": 5, "ms": 56.70640182495117}
{"event": "sample", "n": 1024, "mode": "backward", "round": 1, "block": 0, "label": "A", "sample": 6, "ms": 56.71180725097656}
{"event": "sample", "n": 1024, "mode": "backward", "round": 1, "block": 0, "label": "A", "sample": 7, "ms": 56.64614486694336}
{"event": "sample", "n": 1024, "mode": "backward", "round": 1, "block": 0, "label": "A", "sample": 8, "ms": 56.63296127319336}
{"event": "sample", "n": 1024, "mode": "backward", "round": 1, "block": 0, "label": "A", "sample": 9, "ms": 56.63334274291992}
{"event": "sample", "n": 1024, "mode": "backward", "round": 1, "block": 1, "label": "B", "sample": 0, "ms": 41.252159118652344}
{"event": "sample", "n": 1024, "mode": "backward", "round": 1, "block": 1, "label": "B", "sample": 1, "ms": 40.92486572265625}
{"event": "sample", "n": 1024, "mode": "backward", "round": 1, "block": 1, "label": "B", "sample": 2, "ms": 40.97555160522461}
{"event": "sample", "n": 1024, "mode": "backward", "round": 1, "block": 1, "label": "B", "sample": 3, "ms": 40.979713439941406}
{"event": "sample", "n": 1024, "mode": "backward", "round": 1, "block": 1, "label": "B", "sample": 4, "ms": 41.04374313354492}
{"event": "sample", "n": 1024, "mode": "backward", "round": 1, "block": 1, "label": "B", "sample": 5, "ms": 40.97135925292969}
{"event": "sample", "n": 1024, "mode": "backward", "round": 1, "block": 1, "label": "B", "sample": 6, "ms": 40.95017623901367}
{"event": "sample", "n": 1024, "mode": "backward", "round": 1, "block": 1, "label": "B", "sample": 7, "ms": 40.938720703125}
{"event": "sample", "n": 1024, "mode": "backward", "round": 1, "block": 1, "label": "B", "sample": 8, "ms": 41.00624084472656}
{"event": "sample", "n": 1024, "mode": "backward", "round": 1, "block": 1, "label": "B", "sample": 9, "ms": 41.00844955444336}
{"event": "sample", "n": 1024, "mode": "backward", "round": 1, "block": 2, "label": "B", "sample": 0, "ms": 41.180416107177734}
{"event": "sample", "n": 1024, "mode": "backward", "round": 1, "block": 2, "label": "B", "sample": 1, "ms": 40.943294525146484}
{"event": "sample", "n": 1024, "mode": "backward", "round": 1, "block": 2, "label": "B", "sample": 2, "ms": 40.94940948486328}
{"event": "sample", "n": 1024, "mode": "backward", "round": 1, "block": 2, "label": "B", "sample": 3, "ms": 41.00739288330078}
{"event": "sample", "n": 1024, "mode": "backward", "round": 1, "block": 2, "label": "B", "sample": 4, "ms": 41.02035140991211}
{"event": "sample", "n": 1024, "mode": "backward", "round": 1, "block": 2, "label": "B", "sample": 5, "ms": 41.03977584838867}
{"event": "sample", "n": 1024, "mode": "backward", "round": 1, "block": 2, "label": "B", "sample": 6, "ms": 40.932159423828125}
{"event": "sample", "n": 1024, "mode": "backward", "round": 1, "block": 2, "label": "B", "sample": 7, "ms": 40.98124694824219}
{"event": "sample", "n": 1024, "mode": "backward", "round": 1, "block": 2, "label": "B", "sample": 8, "ms": 40.99225616455078}
{"event": "sample", "n": 1024, "mode": "backward", "round": 1, "block": 2, "label": "B", "sample": 9, "ms": 41.01536178588867}
{"event": "sample", "n": 1024, "mode": "backward", "round": 1, "block": 3, "label": "A", "sample": 0, "ms": 56.977535247802734}
{"event": "sample", "n": 1024, "mode": "backward", "round": 1, "block": 3, "label": "A", "sample": 1, "ms": 56.63180923461914}
{"event": "sample", "n": 1024, "mode": "backward", "round": 1, "block": 3, "label": "A", "sample": 2, "ms": 56.71001434326172}
{"event": "sample", "n": 1024, "mode": "backward", "round": 1, "block": 3, "label": "A", "sample": 3, "ms": 56.71343994140625}
{"event": "sample", "n": 1024, "mode": "backward", "round": 1, "block": 3, "label": "A", "sample": 4, "ms": 56.72828674316406}
{"event": "sample", "n": 1024, "mode": "backward", "round": 1, "block": 3, "label": "A", "sample": 5, "ms": 56.685184478759766}
{"event": "sample", "n": 1024, "mode": "backward", "round": 1, "block": 3, "label": "A", "sample": 6, "ms": 56.6383056640625}
{"event": "sample", "n": 1024, "mode": "backward", "round": 1, "block": 3, "label": "A", "sample": 7, "ms": 56.63404846191406}
{"event": "sample", "n": 1024, "mode": "backward", "round": 1, "block": 3, "label": "A", "sample": 8, "ms": 56.633792877197266}
{"event": "sample", "n": 1024, "mode": "backward", "round": 1, "block": 3, "label": "A", "sample": 9, "ms": 56.631839752197266}
{"event": "sample", "n": 1024, "mode": "backward", "round": 2, "block": 0, "label": "A", "sample": 0, "ms": 56.94054412841797}
{"event": "sample", "n": 1024, "mode": "backward", "round": 2, "block": 0, "label": "A", "sample": 1, "ms": 56.63180923461914}
{"event": "sample", "n": 1024, "mode": "backward", "round": 2, "block": 0, "label": "A", "sample": 2, "ms": 56.63555145263672}
{"event": "sample", "n": 1024, "mode": "backward", "round": 2, "block": 0, "label": "A", "sample": 3, "ms": 56.640159606933594}
{"event": "sample", "n": 1024, "mode": "backward", "round": 2, "block": 0, "label": "A", "sample": 4, "ms": 56.68492889404297}
{"event": "sample", "n": 1024, "mode": "backward", "round": 2, "block": 0, "label": "A", "sample": 5, "ms": 56.711265563964844}
{"event": "sample", "n": 1024, "mode": "backward", "round": 2, "block": 0, "label": "A", "sample": 6, "ms": 56.6479377746582}
{"event": "sample", "n": 1024, "mode": "backward", "round": 2, "block": 0, "label": "A", "sample": 7, "ms": 56.643489837646484}
{"event": "sample", "n": 1024, "mode": "backward", "round": 2, "block": 0, "label": "A", "sample": 8, "ms": 56.634334564208984}
{"event": "sample", "n": 1024, "mode": "backward", "round": 2, "block": 0, "label": "A", "sample": 9, "ms": 56.63411331176758}
{"event": "sample", "n": 1024, "mode": "backward", "round": 2, "block": 1, "label": "B", "sample": 0, "ms": 41.14883041381836}
{"event": "sample", "n": 1024, "mode": "backward", "round": 2, "block": 1, "label": "B", "sample": 1, "ms": 40.94112014770508}
{"event": "sample", "n": 1024, "mode": "backward", "round": 2, "block": 1, "label": "B", "sample": 2, "ms": 41.00374221801758}
{"event": "sample", "n": 1024, "mode": "backward", "round": 2, "block": 1, "label": "B", "sample": 3, "ms": 40.99568176269531}
{"event": "sample", "n": 1024, "mode": "backward", "round": 2, "block": 1, "label": "B", "sample": 4, "ms": 40.990142822265625}
{"event": "sample", "n": 1024, "mode": "backward", "round": 2, "block": 1, "label": "B", "sample": 5, "ms": 40.946815490722656}
{"event": "sample", "n": 1024, "mode": "backward", "round": 2, "block": 1, "label": "B", "sample": 6, "ms": 40.97331237792969}
{"event": "sample", "n": 1024, "mode": "backward", "round": 2, "block": 1, "label": "B", "sample": 7, "ms": 40.99900817871094}
{"event": "sample", "n": 1024, "mode": "backward", "round": 2, "block": 1, "label": "B", "sample": 8, "ms": 41.00019073486328}
{"event": "sample", "n": 1024, "mode": "backward", "round": 2, "block": 1, "label": "B", "sample": 9, "ms": 40.97132873535156}
{"event": "sample", "n": 1024, "mode": "backward", "round": 2, "block": 2, "label": "B", "sample": 0, "ms": 41.12937545776367}
{"event": "sample", "n": 1024, "mode": "backward", "round": 2, "block": 2, "label": "B", "sample": 1, "ms": 40.94812774658203}
{"event": "sample", "n": 1024, "mode": "backward", "round": 2, "block": 2, "label": "B", "sample": 2, "ms": 41.042720794677734}
{"event": "sample", "n": 1024, "mode": "backward", "round": 2, "block": 2, "label": "B", "sample": 3, "ms": 41.02016067504883}
{"event": "sample", "n": 1024, "mode": "backward", "round": 2, "block": 2, "label": "B", "sample": 4, "ms": 40.96886444091797}
{"event": "sample", "n": 1024, "mode": "backward", "round": 2, "block": 2, "label": "B", "sample": 5, "ms": 40.965248107910156}
{"event": "sample", "n": 1024, "mode": "backward", "round": 2, "block": 2, "label": "B", "sample": 6, "ms": 40.98787307739258}
{"event": "sample", "n": 1024, "mode": "backward", "round": 2, "block": 2, "label": "B", "sample": 7, "ms": 40.99504089355469}
{"event": "sample", "n": 1024, "mode": "backward", "round": 2, "block": 2, "label": "B", "sample": 8, "ms": 41.001407623291016}
{"event": "sample", "n": 1024, "mode": "backward", "round": 2, "block": 2, "label": "B", "sample": 9, "ms": 40.97785568237305}
{"event": "sample", "n": 1024, "mode": "backward", "round": 2, "block": 3, "label": "A", "sample": 0, "ms": 56.95830535888672}
{"event": "sample", "n": 1024, "mode": "backward", "round": 2, "block": 3, "label": "A", "sample": 1, "ms": 56.71628952026367}
{"event": "sample", "n": 1024, "mode": "backward", "round": 2, "block": 3, "label": "A", "sample": 2, "ms": 56.712223052978516}
{"event": "sample", "n": 1024, "mode": "backward", "round": 2, "block": 3, "label": "A", "sample": 3, "ms": 56.71343994140625}
{"event": "sample", "n": 1024, "mode": "backward", "round": 2, "block": 3, "label": "A", "sample": 4, "ms": 56.720767974853516}
{"event": "sample", "n": 1024, "mode": "backward", "round": 2, "block": 3, "label": "A", "sample": 5, "ms": 56.71452713012695}
{"event": "sample", "n": 1024, "mode": "backward", "round": 2, "block": 3, "label": "A", "sample": 6, "ms": 56.71420669555664}
{"event": "sample", "n": 1024, "mode": "backward", "round": 2, "block": 3, "label": "A", "sample": 7, "ms": 56.70387268066406}
{"event": "sample", "n": 1024, "mode": "backward", "round": 2, "block": 3, "label": "A", "sample": 8, "ms": 56.638240814208984}
{"event": "sample", "n": 1024, "mode": "backward", "round": 2, "block": 3, "label": "A", "sample": 9, "ms": 56.63043212890625}
{"event": "summary", "n": 1024, "mode": "backward", "median_ms": {"A": 56.64481735229492, "B": 40.9890079498291}, "speedup": 1.381951410525199, "samples_per_label": 60}
{"event": "sample", "n": 1024, "mode": "forward_backward", "round": 0, "block": 0, "label": "A", "sample": 0, "ms": 67.63740539550781}
{"event": "sample", "n": 1024, "mode": "forward_backward", "round": 0, "block": 0, "label": "A", "sample": 1, "ms": 67.4293441772461}
{"event": "sample", "n": 1024, "mode": "forward_backward", "round": 0, "block": 0, "label": "A", "sample": 2, "ms": 67.43302154541016}
{"event": "sample", "n": 1024, "mode": "forward_backward", "round": 0, "block": 0, "label": "A", "sample": 3, "ms": 67.42848205566406}
{"event": "sample", "n": 1024, "mode": "forward_backward", "round": 0, "block": 0, "label": "A", "sample": 4, "ms": 67.42768096923828}
{"event": "sample", "n": 1024, "mode": "forward_backward", "round": 0, "block": 0, "label": "A", "sample": 5, "ms": 67.43440246582031}
{"event": "sample", "n": 1024, "mode": "forward_backward", "round": 0, "block": 0, "label": "A", "sample": 6, "ms": 67.43583679199219}
{"event": "sample", "n": 1024, "mode": "forward_backward", "round": 0, "block": 0, "label": "A", "sample": 7, "ms": 67.42658996582031}
{"event": "sample", "n": 1024, "mode": "forward_backward", "round": 0, "block": 0, "label": "A", "sample": 8, "ms": 67.4359359741211}
{"event": "sample", "n": 1024, "mode": "forward_backward", "round": 0, "block": 0, "label": "A", "sample": 9, "ms": 67.43353271484375}
{"event": "sample", "n": 1024, "mode": "forward_backward", "round": 0, "block": 1, "label": "B", "sample": 0, "ms": 56.109214782714844}
{"event": "sample", "n": 1024, "mode": "forward_backward", "round": 0, "block": 1, "label": "B", "sample": 1, "ms": 55.770206451416016}
{"event": "sample", "n": 1024, "mode": "forward_backward", "round": 0, "block": 1, "label": "B", "sample": 2, "ms": 55.82419204711914}
{"event": "sample", "n": 1024, "mode": "forward_backward", "round": 0, "block": 1, "label": "B", "sample": 3, "ms": 55.87583923339844}
{"event": "sample", "n": 1024, "mode": "forward_backward", "round": 0, "block": 1, "label": "B", "sample": 4, "ms": 55.803585052490234}
{"event": "sample", "n": 1024, "mode": "forward_backward", "round": 0, "block": 1, "label": "B", "sample": 5, "ms": 55.76028823852539}
{"event": "sample", "n": 1024, "mode": "forward_backward", "round": 0, "block": 1, "label": "B", "sample": 6, "ms": 55.842369079589844}
{"event": "sample", "n": 1024, "mode": "forward_backward", "round": 0, "block": 1, "label": "B", "sample": 7, "ms": 55.83417510986328}
{"event": "sample", "n": 1024, "mode": "forward_backward", "round": 0, "block": 1, "label": "B", "sample": 8, "ms": 55.769344329833984}
{"event": "sample", "n": 1024, "mode": "forward_backward", "round": 0, "block": 1, "label": "B", "sample": 9, "ms": 55.812255859375}
{"event": "sample", "n": 1024, "mode": "forward_backward", "round": 0, "block": 2, "label": "B", "sample": 0, "ms": 56.10492706298828}
{"event": "sample", "n": 1024, "mode": "forward_backward", "round": 0, "block": 2, "label": "B", "sample": 1, "ms": 55.819679260253906}
{"event": "sample", "n": 1024, "mode": "forward_backward", "round": 0, "block": 2, "label": "B", "sample": 2, "ms": 55.77391815185547}
{"event": "sample", "n": 1024, "mode": "forward_backward", "round": 0, "block": 2, "label": "B", "sample": 3, "ms": 55.858463287353516}
{"event": "sample", "n": 1024, "mode": "forward_backward", "round": 0, "block": 2, "label": "B", "sample": 4, "ms": 55.867488861083984}
{"event": "sample", "n": 1024, "mode": "forward_backward", "round": 0, "block": 2, "label": "B", "sample": 5, "ms": 55.76902389526367}
{"event": "sample", "n": 1024, "mode": "forward_backward", "round": 0, "block": 2, "label": "B", "sample": 6, "ms": 55.752769470214844}
{"event": "sample", "n": 1024, "mode": "forward_backward", "round": 0, "block": 2, "label": "B", "sample": 7, "ms": 55.84675216674805}
{"event": "sample", "n": 1024, "mode": "forward_backward", "round": 0, "block": 2, "label": "B", "sample": 8, "ms": 55.85059356689453}
{"event": "sample", "n": 1024, "mode": "forward_backward", "round": 0, "block": 2, "label": "B", "sample": 9, "ms": 55.739742279052734}
{"event": "sample", "n": 1024, "mode": "forward_backward", "round": 0, "block": 3, "label": "A", "sample": 0, "ms": 67.64147186279297}
{"event": "sample", "n": 1024, "mode": "forward_backward", "round": 0, "block": 3, "label": "A", "sample": 1, "ms": 67.42313385009766}
{"event": "sample", "n": 1024, "mode": "forward_backward", "round": 0, "block": 3, "label": "A", "sample": 2, "ms": 67.42755126953125}
{"event": "sample", "n": 1024, "mode": "forward_backward", "round": 0, "block": 3, "label": "A", "sample": 3, "ms": 67.42185974121094}
{"event": "sample", "n": 1024, "mode": "forward_backward", "round": 0, "block": 3, "label": "A", "sample": 4, "ms": 67.42256164550781}
{"event": "sample", "n": 1024, "mode": "forward_backward", "round": 0, "block": 3, "label": "A", "sample": 5, "ms": 67.4362564086914}
{"event": "sample", "n": 1024, "mode": "forward_backward", "round": 0, "block": 3, "label": "A", "sample": 6, "ms": 67.43379211425781}
{"event": "sample", "n": 1024, "mode": "forward_backward", "round": 0, "block": 3, "label": "A", "sample": 7, "ms": 67.42444610595703}
{"event": "sample", "n": 1024, "mode": "forward_backward", "round": 0, "block": 3, "label": "A", "sample": 8, "ms": 67.42451477050781}
{"event": "sample", "n": 1024, "mode": "forward_backward", "round": 0, "block": 3, "label": "A", "sample": 9, "ms": 67.42233276367188}
{"event": "sample", "n": 1024, "mode": "forward_backward", "round": 1, "block": 0, "label": "A", "sample": 0, "ms": 67.66432189941406}
{"event": "sample", "n": 1024, "mode": "forward_backward", "round": 1, "block": 0, "label": "A", "sample": 1, "ms": 67.42652893066406}
{"event": "sample", "n": 1024, "mode": "forward_backward", "round": 1, "block": 0, "label": "A", "sample": 2, "ms": 67.41871643066406}
{"event": "sample", "n": 1024, "mode": "forward_backward", "round": 1, "block": 0, "label": "A", "sample": 3, "ms": 67.43177795410156}
{"event": "sample", "n": 1024, "mode": "forward_backward", "round": 1, "block": 0, "label": "A", "sample": 4, "ms": 67.43312072753906}
{"event": "sample", "n": 1024, "mode": "forward_backward", "round": 1, "block": 0, "label": "A", "sample": 5, "ms": 67.42179107666016}
{"event": "sample", "n": 1024, "mode": "forward_backward", "round": 1, "block": 0, "label": "A", "sample": 6, "ms": 67.42195129394531}
{"event": "sample", "n": 1024, "mode": "forward_backward", "round": 1, "block": 0, "label": "A", "sample": 7, "ms": 67.43126678466797}
{"event": "sample", "n": 1024, "mode": "forward_backward", "round": 1, "block": 0, "label": "A", "sample": 8, "ms": 67.4290542602539}
{"event": "sample", "n": 1024, "mode": "forward_backward", "round": 1, "block": 0, "label": "A", "sample": 9, "ms": 67.42495727539062}
{"event": "sample", "n": 1024, "mode": "forward_backward", "round": 1, "block": 1, "label": "B", "sample": 0, "ms": 56.09952163696289}
{"event": "sample", "n": 1024, "mode": "forward_backward", "round": 1, "block": 1, "label": "B", "sample": 1, "ms": 55.78553771972656}
{"event": "sample", "n": 1024, "mode": "forward_backward", "round": 1, "block": 1, "label": "B", "sample": 2, "ms": 55.76006317138672}
{"event": "sample", "n": 1024, "mode": "forward_backward", "round": 1, "block": 1, "label": "B", "sample": 3, "ms": 55.824832916259766}
{"event": "sample", "n": 1024, "mode": "forward_backward", "round": 1, "block": 1, "label": "B", "sample": 4, "ms": 55.85331344604492}
{"event": "sample", "n": 1024, "mode": "forward_backward", "round": 1, "block": 1, "label": "B", "sample": 5, "ms": 55.73427200317383}
{"event": "sample", "n": 1024, "mode": "forward_backward", "round": 1, "block": 1, "label": "B", "sample": 6, "ms": 55.81507110595703}
{"event": "sample", "n": 1024, "mode": "forward_backward", "round": 1, "block": 1, "label": "B", "sample": 7, "ms": 55.91244888305664}
{"event": "sample", "n": 1024, "mode": "forward_backward", "round": 1, "block": 1, "label": "B", "sample": 8, "ms": 55.826656341552734}
{"event": "sample", "n": 1024, "mode": "forward_backward", "round": 1, "block": 1, "label": "B", "sample": 9, "ms": 55.755489349365234}
{"event": "sample", "n": 1024, "mode": "forward_backward", "round": 1, "block": 2, "label": "B", "sample": 0, "ms": 56.07875061035156}
{"event": "sample", "n": 1024, "mode": "forward_backward", "round": 1, "block": 2, "label": "B", "sample": 1, "ms": 55.85081481933594}
{"event": "sample", "n": 1024, "mode": "forward_backward", "round": 1, "block": 2, "label": "B", "sample": 2, "ms": 55.78633499145508}
{"event": "sample", "n": 1024, "mode": "forward_backward", "round": 1, "block": 2, "label": "B", "sample": 3, "ms": 55.75398254394531}
{"event": "sample", "n": 1024, "mode": "forward_backward", "round": 1, "block": 2, "label": "B", "sample": 4, "ms": 55.85116958618164}
{"event": "sample", "n": 1024, "mode": "forward_backward", "round": 1, "block": 2, "label": "B", "sample": 5, "ms": 55.816097259521484}
{"event": "sample", "n": 1024, "mode": "forward_backward", "round": 1, "block": 2, "label": "B", "sample": 6, "ms": 55.77142333984375}
{"event": "sample", "n": 1024, "mode": "forward_backward", "round": 1, "block": 2, "label": "B", "sample": 7, "ms": 55.847103118896484}
{"event": "sample", "n": 1024, "mode": "forward_backward", "round": 1, "block": 2, "label": "B", "sample": 8, "ms": 55.88041687011719}
{"event": "sample", "n": 1024, "mode": "forward_backward", "round": 1, "block": 2, "label": "B", "sample": 9, "ms": 55.757537841796875}
{"event": "sample", "n": 1024, "mode": "forward_backward", "round": 1, "block": 3, "label": "A", "sample": 0, "ms": 67.572509765625}
{"event": "sample", "n": 1024, "mode": "forward_backward", "round": 1, "block": 3, "label": "A", "sample": 1, "ms": 67.42841339111328}
{"event": "sample", "n": 1024, "mode": "forward_backward", "round": 1, "block": 3, "label": "A", "sample": 2, "ms": 67.43017578125}
{"event": "sample", "n": 1024, "mode": "forward_backward", "round": 1, "block": 3, "label": "A", "sample": 3, "ms": 67.4158706665039}
{"event": "sample", "n": 1024, "mode": "forward_backward", "round": 1, "block": 3, "label": "A", "sample": 4, "ms": 67.33689880371094}
{"event": "sample", "n": 1024, "mode": "forward_backward", "round": 1, "block": 3, "label": "A", "sample": 5, "ms": 67.33135986328125}
{"event": "sample", "n": 1024, "mode": "forward_backward", "round": 1, "block": 3, "label": "A", "sample": 6, "ms": 67.33197021484375}
{"event": "sample", "n": 1024, "mode": "forward_backward", "round": 1, "block": 3, "label": "A", "sample": 7, "ms": 67.32972717285156}
{"event": "sample", "n": 1024, "mode": "forward_backward", "round": 1, "block": 3, "label": "A", "sample": 8, "ms": 67.33757019042969}
{"event": "sample", "n": 1024, "mode": "forward_backward", "round": 1, "block": 3, "label": "A", "sample": 9, "ms": 67.34464263916016}
{"event": "sample", "n": 1024, "mode": "forward_backward", "round": 2, "block": 0, "label": "A", "sample": 0, "ms": 67.81362915039062}
{"event": "sample", "n": 1024, "mode": "forward_backward", "round": 2, "block": 0, "label": "A", "sample": 1, "ms": 67.33174133300781}
{"event": "sample", "n": 1024, "mode": "forward_backward", "round": 2, "block": 0, "label": "A", "sample": 2, "ms": 67.32902526855469}
{"event": "sample", "n": 1024, "mode": "forward_backward", "round": 2, "block": 0, "label": "A", "sample": 3, "ms": 67.33827209472656}
{"event": "sample", "n": 1024, "mode": "forward_backward", "round": 2, "block": 0, "label": "A", "sample": 4, "ms": 67.3453140258789}
{"event": "sample", "n": 1024, "mode": "forward_backward", "round": 2, "block": 0, "label": "A", "sample": 5, "ms": 67.33853149414062}
{"event": "sample", "n": 1024, "mode": "forward_backward", "round": 2, "block": 0, "label": "A", "sample": 6, "ms": 67.33497619628906}
{"event": "sample", "n": 1024, "mode": "forward_backward", "round": 2, "block": 0, "label": "A", "sample": 7, "ms": 67.34349060058594}
{"event": "sample", "n": 1024, "mode": "forward_backward", "round": 2, "block": 0, "label": "A", "sample": 8, "ms": 67.3449935913086}
{"event": "sample", "n": 1024, "mode": "forward_backward", "round": 2, "block": 0, "label": "A", "sample": 9, "ms": 67.33948516845703}
{"event": "sample", "n": 1024, "mode": "forward_backward", "round": 2, "block": 1, "label": "B", "sample": 0, "ms": 56.086143493652344}
{"event": "sample", "n": 1024, "mode": "forward_backward", "round": 2, "block": 1, "label": "B", "sample": 1, "ms": 55.771358489990234}
{"event": "sample", "n": 1024, "mode": "forward_backward", "round": 2, "block": 1, "label": "B", "sample": 2, "ms": 55.78220748901367}
{"event": "sample", "n": 1024, "mode": "forward_backward", "round": 2, "block": 1, "label": "B", "sample": 3, "ms": 55.79801559448242}
{"event": "sample", "n": 1024, "mode": "forward_backward", "round": 2, "block": 1, "label": "B", "sample": 4, "ms": 55.8587532043457}
{"event": "sample", "n": 1024, "mode": "forward_backward", "round": 2, "block": 1, "label": "B", "sample": 5, "ms": 55.784095764160156}
{"event": "sample", "n": 1024, "mode": "forward_backward", "round": 2, "block": 1, "label": "B", "sample": 6, "ms": 55.78470230102539}
{"event": "sample", "n": 1024, "mode": "forward_backward", "round": 2, "block": 1, "label": "B", "sample": 7, "ms": 55.8067512512207}
{"event": "sample", "n": 1024, "mode": "forward_backward", "round": 2, "block": 1, "label": "B", "sample": 8, "ms": 55.82835388183594}
{"event": "sample", "n": 1024, "mode": "forward_backward", "round": 2, "block": 1, "label": "B", "sample": 9, "ms": 55.76655960083008}
{"event": "sample", "n": 1024, "mode": "forward_backward", "round": 2, "block": 2, "label": "B", "sample": 0, "ms": 55.996639251708984}
{"event": "sample", "n": 1024, "mode": "forward_backward", "round": 2, "block": 2, "label": "B", "sample": 1, "ms": 55.84444808959961}
{"event": "sample", "n": 1024, "mode": "forward_backward", "round": 2, "block": 2, "label": "B", "sample": 2, "ms": 55.82172775268555}
{"event": "sample", "n": 1024, "mode": "forward_backward", "round": 2, "block": 2, "label": "B", "sample": 3, "ms": 55.78995132446289}
{"event": "sample", "n": 1024, "mode": "forward_backward", "round": 2, "block": 2, "label": "B", "sample": 4, "ms": 55.83443069458008}
{"event": "sample", "n": 1024, "mode": "forward_backward", "round": 2, "block": 2, "label": "B", "sample": 5, "ms": 55.82579040527344}
{"event": "sample", "n": 1024, "mode": "forward_backward", "round": 2, "block": 2, "label": "B", "sample": 6, "ms": 55.75331115722656}
{"event": "sample", "n": 1024, "mode": "forward_backward", "round": 2, "block": 2, "label": "B", "sample": 7, "ms": 55.76764678955078}
{"event": "sample", "n": 1024, "mode": "forward_backward", "round": 2, "block": 2, "label": "B", "sample": 8, "ms": 55.849952697753906}
{"event": "sample", "n": 1024, "mode": "forward_backward", "round": 2, "block": 2, "label": "B", "sample": 9, "ms": 55.81267166137695}
{"event": "sample", "n": 1024, "mode": "forward_backward", "round": 2, "block": 3, "label": "A", "sample": 0, "ms": 67.5841293334961}
{"event": "sample", "n": 1024, "mode": "forward_backward", "round": 2, "block": 3, "label": "A", "sample": 1, "ms": 67.4012451171875}
{"event": "sample", "n": 1024, "mode": "forward_backward", "round": 2, "block": 3, "label": "A", "sample": 2, "ms": 67.42829132080078}
{"event": "sample", "n": 1024, "mode": "forward_backward", "round": 2, "block": 3, "label": "A", "sample": 3, "ms": 67.43609619140625}
{"event": "sample", "n": 1024, "mode": "forward_backward", "round": 2, "block": 3, "label": "A", "sample": 4, "ms": 67.42777252197266}
{"event": "sample", "n": 1024, "mode": "forward_backward", "round": 2, "block": 3, "label": "A", "sample": 5, "ms": 67.42626953125}
{"event": "sample", "n": 1024, "mode": "forward_backward", "round": 2, "block": 3, "label": "A", "sample": 6, "ms": 67.42499542236328}
{"event": "sample", "n": 1024, "mode": "forward_backward", "round": 2, "block": 3, "label": "A", "sample": 7, "ms": 67.43218994140625}
{"event": "sample", "n": 1024, "mode": "forward_backward", "round": 2, "block": 3, "label": "A", "sample": 8, "ms": 67.4296646118164}
{"event": "sample", "n": 1024, "mode": "forward_backward", "round": 2, "block": 3, "label": "A", "sample": 9, "ms": 67.43170928955078}
{"event": "summary", "n": 1024, "mode": "forward_backward", "median_ms": {"A": 67.42655944824219, "B": 55.817888259887695}, "speedup": 1.207974030373643, "samples_per_label": 60}
{"event": "complete"}
