{"event": "environment", "args": {"shapes": "512,800,1024", "rounds": 3, "samples": 10, "warmup": 3, "heads": 8}, "torch": "2.13.0a0+9186a08b2c.nv26.07", "triton": "3.7.1", "gpu": "NVIDIA H20-3e", "sources": {"/workspace/experiments/forward-recovery-20260922/frozen_pointer_forward.py": "a44e96aa9c3a82c6cbe330b1edbe707be1a89e1591b96e0e18bdec4d9a9a0113", "/tmp/forward-ablation-1gledlki/runtime.py": "2b5f2a05ffe091e0052872e293dd020d039ed5e05bf2b963e94801431001cd27", "/tmp/forward-ablation-1gledlki/exact.py": "ee6e26a7fc244b495e848681a230be84e2c49eb2b98b709bdb4e1d535b74cf91", "/workspace/experiments/forward-recovery-20260922/ablate_forward.py": "e7fc7211331d3c57f2c0b4af4349db935da2e3e7aea30a07546c0f5c0d6c0a73", "/workspace/trifast-pr/src/trifast/torch.py": "ccbd6dabc51f89132b4f0ce17506376a83484a5430f210b5bd7b23ef02641d72", "/workspace/trifast-pr/src/trifast/triton.py": "e71e3f7493e10235efd9b4a63ba5e4940f8e27bd84b5959d51dda2964e1849a9"}, "generated_source_directory": "/tmp/forward-ablation-1gledlki", "scope": "B=1, BF16, D=32; forward returns O/LSE/mx/dn; full wrapper costs", "timing": "warm interleaved ABBA CUDA events; per pair; no CUDA graphs", "exact_control": "exact N uses runtime winner; no independent retuning"}
{"event": "parity", "n": 512, "label": "upstream_tma", "relative_l2": 0.0, "passed": true, "independent_reference": false}
{"event": "parity", "n": 512, "label": "upstream_pointer", "relative_l2": 0.0010556464549154043, "passed": true, "independent_reference": false}
{"event": "parity", "n": 512, "label": "ours_runtime", "relative_l2": 0.0010556464549154043, "passed": true, "independent_reference": false}
{"event": "parity", "n": 512, "label": "ours_exact_matched", "relative_l2": 0.0010556464549154043, "passed": true, "independent_reference": false}
{"event": "configs", "n": 512, "configs": {"upstream_tma": {"kwargs": {"BLOCK_J": 64, "BLOCK_K": 64}, "num_warps": 4, "num_stages": 3, "num_ctas": 1, "maxnreg": null}, "upstream_pointer": {"kwargs": {"BLOCK_J": 64, "BLOCK_K": 32}, "num_warps": 4, "num_stages": 3, "num_ctas": 1, "maxnreg": null}, "ours_runtime": {"kwargs": {"BLOCK_J": 64, "BLOCK_K": 32}, "num_warps": 4, "num_stages": 1, "num_ctas": 1, "maxnreg": null}, "ours_exact_matched": {"kwargs": {"BLOCK_J": 64, "BLOCK_K": 32}, "num_warps": 4, "num_stages": 1, "num_ctas": 1, "maxnreg": null}}}
{"event": "sample", "n": 512, "pair": ["upstream_tma", "upstream_pointer"], "label": "A", "round": 0, "block": 0, "sample": 0, "ms": 1.7316800355911255}
{"event": "sample", "n": 512, "pair": ["upstream_tma", "upstream_pointer"], "label": "A", "round": 0, "block": 0, "sample": 1, "ms": 1.4905920028686523}
{"event": "sample", "n": 512, "pair": ["upstream_tma", "upstream_pointer"], "label": "A", "round": 0, "block": 0, "sample": 2, "ms": 1.493280053138733}
{"event": "sample", "n": 512, "pair": ["upstream_tma", "upstream_pointer"], "label": "A", "round": 0, "block": 0, "sample": 3, "ms": 1.4929280281066895}
{"event": "sample", "n": 512, "pair": ["upstream_tma", "upstream_pointer"], "label": "A", "round": 0, "block": 0, "sample": 4, "ms": 1.493888020515442}
{"event": "sample", "n": 512, "pair": ["upstream_tma", "upstream_pointer"], "label": "A", "round": 0, "block": 0, "sample": 5, "ms": 1.493280053138733}
{"event": "sample", "n": 512, "pair": ["upstream_tma", "upstream_pointer"], "label": "A", "round": 0, "block": 0, "sample": 6, "ms": 1.4935040473937988}
{"event": "sample", "n": 512, "pair": ["upstream_tma", "upstream_pointer"], "label": "A", "round": 0, "block": 0, "sample": 7, "ms": 1.4939199686050415}
{"event": "sample", "n": 512, "pair": ["upstream_tma", "upstream_pointer"], "label": "A", "round": 0, "block": 0, "sample": 8, "ms": 1.4929280281066895}
{"event": "sample", "n": 512, "pair": ["upstream_tma", "upstream_pointer"], "label": "A", "round": 0, "block": 0, "sample": 9, "ms": 1.4935359954833984}
{"event": "sample", "n": 512, "pair": ["upstream_tma", "upstream_pointer"], "label": "B", "round": 0, "block": 1, "sample": 0, "ms": 1.844704031944275}
{"event": "sample", "n": 512, "pair": ["upstream_tma", "upstream_pointer"], "label": "B", "round": 0, "block": 1, "sample": 1, "ms": 1.6740800142288208}
{"event": "sample", "n": 512, "pair": ["upstream_tma", "upstream_pointer"], "label": "B", "round": 0, "block": 1, "sample": 2, "ms": 1.6745920181274414}
{"event": "sample", "n": 512, "pair": ["upstream_tma", "upstream_pointer"], "label": "B", "round": 0, "block": 1, "sample": 3, "ms": 1.6745280027389526}
{"event": "sample", "n": 512, "pair": ["upstream_tma", "upstream_pointer"], "label": "B", "round": 0, "block": 1, "sample": 4, "ms": 1.672767996788025}
{"event": "sample", "n": 512, "pair": ["upstream_tma", "upstream_pointer"], "label": "B", "round": 0, "block": 1, "sample": 5, "ms": 1.6740479469299316}
{"event": "sample", "n": 512, "pair": ["upstream_tma", "upstream_pointer"], "label": "B", "round": 0, "block": 1, "sample": 6, "ms": 1.6745599508285522}
{"event": "sample", "n": 512, "pair": ["upstream_tma", "upstream_pointer"], "label": "B", "round": 0, "block": 1, "sample": 7, "ms": 1.6738239526748657}
{"event": "sample", "n": 512, "pair": ["upstream_tma", "upstream_pointer"], "label": "B", "round": 0, "block": 1, "sample": 8, "ms": 1.6732800006866455}
{"event": "sample", "n": 512, "pair": ["upstream_tma", "upstream_pointer"], "label": "B", "round": 0, "block": 1, "sample": 9, "ms": 1.6743040084838867}
{"event": "sample", "n": 512, "pair": ["upstream_tma", "upstream_pointer"], "label": "B", "round": 0, "block": 2, "sample": 0, "ms": 1.8317439556121826}
{"event": "sample", "n": 512, "pair": ["upstream_tma", "upstream_pointer"], "label": "B", "round": 0, "block": 2, "sample": 1, "ms": 1.6725120544433594}
{"event": "sample", "n": 512, "pair": ["upstream_tma", "upstream_pointer"], "label": "B", "round": 0, "block": 2, "sample": 2, "ms": 1.6724480390548706}
{"event": "sample", "n": 512, "pair": ["upstream_tma", "upstream_pointer"], "label": "B", "round": 0, "block": 2, "sample": 3, "ms": 1.674399971961975}
{"event": "sample", "n": 512, "pair": ["upstream_tma", "upstream_pointer"], "label": "B", "round": 0, "block": 2, "sample": 4, "ms": 1.6742719411849976}
{"event": "sample", "n": 512, "pair": ["upstream_tma", "upstream_pointer"], "label": "B", "round": 0, "block": 2, "sample": 5, "ms": 1.6743680238723755}
{"event": "sample", "n": 512, "pair": ["upstream_tma", "upstream_pointer"], "label": "B", "round": 0, "block": 2, "sample": 6, "ms": 1.6729919910430908}
{"event": "sample", "n": 512, "pair": ["upstream_tma", "upstream_pointer"], "label": "B", "round": 0, "block": 2, "sample": 7, "ms": 1.6755839586257935}
{"event": "sample", "n": 512, "pair": ["upstream_tma", "upstream_pointer"], "label": "B", "round": 0, "block": 2, "sample": 8, "ms": 1.6741440296173096}
{"event": "sample", "n": 512, "pair": ["upstream_tma", "upstream_pointer"], "label": "B", "round": 0, "block": 2, "sample": 9, "ms": 1.6742719411849976}
{"event": "sample", "n": 512, "pair": ["upstream_tma", "upstream_pointer"], "label": "A", "round": 0, "block": 3, "sample": 0, "ms": 1.7641600370407104}
{"event": "sample", "n": 512, "pair": ["upstream_tma", "upstream_pointer"], "label": "A", "round": 0, "block": 3, "sample": 1, "ms": 1.4916160106658936}
{"event": "sample", "n": 512, "pair": ["upstream_tma", "upstream_pointer"], "label": "A", "round": 0, "block": 3, "sample": 2, "ms": 1.493664026260376}
{"event": "sample", "n": 512, "pair": ["upstream_tma", "upstream_pointer"], "label": "A", "round": 0, "block": 3, "sample": 3, "ms": 1.493664026260376}
{"event": "sample", "n": 512, "pair": ["upstream_tma", "upstream_pointer"], "label": "A", "round": 0, "block": 3, "sample": 4, "ms": 1.4926719665527344}
{"event": "sample", "n": 512, "pair": ["upstream_tma", "upstream_pointer"], "label": "A", "round": 0, "block": 3, "sample": 5, "ms": 1.4930880069732666}
{"event": "sample", "n": 512, "pair": ["upstream_tma", "upstream_pointer"], "label": "A", "round": 0, "block": 3, "sample": 6, "ms": 1.4932160377502441}
{"event": "sample", "n": 512, "pair": ["upstream_tma", "upstream_pointer"], "label": "A", "round": 0, "block": 3, "sample": 7, "ms": 1.4933439493179321}
{"event": "sample", "n": 512, "pair": ["upstream_tma", "upstream_pointer"], "label": "A", "round": 0, "block": 3, "sample": 8, "ms": 1.4939839839935303}
{"event": "sample", "n": 512, "pair": ["upstream_tma", "upstream_pointer"], "label": "A", "round": 0, "block": 3, "sample": 9, "ms": 1.4934719800949097}
{"event": "sample", "n": 512, "pair": ["upstream_tma", "upstream_pointer"], "label": "A", "round": 1, "block": 0, "sample": 0, "ms": 1.7280000448226929}
{"event": "sample", "n": 512, "pair": ["upstream_tma", "upstream_pointer"], "label": "A", "round": 1, "block": 0, "sample": 1, "ms": 1.4902399778366089}
{"event": "sample", "n": 512, "pair": ["upstream_tma", "upstream_pointer"], "label": "A", "round": 1, "block": 0, "sample": 2, "ms": 1.4916800260543823}
{"event": "sample", "n": 512, "pair": ["upstream_tma", "upstream_pointer"], "label": "A", "round": 1, "block": 0, "sample": 3, "ms": 1.4927359819412231}
{"event": "sample", "n": 512, "pair": ["upstream_tma", "upstream_pointer"], "label": "A", "round": 1, "block": 0, "sample": 4, "ms": 1.4912320375442505}
{"event": "sample", "n": 512, "pair": ["upstream_tma", "upstream_pointer"], "label": "A", "round": 1, "block": 0, "sample": 5, "ms": 1.4910720586776733}
{"event": "sample", "n": 512, "pair": ["upstream_tma", "upstream_pointer"], "label": "A", "round": 1, "block": 0, "sample": 6, "ms": 1.4919040203094482}
{"event": "sample", "n": 512, "pair": ["upstream_tma", "upstream_pointer"], "label": "A", "round": 1, "block": 0, "sample": 7, "ms": 1.4913920164108276}
{"event": "sample", "n": 512, "pair": ["upstream_tma", "upstream_pointer"], "label": "A", "round": 1, "block": 0, "sample": 8, "ms": 1.4903680086135864}
{"event": "sample", "n": 512, "pair": ["upstream_tma", "upstream_pointer"], "label": "A", "round": 1, "block": 0, "sample": 9, "ms": 1.4912960529327393}
{"event": "sample", "n": 512, "pair": ["upstream_tma", "upstream_pointer"], "label": "B", "round": 1, "block": 1, "sample": 0, "ms": 1.8405120372772217}
{"event": "sample", "n": 512, "pair": ["upstream_tma", "upstream_pointer"], "label": "B", "round": 1, "block": 1, "sample": 1, "ms": 1.6728320121765137}
{"event": "sample", "n": 512, "pair": ["upstream_tma", "upstream_pointer"], "label": "B", "round": 1, "block": 1, "sample": 2, "ms": 1.6734399795532227}
{"event": "sample", "n": 512, "pair": ["upstream_tma", "upstream_pointer"], "label": "B", "round": 1, "block": 1, "sample": 3, "ms": 1.67302405834198}
{"event": "sample", "n": 512, "pair": ["upstream_tma", "upstream_pointer"], "label": "B", "round": 1, "block": 1, "sample": 4, "ms": 1.671455979347229}
{"event": "sample", "n": 512, "pair": ["upstream_tma", "upstream_pointer"], "label": "B", "round": 1, "block": 1, "sample": 5, "ms": 1.6723840236663818}
{"event": "sample", "n": 512, "pair": ["upstream_tma", "upstream_pointer"], "label": "B", "round": 1, "block": 1, "sample": 6, "ms": 1.6724799871444702}
{"event": "sample", "n": 512, "pair": ["upstream_tma", "upstream_pointer"], "label": "B", "round": 1, "block": 1, "sample": 7, "ms": 1.6721279621124268}
{"event": "sample", "n": 512, "pair": ["upstream_tma", "upstream_pointer"], "label": "B", "round": 1, "block": 1, "sample": 8, "ms": 1.6706559658050537}
{"event": "sample", "n": 512, "pair": ["upstream_tma", "upstream_pointer"], "label": "B", "round": 1, "block": 1, "sample": 9, "ms": 1.6728320121765137}
{"event": "sample", "n": 512, "pair": ["upstream_tma", "upstream_pointer"], "label": "B", "round": 1, "block": 2, "sample": 0, "ms": 1.8061439990997314}
{"event": "sample", "n": 512, "pair": ["upstream_tma", "upstream_pointer"], "label": "B", "round": 1, "block": 2, "sample": 1, "ms": 1.6697920560836792}
{"event": "sample", "n": 512, "pair": ["upstream_tma", "upstream_pointer"], "label": "B", "round": 1, "block": 2, "sample": 2, "ms": 1.6711360216140747}
{"event": "sample", "n": 512, "pair": ["upstream_tma", "upstream_pointer"], "label": "B", "round": 1, "block": 2, "sample": 3, "ms": 1.6718720197677612}
{"event": "sample", "n": 512, "pair": ["upstream_tma", "upstream_pointer"], "label": "B", "round": 1, "block": 2, "sample": 4, "ms": 1.6727360486984253}
{"event": "sample", "n": 512, "pair": ["upstream_tma", "upstream_pointer"], "label": "B", "round": 1, "block": 2, "sample": 5, "ms": 1.6723519563674927}
{"event": "sample", "n": 512, "pair": ["upstream_tma", "upstream_pointer"], "label": "B", "round": 1, "block": 2, "sample": 6, "ms": 1.6714240312576294}
{"event": "sample", "n": 512, "pair": ["upstream_tma", "upstream_pointer"], "label": "B", "round": 1, "block": 2, "sample": 7, "ms": 1.6723519563674927}
{"event": "sample", "n": 512, "pair": ["upstream_tma", "upstream_pointer"], "label": "B", "round": 1, "block": 2, "sample": 8, "ms": 1.6725759506225586}
{"event": "sample", "n": 512, "pair": ["upstream_tma", "upstream_pointer"], "label": "B", "round": 1, "block": 2, "sample": 9, "ms": 1.672320008277893}
{"event": "sample", "n": 512, "pair": ["upstream_tma", "upstream_pointer"], "label": "A", "round": 1, "block": 3, "sample": 0, "ms": 1.7428159713745117}
{"event": "sample", "n": 512, "pair": ["upstream_tma", "upstream_pointer"], "label": "A", "round": 1, "block": 3, "sample": 1, "ms": 1.4879679679870605}
{"event": "sample", "n": 512, "pair": ["upstream_tma", "upstream_pointer"], "label": "A", "round": 1, "block": 3, "sample": 2, "ms": 1.4916479587554932}
{"event": "sample", "n": 512, "pair": ["upstream_tma", "upstream_pointer"], "label": "A", "round": 1, "block": 3, "sample": 3, "ms": 1.492095947265625}
{"event": "sample", "n": 512, "pair": ["upstream_tma", "upstream_pointer"], "label": "A", "round": 1, "block": 3, "sample": 4, "ms": 1.4904639720916748}
{"event": "sample", "n": 512, "pair": ["upstream_tma", "upstream_pointer"], "label": "A", "round": 1, "block": 3, "sample": 5, "ms": 1.4912320375442505}
{"event": "sample", "n": 512, "pair": ["upstream_tma", "upstream_pointer"], "label": "A", "round": 1, "block": 3, "sample": 6, "ms": 1.490623950958252}
{"event": "sample", "n": 512, "pair": ["upstream_tma", "upstream_pointer"], "label": "A", "round": 1, "block": 3, "sample": 7, "ms": 1.491711974143982}
{"event": "sample", "n": 512, "pair": ["upstream_tma", "upstream_pointer"], "label": "A", "round": 1, "block": 3, "sample": 8, "ms": 1.491104006767273}
{"event": "sample", "n": 512, "pair": ["upstream_tma", "upstream_pointer"], "label": "A", "round": 1, "block": 3, "sample": 9, "ms": 1.4907840490341187}
{"event": "sample", "n": 512, "pair": ["upstream_tma", "upstream_pointer"], "label": "A", "round": 2, "block": 0, "sample": 0, "ms": 1.7369920015335083}
{"event": "sample", "n": 512, "pair": ["upstream_tma", "upstream_pointer"], "label": "A", "round": 2, "block": 0, "sample": 1, "ms": 1.488576054573059}
{"event": "sample", "n": 512, "pair": ["upstream_tma", "upstream_pointer"], "label": "A", "round": 2, "block": 0, "sample": 2, "ms": 1.49126398563385}
{"event": "sample", "n": 512, "pair": ["upstream_tma", "upstream_pointer"], "label": "A", "round": 2, "block": 0, "sample": 3, "ms": 1.4907840490341187}
{"event": "sample", "n": 512, "pair": ["upstream_tma", "upstream_pointer"], "label": "A", "round": 2, "block": 0, "sample": 4, "ms": 1.4907519817352295}
{"event": "sample", "n": 512, "pair": ["upstream_tma", "upstream_pointer"], "label": "A", "round": 2, "block": 0, "sample": 5, "ms": 1.4926079511642456}
{"event": "sample", "n": 512, "pair": ["upstream_tma", "upstream_pointer"], "label": "A", "round": 2, "block": 0, "sample": 6, "ms": 1.491487979888916}
{"event": "sample", "n": 512, "pair": ["upstream_tma", "upstream_pointer"], "label": "A", "round": 2, "block": 0, "sample": 7, "ms": 1.4914239645004272}
{"event": "sample", "n": 512, "pair": ["upstream_tma", "upstream_pointer"], "label": "A", "round": 2, "block": 0, "sample": 8, "ms": 1.491711974143982}
{"event": "sample", "n": 512, "pair": ["upstream_tma", "upstream_pointer"], "label": "A", "round": 2, "block": 0, "sample": 9, "ms": 1.4912320375442505}
{"event": "sample", "n": 512, "pair": ["upstream_tma", "upstream_pointer"], "label": "B", "round": 2, "block": 1, "sample": 0, "ms": 1.8196159601211548}
{"event": "sample", "n": 512, "pair": ["upstream_tma", "upstream_pointer"], "label": "B", "round": 2, "block": 1, "sample": 1, "ms": 1.6715199947357178}
{"event": "sample", "n": 512, "pair": ["upstream_tma", "upstream_pointer"], "label": "B", "round": 2, "block": 1, "sample": 2, "ms": 1.6730560064315796}
{"event": "sample", "n": 512, "pair": ["upstream_tma", "upstream_pointer"], "label": "B", "round": 2, "block": 1, "sample": 3, "ms": 1.672320008277893}
{"event": "sample", "n": 512, "pair": ["upstream_tma", "upstream_pointer"], "label": "B", "round": 2, "block": 1, "sample": 4, "ms": 1.67084801197052}
{"event": "sample", "n": 512, "pair": ["upstream_tma", "upstream_pointer"], "label": "B", "round": 2, "block": 1, "sample": 5, "ms": 1.6728639602661133}
{"event": "sample", "n": 512, "pair": ["upstream_tma", "upstream_pointer"], "label": "B", "round": 2, "block": 1, "sample": 6, "ms": 1.6727360486984253}
{"event": "sample", "n": 512, "pair": ["upstream_tma", "upstream_pointer"], "label": "B", "round": 2, "block": 1, "sample": 7, "ms": 1.6713919639587402}
{"event": "sample", "n": 512, "pair": ["upstream_tma", "upstream_pointer"], "label": "B", "round": 2, "block": 1, "sample": 8, "ms": 1.6702719926834106}
{"event": "sample", "n": 512, "pair": ["upstream_tma", "upstream_pointer"], "label": "B", "round": 2, "block": 1, "sample": 9, "ms": 1.6717439889907837}
{"event": "sample", "n": 512, "pair": ["upstream_tma", "upstream_pointer"], "label": "B", "round": 2, "block": 2, "sample": 0, "ms": 1.7923519611358643}
{"event": "sample", "n": 512, "pair": ["upstream_tma", "upstream_pointer"], "label": "B", "round": 2, "block": 2, "sample": 1, "ms": 1.6694400310516357}
{"event": "sample", "n": 512, "pair": ["upstream_tma", "upstream_pointer"], "label": "B", "round": 2, "block": 2, "sample": 2, "ms": 1.6708799600601196}
{"event": "sample", "n": 512, "pair": ["upstream_tma", "upstream_pointer"], "label": "B", "round": 2, "block": 2, "sample": 3, "ms": 1.671679973602295}
{"event": "sample", "n": 512, "pair": ["upstream_tma", "upstream_pointer"], "label": "B", "round": 2, "block": 2, "sample": 4, "ms": 1.6726080179214478}
{"event": "sample", "n": 512, "pair": ["upstream_tma", "upstream_pointer"], "label": "B", "round": 2, "block": 2, "sample": 5, "ms": 1.6720000505447388}
{"event": "sample", "n": 512, "pair": ["upstream_tma", "upstream_pointer"], "label": "B", "round": 2, "block": 2, "sample": 6, "ms": 1.6705280542373657}
{"event": "sample", "n": 512, "pair": ["upstream_tma", "upstream_pointer"], "label": "B", "round": 2, "block": 2, "sample": 7, "ms": 1.6726080179214478}
{"event": "sample", "n": 512, "pair": ["upstream_tma", "upstream_pointer"], "label": "B", "round": 2, "block": 2, "sample": 8, "ms": 1.6717439889907837}
{"event": "sample", "n": 512, "pair": ["upstream_tma", "upstream_pointer"], "label": "B", "round": 2, "block": 2, "sample": 9, "ms": 1.6728960275650024}
{"event": "sample", "n": 512, "pair": ["upstream_tma", "upstream_pointer"], "label": "A", "round": 2, "block": 3, "sample": 0, "ms": 1.7544000148773193}
{"event": "sample", "n": 512, "pair": ["upstream_tma", "upstream_pointer"], "label": "A", "round": 2, "block": 3, "sample": 1, "ms": 1.4883840084075928}
{"event": "sample", "n": 512, "pair": ["upstream_tma", "upstream_pointer"], "label": "A", "round": 2, "block": 3, "sample": 2, "ms": 1.4914239645004272}
{"event": "sample", "n": 512, "pair": ["upstream_tma", "upstream_pointer"], "label": "A", "round": 2, "block": 3, "sample": 3, "ms": 1.4919359683990479}
{"event": "sample", "n": 512, "pair": ["upstream_tma", "upstream_pointer"], "label": "A", "round": 2, "block": 3, "sample": 4, "ms": 1.492095947265625}
{"event": "sample", "n": 512, "pair": ["upstream_tma", "upstream_pointer"], "label": "A", "round": 2, "block": 3, "sample": 5, "ms": 1.493280053138733}
{"event": "sample", "n": 512, "pair": ["upstream_tma", "upstream_pointer"], "label": "A", "round": 2, "block": 3, "sample": 6, "ms": 1.4936959743499756}
{"event": "sample", "n": 512, "pair": ["upstream_tma", "upstream_pointer"], "label": "A", "round": 2, "block": 3, "sample": 7, "ms": 1.4929280281066895}
{"event": "sample", "n": 512, "pair": ["upstream_tma", "upstream_pointer"], "label": "A", "round": 2, "block": 3, "sample": 8, "ms": 1.492959976196289}
{"event": "sample", "n": 512, "pair": ["upstream_tma", "upstream_pointer"], "label": "A", "round": 2, "block": 3, "sample": 9, "ms": 1.4941120147705078}
{"event": "summary", "n": 512, "pair": ["upstream_tma", "upstream_pointer"], "median_ms": {"upstream_tma": 1.492095947265625, "upstream_pointer": 1.6727360486984253}, "a_over_b": 0.892009201587209, "samples_per_label": 60}
{"event": "sample", "n": 512, "pair": ["upstream_tma", "ours_runtime"], "label": "A", "round": 0, "block": 0, "sample": 0, "ms": 1.7228800058364868}
{"event": "sample", "n": 512, "pair": ["upstream_tma", "ours_runtime"], "label": "A", "round": 0, "block": 0, "sample": 1, "ms": 1.4919040203094482}
{"event": "sample", "n": 512, "pair": ["upstream_tma", "ours_runtime"], "label": "A", "round": 0, "block": 0, "sample": 2, "ms": 1.4939199686050415}
{"event": "sample", "n": 512, "pair": ["upstream_tma", "ours_runtime"], "label": "A", "round": 0, "block": 0, "sample": 3, "ms": 1.4940160512924194}
{"event": "sample", "n": 512, "pair": ["upstream_tma", "ours_runtime"], "label": "A", "round": 0, "block": 0, "sample": 4, "ms": 1.4936959743499756}
{"event": "sample", "n": 512, "pair": ["upstream_tma", "ours_runtime"], "label": "A", "round": 0, "block": 0, "sample": 5, "ms": 1.4941120147705078}
{"event": "sample", "n": 512, "pair": ["upstream_tma", "ours_runtime"], "label": "A", "round": 0, "block": 0, "sample": 6, "ms": 1.4936319589614868}
{"event": "sample", "n": 512, "pair": ["upstream_tma", "ours_runtime"], "label": "A", "round": 0, "block": 0, "sample": 7, "ms": 1.4935040473937988}
{"event": "sample", "n": 512, "pair": ["upstream_tma", "ours_runtime"], "label": "A", "round": 0, "block": 0, "sample": 8, "ms": 1.4926719665527344}
{"event": "sample", "n": 512, "pair": ["upstream_tma", "ours_runtime"], "label": "A", "round": 0, "block": 0, "sample": 9, "ms": 1.4933760166168213}
{"event": "sample", "n": 512, "pair": ["upstream_tma", "ours_runtime"], "label": "B", "round": 0, "block": 1, "sample": 0, "ms": 2.1452479362487793}
{"event": "sample", "n": 512, "pair": ["upstream_tma", "ours_runtime"], "label": "B", "round": 0, "block": 1, "sample": 1, "ms": 1.9942400455474854}
{"event": "sample", "n": 512, "pair": ["upstream_tma", "ours_runtime"], "label": "B", "round": 0, "block": 1, "sample": 2, "ms": 1.9933760166168213}
{"event": "sample", "n": 512, "pair": ["upstream_tma", "ours_runtime"], "label": "B", "round": 0, "block": 1, "sample": 3, "ms": 1.9954880475997925}
{"event": "sample", "n": 512, "pair": ["upstream_tma", "ours_runtime"], "label": "B", "round": 0, "block": 1, "sample": 4, "ms": 1.993056058883667}
{"event": "sample", "n": 512, "pair": ["upstream_tma", "ours_runtime"], "label": "B", "round": 0, "block": 1, "sample": 5, "ms": 1.99344003200531}
{"event": "sample", "n": 512, "pair": ["upstream_tma", "ours_runtime"], "label": "B", "round": 0, "block": 1, "sample": 6, "ms": 1.9945919513702393}
{"event": "sample", "n": 512, "pair": ["upstream_tma", "ours_runtime"], "label": "B", "round": 0, "block": 1, "sample": 7, "ms": 1.9940160512924194}
{"event": "sample", "n": 512, "pair": ["upstream_tma", "ours_runtime"], "label": "B", "round": 0, "block": 1, "sample": 8, "ms": 1.9955519437789917}
{"event": "sample", "n": 512, "pair": ["upstream_tma", "ours_runtime"], "label": "B", "round": 0, "block": 1, "sample": 9, "ms": 1.9947839975357056}
{"event": "sample", "n": 512, "pair": ["upstream_tma", "ours_runtime"], "label": "B", "round": 0, "block": 2, "sample": 0, "ms": 2.099071979522705}
{"event": "sample", "n": 512, "pair": ["upstream_tma", "ours_runtime"], "label": "B", "round": 0, "block": 2, "sample": 1, "ms": 1.99452805519104}
{"event": "sample", "n": 512, "pair": ["upstream_tma", "ours_runtime"], "label": "B", "round": 0, "block": 2, "sample": 2, "ms": 1.9926079511642456}
{"event": "sample", "n": 512, "pair": ["upstream_tma", "ours_runtime"], "label": "B", "round": 0, "block": 2, "sample": 3, "ms": 1.9932160377502441}
{"event": "sample", "n": 512, "pair": ["upstream_tma", "ours_runtime"], "label": "B", "round": 0, "block": 2, "sample": 4, "ms": 1.9940160512924194}
{"event": "sample", "n": 512, "pair": ["upstream_tma", "ours_runtime"], "label": "B", "round": 0, "block": 2, "sample": 5, "ms": 1.9952319860458374}
{"event": "sample", "n": 512, "pair": ["upstream_tma", "ours_runtime"], "label": "B", "round": 0, "block": 2, "sample": 6, "ms": 1.9934719800949097}
{"event": "sample", "n": 512, "pair": ["upstream_tma", "ours_runtime"], "label": "B", "round": 0, "block": 2, "sample": 7, "ms": 1.9936959743499756}
{"event": "sample", "n": 512, "pair": ["upstream_tma", "ours_runtime"], "label": "B", "round": 0, "block": 2, "sample": 8, "ms": 1.9961919784545898}
{"event": "sample", "n": 512, "pair": ["upstream_tma", "ours_runtime"], "label": "B", "round": 0, "block": 2, "sample": 9, "ms": 1.9958080053329468}
{"event": "sample", "n": 512, "pair": ["upstream_tma", "ours_runtime"], "label": "A", "round": 0, "block": 3, "sample": 0, "ms": 1.7772159576416016}
{"event": "sample", "n": 512, "pair": ["upstream_tma", "ours_runtime"], "label": "A", "round": 0, "block": 3, "sample": 1, "ms": 1.4893120527267456}
{"event": "sample", "n": 512, "pair": ["upstream_tma", "ours_runtime"], "label": "A", "round": 0, "block": 3, "sample": 2, "ms": 1.4922879934310913}
{"event": "sample", "n": 512, "pair": ["upstream_tma", "ours_runtime"], "label": "A", "round": 0, "block": 3, "sample": 3, "ms": 1.4909119606018066}
{"event": "sample", "n": 512, "pair": ["upstream_tma", "ours_runtime"], "label": "A", "round": 0, "block": 3, "sample": 4, "ms": 1.4914239645004272}
{"event": "sample", "n": 512, "pair": ["upstream_tma", "ours_runtime"], "label": "A", "round": 0, "block": 3, "sample": 5, "ms": 1.4916479587554932}
{"event": "sample", "n": 512, "pair": ["upstream_tma", "ours_runtime"], "label": "A", "round": 0, "block": 3, "sample": 6, "ms": 1.4910080432891846}
{"event": "sample", "n": 512, "pair": ["upstream_tma", "ours_runtime"], "label": "A", "round": 0, "block": 3, "sample": 7, "ms": 1.492576003074646}
{"event": "sample", "n": 512, "pair": ["upstream_tma", "ours_runtime"], "label": "A", "round": 0, "block": 3, "sample": 8, "ms": 1.4910080432891846}
{"event": "sample", "n": 512, "pair": ["upstream_tma", "ours_runtime"], "label": "A", "round": 0, "block": 3, "sample": 9, "ms": 1.4919999837875366}
{"event": "sample", "n": 512, "pair": ["upstream_tma", "ours_runtime"], "label": "A", "round": 1, "block": 0, "sample": 0, "ms": 1.7213759422302246}
{"event": "sample", "n": 512, "pair": ["upstream_tma", "ours_runtime"], "label": "A", "round": 1, "block": 0, "sample": 1, "ms": 1.4896639585494995}
{"event": "sample", "n": 512, "pair": ["upstream_tma", "ours_runtime"], "label": "A", "round": 1, "block": 0, "sample": 2, "ms": 1.4916479587554932}
{"event": "sample", "n": 512, "pair": ["upstream_tma", "ours_runtime"], "label": "A", "round": 1, "block": 0, "sample": 3, "ms": 1.4922560453414917}
{"event": "sample", "n": 512, "pair": ["upstream_tma", "ours_runtime"], "label": "A", "round": 1, "block": 0, "sample": 4, "ms": 1.4915839433670044}
{"event": "sample", "n": 512, "pair": ["upstream_tma", "ours_runtime"], "label": "A", "round": 1, "block": 0, "sample": 5, "ms": 1.4909119606018066}
{"event": "sample", "n": 512, "pair": ["upstream_tma", "ours_runtime"], "label": "A", "round": 1, "block": 0, "sample": 6, "ms": 1.4903359413146973}
{"event": "sample", "n": 512, "pair": ["upstream_tma", "ours_runtime"], "label": "A", "round": 1, "block": 0, "sample": 7, "ms": 1.490496039390564}
{"event": "sample", "n": 512, "pair": ["upstream_tma", "ours_runtime"], "label": "A", "round": 1, "block": 0, "sample": 8, "ms": 1.4906879663467407}
{"event": "sample", "n": 512, "pair": ["upstream_tma", "ours_runtime"], "label": "A", "round": 1, "block": 0, "sample": 9, "ms": 1.4906560182571411}
{"event": "sample", "n": 512, "pair": ["upstream_tma", "ours_runtime"], "label": "B", "round": 1, "block": 1, "sample": 0, "ms": 2.149631977081299}
{"event": "sample", "n": 512, "pair": ["upstream_tma", "ours_runtime"], "label": "B", "round": 1, "block": 1, "sample": 1, "ms": 1.9911359548568726}
{"event": "sample", "n": 512, "pair": ["upstream_tma", "ours_runtime"], "label": "B", "round": 1, "block": 1, "sample": 2, "ms": 1.9907519817352295}
{"event": "sample", "n": 512, "pair": ["upstream_tma", "ours_runtime"], "label": "B", "round": 1, "block": 1, "sample": 3, "ms": 1.9912960529327393}
{"event": "sample", "n": 512, "pair": ["upstream_tma", "ours_runtime"], "label": "B", "round": 1, "block": 1, "sample": 4, "ms": 1.990272045135498}
{"event": "sample", "n": 512, "pair": ["upstream_tma", "ours_runtime"], "label": "B", "round": 1, "block": 1, "sample": 5, "ms": 1.9895360469818115}
{"event": "sample", "n": 512, "pair": ["upstream_tma", "ours_runtime"], "label": "B", "round": 1, "block": 1, "sample": 6, "ms": 1.9895360469818115}
{"event": "sample", "n": 512, "pair": ["upstream_tma", "ours_runtime"], "label": "B", "round": 1, "block": 1, "sample": 7, "ms": 1.9913280010223389}
{"event": "sample", "n": 512, "pair": ["upstream_tma", "ours_runtime"], "label": "B", "round": 1, "block": 1, "sample": 8, "ms": 1.9923839569091797}
{"event": "sample", "n": 512, "pair": ["upstream_tma", "ours_runtime"], "label": "B", "round": 1, "block": 1, "sample": 9, "ms": 1.9913280010223389}
{"event": "sample", "n": 512, "pair": ["upstream_tma", "ours_runtime"], "label": "B", "round": 1, "block": 2, "sample": 0, "ms": 2.117151975631714}
{"event": "sample", "n": 512, "pair": ["upstream_tma", "ours_runtime"], "label": "B", "round": 1, "block": 2, "sample": 1, "ms": 1.9904639720916748}
{"event": "sample", "n": 512, "pair": ["upstream_tma", "ours_runtime"], "label": "B", "round": 1, "block": 2, "sample": 2, "ms": 1.9912960529327393}
{"event": "sample", "n": 512, "pair": ["upstream_tma", "ours_runtime"], "label": "B", "round": 1, "block": 2, "sample": 3, "ms": 1.9901759624481201}
{"event": "sample", "n": 512, "pair": ["upstream_tma", "ours_runtime"], "label": "B", "round": 1, "block": 2, "sample": 4, "ms": 1.991744041442871}
{"event": "sample", "n": 512, "pair": ["upstream_tma", "ours_runtime"], "label": "B", "round": 1, "block": 2, "sample": 5, "ms": 1.9912960529327393}
{"event": "sample", "n": 512, "pair": ["upstream_tma", "ours_runtime"], "label": "B", "round": 1, "block": 2, "sample": 6, "ms": 1.9906560182571411}
{"event": "sample", "n": 512, "pair": ["upstream_tma", "ours_runtime"], "label": "B", "round": 1, "block": 2, "sample": 7, "ms": 1.9893120527267456}
{"event": "sample", "n": 512, "pair": ["upstream_tma", "ours_runtime"], "label": "B", "round": 1, "block": 2, "sample": 8, "ms": 1.9908479452133179}
{"event": "sample", "n": 512, "pair": ["upstream_tma", "ours_runtime"], "label": "B", "round": 1, "block": 2, "sample": 9, "ms": 1.992959976196289}
{"event": "sample", "n": 512, "pair": ["upstream_tma", "ours_runtime"], "label": "A", "round": 1, "block": 3, "sample": 0, "ms": 1.7770559787750244}
{"event": "sample", "n": 512, "pair": ["upstream_tma", "ours_runtime"], "label": "A", "round": 1, "block": 3, "sample": 1, "ms": 1.4899840354919434}
{"event": "sample", "n": 512, "pair": ["upstream_tma", "ours_runtime"], "label": "A", "round": 1, "block": 3, "sample": 2, "ms": 1.4912320375442505}
{"event": "sample", "n": 512, "pair": ["upstream_tma", "ours_runtime"], "label": "A", "round": 1, "block": 3, "sample": 3, "ms": 1.4912320375442505}
{"event": "sample", "n": 512, "pair": ["upstream_tma", "ours_runtime"], "label": "A", "round": 1, "block": 3, "sample": 4, "ms": 1.4909119606018066}
{"event": "sample", "n": 512, "pair": ["upstream_tma", "ours_runtime"], "label": "A", "round": 1, "block": 3, "sample": 5, "ms": 1.4908159971237183}
{"event": "sample", "n": 512, "pair": ["upstream_tma", "ours_runtime"], "label": "A", "round": 1, "block": 3, "sample": 6, "ms": 1.4905279874801636}
{"event": "sample", "n": 512, "pair": ["upstream_tma", "ours_runtime"], "label": "A", "round": 1, "block": 3, "sample": 7, "ms": 1.4911359548568726}
{"event": "sample", "n": 512, "pair": ["upstream_tma", "ours_runtime"], "label": "A", "round": 1, "block": 3, "sample": 8, "ms": 1.4913280010223389}
{"event": "sample", "n": 512, "pair": ["upstream_tma", "ours_runtime"], "label": "A", "round": 1, "block": 3, "sample": 9, "ms": 1.4910080432891846}
{"event": "sample", "n": 512, "pair": ["upstream_tma", "ours_runtime"], "label": "A", "round": 2, "block": 0, "sample": 0, "ms": 1.7574399709701538}
{"event": "sample", "n": 512, "pair": ["upstream_tma", "ours_runtime"], "label": "A", "round": 2, "block": 0, "sample": 1, "ms": 1.4903359413146973}
{"event": "sample", "n": 512, "pair": ["upstream_tma", "ours_runtime"], "label": "A", "round": 2, "block": 0, "sample": 2, "ms": 1.4915839433670044}
{"event": "sample", "n": 512, "pair": ["upstream_tma", "ours_runtime"], "label": "A", "round": 2, "block": 0, "sample": 3, "ms": 1.4913599491119385}
{"event": "sample", "n": 512, "pair": ["upstream_tma", "ours_runtime"], "label": "A", "round": 2, "block": 0, "sample": 4, "ms": 1.4913280010223389}
{"event": "sample", "n": 512, "pair": ["upstream_tma", "ours_runtime"], "label": "A", "round": 2, "block": 0, "sample": 5, "ms": 1.4910399913787842}
{"event": "sample", "n": 512, "pair": ["upstream_tma", "ours_runtime"], "label": "A", "round": 2, "block": 0, "sample": 6, "ms": 1.4916160106658936}
{"event": "sample", "n": 512, "pair": ["upstream_tma", "ours_runtime"], "label": "A", "round": 2, "block": 0, "sample": 7, "ms": 1.4937920570373535}
{"event": "sample", "n": 512, "pair": ["upstream_tma", "ours_runtime"], "label": "A", "round": 2, "block": 0, "sample": 8, "ms": 1.4930880069732666}
{"event": "sample", "n": 512, "pair": ["upstream_tma", "ours_runtime"], "label": "A", "round": 2, "block": 0, "sample": 9, "ms": 1.4935040473937988}
{"event": "sample", "n": 512, "pair": ["upstream_tma", "ours_runtime"], "label": "B", "round": 2, "block": 1, "sample": 0, "ms": 2.133984088897705}
{"event": "sample", "n": 512, "pair": ["upstream_tma", "ours_runtime"], "label": "B", "round": 2, "block": 1, "sample": 1, "ms": 1.9930880069732666}
{"event": "sample", "n": 512, "pair": ["upstream_tma", "ours_runtime"], "label": "B", "round": 2, "block": 1, "sample": 2, "ms": 1.9936959743499756}
{"event": "sample", "n": 512, "pair": ["upstream_tma", "ours_runtime"], "label": "B", "round": 2, "block": 1, "sample": 3, "ms": 1.9937599897384644}
{"event": "sample", "n": 512, "pair": ["upstream_tma", "ours_runtime"], "label": "B", "round": 2, "block": 1, "sample": 4, "ms": 1.9943039417266846}
{"event": "sample", "n": 512, "pair": ["upstream_tma", "ours_runtime"], "label": "B", "round": 2, "block": 1, "sample": 5, "ms": 1.993407964706421}
{"event": "sample", "n": 512, "pair": ["upstream_tma", "ours_runtime"], "label": "B", "round": 2, "block": 1, "sample": 6, "ms": 1.9941120147705078}
{"event": "sample", "n": 512, "pair": ["upstream_tma", "ours_runtime"], "label": "B", "round": 2, "block": 1, "sample": 7, "ms": 1.9926719665527344}
{"event": "sample", "n": 512, "pair": ["upstream_tma", "ours_runtime"], "label": "B", "round": 2, "block": 1, "sample": 8, "ms": 1.993664026260376}
{"event": "sample", "n": 512, "pair": ["upstream_tma", "ours_runtime"], "label": "B", "round": 2, "block": 1, "sample": 9, "ms": 1.9936959743499756}
{"event": "sample", "n": 512, "pair": ["upstream_tma", "ours_runtime"], "label": "B", "round": 2, "block": 2, "sample": 0, "ms": 2.097791910171509}
{"event": "sample", "n": 512, "pair": ["upstream_tma", "ours_runtime"], "label": "B", "round": 2, "block": 2, "sample": 1, "ms": 1.9936000108718872}
{"event": "sample", "n": 512, "pair": ["upstream_tma", "ours_runtime"], "label": "B", "round": 2, "block": 2, "sample": 2, "ms": 1.9950720071792603}
{"event": "sample", "n": 512, "pair": ["upstream_tma", "ours_runtime"], "label": "B", "round": 2, "block": 2, "sample": 3, "ms": 1.9934719800949097}
{"event": "sample", "n": 512, "pair": ["upstream_tma", "ours_runtime"], "label": "B", "round": 2, "block": 2, "sample": 4, "ms": 1.9941439628601074}
{"event": "sample", "n": 512, "pair": ["upstream_tma", "ours_runtime"], "label": "B", "round": 2, "block": 2, "sample": 5, "ms": 1.992576003074646}
{"event": "sample", "n": 512, "pair": ["upstream_tma", "ours_runtime"], "label": "B", "round": 2, "block": 2, "sample": 6, "ms": 1.9936319589614868}
{"event": "sample", "n": 512, "pair": ["upstream_tma", "ours_runtime"], "label": "B", "round": 2, "block": 2, "sample": 7, "ms": 1.9935359954833984}
{"event": "sample", "n": 512, "pair": ["upstream_tma", "ours_runtime"], "label": "B", "round": 2, "block": 2, "sample": 8, "ms": 1.9928640127182007}
{"event": "sample", "n": 512, "pair": ["upstream_tma", "ours_runtime"], "label": "B", "round": 2, "block": 2, "sample": 9, "ms": 1.99452805519104}
{"event": "sample", "n": 512, "pair": ["upstream_tma", "ours_runtime"], "label": "A", "round": 2, "block": 3, "sample": 0, "ms": 1.776095986366272}
{"event": "sample", "n": 512, "pair": ["upstream_tma", "ours_runtime"], "label": "A", "round": 2, "block": 3, "sample": 1, "ms": 1.4908159971237183}
{"event": "sample", "n": 512, "pair": ["upstream_tma", "ours_runtime"], "label": "A", "round": 2, "block": 3, "sample": 2, "ms": 1.4937599897384644}
{"event": "sample", "n": 512, "pair": ["upstream_tma", "ours_runtime"], "label": "A", "round": 2, "block": 3, "sample": 3, "ms": 1.4927040338516235}
{"event": "sample", "n": 512, "pair": ["upstream_tma", "ours_runtime"], "label": "A", "round": 2, "block": 3, "sample": 4, "ms": 1.4942400455474854}
{"event": "sample", "n": 512, "pair": ["upstream_tma", "ours_runtime"], "label": "A", "round": 2, "block": 3, "sample": 5, "ms": 1.493183970451355}
{"event": "sample", "n": 512, "pair": ["upstream_tma", "ours_runtime"], "label": "A", "round": 2, "block": 3, "sample": 6, "ms": 1.49235200881958}
{"event": "sample", "n": 512, "pair": ["upstream_tma", "ours_runtime"], "label": "A", "round": 2, "block": 3, "sample": 7, "ms": 1.4931199550628662}
{"event": "sample", "n": 512, "pair": ["upstream_tma", "ours_runtime"], "label": "A", "round": 2, "block": 3, "sample": 8, "ms": 1.493888020515442}
{"event": "sample", "n": 512, "pair": ["upstream_tma", "ours_runtime"], "label": "A", "round": 2, "block": 3, "sample": 9, "ms": 1.4938240051269531}
{"event": "summary", "n": 512, "pair": ["upstream_tma", "ours_runtime"], "median_ms": {"upstream_tma": 1.4917759895324707, "ours_runtime": 1.993503987789154}, "a_over_b": 0.7483185379462861, "samples_per_label": 60}
{"event": "sample", "n": 512, "pair": ["ours_runtime", "ours_exact_matched"], "label": "A", "round": 0, "block": 0, "sample": 0, "ms": 2.0971839427948}
{"event": "sample", "n": 512, "pair": ["ours_runtime", "ours_exact_matched"], "label": "A", "round": 0, "block": 0, "sample": 1, "ms": 1.9939199686050415}
{"event": "sample", "n": 512, "pair": ["ours_runtime", "ours_exact_matched"], "label": "A", "round": 0, "block": 0, "sample": 2, "ms": 1.9922560453414917}
{"event": "sample", "n": 512, "pair": ["ours_runtime", "ours_exact_matched"], "label": "A", "round": 0, "block": 0, "sample": 3, "ms": 1.9918400049209595}
{"event": "sample", "n": 512, "pair": ["ours_runtime", "ours_exact_matched"], "label": "A", "round": 0, "block": 0, "sample": 4, "ms": 1.990880012512207}
{"event": "sample", "n": 512, "pair": ["ours_runtime", "ours_exact_matched"], "label": "A", "round": 0, "block": 0, "sample": 5, "ms": 1.993664026260376}
{"event": "sample", "n": 512, "pair": ["ours_runtime", "ours_exact_matched"], "label": "A", "round": 0, "block": 0, "sample": 6, "ms": 1.9942400455474854}
{"event": "sample", "n": 512, "pair": ["ours_runtime", "ours_exact_matched"], "label": "A", "round": 0, "block": 0, "sample": 7, "ms": 1.9933120012283325}
{"event": "sample", "n": 512, "pair": ["ours_runtime", "ours_exact_matched"], "label": "A", "round": 0, "block": 0, "sample": 8, "ms": 1.9930880069732666}
{"event": "sample", "n": 512, "pair": ["ours_runtime", "ours_exact_matched"], "label": "A", "round": 0, "block": 0, "sample": 9, "ms": 1.9935359954833984}
{"event": "sample", "n": 512, "pair": ["ours_runtime", "ours_exact_matched"], "label": "B", "round": 0, "block": 1, "sample": 0, "ms": 1.9661439657211304}
{"event": "sample", "n": 512, "pair": ["ours_runtime", "ours_exact_matched"], "label": "B", "round": 0, "block": 1, "sample": 1, "ms": 1.8451839685440063}
{"event": "sample", "n": 512, "pair": ["ours_runtime", "ours_exact_matched"], "label": "B", "round": 0, "block": 1, "sample": 2, "ms": 1.8440639972686768}
{"event": "sample", "n": 512, "pair": ["ours_runtime", "ours_exact_matched"], "label": "B", "round": 0, "block": 1, "sample": 3, "ms": 1.8443200588226318}
{"event": "sample", "n": 512, "pair": ["ours_runtime", "ours_exact_matched"], "label": "B", "round": 0, "block": 1, "sample": 4, "ms": 1.8440639972686768}
{"event": "sample", "n": 512, "pair": ["ours_runtime", "ours_exact_matched"], "label": "B", "round": 0, "block": 1, "sample": 5, "ms": 1.8443200588226318}
{"event": "sample", "n": 512, "pair": ["ours_runtime", "ours_exact_matched"], "label": "B", "round": 0, "block": 1, "sample": 6, "ms": 1.8447680473327637}
{"event": "sample", "n": 512, "pair": ["ours_runtime", "ours_exact_matched"], "label": "B", "round": 0, "block": 1, "sample": 7, "ms": 1.8453119993209839}
{"event": "sample", "n": 512, "pair": ["ours_runtime", "ours_exact_matched"], "label": "B", "round": 0, "block": 1, "sample": 8, "ms": 1.8436479568481445}
{"event": "sample", "n": 512, "pair": ["ours_runtime", "ours_exact_matched"], "label": "B", "round": 0, "block": 1, "sample": 9, "ms": 1.8427519798278809}
{"event": "sample", "n": 512, "pair": ["ours_runtime", "ours_exact_matched"], "label": "B", "round": 0, "block": 2, "sample": 0, "ms": 1.9460159540176392}
{"event": "sample", "n": 512, "pair": ["ours_runtime", "ours_exact_matched"], "label": "B", "round": 0, "block": 2, "sample": 1, "ms": 1.844831943511963}
{"event": "sample", "n": 512, "pair": ["ours_runtime", "ours_exact_matched"], "label": "B", "round": 0, "block": 2, "sample": 2, "ms": 1.8447359800338745}
{"event": "sample", "n": 512, "pair": ["ours_runtime", "ours_exact_matched"], "label": "B", "round": 0, "block": 2, "sample": 3, "ms": 1.8434879779815674}
{"event": "sample", "n": 512, "pair": ["ours_runtime", "ours_exact_matched"], "label": "B", "round": 0, "block": 2, "sample": 4, "ms": 1.8441280126571655}
{"event": "sample", "n": 512, "pair": ["ours_runtime", "ours_exact_matched"], "label": "B", "round": 0, "block": 2, "sample": 5, "ms": 1.8435200452804565}
{"event": "sample", "n": 512, "pair": ["ours_runtime", "ours_exact_matched"], "label": "B", "round": 0, "block": 2, "sample": 6, "ms": 1.8445119857788086}
{"event": "sample", "n": 512, "pair": ["ours_runtime", "ours_exact_matched"], "label": "B", "round": 0, "block": 2, "sample": 7, "ms": 1.8439040184020996}
{"event": "sample", "n": 512, "pair": ["ours_runtime", "ours_exact_matched"], "label": "B", "round": 0, "block": 2, "sample": 8, "ms": 1.8437119722366333}
{"event": "sample", "n": 512, "pair": ["ours_runtime", "ours_exact_matched"], "label": "B", "round": 0, "block": 2, "sample": 9, "ms": 1.8439680337905884}
{"event": "sample", "n": 512, "pair": ["ours_runtime", "ours_exact_matched"], "label": "A", "round": 0, "block": 3, "sample": 0, "ms": 2.1592960357666016}
{"event": "sample", "n": 512, "pair": ["ours_runtime", "ours_exact_matched"], "label": "A", "round": 0, "block": 3, "sample": 1, "ms": 1.9913280010223389}
{"event": "sample", "n": 512, "pair": ["ours_runtime", "ours_exact_matched"], "label": "A", "round": 0, "block": 3, "sample": 2, "ms": 1.9909759759902954}
{"event": "sample", "n": 512, "pair": ["ours_runtime", "ours_exact_matched"], "label": "A", "round": 0, "block": 3, "sample": 3, "ms": 1.9913599491119385}
{"event": "sample", "n": 512, "pair": ["ours_runtime", "ours_exact_matched"], "label": "A", "round": 0, "block": 3, "sample": 4, "ms": 1.99126398563385}
{"event": "sample", "n": 512, "pair": ["ours_runtime", "ours_exact_matched"], "label": "A", "round": 0, "block": 3, "sample": 5, "ms": 1.9908479452133179}
{"event": "sample", "n": 512, "pair": ["ours_runtime", "ours_exact_matched"], "label": "A", "round": 0, "block": 3, "sample": 6, "ms": 1.9909440279006958}
{"event": "sample", "n": 512, "pair": ["ours_runtime", "ours_exact_matched"], "label": "A", "round": 0, "block": 3, "sample": 7, "ms": 1.9909440279006958}
{"event": "sample", "n": 512, "pair": ["ours_runtime", "ours_exact_matched"], "label": "A", "round": 0, "block": 3, "sample": 8, "ms": 1.9920639991760254}
{"event": "sample", "n": 512, "pair": ["ours_runtime", "ours_exact_matched"], "label": "A", "round": 0, "block": 3, "sample": 9, "ms": 1.9921280145645142}
{"event": "sample", "n": 512, "pair": ["ours_runtime", "ours_exact_matched"], "label": "A", "round": 1, "block": 0, "sample": 0, "ms": 2.1004159450531006}
{"event": "sample", "n": 512, "pair": ["ours_runtime", "ours_exact_matched"], "label": "A", "round": 1, "block": 0, "sample": 1, "ms": 1.9909119606018066}
{"event": "sample", "n": 512, "pair": ["ours_runtime", "ours_exact_matched"], "label": "A", "round": 1, "block": 0, "sample": 2, "ms": 1.9914239645004272}
{"event": "sample", "n": 512, "pair": ["ours_runtime", "ours_exact_matched"], "label": "A", "round": 1, "block": 0, "sample": 3, "ms": 1.9903680086135864}
{"event": "sample", "n": 512, "pair": ["ours_runtime", "ours_exact_matched"], "label": "A", "round": 1, "block": 0, "sample": 4, "ms": 1.9920639991760254}
{"event": "sample", "n": 512, "pair": ["ours_runtime", "ours_exact_matched"], "label": "A", "round": 1, "block": 0, "sample": 5, "ms": 1.991487979888916}
{"event": "sample", "n": 512, "pair": ["ours_runtime", "ours_exact_matched"], "label": "A", "round": 1, "block": 0, "sample": 6, "ms": 1.9927680492401123}
{"event": "sample", "n": 512, "pair": ["ours_runtime", "ours_exact_matched"], "label": "A", "round": 1, "block": 0, "sample": 7, "ms": 1.9915839433670044}
{"event": "sample", "n": 512, "pair": ["ours_runtime", "ours_exact_matched"], "label": "A", "round": 1, "block": 0, "sample": 8, "ms": 1.9913280010223389}
{"event": "sample", "n": 512, "pair": ["ours_runtime", "ours_exact_matched"], "label": "A", "round": 1, "block": 0, "sample": 9, "ms": 1.9929280281066895}
{"event": "sample", "n": 512, "pair": ["ours_runtime", "ours_exact_matched"], "label": "B", "round": 1, "block": 1, "sample": 0, "ms": 1.967360019683838}
{"event": "sample", "n": 512, "pair": ["ours_runtime", "ours_exact_matched"], "label": "B", "round": 1, "block": 1, "sample": 1, "ms": 1.8433599472045898}
{"event": "sample", "n": 512, "pair": ["ours_runtime", "ours_exact_matched"], "label": "B", "round": 1, "block": 1, "sample": 2, "ms": 1.8434879779815674}
{"event": "sample", "n": 512, "pair": ["ours_runtime", "ours_exact_matched"], "label": "B", "round": 1, "block": 1, "sample": 3, "ms": 1.8432320356369019}
{"event": "sample", "n": 512, "pair": ["ours_runtime", "ours_exact_matched"], "label": "B", "round": 1, "block": 1, "sample": 4, "ms": 1.8439040184020996}
{"event": "sample", "n": 512, "pair": ["ours_runtime", "ours_exact_matched"], "label": "B", "round": 1, "block": 1, "sample": 5, "ms": 1.8433279991149902}
{"event": "sample", "n": 512, "pair": ["ours_runtime", "ours_exact_matched"], "label": "B", "round": 1, "block": 1, "sample": 6, "ms": 1.8437119722366333}
{"event": "sample", "n": 512, "pair": ["ours_runtime", "ours_exact_matched"], "label": "B", "round": 1, "block": 1, "sample": 7, "ms": 1.843775987625122}
{"event": "sample", "n": 512, "pair": ["ours_runtime", "ours_exact_matched"], "label": "B", "round": 1, "block": 1, "sample": 8, "ms": 1.8434239625930786}
{"event": "sample", "n": 512, "pair": ["ours_runtime", "ours_exact_matched"], "label": "B", "round": 1, "block": 1, "sample": 9, "ms": 1.8449920415878296}
{"event": "sample", "n": 512, "pair": ["ours_runtime", "ours_exact_matched"], "label": "B", "round": 1, "block": 2, "sample": 0, "ms": 1.9865920543670654}
{"event": "sample", "n": 512, "pair": ["ours_runtime", "ours_exact_matched"], "label": "B", "round": 1, "block": 2, "sample": 1, "ms": 1.8451199531555176}
{"event": "sample", "n": 512, "pair": ["ours_runtime", "ours_exact_matched"], "label": "B", "round": 1, "block": 2, "sample": 2, "ms": 1.8459839820861816}
{"event": "sample", "n": 512, "pair": ["ours_runtime", "ours_exact_matched"], "label": "B", "round": 1, "block": 2, "sample": 3, "ms": 1.8467199802398682}
{"event": "sample", "n": 512, "pair": ["ours_runtime", "ours_exact_matched"], "label": "B", "round": 1, "block": 2, "sample": 4, "ms": 1.8464959859848022}
{"event": "sample", "n": 512, "pair": ["ours_runtime", "ours_exact_matched"], "label": "B", "round": 1, "block": 2, "sample": 5, "ms": 1.8458880186080933}
{"event": "sample", "n": 512, "pair": ["ours_runtime", "ours_exact_matched"], "label": "B", "round": 1, "block": 2, "sample": 6, "ms": 1.8458880186080933}
{"event": "sample", "n": 512, "pair": ["ours_runtime", "ours_exact_matched"], "label": "B", "round": 1, "block": 2, "sample": 7, "ms": 1.8450560569763184}
{"event": "sample", "n": 512, "pair": ["ours_runtime", "ours_exact_matched"], "label": "B", "round": 1, "block": 2, "sample": 8, "ms": 1.8450560569763184}
{"event": "sample", "n": 512, "pair": ["ours_runtime", "ours_exact_matched"], "label": "B", "round": 1, "block": 2, "sample": 9, "ms": 1.8456000089645386}
{"event": "sample", "n": 512, "pair": ["ours_runtime", "ours_exact_matched"], "label": "A", "round": 1, "block": 3, "sample": 0, "ms": 2.11027193069458}
{"event": "sample", "n": 512, "pair": ["ours_runtime", "ours_exact_matched"], "label": "A", "round": 1, "block": 3, "sample": 1, "ms": 1.9929280281066895}
{"event": "sample", "n": 512, "pair": ["ours_runtime", "ours_exact_matched"], "label": "A", "round": 1, "block": 3, "sample": 2, "ms": 1.9924800395965576}
{"event": "sample", "n": 512, "pair": ["ours_runtime", "ours_exact_matched"], "label": "A", "round": 1, "block": 3, "sample": 3, "ms": 1.9928959608078003}
{"event": "sample", "n": 512, "pair": ["ours_runtime", "ours_exact_matched"], "label": "A", "round": 1, "block": 3, "sample": 4, "ms": 1.9922879934310913}
{"event": "sample", "n": 512, "pair": ["ours_runtime", "ours_exact_matched"], "label": "A", "round": 1, "block": 3, "sample": 5, "ms": 1.9924800395965576}
{"event": "sample", "n": 512, "pair": ["ours_runtime", "ours_exact_matched"], "label": "A", "round": 1, "block": 3, "sample": 6, "ms": 1.9918400049209595}
{"event": "sample", "n": 512, "pair": ["ours_runtime", "ours_exact_matched"], "label": "A", "round": 1, "block": 3, "sample": 7, "ms": 1.993056058883667}
{"event": "sample", "n": 512, "pair": ["ours_runtime", "ours_exact_matched"], "label": "A", "round": 1, "block": 3, "sample": 8, "ms": 1.9922879934310913}
{"event": "sample", "n": 512, "pair": ["ours_runtime", "ours_exact_matched"], "label": "A", "round": 1, "block": 3, "sample": 9, "ms": 1.9941120147705078}
{"event": "sample", "n": 512, "pair": ["ours_runtime", "ours_exact_matched"], "label": "A", "round": 2, "block": 0, "sample": 0, "ms": 2.0973119735717773}
{"event": "sample", "n": 512, "pair": ["ours_runtime", "ours_exact_matched"], "label": "A", "round": 2, "block": 0, "sample": 1, "ms": 1.99235200881958}
{"event": "sample", "n": 512, "pair": ["ours_runtime", "ours_exact_matched"], "label": "A", "round": 2, "block": 0, "sample": 2, "ms": 1.9938559532165527}
{"event": "sample", "n": 512, "pair": ["ours_runtime", "ours_exact_matched"], "label": "A", "round": 2, "block": 0, "sample": 3, "ms": 1.9936000108718872}
{"event": "sample", "n": 512, "pair": ["ours_runtime", "ours_exact_matched"], "label": "A", "round": 2, "block": 0, "sample": 4, "ms": 1.9936959743499756}
{"event": "sample", "n": 512, "pair": ["ours_runtime", "ours_exact_matched"], "label": "A", "round": 2, "block": 0, "sample": 5, "ms": 1.993183970451355}
{"event": "sample", "n": 512, "pair": ["ours_runtime", "ours_exact_matched"], "label": "A", "round": 2, "block": 0, "sample": 6, "ms": 1.991968035697937}
{"event": "sample", "n": 512, "pair": ["ours_runtime", "ours_exact_matched"], "label": "A", "round": 2, "block": 0, "sample": 7, "ms": 1.9928319454193115}
{"event": "sample", "n": 512, "pair": ["ours_runtime", "ours_exact_matched"], "label": "A", "round": 2, "block": 0, "sample": 8, "ms": 1.9928959608078003}
{"event": "sample", "n": 512, "pair": ["ours_runtime", "ours_exact_matched"], "label": "A", "round": 2, "block": 0, "sample": 9, "ms": 1.9931199550628662}
{"event": "sample", "n": 512, "pair": ["ours_runtime", "ours_exact_matched"], "label": "B", "round": 2, "block": 1, "sample": 0, "ms": 1.9528000354766846}
{"event": "sample", "n": 512, "pair": ["ours_runtime", "ours_exact_matched"], "label": "B", "round": 2, "block": 1, "sample": 1, "ms": 1.844480037689209}
{"event": "sample", "n": 512, "pair": ["ours_runtime", "ours_exact_matched"], "label": "B", "round": 2, "block": 1, "sample": 2, "ms": 1.8460479974746704}
{"event": "sample", "n": 512, "pair": ["ours_runtime", "ours_exact_matched"], "label": "B", "round": 2, "block": 1, "sample": 3, "ms": 1.8450560569763184}
{"event": "sample", "n": 512, "pair": ["ours_runtime", "ours_exact_matched"], "label": "B", "round": 2, "block": 1, "sample": 4, "ms": 1.845695972442627}
{"event": "sample", "n": 512, "pair": ["ours_runtime", "ours_exact_matched"], "label": "B", "round": 2, "block": 1, "sample": 5, "ms": 1.8459839820861816}
{"event": "sample", "n": 512, "pair": ["ours_runtime", "ours_exact_matched"], "label": "B", "round": 2, "block": 1, "sample": 6, "ms": 1.846783995628357}
{"event": "sample", "n": 512, "pair": ["ours_runtime", "ours_exact_matched"], "label": "B", "round": 2, "block": 1, "sample": 7, "ms": 1.8452160358428955}
{"event": "sample", "n": 512, "pair": ["ours_runtime", "ours_exact_matched"], "label": "B", "round": 2, "block": 1, "sample": 8, "ms": 1.8465280532836914}
{"event": "sample", "n": 512, "pair": ["ours_runtime", "ours_exact_matched"], "label": "B", "round": 2, "block": 1, "sample": 9, "ms": 1.8457920551300049}
{"event": "sample", "n": 512, "pair": ["ours_runtime", "ours_exact_matched"], "label": "B", "round": 2, "block": 2, "sample": 0, "ms": 1.9520959854125977}
{"event": "sample", "n": 512, "pair": ["ours_runtime", "ours_exact_matched"], "label": "B", "round": 2, "block": 2, "sample": 1, "ms": 1.846336007118225}
{"event": "sample", "n": 512, "pair": ["ours_runtime", "ours_exact_matched"], "label": "B", "round": 2, "block": 2, "sample": 2, "ms": 1.8467520475387573}
{"event": "sample", "n": 512, "pair": ["ours_runtime", "ours_exact_matched"], "label": "B", "round": 2, "block": 2, "sample": 3, "ms": 1.8462079763412476}
{"event": "sample", "n": 512, "pair": ["ours_runtime", "ours_exact_matched"], "label": "B", "round": 2, "block": 2, "sample": 4, "ms": 1.8463040590286255}
{"event": "sample", "n": 512, "pair": ["ours_runtime", "ours_exact_matched"], "label": "B", "round": 2, "block": 2, "sample": 5, "ms": 1.8458240032196045}
{"event": "sample", "n": 512, "pair": ["ours_runtime", "ours_exact_matched"], "label": "B", "round": 2, "block": 2, "sample": 6, "ms": 1.845855951309204}
{"event": "sample", "n": 512, "pair": ["ours_runtime", "ours_exact_matched"], "label": "B", "round": 2, "block": 2, "sample": 7, "ms": 1.8455679416656494}
{"event": "sample", "n": 512, "pair": ["ours_runtime", "ours_exact_matched"], "label": "B", "round": 2, "block": 2, "sample": 8, "ms": 1.8455040454864502}
{"event": "sample", "n": 512, "pair": ["ours_runtime", "ours_exact_matched"], "label": "B", "round": 2, "block": 2, "sample": 9, "ms": 1.8464959859848022}
{"event": "sample", "n": 512, "pair": ["ours_runtime", "ours_exact_matched"], "label": "A", "round": 2, "block": 3, "sample": 0, "ms": 2.101408004760742}
{"event": "sample", "n": 512, "pair": ["ours_runtime", "ours_exact_matched"], "label": "A", "round": 2, "block": 3, "sample": 1, "ms": 1.9916800260543823}
{"event": "sample", "n": 512, "pair": ["ours_runtime", "ours_exact_matched"], "label": "A", "round": 2, "block": 3, "sample": 2, "ms": 1.9926400184631348}
{"event": "sample", "n": 512, "pair": ["ours_runtime", "ours_exact_matched"], "label": "A", "round": 2, "block": 3, "sample": 3, "ms": 1.9906560182571411}
{"event": "sample", "n": 512, "pair": ["ours_runtime", "ours_exact_matched"], "label": "A", "round": 2, "block": 3, "sample": 4, "ms": 1.9928319454193115}
{"event": "sample", "n": 512, "pair": ["ours_runtime", "ours_exact_matched"], "label": "A", "round": 2, "block": 3, "sample": 5, "ms": 1.9907519817352295}
{"event": "sample", "n": 512, "pair": ["ours_runtime", "ours_exact_matched"], "label": "A", "round": 2, "block": 3, "sample": 6, "ms": 1.9905600547790527}
{"event": "sample", "n": 512, "pair": ["ours_runtime", "ours_exact_matched"], "label": "A", "round": 2, "block": 3, "sample": 7, "ms": 1.9910399913787842}
{"event": "sample", "n": 512, "pair": ["ours_runtime", "ours_exact_matched"], "label": "A", "round": 2, "block": 3, "sample": 8, "ms": 1.9913920164108276}
{"event": "sample", "n": 512, "pair": ["ours_runtime", "ours_exact_matched"], "label": "A", "round": 2, "block": 3, "sample": 9, "ms": 1.9915519952774048}
{"event": "summary", "n": 512, "pair": ["ours_runtime", "ours_exact_matched"], "median_ms": {"ours_runtime": 1.9923200011253357, "ours_exact_matched": 1.845151960849762}, "a_over_b": 1.0797593062241861, "samples_per_label": 60}
{"event": "parity", "n": 800, "label": "upstream_tma", "relative_l2": 0.0, "passed": true, "independent_reference": false}
{"event": "parity", "n": 800, "label": "upstream_pointer", "relative_l2": 0.0009949858067557216, "passed": true, "independent_reference": false}
{"event": "parity", "n": 800, "label": "ours_runtime", "relative_l2": 0.0009949858067557216, "passed": true, "independent_reference": false}
{"event": "parity", "n": 800, "label": "ours_exact_matched", "relative_l2": 0.0009949858067557216, "passed": true, "independent_reference": false}
{"event": "configs", "n": 800, "configs": {"upstream_tma": {"kwargs": {"BLOCK_J": 64, "BLOCK_K": 64}, "num_warps": 4, "num_stages": 3, "num_ctas": 1, "maxnreg": null}, "upstream_pointer": {"kwargs": {"BLOCK_J": 64, "BLOCK_K": 32}, "num_warps": 4, "num_stages": 3, "num_ctas": 1, "maxnreg": null}, "ours_runtime": {"kwargs": {"BLOCK_J": 64, "BLOCK_K": 32}, "num_warps": 4, "num_stages": 1, "num_ctas": 1, "maxnreg": null}, "ours_exact_matched": {"kwargs": {"BLOCK_J": 64, "BLOCK_K": 32}, "num_warps": 4, "num_stages": 1, "num_ctas": 1, "maxnreg": null}}}
{"event": "sample", "n": 800, "pair": ["upstream_tma", "upstream_pointer"], "label": "A", "round": 0, "block": 0, "sample": 0, "ms": 6.022655963897705}
{"event": "sample", "n": 800, "pair": ["upstream_tma", "upstream_pointer"], "label": "A", "round": 0, "block": 0, "sample": 1, "ms": 5.848671913146973}
{"event": "sample", "n": 800, "pair": ["upstream_tma", "upstream_pointer"], "label": "A", "round": 0, "block": 0, "sample": 2, "ms": 5.851071834564209}
{"event": "sample", "n": 800, "pair": ["upstream_tma", "upstream_pointer"], "label": "A", "round": 0, "block": 0, "sample": 3, "ms": 5.851359844207764}
{"event": "sample", "n": 800, "pair": ["upstream_tma", "upstream_pointer"], "label": "A", "round": 0, "block": 0, "sample": 4, "ms": 5.849696159362793}
{"event": "sample", "n": 800, "pair": ["upstream_tma", "upstream_pointer"], "label": "A", "round": 0, "block": 0, "sample": 5, "ms": 5.852831840515137}
{"event": "sample", "n": 800, "pair": ["upstream_tma", "upstream_pointer"], "label": "A", "round": 0, "block": 0, "sample": 6, "ms": 5.856991767883301}
{"event": "sample", "n": 800, "pair": ["upstream_tma", "upstream_pointer"], "label": "A", "round": 0, "block": 0, "sample": 7, "ms": 5.860191822052002}
{"event": "sample", "n": 800, "pair": ["upstream_tma", "upstream_pointer"], "label": "A", "round": 0, "block": 0, "sample": 8, "ms": 5.857920169830322}
{"event": "sample", "n": 800, "pair": ["upstream_tma", "upstream_pointer"], "label": "A", "round": 0, "block": 0, "sample": 9, "ms": 5.859968185424805}
{"event": "sample", "n": 800, "pair": ["upstream_tma", "upstream_pointer"], "label": "B", "round": 0, "block": 1, "sample": 0, "ms": 6.411808013916016}
{"event": "sample", "n": 800, "pair": ["upstream_tma", "upstream_pointer"], "label": "B", "round": 0, "block": 1, "sample": 1, "ms": 6.293727874755859}
{"event": "sample", "n": 800, "pair": ["upstream_tma", "upstream_pointer"], "label": "B", "round": 0, "block": 1, "sample": 2, "ms": 6.294335842132568}
{"event": "sample", "n": 800, "pair": ["upstream_tma", "upstream_pointer"], "label": "B", "round": 0, "block": 1, "sample": 3, "ms": 6.293407917022705}
{"event": "sample", "n": 800, "pair": ["upstream_tma", "upstream_pointer"], "label": "B", "round": 0, "block": 1, "sample": 4, "ms": 6.29091215133667}
{"event": "sample", "n": 800, "pair": ["upstream_tma", "upstream_pointer"], "label": "B", "round": 0, "block": 1, "sample": 5, "ms": 6.292831897735596}
{"event": "sample", "n": 800, "pair": ["upstream_tma", "upstream_pointer"], "label": "B", "round": 0, "block": 1, "sample": 6, "ms": 6.293056011199951}
{"event": "sample", "n": 800, "pair": ["upstream_tma", "upstream_pointer"], "label": "B", "round": 0, "block": 1, "sample": 7, "ms": 6.2927680015563965}
{"event": "sample", "n": 800, "pair": ["upstream_tma", "upstream_pointer"], "label": "B", "round": 0, "block": 1, "sample": 8, "ms": 6.293471813201904}
{"event": "sample", "n": 800, "pair": ["upstream_tma", "upstream_pointer"], "label": "B", "round": 0, "block": 1, "sample": 9, "ms": 6.293856143951416}
{"event": "sample", "n": 800, "pair": ["upstream_tma", "upstream_pointer"], "label": "B", "round": 0, "block": 2, "sample": 0, "ms": 6.393407821655273}
{"event": "sample", "n": 800, "pair": ["upstream_tma", "upstream_pointer"], "label": "B", "round": 0, "block": 2, "sample": 1, "ms": 6.290431976318359}
{"event": "sample", "n": 800, "pair": ["upstream_tma", "upstream_pointer"], "label": "B", "round": 0, "block": 2, "sample": 2, "ms": 6.292575836181641}
{"event": "sample", "n": 800, "pair": ["upstream_tma", "upstream_pointer"], "label": "B", "round": 0, "block": 2, "sample": 3, "ms": 6.292895793914795}
{"event": "sample", "n": 800, "pair": ["upstream_tma", "upstream_pointer"], "label": "B", "round": 0, "block": 2, "sample": 4, "ms": 6.293024063110352}
{"event": "sample", "n": 800, "pair": ["upstream_tma", "upstream_pointer"], "label": "B", "round": 0, "block": 2, "sample": 5, "ms": 6.292031764984131}
{"event": "sample", "n": 800, "pair": ["upstream_tma", "upstream_pointer"], "label": "B", "round": 0, "block": 2, "sample": 6, "ms": 6.292128086090088}
{"event": "sample", "n": 800, "pair": ["upstream_tma", "upstream_pointer"], "label": "B", "round": 0, "block": 2, "sample": 7, "ms": 6.29369592666626}
{"event": "sample", "n": 800, "pair": ["upstream_tma", "upstream_pointer"], "label": "B", "round": 0, "block": 2, "sample": 8, "ms": 6.292255878448486}
{"event": "sample", "n": 800, "pair": ["upstream_tma", "upstream_pointer"], "label": "B", "round": 0, "block": 2, "sample": 9, "ms": 6.292863845825195}
{"event": "sample", "n": 800, "pair": ["upstream_tma", "upstream_pointer"], "label": "A", "round": 0, "block": 3, "sample": 0, "ms": 6.062047958374023}
{"event": "sample", "n": 800, "pair": ["upstream_tma", "upstream_pointer"], "label": "A", "round": 0, "block": 3, "sample": 1, "ms": 5.858399868011475}
{"event": "sample", "n": 800, "pair": ["upstream_tma", "upstream_pointer"], "label": "A", "round": 0, "block": 3, "sample": 2, "ms": 5.8588480949401855}
{"event": "sample", "n": 800, "pair": ["upstream_tma", "upstream_pointer"], "label": "A", "round": 0, "block": 3, "sample": 3, "ms": 5.857728004455566}
{"event": "sample", "n": 800, "pair": ["upstream_tma", "upstream_pointer"], "label": "A", "round": 0, "block": 3, "sample": 4, "ms": 5.856927871704102}
{"event": "sample", "n": 800, "pair": ["upstream_tma", "upstream_pointer"], "label": "A", "round": 0, "block": 3, "sample": 5, "ms": 5.8600640296936035}
{"event": "sample", "n": 800, "pair": ["upstream_tma", "upstream_pointer"], "label": "A", "round": 0, "block": 3, "sample": 6, "ms": 5.856639862060547}
{"event": "sample", "n": 800, "pair": ["upstream_tma", "upstream_pointer"], "label": "A", "round": 0, "block": 3, "sample": 7, "ms": 5.857632160186768}
{"event": "sample", "n": 800, "pair": ["upstream_tma", "upstream_pointer"], "label": "A", "round": 0, "block": 3, "sample": 8, "ms": 5.857632160186768}
{"event": "sample", "n": 800, "pair": ["upstream_tma", "upstream_pointer"], "label": "A", "round": 0, "block": 3, "sample": 9, "ms": 5.859039783477783}
{"event": "sample", "n": 800, "pair": ["upstream_tma", "upstream_pointer"], "label": "A", "round": 1, "block": 0, "sample": 0, "ms": 6.054207801818848}
{"event": "sample", "n": 800, "pair": ["upstream_tma", "upstream_pointer"], "label": "A", "round": 1, "block": 0, "sample": 1, "ms": 5.857408046722412}
{"event": "sample", "n": 800, "pair": ["upstream_tma", "upstream_pointer"], "label": "A", "round": 1, "block": 0, "sample": 2, "ms": 5.856448173522949}
{"event": "sample", "n": 800, "pair": ["upstream_tma", "upstream_pointer"], "label": "A", "round": 1, "block": 0, "sample": 3, "ms": 5.858496189117432}
{"event": "sample", "n": 800, "pair": ["upstream_tma", "upstream_pointer"], "label": "A", "round": 1, "block": 0, "sample": 4, "ms": 5.858911991119385}
{"event": "sample", "n": 800, "pair": ["upstream_tma", "upstream_pointer"], "label": "A", "round": 1, "block": 0, "sample": 5, "ms": 5.858399868011475}
{"event": "sample", "n": 800, "pair": ["upstream_tma", "upstream_pointer"], "label": "A", "round": 1, "block": 0, "sample": 6, "ms": 5.858176231384277}
{"event": "sample", "n": 800, "pair": ["upstream_tma", "upstream_pointer"], "label": "A", "round": 1, "block": 0, "sample": 7, "ms": 5.859551906585693}
{"event": "sample", "n": 800, "pair": ["upstream_tma", "upstream_pointer"], "label": "A", "round": 1, "block": 0, "sample": 8, "ms": 5.85811185836792}
{"event": "sample", "n": 800, "pair": ["upstream_tma", "upstream_pointer"], "label": "A", "round": 1, "block": 0, "sample": 9, "ms": 5.858304023742676}
{"event": "sample", "n": 800, "pair": ["upstream_tma", "upstream_pointer"], "label": "B", "round": 1, "block": 1, "sample": 0, "ms": 6.398047924041748}
{"event": "sample", "n": 800, "pair": ["upstream_tma", "upstream_pointer"], "label": "B", "round": 1, "block": 1, "sample": 1, "ms": 6.294655799865723}
{"event": "sample", "n": 800, "pair": ["upstream_tma", "upstream_pointer"], "label": "B", "round": 1, "block": 1, "sample": 2, "ms": 6.294144153594971}
{"event": "sample", "n": 800, "pair": ["upstream_tma", "upstream_pointer"], "label": "B", "round": 1, "block": 1, "sample": 3, "ms": 6.29260778427124}
{"event": "sample", "n": 800, "pair": ["upstream_tma", "upstream_pointer"], "label": "B", "round": 1, "block": 1, "sample": 4, "ms": 6.3079681396484375}
{"event": "sample", "n": 800, "pair": ["upstream_tma", "upstream_pointer"], "label": "B", "round": 1, "block": 1, "sample": 5, "ms": 6.3084797859191895}
{"event": "sample", "n": 800, "pair": ["upstream_tma", "upstream_pointer"], "label": "B", "round": 1, "block": 1, "sample": 6, "ms": 6.308383941650391}
{"event": "sample", "n": 800, "pair": ["upstream_tma", "upstream_pointer"], "label": "B", "round": 1, "block": 1, "sample": 7, "ms": 6.307648181915283}
{"event": "sample", "n": 800, "pair": ["upstream_tma", "upstream_pointer"], "label": "B", "round": 1, "block": 1, "sample": 8, "ms": 6.305920124053955}
{"event": "sample", "n": 800, "pair": ["upstream_tma", "upstream_pointer"], "label": "B", "round": 1, "block": 1, "sample": 9, "ms": 6.307456016540527}
{"event": "sample", "n": 800, "pair": ["upstream_tma", "upstream_pointer"], "label": "B", "round": 1, "block": 2, "sample": 0, "ms": 6.40118408203125}
{"event": "sample", "n": 800, "pair": ["upstream_tma", "upstream_pointer"], "label": "B", "round": 1, "block": 2, "sample": 1, "ms": 6.304160118103027}
{"event": "sample", "n": 800, "pair": ["upstream_tma", "upstream_pointer"], "label": "B", "round": 1, "block": 2, "sample": 2, "ms": 6.304416179656982}
{"event": "sample", "n": 800, "pair": ["upstream_tma", "upstream_pointer"], "label": "B", "round": 1, "block": 2, "sample": 3, "ms": 6.308000087738037}
{"event": "sample", "n": 800, "pair": ["upstream_tma", "upstream_pointer"], "label": "B", "round": 1, "block": 2, "sample": 4, "ms": 6.306335926055908}
{"event": "sample", "n": 800, "pair": ["upstream_tma", "upstream_pointer"], "label": "B", "round": 1, "block": 2, "sample": 5, "ms": 6.3056960105896}
{"event": "sample", "n": 800, "pair": ["upstream_tma", "upstream_pointer"], "label": "B", "round": 1, "block": 2, "sample": 6, "ms": 6.30460786819458}
{"event": "sample", "n": 800, "pair": ["upstream_tma", "upstream_pointer"], "label": "B", "round": 1, "block": 2, "sample": 7, "ms": 6.305376052856445}
{"event": "sample", "n": 800, "pair": ["upstream_tma", "upstream_pointer"], "label": "B", "round": 1, "block": 2, "sample": 8, "ms": 6.305920124053955}
{"event": "sample", "n": 800, "pair": ["upstream_tma", "upstream_pointer"], "label": "B", "round": 1, "block": 2, "sample": 9, "ms": 6.3012800216674805}
{"event": "sample", "n": 800, "pair": ["upstream_tma", "upstream_pointer"], "label": "A", "round": 1, "block": 3, "sample": 0, "ms": 6.0720319747924805}
{"event": "sample", "n": 800, "pair": ["upstream_tma", "upstream_pointer"], "label": "A", "round": 1, "block": 3, "sample": 1, "ms": 5.855616092681885}
{"event": "sample", "n": 800, "pair": ["upstream_tma", "upstream_pointer"], "label": "A", "round": 1, "block": 3, "sample": 2, "ms": 5.859231948852539}
{"event": "sample", "n": 800, "pair": ["upstream_tma", "upstream_pointer"], "label": "A", "round": 1, "block": 3, "sample": 3, "ms": 5.858240127563477}
{"event": "sample", "n": 800, "pair": ["upstream_tma", "upstream_pointer"], "label": "A", "round": 1, "block": 3, "sample": 4, "ms": 5.85641622543335}
{"event": "sample", "n": 800, "pair": ["upstream_tma", "upstream_pointer"], "label": "A", "round": 1, "block": 3, "sample": 5, "ms": 5.8581438064575195}
{"event": "sample", "n": 800, "pair": ["upstream_tma", "upstream_pointer"], "label": "A", "round": 1, "block": 3, "sample": 6, "ms": 5.85756778717041}
{"event": "sample", "n": 800, "pair": ["upstream_tma", "upstream_pointer"], "label": "A", "round": 1, "block": 3, "sample": 7, "ms": 5.857439994812012}
{"event": "sample", "n": 800, "pair": ["upstream_tma", "upstream_pointer"], "label": "A", "round": 1, "block": 3, "sample": 8, "ms": 5.857312202453613}
{"event": "sample", "n": 800, "pair": ["upstream_tma", "upstream_pointer"], "label": "A", "round": 1, "block": 3, "sample": 9, "ms": 5.858335971832275}
{"event": "sample", "n": 800, "pair": ["upstream_tma", "upstream_pointer"], "label": "A", "round": 2, "block": 0, "sample": 0, "ms": 6.052383899688721}
{"event": "sample", "n": 800, "pair": ["upstream_tma", "upstream_pointer"], "label": "A", "round": 2, "block": 0, "sample": 1, "ms": 5.85481595993042}
{"event": "sample", "n": 800, "pair": ["upstream_tma", "upstream_pointer"], "label": "A", "round": 2, "block": 0, "sample": 2, "ms": 5.856895923614502}
{"event": "sample", "n": 800, "pair": ["upstream_tma", "upstream_pointer"], "label": "A", "round": 2, "block": 0, "sample": 3, "ms": 5.8587517738342285}
{"event": "sample", "n": 800, "pair": ["upstream_tma", "upstream_pointer"], "label": "A", "round": 2, "block": 0, "sample": 4, "ms": 5.858208179473877}
{"event": "sample", "n": 800, "pair": ["upstream_tma", "upstream_pointer"], "label": "A", "round": 2, "block": 0, "sample": 5, "ms": 5.860159873962402}
{"event": "sample", "n": 800, "pair": ["upstream_tma", "upstream_pointer"], "label": "A", "round": 2, "block": 0, "sample": 6, "ms": 5.856480121612549}
{"event": "sample", "n": 800, "pair": ["upstream_tma", "upstream_pointer"], "label": "A", "round": 2, "block": 0, "sample": 7, "ms": 5.858463764190674}
{"event": "sample", "n": 800, "pair": ["upstream_tma", "upstream_pointer"], "label": "A", "round": 2, "block": 0, "sample": 8, "ms": 5.857664108276367}
{"event": "sample", "n": 800, "pair": ["upstream_tma", "upstream_pointer"], "label": "A", "round": 2, "block": 0, "sample": 9, "ms": 5.858911991119385}
{"event": "sample", "n": 800, "pair": ["upstream_tma", "upstream_pointer"], "label": "B", "round": 2, "block": 1, "sample": 0, "ms": 6.382175922393799}
{"event": "sample", "n": 800, "pair": ["upstream_tma", "upstream_pointer"], "label": "B", "round": 2, "block": 1, "sample": 1, "ms": 6.29318380355835}
{"event": "sample", "n": 800, "pair": ["upstream_tma", "upstream_pointer"], "label": "B", "round": 2, "block": 1, "sample": 2, "ms": 6.293248176574707}
{"event": "sample", "n": 800, "pair": ["upstream_tma", "upstream_pointer"], "label": "B", "round": 2, "block": 1, "sample": 3, "ms": 6.291999816894531}
{"event": "sample", "n": 800, "pair": ["upstream_tma", "upstream_pointer"], "label": "B", "round": 2, "block": 1, "sample": 4, "ms": 6.291967868804932}
{"event": "sample", "n": 800, "pair": ["upstream_tma", "upstream_pointer"], "label": "B", "round": 2, "block": 1, "sample": 5, "ms": 6.2939839363098145}
{"event": "sample", "n": 800, "pair": ["upstream_tma", "upstream_pointer"], "label": "B", "round": 2, "block": 1, "sample": 6, "ms": 6.2921600341796875}
{"event": "sample", "n": 800, "pair": ["upstream_tma", "upstream_pointer"], "label": "B", "round": 2, "block": 1, "sample": 7, "ms": 6.291584014892578}
{"event": "sample", "n": 800, "pair": ["upstream_tma", "upstream_pointer"], "label": "B", "round": 2, "block": 1, "sample": 8, "ms": 6.290656089782715}
{"event": "sample", "n": 800, "pair": ["upstream_tma", "upstream_pointer"], "label": "B", "round": 2, "block": 1, "sample": 9, "ms": 6.292928218841553}
{"event": "sample", "n": 800, "pair": ["upstream_tma", "upstream_pointer"], "label": "B", "round": 2, "block": 2, "sample": 0, "ms": 6.35862398147583}
{"event": "sample", "n": 800, "pair": ["upstream_tma", "upstream_pointer"], "label": "B", "round": 2, "block": 2, "sample": 1, "ms": 6.291135787963867}
{"event": "sample", "n": 800, "pair": ["upstream_tma", "upstream_pointer"], "label": "B", "round": 2, "block": 2, "sample": 2, "ms": 6.291967868804932}
{"event": "sample", "n": 800, "pair": ["upstream_tma", "upstream_pointer"], "label": "B", "round": 2, "block": 2, "sample": 3, "ms": 6.292416095733643}
{"event": "sample", "n": 800, "pair": ["upstream_tma", "upstream_pointer"], "label": "B", "round": 2, "block": 2, "sample": 4, "ms": 6.2921600341796875}
{"event": "sample", "n": 800, "pair": ["upstream_tma", "upstream_pointer"], "label": "B", "round": 2, "block": 2, "sample": 5, "ms": 6.292255878448486}
{"event": "sample", "n": 800, "pair": ["upstream_tma", "upstream_pointer"], "label": "B", "round": 2, "block": 2, "sample": 6, "ms": 6.290751934051514}
{"event": "sample", "n": 800, "pair": ["upstream_tma", "upstream_pointer"], "label": "B", "round": 2, "block": 2, "sample": 7, "ms": 6.293024063110352}
{"event": "sample", "n": 800, "pair": ["upstream_tma", "upstream_pointer"], "label": "B", "round": 2, "block": 2, "sample": 8, "ms": 6.2927680015563965}
{"event": "sample", "n": 800, "pair": ["upstream_tma", "upstream_pointer"], "label": "B", "round": 2, "block": 2, "sample": 9, "ms": 6.29260778427124}
{"event": "sample", "n": 800, "pair": ["upstream_tma", "upstream_pointer"], "label": "A", "round": 2, "block": 3, "sample": 0, "ms": 6.0860161781311035}
{"event": "sample", "n": 800, "pair": ["upstream_tma", "upstream_pointer"], "label": "A", "round": 2, "block": 3, "sample": 1, "ms": 5.857632160186768}
{"event": "sample", "n": 800, "pair": ["upstream_tma", "upstream_pointer"], "label": "A", "round": 2, "block": 3, "sample": 2, "ms": 5.85756778717041}
{"event": "sample", "n": 800, "pair": ["upstream_tma", "upstream_pointer"], "label": "A", "round": 2, "block": 3, "sample": 3, "ms": 5.8579840660095215}
{"event": "sample", "n": 800, "pair": ["upstream_tma", "upstream_pointer"], "label": "A", "round": 2, "block": 3, "sample": 4, "ms": 5.857439994812012}
{"event": "sample", "n": 800, "pair": ["upstream_tma", "upstream_pointer"], "label": "A", "round": 2, "block": 3, "sample": 5, "ms": 5.8581438064575195}
{"event": "sample", "n": 800, "pair": ["upstream_tma", "upstream_pointer"], "label": "A", "round": 2, "block": 3, "sample": 6, "ms": 5.858399868011475}
{"event": "sample", "n": 800, "pair": ["upstream_tma", "upstream_pointer"], "label": "A", "round": 2, "block": 3, "sample": 7, "ms": 5.859007835388184}
{"event": "sample", "n": 800, "pair": ["upstream_tma", "upstream_pointer"], "label": "A", "round": 2, "block": 3, "sample": 8, "ms": 5.857215881347656}
{"event": "sample", "n": 800, "pair": ["upstream_tma", "upstream_pointer"], "label": "A", "round": 2, "block": 3, "sample": 9, "ms": 5.859392166137695}
{"event": "summary", "n": 800, "pair": ["upstream_tma", "upstream_pointer"], "median_ms": {"upstream_tma": 5.8581438064575195, "upstream_pointer": 6.293328046798706}, "a_over_b": 0.9308499037226327, "samples_per_label": 60}
{"event": "sample", "n": 800, "pair": ["upstream_tma", "ours_runtime"], "label": "A", "round": 0, "block": 0, "sample": 0, "ms": 6.035711765289307}
{"event": "sample", "n": 800, "pair": ["upstream_tma", "ours_runtime"], "label": "A", "round": 0, "block": 0, "sample": 1, "ms": 5.855616092681885}
{"event": "sample", "n": 800, "pair": ["upstream_tma", "ours_runtime"], "label": "A", "round": 0, "block": 0, "sample": 2, "ms": 5.8581438064575195}
{"event": "sample", "n": 800, "pair": ["upstream_tma", "ours_runtime"], "label": "A", "round": 0, "block": 0, "sample": 3, "ms": 5.858240127563477}
{"event": "sample", "n": 800, "pair": ["upstream_tma", "ours_runtime"], "label": "A", "round": 0, "block": 0, "sample": 4, "ms": 5.858816146850586}
{"event": "sample", "n": 800, "pair": ["upstream_tma", "ours_runtime"], "label": "A", "round": 0, "block": 0, "sample": 5, "ms": 5.8572797775268555}
{"event": "sample", "n": 800, "pair": ["upstream_tma", "ours_runtime"], "label": "A", "round": 0, "block": 0, "sample": 6, "ms": 5.856959819793701}
{"event": "sample", "n": 800, "pair": ["upstream_tma", "ours_runtime"], "label": "A", "round": 0, "block": 0, "sample": 7, "ms": 5.857823848724365}
{"event": "sample", "n": 800, "pair": ["upstream_tma", "ours_runtime"], "label": "A", "round": 0, "block": 0, "sample": 8, "ms": 5.869344234466553}
{"event": "sample", "n": 800, "pair": ["upstream_tma", "ours_runtime"], "label": "A", "round": 0, "block": 0, "sample": 9, "ms": 5.875103950500488}
{"event": "sample", "n": 800, "pair": ["upstream_tma", "ours_runtime"], "label": "B", "round": 0, "block": 1, "sample": 0, "ms": 7.753119945526123}
{"event": "sample", "n": 800, "pair": ["upstream_tma", "ours_runtime"], "label": "B", "round": 0, "block": 1, "sample": 1, "ms": 7.601151943206787}
{"event": "sample", "n": 800, "pair": ["upstream_tma", "ours_runtime"], "label": "B", "round": 0, "block": 1, "sample": 2, "ms": 7.596415996551514}
{"event": "sample", "n": 800, "pair": ["upstream_tma", "ours_runtime"], "label": "B", "round": 0, "block": 1, "sample": 3, "ms": 7.598624229431152}
{"event": "sample", "n": 800, "pair": ["upstream_tma", "ours_runtime"], "label": "B", "round": 0, "block": 1, "sample": 4, "ms": 7.601856231689453}
{"event": "sample", "n": 800, "pair": ["upstream_tma", "ours_runtime"], "label": "B", "round": 0, "block": 1, "sample": 5, "ms": 7.601952075958252}
{"event": "sample", "n": 800, "pair": ["upstream_tma", "ours_runtime"], "label": "B", "round": 0, "block": 1, "sample": 6, "ms": 7.599232196807861}
{"event": "sample", "n": 800, "pair": ["upstream_tma", "ours_runtime"], "label": "B", "round": 0, "block": 1, "sample": 7, "ms": 7.599391937255859}
{"event": "sample", "n": 800, "pair": ["upstream_tma", "ours_runtime"], "label": "B", "round": 0, "block": 1, "sample": 8, "ms": 7.600224018096924}
{"event": "sample", "n": 800, "pair": ["upstream_tma", "ours_runtime"], "label": "B", "round": 0, "block": 1, "sample": 9, "ms": 7.597472190856934}
{"event": "sample", "n": 800, "pair": ["upstream_tma", "ours_runtime"], "label": "B", "round": 0, "block": 2, "sample": 0, "ms": 7.710944175720215}
{"event": "sample", "n": 800, "pair": ["upstream_tma", "ours_runtime"], "label": "B", "round": 0, "block": 2, "sample": 1, "ms": 7.596479892730713}
{"event": "sample", "n": 800, "pair": ["upstream_tma", "ours_runtime"], "label": "B", "round": 0, "block": 2, "sample": 2, "ms": 7.58457612991333}
{"event": "sample", "n": 800, "pair": ["upstream_tma", "ours_runtime"], "label": "B", "round": 0, "block": 2, "sample": 3, "ms": 7.586112022399902}
{"event": "sample", "n": 800, "pair": ["upstream_tma", "ours_runtime"], "label": "B", "round": 0, "block": 2, "sample": 4, "ms": 7.581600189208984}
{"event": "sample", "n": 800, "pair": ["upstream_tma", "ours_runtime"], "label": "B", "round": 0, "block": 2, "sample": 5, "ms": 7.583199977874756}
{"event": "sample", "n": 800, "pair": ["upstream_tma", "ours_runtime"], "label": "B", "round": 0, "block": 2, "sample": 6, "ms": 7.584832191467285}
{"event": "sample", "n": 800, "pair": ["upstream_tma", "ours_runtime"], "label": "B", "round": 0, "block": 2, "sample": 7, "ms": 7.584512233734131}
{"event": "sample", "n": 800, "pair": ["upstream_tma", "ours_runtime"], "label": "B", "round": 0, "block": 2, "sample": 8, "ms": 7.58403205871582}
{"event": "sample", "n": 800, "pair": ["upstream_tma", "ours_runtime"], "label": "B", "round": 0, "block": 2, "sample": 9, "ms": 7.585760116577148}
{"event": "sample", "n": 800, "pair": ["upstream_tma", "ours_runtime"], "label": "A", "round": 0, "block": 3, "sample": 0, "ms": 6.066431999206543}
{"event": "sample", "n": 800, "pair": ["upstream_tma", "ours_runtime"], "label": "A", "round": 0, "block": 3, "sample": 1, "ms": 5.858335971832275}
{"event": "sample", "n": 800, "pair": ["upstream_tma", "ours_runtime"], "label": "A", "round": 0, "block": 3, "sample": 2, "ms": 5.859263896942139}
{"event": "sample", "n": 800, "pair": ["upstream_tma", "ours_runtime"], "label": "A", "round": 0, "block": 3, "sample": 3, "ms": 5.857759952545166}
{"event": "sample", "n": 800, "pair": ["upstream_tma", "ours_runtime"], "label": "A", "round": 0, "block": 3, "sample": 4, "ms": 5.857151985168457}
{"event": "sample", "n": 800, "pair": ["upstream_tma", "ours_runtime"], "label": "A", "round": 0, "block": 3, "sample": 5, "ms": 5.859039783477783}
{"event": "sample", "n": 800, "pair": ["upstream_tma", "ours_runtime"], "label": "A", "round": 0, "block": 3, "sample": 6, "ms": 5.859007835388184}
{"event": "sample", "n": 800, "pair": ["upstream_tma", "ours_runtime"], "label": "A", "round": 0, "block": 3, "sample": 7, "ms": 5.8566718101501465}
{"event": "sample", "n": 800, "pair": ["upstream_tma", "ours_runtime"], "label": "A", "round": 0, "block": 3, "sample": 8, "ms": 5.856128215789795}
{"event": "sample", "n": 800, "pair": ["upstream_tma", "ours_runtime"], "label": "A", "round": 0, "block": 3, "sample": 9, "ms": 5.858687877655029}
{"event": "sample", "n": 800, "pair": ["upstream_tma", "ours_runtime"], "label": "A", "round": 1, "block": 0, "sample": 0, "ms": 6.036831855773926}
{"event": "sample", "n": 800, "pair": ["upstream_tma", "ours_runtime"], "label": "A", "round": 1, "block": 0, "sample": 1, "ms": 5.8561601638793945}
{"event": "sample", "n": 800, "pair": ["upstream_tma", "ours_runtime"], "label": "A", "round": 1, "block": 0, "sample": 2, "ms": 5.857312202453613}
{"event": "sample", "n": 800, "pair": ["upstream_tma", "ours_runtime"], "label": "A", "round": 1, "block": 0, "sample": 3, "ms": 5.85916805267334}
{"event": "sample", "n": 800, "pair": ["upstream_tma", "ours_runtime"], "label": "A", "round": 1, "block": 0, "sample": 4, "ms": 5.8575358390808105}
{"event": "sample", "n": 800, "pair": ["upstream_tma", "ours_runtime"], "label": "A", "round": 1, "block": 0, "sample": 5, "ms": 5.857503890991211}
{"event": "sample", "n": 800, "pair": ["upstream_tma", "ours_runtime"], "label": "A", "round": 1, "block": 0, "sample": 6, "ms": 5.8566718101501465}
{"event": "sample", "n": 800, "pair": ["upstream_tma", "ours_runtime"], "label": "A", "round": 1, "block": 0, "sample": 7, "ms": 5.858016014099121}
{"event": "sample", "n": 800, "pair": ["upstream_tma", "ours_runtime"], "label": "A", "round": 1, "block": 0, "sample": 8, "ms": 5.860032081604004}
{"event": "sample", "n": 800, "pair": ["upstream_tma", "ours_runtime"], "label": "A", "round": 1, "block": 0, "sample": 9, "ms": 5.858304023742676}
{"event": "sample", "n": 800, "pair": ["upstream_tma", "ours_runtime"], "label": "B", "round": 1, "block": 1, "sample": 0, "ms": 7.738016128540039}
{"event": "sample", "n": 800, "pair": ["upstream_tma", "ours_runtime"], "label": "B", "round": 1, "block": 1, "sample": 1, "ms": 7.587423801422119}
{"event": "sample", "n": 800, "pair": ["upstream_tma", "ours_runtime"], "label": "B", "round": 1, "block": 1, "sample": 2, "ms": 7.5853118896484375}
{"event": "sample", "n": 800, "pair": ["upstream_tma", "ours_runtime"], "label": "B", "round": 1, "block": 1, "sample": 3, "ms": 7.58460807800293}
{"event": "sample", "n": 800, "pair": ["upstream_tma", "ours_runtime"], "label": "B", "round": 1, "block": 1, "sample": 4, "ms": 7.5847039222717285}
{"event": "sample", "n": 800, "pair": ["upstream_tma", "ours_runtime"], "label": "B", "round": 1, "block": 1, "sample": 5, "ms": 7.586592197418213}
{"event": "sample", "n": 800, "pair": ["upstream_tma", "ours_runtime"], "label": "B", "round": 1, "block": 1, "sample": 6, "ms": 7.586368083953857}
{"event": "sample", "n": 800, "pair": ["upstream_tma", "ours_runtime"], "label": "B", "round": 1, "block": 1, "sample": 7, "ms": 7.584383964538574}
{"event": "sample", "n": 800, "pair": ["upstream_tma", "ours_runtime"], "label": "B", "round": 1, "block": 1, "sample": 8, "ms": 7.585824012756348}
{"event": "sample", "n": 800, "pair": ["upstream_tma", "ours_runtime"], "label": "B", "round": 1, "block": 1, "sample": 9, "ms": 7.586431980133057}
{"event": "sample", "n": 800, "pair": ["upstream_tma", "ours_runtime"], "label": "B", "round": 1, "block": 2, "sample": 0, "ms": 7.719840049743652}
{"event": "sample", "n": 800, "pair": ["upstream_tma", "ours_runtime"], "label": "B", "round": 1, "block": 2, "sample": 1, "ms": 7.584832191467285}
{"event": "sample", "n": 800, "pair": ["upstream_tma", "ours_runtime"], "label": "B", "round": 1, "block": 2, "sample": 2, "ms": 7.580704212188721}
{"event": "sample", "n": 800, "pair": ["upstream_tma", "ours_runtime"], "label": "B", "round": 1, "block": 2, "sample": 3, "ms": 7.587488174438477}
{"event": "sample", "n": 800, "pair": ["upstream_tma", "ours_runtime"], "label": "B", "round": 1, "block": 2, "sample": 4, "ms": 7.58351993560791}
{"event": "sample", "n": 800, "pair": ["upstream_tma", "ours_runtime"], "label": "B", "round": 1, "block": 2, "sample": 5, "ms": 7.581088066101074}
{"event": "sample", "n": 800, "pair": ["upstream_tma", "ours_runtime"], "label": "B", "round": 1, "block": 2, "sample": 6, "ms": 7.58457612991333}
{"event": "sample", "n": 800, "pair": ["upstream_tma", "ours_runtime"], "label": "B", "round": 1, "block": 2, "sample": 7, "ms": 7.5866241455078125}
{"event": "sample", "n": 800, "pair": ["upstream_tma", "ours_runtime"], "label": "B", "round": 1, "block": 2, "sample": 8, "ms": 7.58076810836792}
{"event": "sample", "n": 800, "pair": ["upstream_tma", "ours_runtime"], "label": "B", "round": 1, "block": 2, "sample": 9, "ms": 7.584735870361328}
{"event": "sample", "n": 800, "pair": ["upstream_tma", "ours_runtime"], "label": "A", "round": 1, "block": 3, "sample": 0, "ms": 6.06220817565918}
{"event": "sample", "n": 800, "pair": ["upstream_tma", "ours_runtime"], "label": "A", "round": 1, "block": 3, "sample": 1, "ms": 5.85807991027832}
{"event": "sample", "n": 800, "pair": ["upstream_tma", "ours_runtime"], "label": "A", "round": 1, "block": 3, "sample": 2, "ms": 5.858047962188721}
{"event": "sample", "n": 800, "pair": ["upstream_tma", "ours_runtime"], "label": "A", "round": 1, "block": 3, "sample": 3, "ms": 5.85811185836792}
{"event": "sample", "n": 800, "pair": ["upstream_tma", "ours_runtime"], "label": "A", "round": 1, "block": 3, "sample": 4, "ms": 5.857312202453613}
{"event": "sample", "n": 800, "pair": ["upstream_tma", "ours_runtime"], "label": "A", "round": 1, "block": 3, "sample": 5, "ms": 5.859583854675293}
{"event": "sample", "n": 800, "pair": ["upstream_tma", "ours_runtime"], "label": "A", "round": 1, "block": 3, "sample": 6, "ms": 5.8587517738342285}
{"event": "sample", "n": 800, "pair": ["upstream_tma", "ours_runtime"], "label": "A", "round": 1, "block": 3, "sample": 7, "ms": 5.856895923614502}
{"event": "sample", "n": 800, "pair": ["upstream_tma", "ours_runtime"], "label": "A", "round": 1, "block": 3, "sample": 8, "ms": 5.856800079345703}
{"event": "sample", "n": 800, "pair": ["upstream_tma", "ours_runtime"], "label": "A", "round": 1, "block": 3, "sample": 9, "ms": 5.858431816101074}
{"event": "sample", "n": 800, "pair": ["upstream_tma", "ours_runtime"], "label": "A", "round": 2, "block": 0, "sample": 0, "ms": 6.030816078186035}
{"event": "sample", "n": 800, "pair": ["upstream_tma", "ours_runtime"], "label": "A", "round": 2, "block": 0, "sample": 1, "ms": 5.871520042419434}
{"event": "sample", "n": 800, "pair": ["upstream_tma", "ours_runtime"], "label": "A", "round": 2, "block": 0, "sample": 2, "ms": 5.873504161834717}
{"event": "sample", "n": 800, "pair": ["upstream_tma", "ours_runtime"], "label": "A", "round": 2, "block": 0, "sample": 3, "ms": 5.8745598793029785}
{"event": "sample", "n": 800, "pair": ["upstream_tma", "ours_runtime"], "label": "A", "round": 2, "block": 0, "sample": 4, "ms": 5.871551990509033}
{"event": "sample", "n": 800, "pair": ["upstream_tma", "ours_runtime"], "label": "A", "round": 2, "block": 0, "sample": 5, "ms": 5.871935844421387}
{"event": "sample", "n": 800, "pair": ["upstream_tma", "ours_runtime"], "label": "A", "round": 2, "block": 0, "sample": 6, "ms": 5.870975971221924}
{"event": "sample", "n": 800, "pair": ["upstream_tma", "ours_runtime"], "label": "A", "round": 2, "block": 0, "sample": 7, "ms": 5.87286376953125}
{"event": "sample", "n": 800, "pair": ["upstream_tma", "ours_runtime"], "label": "A", "round": 2, "block": 0, "sample": 8, "ms": 5.869631767272949}
{"event": "sample", "n": 800, "pair": ["upstream_tma", "ours_runtime"], "label": "A", "round": 2, "block": 0, "sample": 9, "ms": 5.871744155883789}
{"event": "sample", "n": 800, "pair": ["upstream_tma", "ours_runtime"], "label": "B", "round": 2, "block": 1, "sample": 0, "ms": 7.744639873504639}
{"event": "sample", "n": 800, "pair": ["upstream_tma", "ours_runtime"], "label": "B", "round": 2, "block": 1, "sample": 1, "ms": 7.597504138946533}
{"event": "sample", "n": 800, "pair": ["upstream_tma", "ours_runtime"], "label": "B", "round": 2, "block": 1, "sample": 2, "ms": 7.599967956542969}
{"event": "sample", "n": 800, "pair": ["upstream_tma", "ours_runtime"], "label": "B", "round": 2, "block": 1, "sample": 3, "ms": 7.598879814147949}
{"event": "sample", "n": 800, "pair": ["upstream_tma", "ours_runtime"], "label": "B", "round": 2, "block": 1, "sample": 4, "ms": 7.598464012145996}
{"event": "sample", "n": 800, "pair": ["upstream_tma", "ours_runtime"], "label": "B", "round": 2, "block": 1, "sample": 5, "ms": 7.596255779266357}
{"event": "sample", "n": 800, "pair": ["upstream_tma", "ours_runtime"], "label": "B", "round": 2, "block": 1, "sample": 6, "ms": 7.5840959548950195}
{"event": "sample", "n": 800, "pair": ["upstream_tma", "ours_runtime"], "label": "B", "round": 2, "block": 1, "sample": 7, "ms": 7.585343837738037}
{"event": "sample", "n": 800, "pair": ["upstream_tma", "ours_runtime"], "label": "B", "round": 2, "block": 1, "sample": 8, "ms": 7.580575942993164}
{"event": "sample", "n": 800, "pair": ["upstream_tma", "ours_runtime"], "label": "B", "round": 2, "block": 1, "sample": 9, "ms": 7.586304187774658}
{"event": "sample", "n": 800, "pair": ["upstream_tma", "ours_runtime"], "label": "B", "round": 2, "block": 2, "sample": 0, "ms": 7.726463794708252}
{"event": "sample", "n": 800, "pair": ["upstream_tma", "ours_runtime"], "label": "B", "round": 2, "block": 2, "sample": 1, "ms": 7.586495876312256}
{"event": "sample", "n": 800, "pair": ["upstream_tma", "ours_runtime"], "label": "B", "round": 2, "block": 2, "sample": 2, "ms": 7.5866241455078125}
{"event": "sample", "n": 800, "pair": ["upstream_tma", "ours_runtime"], "label": "B", "round": 2, "block": 2, "sample": 3, "ms": 7.585472106933594}
{"event": "sample", "n": 800, "pair": ["upstream_tma", "ours_runtime"], "label": "B", "round": 2, "block": 2, "sample": 4, "ms": 7.58128023147583}
{"event": "sample", "n": 800, "pair": ["upstream_tma", "ours_runtime"], "label": "B", "round": 2, "block": 2, "sample": 5, "ms": 7.58406400680542}
{"event": "sample", "n": 800, "pair": ["upstream_tma", "ours_runtime"], "label": "B", "round": 2, "block": 2, "sample": 6, "ms": 7.585792064666748}
{"event": "sample", "n": 800, "pair": ["upstream_tma", "ours_runtime"], "label": "B", "round": 2, "block": 2, "sample": 7, "ms": 7.583968162536621}
{"event": "sample", "n": 800, "pair": ["upstream_tma", "ours_runtime"], "label": "B", "round": 2, "block": 2, "sample": 8, "ms": 7.583744049072266}
{"event": "sample", "n": 800, "pair": ["upstream_tma", "ours_runtime"], "label": "B", "round": 2, "block": 2, "sample": 9, "ms": 7.586239814758301}
{"event": "sample", "n": 800, "pair": ["upstream_tma", "ours_runtime"], "label": "A", "round": 2, "block": 3, "sample": 0, "ms": 6.081823825836182}
{"event": "sample", "n": 800, "pair": ["upstream_tma", "ours_runtime"], "label": "A", "round": 2, "block": 3, "sample": 1, "ms": 5.858016014099121}
{"event": "sample", "n": 800, "pair": ["upstream_tma", "ours_runtime"], "label": "A", "round": 2, "block": 3, "sample": 2, "ms": 5.857183933258057}
{"event": "sample", "n": 800, "pair": ["upstream_tma", "ours_runtime"], "label": "A", "round": 2, "block": 3, "sample": 3, "ms": 5.856800079345703}
{"event": "sample", "n": 800, "pair": ["upstream_tma", "ours_runtime"], "label": "A", "round": 2, "block": 3, "sample": 4, "ms": 5.857759952545166}
{"event": "sample", "n": 800, "pair": ["upstream_tma", "ours_runtime"], "label": "A", "round": 2, "block": 3, "sample": 5, "ms": 5.8572797775268555}
{"event": "sample", "n": 800, "pair": ["upstream_tma", "ours_runtime"], "label": "A", "round": 2, "block": 3, "sample": 6, "ms": 5.857823848724365}
{"event": "sample", "n": 800, "pair": ["upstream_tma", "ours_runtime"], "label": "A", "round": 2, "block": 3, "sample": 7, "ms": 5.856575965881348}
{"event": "sample", "n": 800, "pair": ["upstream_tma", "ours_runtime"], "label": "A", "round": 2, "block": 3, "sample": 8, "ms": 5.856319904327393}
{"event": "sample", "n": 800, "pair": ["upstream_tma", "ours_runtime"], "label": "A", "round": 2, "block": 3, "sample": 9, "ms": 5.859039783477783}
{"event": "summary", "n": 800, "pair": ["upstream_tma", "ours_runtime"], "median_ms": {"upstream_tma": 5.858272075653076, "ours_runtime": 7.5862720012664795}, "a_over_b": 0.7722201464270033, "samples_per_label": 60}
{"event": "sample", "n": 800, "pair": ["ours_runtime", "ours_exact_matched"], "label": "A", "round": 0, "block": 0, "sample": 0, "ms": 7.697343826293945}
{"event": "sample", "n": 800, "pair": ["ours_runtime", "ours_exact_matched"], "label": "A", "round": 0, "block": 0, "sample": 1, "ms": 7.596479892730713}
{"event": "sample", "n": 800, "pair": ["ours_runtime", "ours_exact_matched"], "label": "A", "round": 0, "block": 0, "sample": 2, "ms": 7.599487781524658}
{"event": "sample", "n": 800, "pair": ["ours_runtime", "ours_exact_matched"], "label": "A", "round": 0, "block": 0, "sample": 3, "ms": 7.599455833435059}
{"event": "sample", "n": 800, "pair": ["ours_runtime", "ours_exact_matched"], "label": "A", "round": 0, "block": 0, "sample": 4, "ms": 7.600224018096924}
{"event": "sample", "n": 800, "pair": ["ours_runtime", "ours_exact_matched"], "label": "A", "round": 0, "block": 0, "sample": 5, "ms": 7.600671768188477}
{"event": "sample", "n": 800, "pair": ["ours_runtime", "ours_exact_matched"], "label": "A", "round": 0, "block": 0, "sample": 6, "ms": 7.596223831176758}
{"event": "sample", "n": 800, "pair": ["ours_runtime", "ours_exact_matched"], "label": "A", "round": 0, "block": 0, "sample": 7, "ms": 7.599167823791504}
{"event": "sample", "n": 800, "pair": ["ours_runtime", "ours_exact_matched"], "label": "A", "round": 0, "block": 0, "sample": 8, "ms": 7.600671768188477}
{"event": "sample", "n": 800, "pair": ["ours_runtime", "ours_exact_matched"], "label": "A", "round": 0, "block": 0, "sample": 9, "ms": 7.599775791168213}
{"event": "sample", "n": 800, "pair": ["ours_runtime", "ours_exact_matched"], "label": "B", "round": 0, "block": 1, "sample": 0, "ms": 7.29699182510376}
{"event": "sample", "n": 800, "pair": ["ours_runtime", "ours_exact_matched"], "label": "B", "round": 0, "block": 1, "sample": 1, "ms": 7.144192218780518}
{"event": "sample", "n": 800, "pair": ["ours_runtime", "ours_exact_matched"], "label": "B", "round": 0, "block": 1, "sample": 2, "ms": 7.142367839813232}
{"event": "sample", "n": 800, "pair": ["ours_runtime", "ours_exact_matched"], "label": "B", "round": 0, "block": 1, "sample": 3, "ms": 7.145664215087891}
{"event": "sample", "n": 800, "pair": ["ours_runtime", "ours_exact_matched"], "label": "B", "round": 0, "block": 1, "sample": 4, "ms": 7.140960216522217}
{"event": "sample", "n": 800, "pair": ["ours_runtime", "ours_exact_matched"], "label": "B", "round": 0, "block": 1, "sample": 5, "ms": 7.141536235809326}
{"event": "sample", "n": 800, "pair": ["ours_runtime", "ours_exact_matched"], "label": "B", "round": 0, "block": 1, "sample": 6, "ms": 7.145855903625488}
{"event": "sample", "n": 800, "pair": ["ours_runtime", "ours_exact_matched"], "label": "B", "round": 0, "block": 1, "sample": 7, "ms": 7.144512176513672}
{"event": "sample", "n": 800, "pair": ["ours_runtime", "ours_exact_matched"], "label": "B", "round": 0, "block": 1, "sample": 8, "ms": 7.138783931732178}
{"event": "sample", "n": 800, "pair": ["ours_runtime", "ours_exact_matched"], "label": "B", "round": 0, "block": 1, "sample": 9, "ms": 7.143167972564697}
{"event": "sample", "n": 800, "pair": ["ours_runtime", "ours_exact_matched"], "label": "B", "round": 0, "block": 2, "sample": 0, "ms": 7.463103771209717}
{"event": "sample", "n": 800, "pair": ["ours_runtime", "ours_exact_matched"], "label": "B", "round": 0, "block": 2, "sample": 1, "ms": 7.144768238067627}
{"event": "sample", "n": 800, "pair": ["ours_runtime", "ours_exact_matched"], "label": "B", "round": 0, "block": 2, "sample": 2, "ms": 7.142176151275635}
{"event": "sample", "n": 800, "pair": ["ours_runtime", "ours_exact_matched"], "label": "B", "round": 0, "block": 2, "sample": 3, "ms": 7.142655849456787}
{"event": "sample", "n": 800, "pair": ["ours_runtime", "ours_exact_matched"], "label": "B", "round": 0, "block": 2, "sample": 4, "ms": 7.146143913269043}
{"event": "sample", "n": 800, "pair": ["ours_runtime", "ours_exact_matched"], "label": "B", "round": 0, "block": 2, "sample": 5, "ms": 7.1599040031433105}
{"event": "sample", "n": 800, "pair": ["ours_runtime", "ours_exact_matched"], "label": "B", "round": 0, "block": 2, "sample": 6, "ms": 7.156991958618164}
{"event": "sample", "n": 800, "pair": ["ours_runtime", "ours_exact_matched"], "label": "B", "round": 0, "block": 2, "sample": 7, "ms": 7.154143810272217}
{"event": "sample", "n": 800, "pair": ["ours_runtime", "ours_exact_matched"], "label": "B", "round": 0, "block": 2, "sample": 8, "ms": 7.157311916351318}
{"event": "sample", "n": 800, "pair": ["ours_runtime", "ours_exact_matched"], "label": "B", "round": 0, "block": 2, "sample": 9, "ms": 7.158592224121094}
{"event": "sample", "n": 800, "pair": ["ours_runtime", "ours_exact_matched"], "label": "A", "round": 0, "block": 3, "sample": 0, "ms": 7.717472076416016}
{"event": "sample", "n": 800, "pair": ["ours_runtime", "ours_exact_matched"], "label": "A", "round": 0, "block": 3, "sample": 1, "ms": 7.594655990600586}
{"event": "sample", "n": 800, "pair": ["ours_runtime", "ours_exact_matched"], "label": "A", "round": 0, "block": 3, "sample": 2, "ms": 7.598239898681641}
{"event": "sample", "n": 800, "pair": ["ours_runtime", "ours_exact_matched"], "label": "A", "round": 0, "block": 3, "sample": 3, "ms": 7.599679946899414}
{"event": "sample", "n": 800, "pair": ["ours_runtime", "ours_exact_matched"], "label": "A", "round": 0, "block": 3, "sample": 4, "ms": 7.596928119659424}
{"event": "sample", "n": 800, "pair": ["ours_runtime", "ours_exact_matched"], "label": "A", "round": 0, "block": 3, "sample": 5, "ms": 7.5965118408203125}
{"event": "sample", "n": 800, "pair": ["ours_runtime", "ours_exact_matched"], "label": "A", "round": 0, "block": 3, "sample": 6, "ms": 7.597504138946533}
{"event": "sample", "n": 800, "pair": ["ours_runtime", "ours_exact_matched"], "label": "A", "round": 0, "block": 3, "sample": 7, "ms": 7.5978240966796875}
{"event": "sample", "n": 800, "pair": ["ours_runtime", "ours_exact_matched"], "label": "A", "round": 0, "block": 3, "sample": 8, "ms": 7.584767818450928}
{"event": "sample", "n": 800, "pair": ["ours_runtime", "ours_exact_matched"], "label": "A", "round": 0, "block": 3, "sample": 9, "ms": 7.585472106933594}
{"event": "sample", "n": 800, "pair": ["ours_runtime", "ours_exact_matched"], "label": "A", "round": 1, "block": 0, "sample": 0, "ms": 7.717696189880371}
{"event": "sample", "n": 800, "pair": ["ours_runtime", "ours_exact_matched"], "label": "A", "round": 1, "block": 0, "sample": 1, "ms": 7.582496166229248}
{"event": "sample", "n": 800, "pair": ["ours_runtime", "ours_exact_matched"], "label": "A", "round": 1, "block": 0, "sample": 2, "ms": 7.585951805114746}
{"event": "sample", "n": 800, "pair": ["ours_runtime", "ours_exact_matched"], "label": "A", "round": 1, "block": 0, "sample": 3, "ms": 7.583295822143555}
{"event": "sample", "n": 800, "pair": ["ours_runtime", "ours_exact_matched"], "label": "A", "round": 1, "block": 0, "sample": 4, "ms": 7.588287830352783}
{"event": "sample", "n": 800, "pair": ["ours_runtime", "ours_exact_matched"], "label": "A", "round": 1, "block": 0, "sample": 5, "ms": 7.584479808807373}
{"event": "sample", "n": 800, "pair": ["ours_runtime", "ours_exact_matched"], "label": "A", "round": 1, "block": 0, "sample": 6, "ms": 7.58457612991333}
{"event": "sample", "n": 800, "pair": ["ours_runtime", "ours_exact_matched"], "label": "A", "round": 1, "block": 0, "sample": 7, "ms": 7.585855960845947}
{"event": "sample", "n": 800, "pair": ["ours_runtime", "ours_exact_matched"], "label": "A", "round": 1, "block": 0, "sample": 8, "ms": 7.585055828094482}
{"event": "sample", "n": 800, "pair": ["ours_runtime", "ours_exact_matched"], "label": "A", "round": 1, "block": 0, "sample": 9, "ms": 7.585440158843994}
{"event": "sample", "n": 800, "pair": ["ours_runtime", "ours_exact_matched"], "label": "B", "round": 1, "block": 1, "sample": 0, "ms": 7.249728202819824}
{"event": "sample", "n": 800, "pair": ["ours_runtime", "ours_exact_matched"], "label": "B", "round": 1, "block": 1, "sample": 1, "ms": 7.144512176513672}
{"event": "sample", "n": 800, "pair": ["ours_runtime", "ours_exact_matched"], "label": "B", "round": 1, "block": 1, "sample": 2, "ms": 7.142752170562744}
{"event": "sample", "n": 800, "pair": ["ours_runtime", "ours_exact_matched"], "label": "B", "round": 1, "block": 1, "sample": 3, "ms": 7.14518404006958}
{"event": "sample", "n": 800, "pair": ["ours_runtime", "ours_exact_matched"], "label": "B", "round": 1, "block": 1, "sample": 4, "ms": 7.143167972564697}
{"event": "sample", "n": 800, "pair": ["ours_runtime", "ours_exact_matched"], "label": "B", "round": 1, "block": 1, "sample": 5, "ms": 7.1451520919799805}
{"event": "sample", "n": 800, "pair": ["ours_runtime", "ours_exact_matched"], "label": "B", "round": 1, "block": 1, "sample": 6, "ms": 7.143519878387451}
{"event": "sample", "n": 800, "pair": ["ours_runtime", "ours_exact_matched"], "label": "B", "round": 1, "block": 1, "sample": 7, "ms": 7.145120143890381}
{"event": "sample", "n": 800, "pair": ["ours_runtime", "ours_exact_matched"], "label": "B", "round": 1, "block": 1, "sample": 8, "ms": 7.14412784576416}
{"event": "sample", "n": 800, "pair": ["ours_runtime", "ours_exact_matched"], "label": "B", "round": 1, "block": 1, "sample": 9, "ms": 7.143487930297852}
{"event": "sample", "n": 800, "pair": ["ours_runtime", "ours_exact_matched"], "label": "B", "round": 1, "block": 2, "sample": 0, "ms": 7.239583969116211}
{"event": "sample", "n": 800, "pair": ["ours_runtime", "ours_exact_matched"], "label": "B", "round": 1, "block": 2, "sample": 1, "ms": 7.14412784576416}
{"event": "sample", "n": 800, "pair": ["ours_runtime", "ours_exact_matched"], "label": "B", "round": 1, "block": 2, "sample": 2, "ms": 7.143424034118652}
{"event": "sample", "n": 800, "pair": ["ours_runtime", "ours_exact_matched"], "label": "B", "round": 1, "block": 2, "sample": 3, "ms": 7.1453118324279785}
{"event": "sample", "n": 800, "pair": ["ours_runtime", "ours_exact_matched"], "label": "B", "round": 1, "block": 2, "sample": 4, "ms": 7.144832134246826}
{"event": "sample", "n": 800, "pair": ["ours_runtime", "ours_exact_matched"], "label": "B", "round": 1, "block": 2, "sample": 5, "ms": 7.147488117218018}
{"event": "sample", "n": 800, "pair": ["ours_runtime", "ours_exact_matched"], "label": "B", "round": 1, "block": 2, "sample": 6, "ms": 7.143551826477051}
{"event": "sample", "n": 800, "pair": ["ours_runtime", "ours_exact_matched"], "label": "B", "round": 1, "block": 2, "sample": 7, "ms": 7.141439914703369}
{"event": "sample", "n": 800, "pair": ["ours_runtime", "ours_exact_matched"], "label": "B", "round": 1, "block": 2, "sample": 8, "ms": 7.142591953277588}
{"event": "sample", "n": 800, "pair": ["ours_runtime", "ours_exact_matched"], "label": "B", "round": 1, "block": 2, "sample": 9, "ms": 7.14192008972168}
{"event": "sample", "n": 800, "pair": ["ours_runtime", "ours_exact_matched"], "label": "A", "round": 1, "block": 3, "sample": 0, "ms": 7.71999979019165}
{"event": "sample", "n": 800, "pair": ["ours_runtime", "ours_exact_matched"], "label": "A", "round": 1, "block": 3, "sample": 1, "ms": 7.584864139556885}
{"event": "sample", "n": 800, "pair": ["ours_runtime", "ours_exact_matched"], "label": "A", "round": 1, "block": 3, "sample": 2, "ms": 7.582047939300537}
{"event": "sample", "n": 800, "pair": ["ours_runtime", "ours_exact_matched"], "label": "A", "round": 1, "block": 3, "sample": 3, "ms": 7.583263874053955}
{"event": "sample", "n": 800, "pair": ["ours_runtime", "ours_exact_matched"], "label": "A", "round": 1, "block": 3, "sample": 4, "ms": 7.581120014190674}
{"event": "sample", "n": 800, "pair": ["ours_runtime", "ours_exact_matched"], "label": "A", "round": 1, "block": 3, "sample": 5, "ms": 7.584191799163818}
{"event": "sample", "n": 800, "pair": ["ours_runtime", "ours_exact_matched"], "label": "A", "round": 1, "block": 3, "sample": 6, "ms": 7.585184097290039}
{"event": "sample", "n": 800, "pair": ["ours_runtime", "ours_exact_matched"], "label": "A", "round": 1, "block": 3, "sample": 7, "ms": 7.5847039222717285}
{"event": "sample", "n": 800, "pair": ["ours_runtime", "ours_exact_matched"], "label": "A", "round": 1, "block": 3, "sample": 8, "ms": 7.582367897033691}
{"event": "sample", "n": 800, "pair": ["ours_runtime", "ours_exact_matched"], "label": "A", "round": 1, "block": 3, "sample": 9, "ms": 7.582464218139648}
{"event": "sample", "n": 800, "pair": ["ours_runtime", "ours_exact_matched"], "label": "A", "round": 2, "block": 0, "sample": 0, "ms": 7.703616142272949}
{"event": "sample", "n": 800, "pair": ["ours_runtime", "ours_exact_matched"], "label": "A", "round": 2, "block": 0, "sample": 1, "ms": 7.582655906677246}
{"event": "sample", "n": 800, "pair": ["ours_runtime", "ours_exact_matched"], "label": "A", "round": 2, "block": 0, "sample": 2, "ms": 7.584159851074219}
{"event": "sample", "n": 800, "pair": ["ours_runtime", "ours_exact_matched"], "label": "A", "round": 2, "block": 0, "sample": 3, "ms": 7.582687854766846}
{"event": "sample", "n": 800, "pair": ["ours_runtime", "ours_exact_matched"], "label": "A", "round": 2, "block": 0, "sample": 4, "ms": 7.584864139556885}
{"event": "sample", "n": 800, "pair": ["ours_runtime", "ours_exact_matched"], "label": "A", "round": 2, "block": 0, "sample": 5, "ms": 7.587935924530029}
{"event": "sample", "n": 800, "pair": ["ours_runtime", "ours_exact_matched"], "label": "A", "round": 2, "block": 0, "sample": 6, "ms": 7.585055828094482}
{"event": "sample", "n": 800, "pair": ["ours_runtime", "ours_exact_matched"], "label": "A", "round": 2, "block": 0, "sample": 7, "ms": 7.5839362144470215}
{"event": "sample", "n": 800, "pair": ["ours_runtime", "ours_exact_matched"], "label": "A", "round": 2, "block": 0, "sample": 8, "ms": 7.58735990524292}
{"event": "sample", "n": 800, "pair": ["ours_runtime", "ours_exact_matched"], "label": "A", "round": 2, "block": 0, "sample": 9, "ms": 7.586080074310303}
{"event": "sample", "n": 800, "pair": ["ours_runtime", "ours_exact_matched"], "label": "B", "round": 2, "block": 1, "sample": 0, "ms": 7.327455997467041}
{"event": "sample", "n": 800, "pair": ["ours_runtime", "ours_exact_matched"], "label": "B", "round": 2, "block": 1, "sample": 1, "ms": 7.143008232116699}
{"event": "sample", "n": 800, "pair": ["ours_runtime", "ours_exact_matched"], "label": "B", "round": 2, "block": 1, "sample": 2, "ms": 7.1445441246032715}
{"event": "sample", "n": 800, "pair": ["ours_runtime", "ours_exact_matched"], "label": "B", "round": 2, "block": 1, "sample": 3, "ms": 7.142399787902832}
{"event": "sample", "n": 800, "pair": ["ours_runtime", "ours_exact_matched"], "label": "B", "round": 2, "block": 1, "sample": 4, "ms": 7.142303943634033}
{"event": "sample", "n": 800, "pair": ["ours_runtime", "ours_exact_matched"], "label": "B", "round": 2, "block": 1, "sample": 5, "ms": 7.140255928039551}
{"event": "sample", "n": 800, "pair": ["ours_runtime", "ours_exact_matched"], "label": "B", "round": 2, "block": 1, "sample": 6, "ms": 7.140511989593506}
{"event": "sample", "n": 800, "pair": ["ours_runtime", "ours_exact_matched"], "label": "B", "round": 2, "block": 1, "sample": 7, "ms": 7.144192218780518}
{"event": "sample", "n": 800, "pair": ["ours_runtime", "ours_exact_matched"], "label": "B", "round": 2, "block": 1, "sample": 8, "ms": 7.141952037811279}
{"event": "sample", "n": 800, "pair": ["ours_runtime", "ours_exact_matched"], "label": "B", "round": 2, "block": 1, "sample": 9, "ms": 7.142271995544434}
{"event": "sample", "n": 800, "pair": ["ours_runtime", "ours_exact_matched"], "label": "B", "round": 2, "block": 2, "sample": 0, "ms": 7.246079921722412}
{"event": "sample", "n": 800, "pair": ["ours_runtime", "ours_exact_matched"], "label": "B", "round": 2, "block": 2, "sample": 1, "ms": 7.141600131988525}
{"event": "sample", "n": 800, "pair": ["ours_runtime", "ours_exact_matched"], "label": "B", "round": 2, "block": 2, "sample": 2, "ms": 7.140704154968262}
{"event": "sample", "n": 800, "pair": ["ours_runtime", "ours_exact_matched"], "label": "B", "round": 2, "block": 2, "sample": 3, "ms": 7.141983985900879}
{"event": "sample", "n": 800, "pair": ["ours_runtime", "ours_exact_matched"], "label": "B", "round": 2, "block": 2, "sample": 4, "ms": 7.144320011138916}
{"event": "sample", "n": 800, "pair": ["ours_runtime", "ours_exact_matched"], "label": "B", "round": 2, "block": 2, "sample": 5, "ms": 7.142879962921143}
{"event": "sample", "n": 800, "pair": ["ours_runtime", "ours_exact_matched"], "label": "B", "round": 2, "block": 2, "sample": 6, "ms": 7.142144203186035}
{"event": "sample", "n": 800, "pair": ["ours_runtime", "ours_exact_matched"], "label": "B", "round": 2, "block": 2, "sample": 7, "ms": 7.141823768615723}
{"event": "sample", "n": 800, "pair": ["ours_runtime", "ours_exact_matched"], "label": "B", "round": 2, "block": 2, "sample": 8, "ms": 7.144383907318115}
{"event": "sample", "n": 800, "pair": ["ours_runtime", "ours_exact_matched"], "label": "B", "round": 2, "block": 2, "sample": 9, "ms": 7.141695976257324}
{"event": "sample", "n": 800, "pair": ["ours_runtime", "ours_exact_matched"], "label": "A", "round": 2, "block": 3, "sample": 0, "ms": 7.723872184753418}
{"event": "sample", "n": 800, "pair": ["ours_runtime", "ours_exact_matched"], "label": "A", "round": 2, "block": 3, "sample": 1, "ms": 7.585023880004883}
{"event": "sample", "n": 800, "pair": ["ours_runtime", "ours_exact_matched"], "label": "A", "round": 2, "block": 3, "sample": 2, "ms": 7.582528114318848}
{"event": "sample", "n": 800, "pair": ["ours_runtime", "ours_exact_matched"], "label": "A", "round": 2, "block": 3, "sample": 3, "ms": 7.588511943817139}
{"event": "sample", "n": 800, "pair": ["ours_runtime", "ours_exact_matched"], "label": "A", "round": 2, "block": 3, "sample": 4, "ms": 7.587168216705322}
{"event": "sample", "n": 800, "pair": ["ours_runtime", "ours_exact_matched"], "label": "A", "round": 2, "block": 3, "sample": 5, "ms": 7.5834879875183105}
{"event": "sample", "n": 800, "pair": ["ours_runtime", "ours_exact_matched"], "label": "A", "round": 2, "block": 3, "sample": 6, "ms": 7.587200164794922}
{"event": "sample", "n": 800, "pair": ["ours_runtime", "ours_exact_matched"], "label": "A", "round": 2, "block": 3, "sample": 7, "ms": 7.585824012756348}
{"event": "sample", "n": 800, "pair": ["ours_runtime", "ours_exact_matched"], "label": "A", "round": 2, "block": 3, "sample": 8, "ms": 7.586944103240967}
{"event": "sample", "n": 800, "pair": ["ours_runtime", "ours_exact_matched"], "label": "A", "round": 2, "block": 3, "sample": 9, "ms": 7.583968162536621}
{"event": "summary", "n": 800, "pair": ["ours_runtime", "ours_exact_matched"], "median_ms": {"ours_runtime": 7.586015939712524, "ours_exact_matched": 7.1438398361206055}, "a_over_b": 1.0618961390142305, "samples_per_label": 60}
{"event": "parity", "n": 1024, "label": "upstream_tma", "relative_l2": 0.0, "passed": true, "independent_reference": false}
{"event": "parity", "n": 1024, "label": "upstream_pointer", "relative_l2": 0.0009663617820478976, "passed": true, "independent_reference": false}
{"event": "parity", "n": 1024, "label": "ours_runtime", "relative_l2": 0.0009663617820478976, "passed": true, "independent_reference": false}
{"event": "parity", "n": 1024, "label": "ours_exact_matched", "relative_l2": 0.0009663617820478976, "passed": true, "independent_reference": false}
{"event": "configs", "n": 1024, "configs": {"upstream_tma": {"kwargs": {"BLOCK_J": 64, "BLOCK_K": 64}, "num_warps": 4, "num_stages": 3, "num_ctas": 1, "maxnreg": null}, "upstream_pointer": {"kwargs": {"BLOCK_J": 64, "BLOCK_K": 32}, "num_warps": 4, "num_stages": 3, "num_ctas": 1, "maxnreg": null}, "ours_runtime": {"kwargs": {"BLOCK_J": 64, "BLOCK_K": 32}, "num_warps": 4, "num_stages": 1, "num_ctas": 1, "maxnreg": null}, "ours_exact_matched": {"kwargs": {"BLOCK_J": 64, "BLOCK_K": 32}, "num_warps": 4, "num_stages": 1, "num_ctas": 1, "maxnreg": null}}}
{"event": "sample", "n": 1024, "pair": ["upstream_tma", "upstream_pointer"], "label": "A", "round": 0, "block": 0, "sample": 0, "ms": 10.884096145629883}
{"event": "sample", "n": 1024, "pair": ["upstream_tma", "upstream_pointer"], "label": "A", "round": 0, "block": 0, "sample": 1, "ms": 10.772480010986328}
{"event": "sample", "n": 1024, "pair": ["upstream_tma", "upstream_pointer"], "label": "A", "round": 0, "block": 0, "sample": 2, "ms": 10.774399757385254}
{"event": "sample", "n": 1024, "pair": ["upstream_tma", "upstream_pointer"], "label": "A", "round": 0, "block": 0, "sample": 3, "ms": 10.773920059204102}
{"event": "sample", "n": 1024, "pair": ["upstream_tma", "upstream_pointer"], "label": "A", "round": 0, "block": 0, "sample": 4, "ms": 10.77462387084961}
{"event": "sample", "n": 1024, "pair": ["upstream_tma", "upstream_pointer"], "label": "A", "round": 0, "block": 0, "sample": 5, "ms": 10.77683162689209}
{"event": "sample", "n": 1024, "pair": ["upstream_tma", "upstream_pointer"], "label": "A", "round": 0, "block": 0, "sample": 6, "ms": 10.773759841918945}
{"event": "sample", "n": 1024, "pair": ["upstream_tma", "upstream_pointer"], "label": "A", "round": 0, "block": 0, "sample": 7, "ms": 10.77513599395752}
{"event": "sample", "n": 1024, "pair": ["upstream_tma", "upstream_pointer"], "label": "A", "round": 0, "block": 0, "sample": 8, "ms": 10.773056030273438}
{"event": "sample", "n": 1024, "pair": ["upstream_tma", "upstream_pointer"], "label": "A", "round": 0, "block": 0, "sample": 9, "ms": 10.77609634399414}
{"event": "sample", "n": 1024, "pair": ["upstream_tma", "upstream_pointer"], "label": "B", "round": 0, "block": 1, "sample": 0, "ms": 12.529631614685059}
{"event": "sample", "n": 1024, "pair": ["upstream_tma", "upstream_pointer"], "label": "B", "round": 0, "block": 1, "sample": 1, "ms": 12.43228816986084}
{"event": "sample", "n": 1024, "pair": ["upstream_tma", "upstream_pointer"], "label": "B", "round": 0, "block": 1, "sample": 2, "ms": 12.43177604675293}
{"event": "sample", "n": 1024, "pair": ["upstream_tma", "upstream_pointer"], "label": "B", "round": 0, "block": 1, "sample": 3, "ms": 12.434847831726074}
{"event": "sample", "n": 1024, "pair": ["upstream_tma", "upstream_pointer"], "label": "B", "round": 0, "block": 1, "sample": 4, "ms": 12.433792114257812}
{"event": "sample", "n": 1024, "pair": ["upstream_tma", "upstream_pointer"], "label": "B", "round": 0, "block": 1, "sample": 5, "ms": 12.433792114257812}
{"event": "sample", "n": 1024, "pair": ["upstream_tma", "upstream_pointer"], "label": "B", "round": 0, "block": 1, "sample": 6, "ms": 12.431424140930176}
{"event": "sample", "n": 1024, "pair": ["upstream_tma", "upstream_pointer"], "label": "B", "round": 0, "block": 1, "sample": 7, "ms": 12.433919906616211}
{"event": "sample", "n": 1024, "pair": ["upstream_tma", "upstream_pointer"], "label": "B", "round": 0, "block": 1, "sample": 8, "ms": 12.433440208435059}
{"event": "sample", "n": 1024, "pair": ["upstream_tma", "upstream_pointer"], "label": "B", "round": 0, "block": 1, "sample": 9, "ms": 12.432767868041992}
{"event": "sample", "n": 1024, "pair": ["upstream_tma", "upstream_pointer"], "label": "B", "round": 0, "block": 2, "sample": 0, "ms": 12.503840446472168}
{"event": "sample", "n": 1024, "pair": ["upstream_tma", "upstream_pointer"], "label": "B", "round": 0, "block": 2, "sample": 1, "ms": 12.432576179504395}
{"event": "sample", "n": 1024, "pair": ["upstream_tma", "upstream_pointer"], "label": "B", "round": 0, "block": 2, "sample": 2, "ms": 12.4334716796875}
{"event": "sample", "n": 1024, "pair": ["upstream_tma", "upstream_pointer"], "label": "B", "round": 0, "block": 2, "sample": 3, "ms": 12.43228816986084}
{"event": "sample", "n": 1024, "pair": ["upstream_tma", "upstream_pointer"], "label": "B", "round": 0, "block": 2, "sample": 4, "ms": 12.431839942932129}
{"event": "sample", "n": 1024, "pair": ["upstream_tma", "upstream_pointer"], "label": "B", "round": 0, "block": 2, "sample": 5, "ms": 12.43295955657959}
{"event": "sample", "n": 1024, "pair": ["upstream_tma", "upstream_pointer"], "label": "B", "round": 0, "block": 2, "sample": 6, "ms": 12.433759689331055}
{"event": "sample", "n": 1024, "pair": ["upstream_tma", "upstream_pointer"], "label": "B", "round": 0, "block": 2, "sample": 7, "ms": 12.433856010437012}
{"event": "sample", "n": 1024, "pair": ["upstream_tma", "upstream_pointer"], "label": "B", "round": 0, "block": 2, "sample": 8, "ms": 12.432319641113281}
{"event": "sample", "n": 1024, "pair": ["upstream_tma", "upstream_pointer"], "label": "B", "round": 0, "block": 2, "sample": 9, "ms": 12.43280029296875}
{"event": "sample", "n": 1024, "pair": ["upstream_tma", "upstream_pointer"], "label": "A", "round": 0, "block": 3, "sample": 0, "ms": 10.909215927124023}
{"event": "sample", "n": 1024, "pair": ["upstream_tma", "upstream_pointer"], "label": "A", "round": 0, "block": 3, "sample": 1, "ms": 10.772031784057617}
{"event": "sample", "n": 1024, "pair": ["upstream_tma", "upstream_pointer"], "label": "A", "round": 0, "block": 3, "sample": 2, "ms": 10.773504257202148}
{"event": "sample", "n": 1024, "pair": ["upstream_tma", "upstream_pointer"], "label": "A", "round": 0, "block": 3, "sample": 3, "ms": 10.773280143737793}
{"event": "sample", "n": 1024, "pair": ["upstream_tma", "upstream_pointer"], "label": "A", "round": 0, "block": 3, "sample": 4, "ms": 10.772576332092285}
{"event": "sample", "n": 1024, "pair": ["upstream_tma", "upstream_pointer"], "label": "A", "round": 0, "block": 3, "sample": 5, "ms": 10.774271965026855}
{"event": "sample", "n": 1024, "pair": ["upstream_tma", "upstream_pointer"], "label": "A", "round": 0, "block": 3, "sample": 6, "ms": 10.774911880493164}
{"event": "sample", "n": 1024, "pair": ["upstream_tma", "upstream_pointer"], "label": "A", "round": 0, "block": 3, "sample": 7, "ms": 10.774432182312012}
{"event": "sample", "n": 1024, "pair": ["upstream_tma", "upstream_pointer"], "label": "A", "round": 0, "block": 3, "sample": 8, "ms": 10.775520324707031}
{"event": "sample", "n": 1024, "pair": ["upstream_tma", "upstream_pointer"], "label": "A", "round": 0, "block": 3, "sample": 9, "ms": 10.772224426269531}
{"event": "sample", "n": 1024, "pair": ["upstream_tma", "upstream_pointer"], "label": "A", "round": 1, "block": 0, "sample": 0, "ms": 10.891648292541504}
{"event": "sample", "n": 1024, "pair": ["upstream_tma", "upstream_pointer"], "label": "A", "round": 1, "block": 0, "sample": 1, "ms": 10.77177619934082}
{"event": "sample", "n": 1024, "pair": ["upstream_tma", "upstream_pointer"], "label": "A", "round": 1, "block": 0, "sample": 2, "ms": 10.774239540100098}
{"event": "sample", "n": 1024, "pair": ["upstream_tma", "upstream_pointer"], "label": "A", "round": 1, "block": 0, "sample": 3, "ms": 10.772416114807129}
{"event": "sample", "n": 1024, "pair": ["upstream_tma", "upstream_pointer"], "label": "A", "round": 1, "block": 0, "sample": 4, "ms": 10.77286434173584}
{"event": "sample", "n": 1024, "pair": ["upstream_tma", "upstream_pointer"], "label": "A", "round": 1, "block": 0, "sample": 5, "ms": 10.773056030273438}
{"event": "sample", "n": 1024, "pair": ["upstream_tma", "upstream_pointer"], "label": "A", "round": 1, "block": 0, "sample": 6, "ms": 10.773311614990234}
{"event": "sample", "n": 1024, "pair": ["upstream_tma", "upstream_pointer"], "label": "A", "round": 1, "block": 0, "sample": 7, "ms": 10.77353572845459}
{"event": "sample", "n": 1024, "pair": ["upstream_tma", "upstream_pointer"], "label": "A", "round": 1, "block": 0, "sample": 8, "ms": 10.773920059204102}
{"event": "sample", "n": 1024, "pair": ["upstream_tma", "upstream_pointer"], "label": "A", "round": 1, "block": 0, "sample": 9, "ms": 10.774880409240723}
{"event": "sample", "n": 1024, "pair": ["upstream_tma", "upstream_pointer"], "label": "B", "round": 1, "block": 1, "sample": 0, "ms": 12.507328033447266}
{"event": "sample", "n": 1024, "pair": ["upstream_tma", "upstream_pointer"], "label": "B", "round": 1, "block": 1, "sample": 1, "ms": 12.431424140930176}
{"event": "sample", "n": 1024, "pair": ["upstream_tma", "upstream_pointer"], "label": "B", "round": 1, "block": 1, "sample": 2, "ms": 12.432512283325195}
{"event": "sample", "n": 1024, "pair": ["upstream_tma", "upstream_pointer"], "label": "B", "round": 1, "block": 1, "sample": 3, "ms": 12.433631896972656}
{"event": "sample", "n": 1024, "pair": ["upstream_tma", "upstream_pointer"], "label": "B", "round": 1, "block": 1, "sample": 4, "ms": 12.43289566040039}
{"event": "sample", "n": 1024, "pair": ["upstream_tma", "upstream_pointer"], "label": "B", "round": 1, "block": 1, "sample": 5, "ms": 12.432831764221191}
{"event": "sample", "n": 1024, "pair": ["upstream_tma", "upstream_pointer"], "label": "B", "round": 1, "block": 1, "sample": 6, "ms": 12.431615829467773}
{"event": "sample", "n": 1024, "pair": ["upstream_tma", "upstream_pointer"], "label": "B", "round": 1, "block": 1, "sample": 7, "ms": 12.432127952575684}
{"event": "sample", "n": 1024, "pair": ["upstream_tma", "upstream_pointer"], "label": "B", "round": 1, "block": 1, "sample": 8, "ms": 12.432543754577637}
{"event": "sample", "n": 1024, "pair": ["upstream_tma", "upstream_pointer"], "label": "B", "round": 1, "block": 1, "sample": 9, "ms": 12.43289566040039}
{"event": "sample", "n": 1024, "pair": ["upstream_tma", "upstream_pointer"], "label": "B", "round": 1, "block": 2, "sample": 0, "ms": 12.497376441955566}
{"event": "sample", "n": 1024, "pair": ["upstream_tma", "upstream_pointer"], "label": "B", "round": 1, "block": 2, "sample": 1, "ms": 12.431520462036133}
{"event": "sample", "n": 1024, "pair": ["upstream_tma", "upstream_pointer"], "label": "B", "round": 1, "block": 2, "sample": 2, "ms": 12.431039810180664}
{"event": "sample", "n": 1024, "pair": ["upstream_tma", "upstream_pointer"], "label": "B", "round": 1, "block": 2, "sample": 3, "ms": 12.433024406433105}
{"event": "sample", "n": 1024, "pair": ["upstream_tma", "upstream_pointer"], "label": "B", "round": 1, "block": 2, "sample": 4, "ms": 12.432064056396484}
{"event": "sample", "n": 1024, "pair": ["upstream_tma", "upstream_pointer"], "label": "B", "round": 1, "block": 2, "sample": 5, "ms": 12.433024406433105}
{"event": "sample", "n": 1024, "pair": ["upstream_tma", "upstream_pointer"], "label": "B", "round": 1, "block": 2, "sample": 6, "ms": 12.431839942932129}
{"event": "sample", "n": 1024, "pair": ["upstream_tma", "upstream_pointer"], "label": "B", "round": 1, "block": 2, "sample": 7, "ms": 12.43075180053711}
{"event": "sample", "n": 1024, "pair": ["upstream_tma", "upstream_pointer"], "label": "B", "round": 1, "block": 2, "sample": 8, "ms": 12.431136131286621}
{"event": "sample", "n": 1024, "pair": ["upstream_tma", "upstream_pointer"], "label": "B", "round": 1, "block": 2, "sample": 9, "ms": 12.432127952575684}
{"event": "sample", "n": 1024, "pair": ["upstream_tma", "upstream_pointer"], "label": "A", "round": 1, "block": 3, "sample": 0, "ms": 10.929951667785645}
{"event": "sample", "n": 1024, "pair": ["upstream_tma", "upstream_pointer"], "label": "A", "round": 1, "block": 3, "sample": 1, "ms": 10.77177619934082}
{"event": "sample", "n": 1024, "pair": ["upstream_tma", "upstream_pointer"], "label": "A", "round": 1, "block": 3, "sample": 2, "ms": 10.775456428527832}
{"event": "sample", "n": 1024, "pair": ["upstream_tma", "upstream_pointer"], "label": "A", "round": 1, "block": 3, "sample": 3, "ms": 10.77344036102295}
{"event": "sample", "n": 1024, "pair": ["upstream_tma", "upstream_pointer"], "label": "A", "round": 1, "block": 3, "sample": 4, "ms": 10.77286434173584}
{"event": "sample", "n": 1024, "pair": ["upstream_tma", "upstream_pointer"], "label": "A", "round": 1, "block": 3, "sample": 5, "ms": 10.774496078491211}
{"event": "sample", "n": 1024, "pair": ["upstream_tma", "upstream_pointer"], "label": "A", "round": 1, "block": 3, "sample": 6, "ms": 10.772928237915039}
{"event": "sample", "n": 1024, "pair": ["upstream_tma", "upstream_pointer"], "label": "A", "round": 1, "block": 3, "sample": 7, "ms": 10.773759841918945}
{"event": "sample", "n": 1024, "pair": ["upstream_tma", "upstream_pointer"], "label": "A", "round": 1, "block": 3, "sample": 8, "ms": 10.772576332092285}
{"event": "sample", "n": 1024, "pair": ["upstream_tma", "upstream_pointer"], "label": "A", "round": 1, "block": 3, "sample": 9, "ms": 10.773504257202148}
{"event": "sample", "n": 1024, "pair": ["upstream_tma", "upstream_pointer"], "label": "A", "round": 2, "block": 0, "sample": 0, "ms": 10.916864395141602}
{"event": "sample", "n": 1024, "pair": ["upstream_tma", "upstream_pointer"], "label": "A", "round": 2, "block": 0, "sample": 1, "ms": 10.770336151123047}
{"event": "sample", "n": 1024, "pair": ["upstream_tma", "upstream_pointer"], "label": "A", "round": 2, "block": 0, "sample": 2, "ms": 10.773216247558594}
{"event": "sample", "n": 1024, "pair": ["upstream_tma", "upstream_pointer"], "label": "A", "round": 2, "block": 0, "sample": 3, "ms": 10.772895812988281}
{"event": "sample", "n": 1024, "pair": ["upstream_tma", "upstream_pointer"], "label": "A", "round": 2, "block": 0, "sample": 4, "ms": 10.772128105163574}
{"event": "sample", "n": 1024, "pair": ["upstream_tma", "upstream_pointer"], "label": "A", "round": 2, "block": 0, "sample": 5, "ms": 10.773119926452637}
{"event": "sample", "n": 1024, "pair": ["upstream_tma", "upstream_pointer"], "label": "A", "round": 2, "block": 0, "sample": 6, "ms": 10.772192001342773}
{"event": "sample", "n": 1024, "pair": ["upstream_tma", "upstream_pointer"], "label": "A", "round": 2, "block": 0, "sample": 7, "ms": 10.772928237915039}
{"event": "sample", "n": 1024, "pair": ["upstream_tma", "upstream_pointer"], "label": "A", "round": 2, "block": 0, "sample": 8, "ms": 10.77337646484375}
{"event": "sample", "n": 1024, "pair": ["upstream_tma", "upstream_pointer"], "label": "A", "round": 2, "block": 0, "sample": 9, "ms": 10.772128105163574}
{"event": "sample", "n": 1024, "pair": ["upstream_tma", "upstream_pointer"], "label": "B", "round": 2, "block": 1, "sample": 0, "ms": 12.5032320022583}
{"event": "sample", "n": 1024, "pair": ["upstream_tma", "upstream_pointer"], "label": "B", "round": 2, "block": 1, "sample": 1, "ms": 12.431167602539062}
{"event": "sample", "n": 1024, "pair": ["upstream_tma", "upstream_pointer"], "label": "B", "round": 2, "block": 1, "sample": 2, "ms": 12.43068790435791}
{"event": "sample", "n": 1024, "pair": ["upstream_tma", "upstream_pointer"], "label": "B", "round": 2, "block": 1, "sample": 3, "ms": 12.432512283325195}
{"event": "sample", "n": 1024, "pair": ["upstream_tma", "upstream_pointer"], "label": "B", "round": 2, "block": 1, "sample": 4, "ms": 12.43404769897461}
{"event": "sample", "n": 1024, "pair": ["upstream_tma", "upstream_pointer"], "label": "B", "round": 2, "block": 1, "sample": 5, "ms": 12.432000160217285}
{"event": "sample", "n": 1024, "pair": ["upstream_tma", "upstream_pointer"], "label": "B", "round": 2, "block": 1, "sample": 6, "ms": 12.43008041381836}
{"event": "sample", "n": 1024, "pair": ["upstream_tma", "upstream_pointer"], "label": "B", "round": 2, "block": 1, "sample": 7, "ms": 12.431488037109375}
{"event": "sample", "n": 1024, "pair": ["upstream_tma", "upstream_pointer"], "label": "B", "round": 2, "block": 1, "sample": 8, "ms": 12.43273639678955}
{"event": "sample", "n": 1024, "pair": ["upstream_tma", "upstream_pointer"], "label": "B", "round": 2, "block": 1, "sample": 9, "ms": 12.433152198791504}
{"event": "sample", "n": 1024, "pair": ["upstream_tma", "upstream_pointer"], "label": "B", "round": 2, "block": 2, "sample": 0, "ms": 12.496895790100098}
{"event": "sample", "n": 1024, "pair": ["upstream_tma", "upstream_pointer"], "label": "B", "round": 2, "block": 2, "sample": 1, "ms": 12.431967735290527}
{"event": "sample", "n": 1024, "pair": ["upstream_tma", "upstream_pointer"], "label": "B", "round": 2, "block": 2, "sample": 2, "ms": 12.459327697753906}
{"event": "sample", "n": 1024, "pair": ["upstream_tma", "upstream_pointer"], "label": "B", "round": 2, "block": 2, "sample": 3, "ms": 12.462847709655762}
{"event": "sample", "n": 1024, "pair": ["upstream_tma", "upstream_pointer"], "label": "B", "round": 2, "block": 2, "sample": 4, "ms": 12.459327697753906}
{"event": "sample", "n": 1024, "pair": ["upstream_tma", "upstream_pointer"], "label": "B", "round": 2, "block": 2, "sample": 5, "ms": 12.45967960357666}
{"event": "sample", "n": 1024, "pair": ["upstream_tma", "upstream_pointer"], "label": "B", "round": 2, "block": 2, "sample": 6, "ms": 12.460127830505371}
{"event": "sample", "n": 1024, "pair": ["upstream_tma", "upstream_pointer"], "label": "B", "round": 2, "block": 2, "sample": 7, "ms": 12.458527565002441}
{"event": "sample", "n": 1024, "pair": ["upstream_tma", "upstream_pointer"], "label": "B", "round": 2, "block": 2, "sample": 8, "ms": 12.458368301391602}
{"event": "sample", "n": 1024, "pair": ["upstream_tma", "upstream_pointer"], "label": "B", "round": 2, "block": 2, "sample": 9, "ms": 12.458944320678711}
{"event": "sample", "n": 1024, "pair": ["upstream_tma", "upstream_pointer"], "label": "A", "round": 2, "block": 3, "sample": 0, "ms": 10.911359786987305}
{"event": "sample", "n": 1024, "pair": ["upstream_tma", "upstream_pointer"], "label": "A", "round": 2, "block": 3, "sample": 1, "ms": 10.768511772155762}
{"event": "sample", "n": 1024, "pair": ["upstream_tma", "upstream_pointer"], "label": "A", "round": 2, "block": 3, "sample": 2, "ms": 10.772512435913086}
{"event": "sample", "n": 1024, "pair": ["upstream_tma", "upstream_pointer"], "label": "A", "round": 2, "block": 3, "sample": 3, "ms": 10.773183822631836}
{"event": "sample", "n": 1024, "pair": ["upstream_tma", "upstream_pointer"], "label": "A", "round": 2, "block": 3, "sample": 4, "ms": 10.776320457458496}
{"event": "sample", "n": 1024, "pair": ["upstream_tma", "upstream_pointer"], "label": "A", "round": 2, "block": 3, "sample": 5, "ms": 10.773119926452637}
{"event": "sample", "n": 1024, "pair": ["upstream_tma", "upstream_pointer"], "label": "A", "round": 2, "block": 3, "sample": 6, "ms": 10.774368286132812}
{"event": "sample", "n": 1024, "pair": ["upstream_tma", "upstream_pointer"], "label": "A", "round": 2, "block": 3, "sample": 7, "ms": 10.774944305419922}
{"event": "sample", "n": 1024, "pair": ["upstream_tma", "upstream_pointer"], "label": "A", "round": 2, "block": 3, "sample": 8, "ms": 10.77286434173584}
{"event": "sample", "n": 1024, "pair": ["upstream_tma", "upstream_pointer"], "label": "A", "round": 2, "block": 3, "sample": 9, "ms": 10.774687767028809}
{"event": "summary", "n": 1024, "pair": ["upstream_tma", "upstream_pointer"], "median_ms": {"upstream_tma": 10.773472309112549, "upstream_pointer": 12.432863712310791}, "a_over_b": 0.8665318432184579, "samples_per_label": 60}
{"event": "sample", "n": 1024, "pair": ["upstream_tma", "ours_runtime"], "label": "A", "round": 0, "block": 0, "sample": 0, "ms": 10.876288414001465}
{"event": "sample", "n": 1024, "pair": ["upstream_tma", "ours_runtime"], "label": "A", "round": 0, "block": 0, "sample": 1, "ms": 10.770655632019043}
{"event": "sample", "n": 1024, "pair": ["upstream_tma", "ours_runtime"], "label": "A", "round": 0, "block": 0, "sample": 2, "ms": 10.773632049560547}
{"event": "sample", "n": 1024, "pair": ["upstream_tma", "ours_runtime"], "label": "A", "round": 0, "block": 0, "sample": 3, "ms": 10.77132797241211}
{"event": "sample", "n": 1024, "pair": ["upstream_tma", "ours_runtime"], "label": "A", "round": 0, "block": 0, "sample": 4, "ms": 10.771295547485352}
{"event": "sample", "n": 1024, "pair": ["upstream_tma", "ours_runtime"], "label": "A", "round": 0, "block": 0, "sample": 5, "ms": 10.770719528198242}
{"event": "sample", "n": 1024, "pair": ["upstream_tma", "ours_runtime"], "label": "A", "round": 0, "block": 0, "sample": 6, "ms": 10.770751953125}
{"event": "sample", "n": 1024, "pair": ["upstream_tma", "ours_runtime"], "label": "A", "round": 0, "block": 0, "sample": 7, "ms": 10.7708158493042}
{"event": "sample", "n": 1024, "pair": ["upstream_tma", "ours_runtime"], "label": "A", "round": 0, "block": 0, "sample": 8, "ms": 10.770719528198242}
{"event": "sample", "n": 1024, "pair": ["upstream_tma", "ours_runtime"], "label": "A", "round": 0, "block": 0, "sample": 9, "ms": 10.77295970916748}
{"event": "sample", "n": 1024, "pair": ["upstream_tma", "ours_runtime"], "label": "B", "round": 0, "block": 1, "sample": 0, "ms": 15.110495567321777}
{"event": "sample", "n": 1024, "pair": ["upstream_tma", "ours_runtime"], "label": "B", "round": 0, "block": 1, "sample": 1, "ms": 14.959872245788574}
{"event": "sample", "n": 1024, "pair": ["upstream_tma", "ours_runtime"], "label": "B", "round": 0, "block": 1, "sample": 2, "ms": 14.96009635925293}
{"event": "sample", "n": 1024, "pair": ["upstream_tma", "ours_runtime"], "label": "B", "round": 0, "block": 1, "sample": 3, "ms": 14.957535743713379}
{"event": "sample", "n": 1024, "pair": ["upstream_tma", "ours_runtime"], "label": "B", "round": 0, "block": 1, "sample": 4, "ms": 14.9552001953125}
{"event": "sample", "n": 1024, "pair": ["upstream_tma", "ours_runtime"], "label": "B", "round": 0, "block": 1, "sample": 5, "ms": 14.95792007446289}
{"event": "sample", "n": 1024, "pair": ["upstream_tma", "ours_runtime"], "label": "B", "round": 0, "block": 1, "sample": 6, "ms": 14.958111763000488}
{"event": "sample", "n": 1024, "pair": ["upstream_tma", "ours_runtime"], "label": "B", "round": 0, "block": 1, "sample": 7, "ms": 14.928671836853027}
{"event": "sample", "n": 1024, "pair": ["upstream_tma", "ours_runtime"], "label": "B", "round": 0, "block": 1, "sample": 8, "ms": 14.926655769348145}
{"event": "sample", "n": 1024, "pair": ["upstream_tma", "ours_runtime"], "label": "B", "round": 0, "block": 1, "sample": 9, "ms": 14.9268159866333}
{"event": "sample", "n": 1024, "pair": ["upstream_tma", "ours_runtime"], "label": "B", "round": 0, "block": 2, "sample": 0, "ms": 15.054368019104004}
{"event": "sample", "n": 1024, "pair": ["upstream_tma", "ours_runtime"], "label": "B", "round": 0, "block": 2, "sample": 1, "ms": 14.927231788635254}
{"event": "sample", "n": 1024, "pair": ["upstream_tma", "ours_runtime"], "label": "B", "round": 0, "block": 2, "sample": 2, "ms": 14.927552223205566}
{"event": "sample", "n": 1024, "pair": ["upstream_tma", "ours_runtime"], "label": "B", "round": 0, "block": 2, "sample": 3, "ms": 14.928576469421387}
{"event": "sample", "n": 1024, "pair": ["upstream_tma", "ours_runtime"], "label": "B", "round": 0, "block": 2, "sample": 4, "ms": 14.929471969604492}
{"event": "sample", "n": 1024, "pair": ["upstream_tma", "ours_runtime"], "label": "B", "round": 0, "block": 2, "sample": 5, "ms": 14.926079750061035}
{"event": "sample", "n": 1024, "pair": ["upstream_tma", "ours_runtime"], "label": "B", "round": 0, "block": 2, "sample": 6, "ms": 14.930272102355957}
{"event": "sample", "n": 1024, "pair": ["upstream_tma", "ours_runtime"], "label": "B", "round": 0, "block": 2, "sample": 7, "ms": 14.931360244750977}
{"event": "sample", "n": 1024, "pair": ["upstream_tma", "ours_runtime"], "label": "B", "round": 0, "block": 2, "sample": 8, "ms": 14.929023742675781}
{"event": "sample", "n": 1024, "pair": ["upstream_tma", "ours_runtime"], "label": "B", "round": 0, "block": 2, "sample": 9, "ms": 14.926207542419434}
{"event": "sample", "n": 1024, "pair": ["upstream_tma", "ours_runtime"], "label": "A", "round": 0, "block": 3, "sample": 0, "ms": 10.930815696716309}
{"event": "sample", "n": 1024, "pair": ["upstream_tma", "ours_runtime"], "label": "A", "round": 0, "block": 3, "sample": 1, "ms": 10.770112037658691}
{"event": "sample", "n": 1024, "pair": ["upstream_tma", "ours_runtime"], "label": "A", "round": 0, "block": 3, "sample": 2, "ms": 10.770272254943848}
{"event": "sample", "n": 1024, "pair": ["upstream_tma", "ours_runtime"], "label": "A", "round": 0, "block": 3, "sample": 3, "ms": 10.771519660949707}
{"event": "sample", "n": 1024, "pair": ["upstream_tma", "ours_runtime"], "label": "A", "round": 0, "block": 3, "sample": 4, "ms": 10.77235221862793}
{"event": "sample", "n": 1024, "pair": ["upstream_tma", "ours_runtime"], "label": "A", "round": 0, "block": 3, "sample": 5, "ms": 10.77228832244873}
{"event": "sample", "n": 1024, "pair": ["upstream_tma", "ours_runtime"], "label": "A", "round": 0, "block": 3, "sample": 6, "ms": 10.771648406982422}
{"event": "sample", "n": 1024, "pair": ["upstream_tma", "ours_runtime"], "label": "A", "round": 0, "block": 3, "sample": 7, "ms": 10.771424293518066}
{"event": "sample", "n": 1024, "pair": ["upstream_tma", "ours_runtime"], "label": "A", "round": 0, "block": 3, "sample": 8, "ms": 10.770336151123047}
{"event": "sample", "n": 1024, "pair": ["upstream_tma", "ours_runtime"], "label": "A", "round": 0, "block": 3, "sample": 9, "ms": 10.771967887878418}
{"event": "sample", "n": 1024, "pair": ["upstream_tma", "ours_runtime"], "label": "A", "round": 1, "block": 0, "sample": 0, "ms": 10.912032127380371}
{"event": "sample", "n": 1024, "pair": ["upstream_tma", "ours_runtime"], "label": "A", "round": 1, "block": 0, "sample": 1, "ms": 10.770912170410156}
{"event": "sample", "n": 1024, "pair": ["upstream_tma", "ours_runtime"], "label": "A", "round": 1, "block": 0, "sample": 2, "ms": 10.77184009552002}
{"event": "sample", "n": 1024, "pair": ["upstream_tma", "ours_runtime"], "label": "A", "round": 1, "block": 0, "sample": 3, "ms": 10.771231651306152}
{"event": "sample", "n": 1024, "pair": ["upstream_tma", "ours_runtime"], "label": "A", "round": 1, "block": 0, "sample": 4, "ms": 10.771488189697266}
{"event": "sample", "n": 1024, "pair": ["upstream_tma", "ours_runtime"], "label": "A", "round": 1, "block": 0, "sample": 5, "ms": 10.770848274230957}
{"event": "sample", "n": 1024, "pair": ["upstream_tma", "ours_runtime"], "label": "A", "round": 1, "block": 0, "sample": 6, "ms": 10.770367622375488}
{"event": "sample", "n": 1024, "pair": ["upstream_tma", "ours_runtime"], "label": "A", "round": 1, "block": 0, "sample": 7, "ms": 10.770912170410156}
{"event": "sample", "n": 1024, "pair": ["upstream_tma", "ours_runtime"], "label": "A", "round": 1, "block": 0, "sample": 8, "ms": 10.77235221862793}
{"event": "sample", "n": 1024, "pair": ["upstream_tma", "ours_runtime"], "label": "A", "round": 1, "block": 0, "sample": 9, "ms": 10.770463943481445}
{"event": "sample", "n": 1024, "pair": ["upstream_tma", "ours_runtime"], "label": "B", "round": 1, "block": 1, "sample": 0, "ms": 15.08073616027832}
{"event": "sample", "n": 1024, "pair": ["upstream_tma", "ours_runtime"], "label": "B", "round": 1, "block": 1, "sample": 1, "ms": 14.926976203918457}
{"event": "sample", "n": 1024, "pair": ["upstream_tma", "ours_runtime"], "label": "B", "round": 1, "block": 1, "sample": 2, "ms": 14.929375648498535}
{"event": "sample", "n": 1024, "pair": ["upstream_tma", "ours_runtime"], "label": "B", "round": 1, "block": 1, "sample": 3, "ms": 14.925503730773926}
{"event": "sample", "n": 1024, "pair": ["upstream_tma", "ours_runtime"], "label": "B", "round": 1, "block": 1, "sample": 4, "ms": 14.924351692199707}
{"event": "sample", "n": 1024, "pair": ["upstream_tma", "ours_runtime"], "label": "B", "round": 1, "block": 1, "sample": 5, "ms": 14.925727844238281}
{"event": "sample", "n": 1024, "pair": ["upstream_tma", "ours_runtime"], "label": "B", "round": 1, "block": 1, "sample": 6, "ms": 14.928607940673828}
{"event": "sample", "n": 1024, "pair": ["upstream_tma", "ours_runtime"], "label": "B", "round": 1, "block": 1, "sample": 7, "ms": 14.927103996276855}
{"event": "sample", "n": 1024, "pair": ["upstream_tma", "ours_runtime"], "label": "B", "round": 1, "block": 1, "sample": 8, "ms": 14.928863525390625}
{"event": "sample", "n": 1024, "pair": ["upstream_tma", "ours_runtime"], "label": "B", "round": 1, "block": 1, "sample": 9, "ms": 14.927167892456055}
{"event": "sample", "n": 1024, "pair": ["upstream_tma", "ours_runtime"], "label": "B", "round": 1, "block": 2, "sample": 0, "ms": 15.043392181396484}
{"event": "sample", "n": 1024, "pair": ["upstream_tma", "ours_runtime"], "label": "B", "round": 1, "block": 2, "sample": 1, "ms": 14.93017578125}
{"event": "sample", "n": 1024, "pair": ["upstream_tma", "ours_runtime"], "label": "B", "round": 1, "block": 2, "sample": 2, "ms": 14.92950439453125}
{"event": "sample", "n": 1024, "pair": ["upstream_tma", "ours_runtime"], "label": "B", "round": 1, "block": 2, "sample": 3, "ms": 14.926143646240234}
{"event": "sample", "n": 1024, "pair": ["upstream_tma", "ours_runtime"], "label": "B", "round": 1, "block": 2, "sample": 4, "ms": 14.928383827209473}
{"event": "sample", "n": 1024, "pair": ["upstream_tma", "ours_runtime"], "label": "B", "round": 1, "block": 2, "sample": 5, "ms": 14.92739200592041}
{"event": "sample", "n": 1024, "pair": ["upstream_tma", "ours_runtime"], "label": "B", "round": 1, "block": 2, "sample": 6, "ms": 14.929759979248047}
{"event": "sample", "n": 1024, "pair": ["upstream_tma", "ours_runtime"], "label": "B", "round": 1, "block": 2, "sample": 7, "ms": 14.929856300354004}
{"event": "sample", "n": 1024, "pair": ["upstream_tma", "ours_runtime"], "label": "B", "round": 1, "block": 2, "sample": 8, "ms": 14.926560401916504}
{"event": "sample", "n": 1024, "pair": ["upstream_tma", "ours_runtime"], "label": "B", "round": 1, "block": 2, "sample": 9, "ms": 14.927552223205566}
{"event": "sample", "n": 1024, "pair": ["upstream_tma", "ours_runtime"], "label": "A", "round": 1, "block": 3, "sample": 0, "ms": 10.9269437789917}
{"event": "sample", "n": 1024, "pair": ["upstream_tma", "ours_runtime"], "label": "A", "round": 1, "block": 3, "sample": 1, "ms": 10.770527839660645}
{"event": "sample", "n": 1024, "pair": ["upstream_tma", "ours_runtime"], "label": "A", "round": 1, "block": 3, "sample": 2, "ms": 10.77126407623291}
{"event": "sample", "n": 1024, "pair": ["upstream_tma", "ours_runtime"], "label": "A", "round": 1, "block": 3, "sample": 3, "ms": 10.772128105163574}
{"event": "sample", "n": 1024, "pair": ["upstream_tma", "ours_runtime"], "label": "A", "round": 1, "block": 3, "sample": 4, "ms": 10.771136283874512}
{"event": "sample", "n": 1024, "pair": ["upstream_tma", "ours_runtime"], "label": "A", "round": 1, "block": 3, "sample": 5, "ms": 10.770912170410156}
{"event": "sample", "n": 1024, "pair": ["upstream_tma", "ours_runtime"], "label": "A", "round": 1, "block": 3, "sample": 6, "ms": 10.771391868591309}
{"event": "sample", "n": 1024, "pair": ["upstream_tma", "ours_runtime"], "label": "A", "round": 1, "block": 3, "sample": 7, "ms": 10.771136283874512}
{"event": "sample", "n": 1024, "pair": ["upstream_tma", "ours_runtime"], "label": "A", "round": 1, "block": 3, "sample": 8, "ms": 10.770079612731934}
{"event": "sample", "n": 1024, "pair": ["upstream_tma", "ours_runtime"], "label": "A", "round": 1, "block": 3, "sample": 9, "ms": 10.772928237915039}
{"event": "sample", "n": 1024, "pair": ["upstream_tma", "ours_runtime"], "label": "A", "round": 2, "block": 0, "sample": 0, "ms": 10.897536277770996}
{"event": "sample", "n": 1024, "pair": ["upstream_tma", "ours_runtime"], "label": "A", "round": 2, "block": 0, "sample": 1, "ms": 10.769184112548828}
{"event": "sample", "n": 1024, "pair": ["upstream_tma", "ours_runtime"], "label": "A", "round": 2, "block": 0, "sample": 2, "ms": 10.770527839660645}
{"event": "sample", "n": 1024, "pair": ["upstream_tma", "ours_runtime"], "label": "A", "round": 2, "block": 0, "sample": 3, "ms": 10.770400047302246}
{"event": "sample", "n": 1024, "pair": ["upstream_tma", "ours_runtime"], "label": "A", "round": 2, "block": 0, "sample": 4, "ms": 10.772576332092285}
{"event": "sample", "n": 1024, "pair": ["upstream_tma", "ours_runtime"], "label": "A", "round": 2, "block": 0, "sample": 5, "ms": 10.771424293518066}
{"event": "sample", "n": 1024, "pair": ["upstream_tma", "ours_runtime"], "label": "A", "round": 2, "block": 0, "sample": 6, "ms": 10.770912170410156}
{"event": "sample", "n": 1024, "pair": ["upstream_tma", "ours_runtime"], "label": "A", "round": 2, "block": 0, "sample": 7, "ms": 10.771519660949707}
{"event": "sample", "n": 1024, "pair": ["upstream_tma", "ours_runtime"], "label": "A", "round": 2, "block": 0, "sample": 8, "ms": 10.770015716552734}
{"event": "sample", "n": 1024, "pair": ["upstream_tma", "ours_runtime"], "label": "A", "round": 2, "block": 0, "sample": 9, "ms": 10.774175643920898}
{"event": "sample", "n": 1024, "pair": ["upstream_tma", "ours_runtime"], "label": "B", "round": 2, "block": 1, "sample": 0, "ms": 15.085472106933594}
{"event": "sample", "n": 1024, "pair": ["upstream_tma", "ours_runtime"], "label": "B", "round": 2, "block": 1, "sample": 1, "ms": 14.928447723388672}
{"event": "sample", "n": 1024, "pair": ["upstream_tma", "ours_runtime"], "label": "B", "round": 2, "block": 1, "sample": 2, "ms": 14.928383827209473}
{"event": "sample", "n": 1024, "pair": ["upstream_tma", "ours_runtime"], "label": "B", "round": 2, "block": 1, "sample": 3, "ms": 14.925984382629395}
{"event": "sample", "n": 1024, "pair": ["upstream_tma", "ours_runtime"], "label": "B", "round": 2, "block": 1, "sample": 4, "ms": 14.93881607055664}
{"event": "sample", "n": 1024, "pair": ["upstream_tma", "ours_runtime"], "label": "B", "round": 2, "block": 1, "sample": 5, "ms": 14.961664199829102}
{"event": "sample", "n": 1024, "pair": ["upstream_tma", "ours_runtime"], "label": "B", "round": 2, "block": 1, "sample": 6, "ms": 14.95571231842041}
{"event": "sample", "n": 1024, "pair": ["upstream_tma", "ours_runtime"], "label": "B", "round": 2, "block": 1, "sample": 7, "ms": 14.953984260559082}
{"event": "sample", "n": 1024, "pair": ["upstream_tma", "ours_runtime"], "label": "B", "round": 2, "block": 1, "sample": 8, "ms": 14.95689582824707}
{"event": "sample", "n": 1024, "pair": ["upstream_tma", "ours_runtime"], "label": "B", "round": 2, "block": 1, "sample": 9, "ms": 14.953760147094727}
{"event": "sample", "n": 1024, "pair": ["upstream_tma", "ours_runtime"], "label": "B", "round": 2, "block": 2, "sample": 0, "ms": 15.088095664978027}
{"event": "sample", "n": 1024, "pair": ["upstream_tma", "ours_runtime"], "label": "B", "round": 2, "block": 2, "sample": 1, "ms": 14.935232162475586}
{"event": "sample", "n": 1024, "pair": ["upstream_tma", "ours_runtime"], "label": "B", "round": 2, "block": 2, "sample": 2, "ms": 14.92579174041748}
{"event": "sample", "n": 1024, "pair": ["upstream_tma", "ours_runtime"], "label": "B", "round": 2, "block": 2, "sample": 3, "ms": 14.928671836853027}
{"event": "sample", "n": 1024, "pair": ["upstream_tma", "ours_runtime"], "label": "B", "round": 2, "block": 2, "sample": 4, "ms": 14.925919532775879}
{"event": "sample", "n": 1024, "pair": ["upstream_tma", "ours_runtime"], "label": "B", "round": 2, "block": 2, "sample": 5, "ms": 14.926752090454102}
{"event": "sample", "n": 1024, "pair": ["upstream_tma", "ours_runtime"], "label": "B", "round": 2, "block": 2, "sample": 6, "ms": 14.926560401916504}
{"event": "sample", "n": 1024, "pair": ["upstream_tma", "ours_runtime"], "label": "B", "round": 2, "block": 2, "sample": 7, "ms": 14.924448013305664}
{"event": "sample", "n": 1024, "pair": ["upstream_tma", "ours_runtime"], "label": "B", "round": 2, "block": 2, "sample": 8, "ms": 14.928768157958984}
{"event": "sample", "n": 1024, "pair": ["upstream_tma", "ours_runtime"], "label": "B", "round": 2, "block": 2, "sample": 9, "ms": 14.928671836853027}
{"event": "sample", "n": 1024, "pair": ["upstream_tma", "ours_runtime"], "label": "A", "round": 2, "block": 3, "sample": 0, "ms": 10.930399894714355}
{"event": "sample", "n": 1024, "pair": ["upstream_tma", "ours_runtime"], "label": "A", "round": 2, "block": 3, "sample": 1, "ms": 10.770655632019043}
{"event": "sample", "n": 1024, "pair": ["upstream_tma", "ours_runtime"], "label": "A", "round": 2, "block": 3, "sample": 2, "ms": 10.770912170410156}
{"event": "sample", "n": 1024, "pair": ["upstream_tma", "ours_runtime"], "label": "A", "round": 2, "block": 3, "sample": 3, "ms": 10.77228832244873}
{"event": "sample", "n": 1024, "pair": ["upstream_tma", "ours_runtime"], "label": "A", "round": 2, "block": 3, "sample": 4, "ms": 10.771391868591309}
{"event": "sample", "n": 1024, "pair": ["upstream_tma", "ours_runtime"], "label": "A", "round": 2, "block": 3, "sample": 5, "ms": 10.771519660949707}
{"event": "sample", "n": 1024, "pair": ["upstream_tma", "ours_runtime"], "label": "A", "round": 2, "block": 3, "sample": 6, "ms": 10.7706880569458}
{"event": "sample", "n": 1024, "pair": ["upstream_tma", "ours_runtime"], "label": "A", "round": 2, "block": 3, "sample": 7, "ms": 10.770432472229004}
{"event": "sample", "n": 1024, "pair": ["upstream_tma", "ours_runtime"], "label": "A", "round": 2, "block": 3, "sample": 8, "ms": 10.772255897521973}
{"event": "sample", "n": 1024, "pair": ["upstream_tma", "ours_runtime"], "label": "A", "round": 2, "block": 3, "sample": 9, "ms": 10.771039962768555}
{"event": "summary", "n": 1024, "pair": ["upstream_tma", "ours_runtime"], "median_ms": {"upstream_tma": 10.77127981185913, "ours_runtime": 14.928719997406006}, "a_over_b": 0.7215139552306382, "samples_per_label": 60}
{"event": "sample", "n": 1024, "pair": ["ours_runtime", "ours_exact_matched"], "label": "A", "round": 0, "block": 0, "sample": 0, "ms": 15.03763198852539}
{"event": "sample", "n": 1024, "pair": ["ours_runtime", "ours_exact_matched"], "label": "A", "round": 0, "block": 0, "sample": 1, "ms": 14.929344177246094}
{"event": "sample", "n": 1024, "pair": ["ours_runtime", "ours_exact_matched"], "label": "A", "round": 0, "block": 0, "sample": 2, "ms": 14.931136131286621}
{"event": "sample", "n": 1024, "pair": ["ours_runtime", "ours_exact_matched"], "label": "A", "round": 0, "block": 0, "sample": 3, "ms": 14.92796802520752}
{"event": "sample", "n": 1024, "pair": ["ours_runtime", "ours_exact_matched"], "label": "A", "round": 0, "block": 0, "sample": 4, "ms": 14.924832344055176}
{"event": "sample", "n": 1024, "pair": ["ours_runtime", "ours_exact_matched"], "label": "A", "round": 0, "block": 0, "sample": 5, "ms": 14.930015563964844}
{"event": "sample", "n": 1024, "pair": ["ours_runtime", "ours_exact_matched"], "label": "A", "round": 0, "block": 0, "sample": 6, "ms": 14.928352355957031}
{"event": "sample", "n": 1024, "pair": ["ours_runtime", "ours_exact_matched"], "label": "A", "round": 0, "block": 0, "sample": 7, "ms": 14.929439544677734}
{"event": "sample", "n": 1024, "pair": ["ours_runtime", "ours_exact_matched"], "label": "A", "round": 0, "block": 0, "sample": 8, "ms": 14.92841625213623}
{"event": "sample", "n": 1024, "pair": ["ours_runtime", "ours_exact_matched"], "label": "A", "round": 0, "block": 0, "sample": 9, "ms": 14.927616119384766}
{"event": "sample", "n": 1024, "pair": ["ours_runtime", "ours_exact_matched"], "label": "B", "round": 0, "block": 1, "sample": 0, "ms": 14.069087982177734}
{"event": "sample", "n": 1024, "pair": ["ours_runtime", "ours_exact_matched"], "label": "B", "round": 0, "block": 1, "sample": 1, "ms": 13.965824127197266}
{"event": "sample", "n": 1024, "pair": ["ours_runtime", "ours_exact_matched"], "label": "B", "round": 0, "block": 1, "sample": 2, "ms": 13.989184379577637}
{"event": "sample", "n": 1024, "pair": ["ours_runtime", "ours_exact_matched"], "label": "B", "round": 0, "block": 1, "sample": 3, "ms": 13.985856056213379}
{"event": "sample", "n": 1024, "pair": ["ours_runtime", "ours_exact_matched"], "label": "B", "round": 0, "block": 1, "sample": 4, "ms": 13.982527732849121}
{"event": "sample", "n": 1024, "pair": ["ours_runtime", "ours_exact_matched"], "label": "B", "round": 0, "block": 1, "sample": 5, "ms": 13.983136177062988}
{"event": "sample", "n": 1024, "pair": ["ours_runtime", "ours_exact_matched"], "label": "B", "round": 0, "block": 1, "sample": 6, "ms": 13.985376358032227}
{"event": "sample", "n": 1024, "pair": ["ours_runtime", "ours_exact_matched"], "label": "B", "round": 0, "block": 1, "sample": 7, "ms": 13.981792449951172}
{"event": "sample", "n": 1024, "pair": ["ours_runtime", "ours_exact_matched"], "label": "B", "round": 0, "block": 1, "sample": 8, "ms": 13.97548770904541}
{"event": "sample", "n": 1024, "pair": ["ours_runtime", "ours_exact_matched"], "label": "B", "round": 0, "block": 1, "sample": 9, "ms": 13.954879760742188}
{"event": "sample", "n": 1024, "pair": ["ours_runtime", "ours_exact_matched"], "label": "B", "round": 0, "block": 2, "sample": 0, "ms": 14.079327583312988}
{"event": "sample", "n": 1024, "pair": ["ours_runtime", "ours_exact_matched"], "label": "B", "round": 0, "block": 2, "sample": 1, "ms": 13.95148754119873}
{"event": "sample", "n": 1024, "pair": ["ours_runtime", "ours_exact_matched"], "label": "B", "round": 0, "block": 2, "sample": 2, "ms": 13.953920364379883}
{"event": "sample", "n": 1024, "pair": ["ours_runtime", "ours_exact_matched"], "label": "B", "round": 0, "block": 2, "sample": 3, "ms": 13.953824043273926}
{"event": "sample", "n": 1024, "pair": ["ours_runtime", "ours_exact_matched"], "label": "B", "round": 0, "block": 2, "sample": 4, "ms": 13.954208374023438}
{"event": "sample", "n": 1024, "pair": ["ours_runtime", "ours_exact_matched"], "label": "B", "round": 0, "block": 2, "sample": 5, "ms": 13.954367637634277}
{"event": "sample", "n": 1024, "pair": ["ours_runtime", "ours_exact_matched"], "label": "B", "round": 0, "block": 2, "sample": 6, "ms": 13.952735900878906}
{"event": "sample", "n": 1024, "pair": ["ours_runtime", "ours_exact_matched"], "label": "B", "round": 0, "block": 2, "sample": 7, "ms": 13.955519676208496}
{"event": "sample", "n": 1024, "pair": ["ours_runtime", "ours_exact_matched"], "label": "B", "round": 0, "block": 2, "sample": 8, "ms": 13.95529556274414}
{"event": "sample", "n": 1024, "pair": ["ours_runtime", "ours_exact_matched"], "label": "B", "round": 0, "block": 2, "sample": 9, "ms": 13.955231666564941}
{"event": "sample", "n": 1024, "pair": ["ours_runtime", "ours_exact_matched"], "label": "A", "round": 0, "block": 3, "sample": 0, "ms": 15.053536415100098}
{"event": "sample", "n": 1024, "pair": ["ours_runtime", "ours_exact_matched"], "label": "A", "round": 0, "block": 3, "sample": 1, "ms": 14.928352355957031}
{"event": "sample", "n": 1024, "pair": ["ours_runtime", "ours_exact_matched"], "label": "A", "round": 0, "block": 3, "sample": 2, "ms": 14.927103996276855}
{"event": "sample", "n": 1024, "pair": ["ours_runtime", "ours_exact_matched"], "label": "A", "round": 0, "block": 3, "sample": 3, "ms": 14.929632186889648}
{"event": "sample", "n": 1024, "pair": ["ours_runtime", "ours_exact_matched"], "label": "A", "round": 0, "block": 3, "sample": 4, "ms": 14.930815696716309}
{"event": "sample", "n": 1024, "pair": ["ours_runtime", "ours_exact_matched"], "label": "A", "round": 0, "block": 3, "sample": 5, "ms": 14.926560401916504}
{"event": "sample", "n": 1024, "pair": ["ours_runtime", "ours_exact_matched"], "label": "A", "round": 0, "block": 3, "sample": 6, "ms": 14.932031631469727}
{"event": "sample", "n": 1024, "pair": ["ours_runtime", "ours_exact_matched"], "label": "A", "round": 0, "block": 3, "sample": 7, "ms": 14.927776336669922}
{"event": "sample", "n": 1024, "pair": ["ours_runtime", "ours_exact_matched"], "label": "A", "round": 0, "block": 3, "sample": 8, "ms": 14.927103996276855}
{"event": "sample", "n": 1024, "pair": ["ours_runtime", "ours_exact_matched"], "label": "A", "round": 0, "block": 3, "sample": 9, "ms": 14.927807807922363}
{"event": "sample", "n": 1024, "pair": ["ours_runtime", "ours_exact_matched"], "label": "A", "round": 1, "block": 0, "sample": 0, "ms": 15.035103797912598}
{"event": "sample", "n": 1024, "pair": ["ours_runtime", "ours_exact_matched"], "label": "A", "round": 1, "block": 0, "sample": 1, "ms": 14.92899227142334}
{"event": "sample", "n": 1024, "pair": ["ours_runtime", "ours_exact_matched"], "label": "A", "round": 1, "block": 0, "sample": 2, "ms": 14.924703598022461}
{"event": "sample", "n": 1024, "pair": ["ours_runtime", "ours_exact_matched"], "label": "A", "round": 1, "block": 0, "sample": 3, "ms": 14.927616119384766}
{"event": "sample", "n": 1024, "pair": ["ours_runtime", "ours_exact_matched"], "label": "A", "round": 1, "block": 0, "sample": 4, "ms": 14.92892837524414}
{"event": "sample", "n": 1024, "pair": ["ours_runtime", "ours_exact_matched"], "label": "A", "round": 1, "block": 0, "sample": 5, "ms": 14.931167602539062}
{"event": "sample", "n": 1024, "pair": ["ours_runtime", "ours_exact_matched"], "label": "A", "round": 1, "block": 0, "sample": 6, "ms": 14.952320098876953}
{"event": "sample", "n": 1024, "pair": ["ours_runtime", "ours_exact_matched"], "label": "A", "round": 1, "block": 0, "sample": 7, "ms": 14.959551811218262}
{"event": "sample", "n": 1024, "pair": ["ours_runtime", "ours_exact_matched"], "label": "A", "round": 1, "block": 0, "sample": 8, "ms": 14.958111763000488}
{"event": "sample", "n": 1024, "pair": ["ours_runtime", "ours_exact_matched"], "label": "A", "round": 1, "block": 0, "sample": 9, "ms": 14.953727722167969}
{"event": "sample", "n": 1024, "pair": ["ours_runtime", "ours_exact_matched"], "label": "B", "round": 1, "block": 1, "sample": 0, "ms": 14.47430419921875}
{"event": "sample", "n": 1024, "pair": ["ours_runtime", "ours_exact_matched"], "label": "B", "round": 1, "block": 1, "sample": 1, "ms": 13.982943534851074}
{"event": "sample", "n": 1024, "pair": ["ours_runtime", "ours_exact_matched"], "label": "B", "round": 1, "block": 1, "sample": 2, "ms": 13.979488372802734}
{"event": "sample", "n": 1024, "pair": ["ours_runtime", "ours_exact_matched"], "label": "B", "round": 1, "block": 1, "sample": 3, "ms": 13.953344345092773}
{"event": "sample", "n": 1024, "pair": ["ours_runtime", "ours_exact_matched"], "label": "B", "round": 1, "block": 1, "sample": 4, "ms": 13.95468807220459}
{"event": "sample", "n": 1024, "pair": ["ours_runtime", "ours_exact_matched"], "label": "B", "round": 1, "block": 1, "sample": 5, "ms": 13.953311920166016}
{"event": "sample", "n": 1024, "pair": ["ours_runtime", "ours_exact_matched"], "label": "B", "round": 1, "block": 1, "sample": 6, "ms": 13.953056335449219}
{"event": "sample", "n": 1024, "pair": ["ours_runtime", "ours_exact_matched"], "label": "B", "round": 1, "block": 1, "sample": 7, "ms": 13.954431533813477}
{"event": "sample", "n": 1024, "pair": ["ours_runtime", "ours_exact_matched"], "label": "B", "round": 1, "block": 1, "sample": 8, "ms": 13.957663536071777}
{"event": "sample", "n": 1024, "pair": ["ours_runtime", "ours_exact_matched"], "label": "B", "round": 1, "block": 1, "sample": 9, "ms": 13.955583572387695}
{"event": "sample", "n": 1024, "pair": ["ours_runtime", "ours_exact_matched"], "label": "B", "round": 1, "block": 2, "sample": 0, "ms": 14.060704231262207}
{"event": "sample", "n": 1024, "pair": ["ours_runtime", "ours_exact_matched"], "label": "B", "round": 1, "block": 2, "sample": 1, "ms": 13.95366382598877}
{"event": "sample", "n": 1024, "pair": ["ours_runtime", "ours_exact_matched"], "label": "B", "round": 1, "block": 2, "sample": 2, "ms": 13.956671714782715}
{"event": "sample", "n": 1024, "pair": ["ours_runtime", "ours_exact_matched"], "label": "B", "round": 1, "block": 2, "sample": 3, "ms": 13.954879760742188}
{"event": "sample", "n": 1024, "pair": ["ours_runtime", "ours_exact_matched"], "label": "B", "round": 1, "block": 2, "sample": 4, "ms": 13.956031799316406}
{"event": "sample", "n": 1024, "pair": ["ours_runtime", "ours_exact_matched"], "label": "B", "round": 1, "block": 2, "sample": 5, "ms": 13.95263957977295}
{"event": "sample", "n": 1024, "pair": ["ours_runtime", "ours_exact_matched"], "label": "B", "round": 1, "block": 2, "sample": 6, "ms": 13.954751968383789}
{"event": "sample", "n": 1024, "pair": ["ours_runtime", "ours_exact_matched"], "label": "B", "round": 1, "block": 2, "sample": 7, "ms": 13.955231666564941}
{"event": "sample", "n": 1024, "pair": ["ours_runtime", "ours_exact_matched"], "label": "B", "round": 1, "block": 2, "sample": 8, "ms": 13.953184127807617}
{"event": "sample", "n": 1024, "pair": ["ours_runtime", "ours_exact_matched"], "label": "B", "round": 1, "block": 2, "sample": 9, "ms": 13.95571231842041}
{"event": "sample", "n": 1024, "pair": ["ours_runtime", "ours_exact_matched"], "label": "A", "round": 1, "block": 3, "sample": 0, "ms": 15.099616050720215}
{"event": "sample", "n": 1024, "pair": ["ours_runtime", "ours_exact_matched"], "label": "A", "round": 1, "block": 3, "sample": 1, "ms": 14.927840232849121}
{"event": "sample", "n": 1024, "pair": ["ours_runtime", "ours_exact_matched"], "label": "A", "round": 1, "block": 3, "sample": 2, "ms": 14.92959976196289}
{"event": "sample", "n": 1024, "pair": ["ours_runtime", "ours_exact_matched"], "label": "A", "round": 1, "block": 3, "sample": 3, "ms": 14.927200317382812}
{"event": "sample", "n": 1024, "pair": ["ours_runtime", "ours_exact_matched"], "label": "A", "round": 1, "block": 3, "sample": 4, "ms": 14.926912307739258}
{"event": "sample", "n": 1024, "pair": ["ours_runtime", "ours_exact_matched"], "label": "A", "round": 1, "block": 3, "sample": 5, "ms": 14.932479858398438}
{"event": "sample", "n": 1024, "pair": ["ours_runtime", "ours_exact_matched"], "label": "A", "round": 1, "block": 3, "sample": 6, "ms": 14.927167892456055}
{"event": "sample", "n": 1024, "pair": ["ours_runtime", "ours_exact_matched"], "label": "A", "round": 1, "block": 3, "sample": 7, "ms": 14.925919532775879}
{"event": "sample", "n": 1024, "pair": ["ours_runtime", "ours_exact_matched"], "label": "A", "round": 1, "block": 3, "sample": 8, "ms": 14.925472259521484}
{"event": "sample", "n": 1024, "pair": ["ours_runtime", "ours_exact_matched"], "label": "A", "round": 1, "block": 3, "sample": 9, "ms": 14.930208206176758}
{"event": "sample", "n": 1024, "pair": ["ours_runtime", "ours_exact_matched"], "label": "A", "round": 2, "block": 0, "sample": 0, "ms": 15.093952178955078}
{"event": "sample", "n": 1024, "pair": ["ours_runtime", "ours_exact_matched"], "label": "A", "round": 2, "block": 0, "sample": 1, "ms": 14.963071823120117}
{"event": "sample", "n": 1024, "pair": ["ours_runtime", "ours_exact_matched"], "label": "A", "round": 2, "block": 0, "sample": 2, "ms": 14.954079627990723}
{"event": "sample", "n": 1024, "pair": ["ours_runtime", "ours_exact_matched"], "label": "A", "round": 2, "block": 0, "sample": 3, "ms": 14.956512451171875}
{"event": "sample", "n": 1024, "pair": ["ours_runtime", "ours_exact_matched"], "label": "A", "round": 2, "block": 0, "sample": 4, "ms": 14.955743789672852}
{"event": "sample", "n": 1024, "pair": ["ours_runtime", "ours_exact_matched"], "label": "A", "round": 2, "block": 0, "sample": 5, "ms": 14.955648422241211}
{"event": "sample", "n": 1024, "pair": ["ours_runtime", "ours_exact_matched"], "label": "A", "round": 2, "block": 0, "sample": 6, "ms": 14.95695972442627}
{"event": "sample", "n": 1024, "pair": ["ours_runtime", "ours_exact_matched"], "label": "A", "round": 2, "block": 0, "sample": 7, "ms": 14.936256408691406}
{"event": "sample", "n": 1024, "pair": ["ours_runtime", "ours_exact_matched"], "label": "A", "round": 2, "block": 0, "sample": 8, "ms": 14.928607940673828}
{"event": "sample", "n": 1024, "pair": ["ours_runtime", "ours_exact_matched"], "label": "A", "round": 2, "block": 0, "sample": 9, "ms": 14.927871704101562}
{"event": "sample", "n": 1024, "pair": ["ours_runtime", "ours_exact_matched"], "label": "B", "round": 2, "block": 1, "sample": 0, "ms": 14.077152252197266}
{"event": "sample", "n": 1024, "pair": ["ours_runtime", "ours_exact_matched"], "label": "B", "round": 2, "block": 1, "sample": 1, "ms": 13.95580768585205}
{"event": "sample", "n": 1024, "pair": ["ours_runtime", "ours_exact_matched"], "label": "B", "round": 2, "block": 1, "sample": 2, "ms": 13.955167770385742}
{"event": "sample", "n": 1024, "pair": ["ours_runtime", "ours_exact_matched"], "label": "B", "round": 2, "block": 1, "sample": 3, "ms": 13.95299243927002}
{"event": "sample", "n": 1024, "pair": ["ours_runtime", "ours_exact_matched"], "label": "B", "round": 2, "block": 1, "sample": 4, "ms": 13.952544212341309}
{"event": "sample", "n": 1024, "pair": ["ours_runtime", "ours_exact_matched"], "label": "B", "round": 2, "block": 1, "sample": 5, "ms": 13.953439712524414}
{"event": "sample", "n": 1024, "pair": ["ours_runtime", "ours_exact_matched"], "label": "B", "round": 2, "block": 1, "sample": 6, "ms": 13.952768325805664}
{"event": "sample", "n": 1024, "pair": ["ours_runtime", "ours_exact_matched"], "label": "B", "round": 2, "block": 1, "sample": 7, "ms": 13.952927589416504}
{"event": "sample", "n": 1024, "pair": ["ours_runtime", "ours_exact_matched"], "label": "B", "round": 2, "block": 1, "sample": 8, "ms": 13.954655647277832}
{"event": "sample", "n": 1024, "pair": ["ours_runtime", "ours_exact_matched"], "label": "B", "round": 2, "block": 1, "sample": 9, "ms": 13.95571231842041}
{"event": "sample", "n": 1024, "pair": ["ours_runtime", "ours_exact_matched"], "label": "B", "round": 2, "block": 2, "sample": 0, "ms": 14.05078411102295}
{"event": "sample", "n": 1024, "pair": ["ours_runtime", "ours_exact_matched"], "label": "B", "round": 2, "block": 2, "sample": 1, "ms": 13.952447891235352}
{"event": "sample", "n": 1024, "pair": ["ours_runtime", "ours_exact_matched"], "label": "B", "round": 2, "block": 2, "sample": 2, "ms": 13.95206356048584}
{"event": "sample", "n": 1024, "pair": ["ours_runtime", "ours_exact_matched"], "label": "B", "round": 2, "block": 2, "sample": 3, "ms": 13.955455780029297}
{"event": "sample", "n": 1024, "pair": ["ours_runtime", "ours_exact_matched"], "label": "B", "round": 2, "block": 2, "sample": 4, "ms": 13.954751968383789}
{"event": "sample", "n": 1024, "pair": ["ours_runtime", "ours_exact_matched"], "label": "B", "round": 2, "block": 2, "sample": 5, "ms": 13.953887939453125}
{"event": "sample", "n": 1024, "pair": ["ours_runtime", "ours_exact_matched"], "label": "B", "round": 2, "block": 2, "sample": 6, "ms": 13.9519681930542}
{"event": "sample", "n": 1024, "pair": ["ours_runtime", "ours_exact_matched"], "label": "B", "round": 2, "block": 2, "sample": 7, "ms": 13.955231666564941}
{"event": "sample", "n": 1024, "pair": ["ours_runtime", "ours_exact_matched"], "label": "B", "round": 2, "block": 2, "sample": 8, "ms": 13.952832221984863}
{"event": "sample", "n": 1024, "pair": ["ours_runtime", "ours_exact_matched"], "label": "B", "round": 2, "block": 2, "sample": 9, "ms": 13.954879760742188}
{"event": "sample", "n": 1024, "pair": ["ours_runtime", "ours_exact_matched"], "label": "A", "round": 2, "block": 3, "sample": 0, "ms": 15.049280166625977}
{"event": "sample", "n": 1024, "pair": ["ours_runtime", "ours_exact_matched"], "label": "A", "round": 2, "block": 3, "sample": 1, "ms": 14.9268798828125}
{"event": "sample", "n": 1024, "pair": ["ours_runtime", "ours_exact_matched"], "label": "A", "round": 2, "block": 3, "sample": 2, "ms": 14.926976203918457}
{"event": "sample", "n": 1024, "pair": ["ours_runtime", "ours_exact_matched"], "label": "A", "round": 2, "block": 3, "sample": 3, "ms": 14.928863525390625}
{"event": "sample", "n": 1024, "pair": ["ours_runtime", "ours_exact_matched"], "label": "A", "round": 2, "block": 3, "sample": 4, "ms": 14.9269437789917}
{"event": "sample", "n": 1024, "pair": ["ours_runtime", "ours_exact_matched"], "label": "A", "round": 2, "block": 3, "sample": 5, "ms": 14.929632186889648}
{"event": "sample", "n": 1024, "pair": ["ours_runtime", "ours_exact_matched"], "label": "A", "round": 2, "block": 3, "sample": 6, "ms": 14.923359870910645}
{"event": "sample", "n": 1024, "pair": ["ours_runtime", "ours_exact_matched"], "label": "A", "round": 2, "block": 3, "sample": 7, "ms": 14.930303573608398}
{"event": "sample", "n": 1024, "pair": ["ours_runtime", "ours_exact_matched"], "label": "A", "round": 2, "block": 3, "sample": 8, "ms": 14.930591583251953}
{"event": "sample", "n": 1024, "pair": ["ours_runtime", "ours_exact_matched"], "label": "A", "round": 2, "block": 3, "sample": 9, "ms": 14.923839569091797}
{"event": "summary", "n": 1024, "pair": ["ours_runtime", "ours_exact_matched"], "median_ms": {"ours_runtime": 14.929391860961914, "ours_exact_matched": 13.955023765563965}, "a_over_b": 1.0698220305294173, "samples_per_label": 60}
{"event": "complete"}
