{"event": "environment", "args": {"shapes": "512,800,1024", "dtype": "bf16", "batch": 1, "heads": 8, "dim": 32, "rounds": 3, "samples": 10, "warmup": 3, "baseline": "original", "candidate": "low-memory", "chunk_i": 128, "noncontiguous_do": false, "modes": "forward,backward,forward_backward"}, "torch": "2.13.0a0+9186a08b2c.nv26.07", "triton": "3.7.1", "gpu": "NVIDIA H20-3e", "capability": [9, 0], "revision": "5f1d93b34ca9f1da8ab034e707e7b01df2df7ff3", "sources": {"scripts/bench_fused.py": "92e5d0f74278b4fd329c2d07e2651f4c39152ed9b9fa79e1696ad75b27a1a5a8", "src/trifast/__init__.py": "7991e4899fe05dabd35c0ba453c516f9a22a7f1b7d7b6937441d202bf1fc8caf", "src/trifast/_fused_backward.py": "fdcd722a80b298d3700833946c8b16ff6ed8a70db2046768e44df2cc8d4df0e8", "src/trifast/_fused_chunked.py": "07bb4debb8a37943bbd89aeac8e632b27481d5d8982722428b97f7eb26a2095d", "src/trifast/_fused_dispatch.py": "3b3378a917455e066f42e43d07fa34eeaef7330a1e82cf020f9a7bb47cb95cfa", "src/trifast/_fused_forward.py": "a44e96aa9c3a82c6cbe330b1edbe707be1a89e1591b96e0e18bdec4d9a9a0113", "src/trifast/_fused_forward_tma.py": "fc79ea6512d52091bf053630c0023424868499ef8286c266747a9befe860deb2", "src/trifast/autotune.py": "0909cf562b06259aae34986a5d826e4c8fb2860816689b6b6ba56be3a44595b9", "src/trifast/autotune_helpers.py": "8bfc1a3c2ec06c001188766b6231523cb767466c22d6fbcae2089f2a410e9b9a", "src/trifast/equiv.py": "d8b293f80a605d4912704ae35e9b60b8dbe18c83e81c8be85657afc58a197097", "src/trifast/fused_api.py": "474ad68aecc5e4d29ced3daee8b88dee021dde75335c4ceb459a58463a723343", "src/trifast/fused_low_memory_api.py": "3f4d3035d569d4717951ca6651f1af01d448c461a933d4d6d4933cdf01c1e92e", "src/trifast/torch.py": "ccbd6dabc51f89132b4f0ce17506376a83484a5430f210b5bd7b23ef02641d72", "src/trifast/triton.py": "e71e3f7493e10235efd9b4a63ba5e4940f8e27bd84b5959d51dda2964e1849a9", "src/trifast/tune.py": "e960cf5e0074c8481211d754d8db24831b6b7d9f75fcab589b7bbe73c361e132", "src/trifast/utils.py": "59be46971a782cae0ade81747b553ce7b4669879890d023e0caf0f3852dcf212"}, "labels": {"A": "original", "B": "low-memory"}, "mask_probability": 0.2, "timing": "CUDA event per iteration; warm ABBA; no CUDA graphs"}
{"event": "parity", "n": 512, "checks": {"output": {"relative_l2": 0.0, "baseline_zero_max_abs_diagnostic": 0.0, "passed": true}, "dq": {"relative_l2": 5.1526250899769366e-05, "baseline_zero_max_abs_diagnostic": 0.0, "passed": true}, "dk": {"relative_l2": 0.0, "baseline_zero_max_abs_diagnostic": 0.0, "passed": true}, "dv": {"relative_l2": 0.0, "baseline_zero_max_abs_diagnostic": 0.0, "passed": true}, "db": {"relative_l2": 1.3069316992186941e-05, "baseline_zero_max_abs_diagnostic": 0.0, "passed": true}}, "independent_reference": false}
{"event": "memory", "n": 512, "measurements": {"A": {"peak_increment_bytes": 591659008, "retained_increment_bytes": 541065216}, "B": {"peak_increment_bytes": 642269184, "retained_increment_bytes": 541065216}}}
{"event": "sample", "n": 512, "mode": "forward", "round": 0, "block": 0, "label": "A", "sample": 0, "ms": 1.7620160579681396}
{"event": "sample", "n": 512, "mode": "forward", "round": 0, "block": 0, "label": "A", "sample": 1, "ms": 1.490015983581543}
{"event": "sample", "n": 512, "mode": "forward", "round": 0, "block": 0, "label": "A", "sample": 2, "ms": 1.4919359683990479}
{"event": "sample", "n": 512, "mode": "forward", "round": 0, "block": 0, "label": "A", "sample": 3, "ms": 1.4915519952774048}
{"event": "sample", "n": 512, "mode": "forward", "round": 0, "block": 0, "label": "A", "sample": 4, "ms": 1.4911359548568726}
{"event": "sample", "n": 512, "mode": "forward", "round": 0, "block": 0, "label": "A", "sample": 5, "ms": 1.492095947265625}
{"event": "sample", "n": 512, "mode": "forward", "round": 0, "block": 0, "label": "A", "sample": 6, "ms": 1.492959976196289}
{"event": "sample", "n": 512, "mode": "forward", "round": 0, "block": 0, "label": "A", "sample": 7, "ms": 1.4922879934310913}
{"event": "sample", "n": 512, "mode": "forward", "round": 0, "block": 0, "label": "A", "sample": 8, "ms": 1.4920320510864258}
{"event": "sample", "n": 512, "mode": "forward", "round": 0, "block": 0, "label": "A", "sample": 9, "ms": 1.4925119876861572}
{"event": "sample", "n": 512, "mode": "forward", "round": 0, "block": 1, "label": "B", "sample": 0, "ms": 1.8286399841308594}
{"event": "sample", "n": 512, "mode": "forward", "round": 0, "block": 1, "label": "B", "sample": 1, "ms": 1.443519949913025}
{"event": "sample", "n": 512, "mode": "forward", "round": 0, "block": 1, "label": "B", "sample": 2, "ms": 1.443519949913025}
{"event": "sample", "n": 512, "mode": "forward", "round": 0, "block": 1, "label": "B", "sample": 3, "ms": 1.4447040557861328}
{"event": "sample", "n": 512, "mode": "forward", "round": 0, "block": 1, "label": "B", "sample": 4, "ms": 1.4439680576324463}
{"event": "sample", "n": 512, "mode": "forward", "round": 0, "block": 1, "label": "B", "sample": 5, "ms": 1.4444479942321777}
{"event": "sample", "n": 512, "mode": "forward", "round": 0, "block": 1, "label": "B", "sample": 6, "ms": 1.4438719749450684}
{"event": "sample", "n": 512, "mode": "forward", "round": 0, "block": 1, "label": "B", "sample": 7, "ms": 1.4445760250091553}
{"event": "sample", "n": 512, "mode": "forward", "round": 0, "block": 1, "label": "B", "sample": 8, "ms": 1.4437439441680908}
{"event": "sample", "n": 512, "mode": "forward", "round": 0, "block": 1, "label": "B", "sample": 9, "ms": 1.4442559480667114}
{"event": "sample", "n": 512, "mode": "forward", "round": 0, "block": 2, "label": "B", "sample": 0, "ms": 1.7951359748840332}
{"event": "sample", "n": 512, "mode": "forward", "round": 0, "block": 2, "label": "B", "sample": 1, "ms": 1.442463994026184}
{"event": "sample", "n": 512, "mode": "forward", "round": 0, "block": 2, "label": "B", "sample": 2, "ms": 1.4410560131072998}
{"event": "sample", "n": 512, "mode": "forward", "round": 0, "block": 2, "label": "B", "sample": 3, "ms": 1.4420479536056519}
{"event": "sample", "n": 512, "mode": "forward", "round": 0, "block": 2, "label": "B", "sample": 4, "ms": 1.4421119689941406}
{"event": "sample", "n": 512, "mode": "forward", "round": 0, "block": 2, "label": "B", "sample": 5, "ms": 1.4425280094146729}
{"event": "sample", "n": 512, "mode": "forward", "round": 0, "block": 2, "label": "B", "sample": 6, "ms": 1.4426239728927612}
{"event": "sample", "n": 512, "mode": "forward", "round": 0, "block": 2, "label": "B", "sample": 7, "ms": 1.4422399997711182}
{"event": "sample", "n": 512, "mode": "forward", "round": 0, "block": 2, "label": "B", "sample": 8, "ms": 1.4425280094146729}
{"event": "sample", "n": 512, "mode": "forward", "round": 0, "block": 2, "label": "B", "sample": 9, "ms": 1.4428479671478271}
{"event": "sample", "n": 512, "mode": "forward", "round": 0, "block": 3, "label": "A", "sample": 0, "ms": 1.7711999416351318}
{"event": "sample", "n": 512, "mode": "forward", "round": 0, "block": 3, "label": "A", "sample": 1, "ms": 1.4870719909667969}
{"event": "sample", "n": 512, "mode": "forward", "round": 0, "block": 3, "label": "A", "sample": 2, "ms": 1.4913280010223389}
{"event": "sample", "n": 512, "mode": "forward", "round": 0, "block": 3, "label": "A", "sample": 3, "ms": 1.4904320240020752}
{"event": "sample", "n": 512, "mode": "forward", "round": 0, "block": 3, "label": "A", "sample": 4, "ms": 1.4895360469818115}
{"event": "sample", "n": 512, "mode": "forward", "round": 0, "block": 3, "label": "A", "sample": 5, "ms": 1.4905600547790527}
{"event": "sample", "n": 512, "mode": "forward", "round": 0, "block": 3, "label": "A", "sample": 6, "ms": 1.4903359413146973}
{"event": "sample", "n": 512, "mode": "forward", "round": 0, "block": 3, "label": "A", "sample": 7, "ms": 1.4895679950714111}
{"event": "sample", "n": 512, "mode": "forward", "round": 0, "block": 3, "label": "A", "sample": 8, "ms": 1.4897279739379883}
{"event": "sample", "n": 512, "mode": "forward", "round": 0, "block": 3, "label": "A", "sample": 9, "ms": 1.4899840354919434}
{"event": "sample", "n": 512, "mode": "forward", "round": 1, "block": 0, "label": "A", "sample": 0, "ms": 1.7973120212554932}
{"event": "sample", "n": 512, "mode": "forward", "round": 1, "block": 0, "label": "A", "sample": 1, "ms": 1.4872959852218628}
{"event": "sample", "n": 512, "mode": "forward", "round": 1, "block": 0, "label": "A", "sample": 2, "ms": 1.4901119470596313}
{"event": "sample", "n": 512, "mode": "forward", "round": 1, "block": 0, "label": "A", "sample": 3, "ms": 1.4904639720916748}
{"event": "sample", "n": 512, "mode": "forward", "round": 1, "block": 0, "label": "A", "sample": 4, "ms": 1.4887360334396362}
{"event": "sample", "n": 512, "mode": "forward", "round": 1, "block": 0, "label": "A", "sample": 5, "ms": 1.4897279739379883}
{"event": "sample", "n": 512, "mode": "forward", "round": 1, "block": 0, "label": "A", "sample": 6, "ms": 1.4904320240020752}
{"event": "sample", "n": 512, "mode": "forward", "round": 1, "block": 0, "label": "A", "sample": 7, "ms": 1.490272045135498}
{"event": "sample", "n": 512, "mode": "forward", "round": 1, "block": 0, "label": "A", "sample": 8, "ms": 1.4893440008163452}
{"event": "sample", "n": 512, "mode": "forward", "round": 1, "block": 0, "label": "A", "sample": 9, "ms": 1.4900480508804321}
{"event": "sample", "n": 512, "mode": "forward", "round": 1, "block": 1, "label": "B", "sample": 0, "ms": 1.8208320140838623}
{"event": "sample", "n": 512, "mode": "forward", "round": 1, "block": 1, "label": "B", "sample": 1, "ms": 1.4415680170059204}
{"event": "sample", "n": 512, "mode": "forward", "round": 1, "block": 1, "label": "B", "sample": 2, "ms": 1.4414080381393433}
{"event": "sample", "n": 512, "mode": "forward", "round": 1, "block": 1, "label": "B", "sample": 3, "ms": 1.4425599575042725}
{"event": "sample", "n": 512, "mode": "forward", "round": 1, "block": 1, "label": "B", "sample": 4, "ms": 1.4419840574264526}
{"event": "sample", "n": 512, "mode": "forward", "round": 1, "block": 1, "label": "B", "sample": 5, "ms": 1.4419200420379639}
{"event": "sample", "n": 512, "mode": "forward", "round": 1, "block": 1, "label": "B", "sample": 6, "ms": 1.4431999921798706}
{"event": "sample", "n": 512, "mode": "forward", "round": 1, "block": 1, "label": "B", "sample": 7, "ms": 1.441856026649475}
{"event": "sample", "n": 512, "mode": "forward", "round": 1, "block": 1, "label": "B", "sample": 8, "ms": 1.4420479536056519}
{"event": "sample", "n": 512, "mode": "forward", "round": 1, "block": 1, "label": "B", "sample": 9, "ms": 1.4425920248031616}
{"event": "sample", "n": 512, "mode": "forward", "round": 1, "block": 2, "label": "B", "sample": 0, "ms": 1.7768000364303589}
{"event": "sample", "n": 512, "mode": "forward", "round": 1, "block": 2, "label": "B", "sample": 1, "ms": 1.4414080381393433}
{"event": "sample", "n": 512, "mode": "forward", "round": 1, "block": 2, "label": "B", "sample": 2, "ms": 1.441472053527832}
{"event": "sample", "n": 512, "mode": "forward", "round": 1, "block": 2, "label": "B", "sample": 3, "ms": 1.442463994026184}
{"event": "sample", "n": 512, "mode": "forward", "round": 1, "block": 2, "label": "B", "sample": 4, "ms": 1.4416639804840088}
{"event": "sample", "n": 512, "mode": "forward", "round": 1, "block": 2, "label": "B", "sample": 5, "ms": 1.4418879747390747}
{"event": "sample", "n": 512, "mode": "forward", "round": 1, "block": 2, "label": "B", "sample": 6, "ms": 1.441823959350586}
{"event": "sample", "n": 512, "mode": "forward", "round": 1, "block": 2, "label": "B", "sample": 7, "ms": 1.4425599575042725}
{"event": "sample", "n": 512, "mode": "forward", "round": 1, "block": 2, "label": "B", "sample": 8, "ms": 1.4419200420379639}
{"event": "sample", "n": 512, "mode": "forward", "round": 1, "block": 2, "label": "B", "sample": 9, "ms": 1.442463994026184}
{"event": "sample", "n": 512, "mode": "forward", "round": 1, "block": 3, "label": "A", "sample": 0, "ms": 1.763200044631958}
{"event": "sample", "n": 512, "mode": "forward", "round": 1, "block": 3, "label": "A", "sample": 1, "ms": 1.486624002456665}
{"event": "sample", "n": 512, "mode": "forward", "round": 1, "block": 3, "label": "A", "sample": 2, "ms": 1.4898240566253662}
{"event": "sample", "n": 512, "mode": "forward", "round": 1, "block": 3, "label": "A", "sample": 3, "ms": 1.4899519681930542}
{"event": "sample", "n": 512, "mode": "forward", "round": 1, "block": 3, "label": "A", "sample": 4, "ms": 1.4894720315933228}
{"event": "sample", "n": 512, "mode": "forward", "round": 1, "block": 3, "label": "A", "sample": 5, "ms": 1.489791989326477}
{"event": "sample", "n": 512, "mode": "forward", "round": 1, "block": 3, "label": "A", "sample": 6, "ms": 1.490623950958252}
{"event": "sample", "n": 512, "mode": "forward", "round": 1, "block": 3, "label": "A", "sample": 7, "ms": 1.4903039932250977}
{"event": "sample", "n": 512, "mode": "forward", "round": 1, "block": 3, "label": "A", "sample": 8, "ms": 1.4897600412368774}
{"event": "sample", "n": 512, "mode": "forward", "round": 1, "block": 3, "label": "A", "sample": 9, "ms": 1.4895679950714111}
{"event": "sample", "n": 512, "mode": "forward", "round": 2, "block": 0, "label": "A", "sample": 0, "ms": 1.780959963798523}
{"event": "sample", "n": 512, "mode": "forward", "round": 2, "block": 0, "label": "A", "sample": 1, "ms": 1.487615942955017}
{"event": "sample", "n": 512, "mode": "forward", "round": 2, "block": 0, "label": "A", "sample": 2, "ms": 1.4892799854278564}
{"event": "sample", "n": 512, "mode": "forward", "round": 2, "block": 0, "label": "A", "sample": 3, "ms": 1.4897279739379883}
{"event": "sample", "n": 512, "mode": "forward", "round": 2, "block": 0, "label": "A", "sample": 4, "ms": 1.4909759759902954}
{"event": "sample", "n": 512, "mode": "forward", "round": 2, "block": 0, "label": "A", "sample": 5, "ms": 1.4926400184631348}
{"event": "sample", "n": 512, "mode": "forward", "round": 2, "block": 0, "label": "A", "sample": 6, "ms": 1.492319941520691}
{"event": "sample", "n": 512, "mode": "forward", "round": 2, "block": 0, "label": "A", "sample": 7, "ms": 1.4915200471878052}
{"event": "sample", "n": 512, "mode": "forward", "round": 2, "block": 0, "label": "A", "sample": 8, "ms": 1.4916800260543823}
{"event": "sample", "n": 512, "mode": "forward", "round": 2, "block": 0, "label": "A", "sample": 9, "ms": 1.492319941520691}
{"event": "sample", "n": 512, "mode": "forward", "round": 2, "block": 1, "label": "B", "sample": 0, "ms": 1.8093760013580322}
{"event": "sample", "n": 512, "mode": "forward", "round": 2, "block": 1, "label": "B", "sample": 1, "ms": 1.4437119960784912}
{"event": "sample", "n": 512, "mode": "forward", "round": 2, "block": 1, "label": "B", "sample": 2, "ms": 1.4436479806900024}
{"event": "sample", "n": 512, "mode": "forward", "round": 2, "block": 1, "label": "B", "sample": 3, "ms": 1.4454079866409302}
{"event": "sample", "n": 512, "mode": "forward", "round": 2, "block": 1, "label": "B", "sample": 4, "ms": 1.4435839653015137}
{"event": "sample", "n": 512, "mode": "forward", "round": 2, "block": 1, "label": "B", "sample": 5, "ms": 1.444000005722046}
{"event": "sample", "n": 512, "mode": "forward", "round": 2, "block": 1, "label": "B", "sample": 6, "ms": 1.4436800479888916}
{"event": "sample", "n": 512, "mode": "forward", "round": 2, "block": 1, "label": "B", "sample": 7, "ms": 1.4442880153656006}
{"event": "sample", "n": 512, "mode": "forward", "round": 2, "block": 1, "label": "B", "sample": 8, "ms": 1.4434560537338257}
{"event": "sample", "n": 512, "mode": "forward", "round": 2, "block": 1, "label": "B", "sample": 9, "ms": 1.4448959827423096}
{"event": "sample", "n": 512, "mode": "forward", "round": 2, "block": 2, "label": "B", "sample": 0, "ms": 1.7878079414367676}
{"event": "sample", "n": 512, "mode": "forward", "round": 2, "block": 2, "label": "B", "sample": 1, "ms": 1.4439680576324463}
{"event": "sample", "n": 512, "mode": "forward", "round": 2, "block": 2, "label": "B", "sample": 2, "ms": 1.4431040287017822}
{"event": "sample", "n": 512, "mode": "forward", "round": 2, "block": 2, "label": "B", "sample": 3, "ms": 1.4442239999771118}
{"event": "sample", "n": 512, "mode": "forward", "round": 2, "block": 2, "label": "B", "sample": 4, "ms": 1.4439680576324463}
{"event": "sample", "n": 512, "mode": "forward", "round": 2, "block": 2, "label": "B", "sample": 5, "ms": 1.444383978843689}
{"event": "sample", "n": 512, "mode": "forward", "round": 2, "block": 2, "label": "B", "sample": 6, "ms": 1.4439680576324463}
{"event": "sample", "n": 512, "mode": "forward", "round": 2, "block": 2, "label": "B", "sample": 7, "ms": 1.4442880153656006}
{"event": "sample", "n": 512, "mode": "forward", "round": 2, "block": 2, "label": "B", "sample": 8, "ms": 1.4440640211105347}
{"event": "sample", "n": 512, "mode": "forward", "round": 2, "block": 2, "label": "B", "sample": 9, "ms": 1.444000005722046}
{"event": "sample", "n": 512, "mode": "forward", "round": 2, "block": 3, "label": "A", "sample": 0, "ms": 1.777184009552002}
{"event": "sample", "n": 512, "mode": "forward", "round": 2, "block": 3, "label": "A", "sample": 1, "ms": 1.489791989326477}
{"event": "sample", "n": 512, "mode": "forward", "round": 2, "block": 3, "label": "A", "sample": 2, "ms": 1.492576003074646}
{"event": "sample", "n": 512, "mode": "forward", "round": 2, "block": 3, "label": "A", "sample": 3, "ms": 1.491711974143982}
{"event": "sample", "n": 512, "mode": "forward", "round": 2, "block": 3, "label": "A", "sample": 4, "ms": 1.4916479587554932}
{"event": "sample", "n": 512, "mode": "forward", "round": 2, "block": 3, "label": "A", "sample": 5, "ms": 1.4924160242080688}
{"event": "sample", "n": 512, "mode": "forward", "round": 2, "block": 3, "label": "A", "sample": 6, "ms": 1.4925440549850464}
{"event": "sample", "n": 512, "mode": "forward", "round": 2, "block": 3, "label": "A", "sample": 7, "ms": 1.4911999702453613}
{"event": "sample", "n": 512, "mode": "forward", "round": 2, "block": 3, "label": "A", "sample": 8, "ms": 1.4914560317993164}
{"event": "sample", "n": 512, "mode": "forward", "round": 2, "block": 3, "label": "A", "sample": 9, "ms": 1.4919040203094482}
{"event": "summary", "n": 512, "mode": "forward", "median_ms": {"A": 1.4905920028686523, "B": 1.443519949913025}, "speedup": 1.0326092153824848, "samples_per_label": 60}
{"event": "sample", "n": 512, "mode": "backward", "round": 0, "block": 0, "label": "A", "sample": 0, "ms": 7.866208076477051}
{"event": "sample", "n": 512, "mode": "backward", "round": 0, "block": 0, "label": "A", "sample": 1, "ms": 7.555776119232178}
{"event": "sample", "n": 512, "mode": "backward", "round": 0, "block": 0, "label": "A", "sample": 2, "ms": 7.557375907897949}
{"event": "sample", "n": 512, "mode": "backward", "round": 0, "block": 0, "label": "A", "sample": 3, "ms": 7.563136100769043}
{"event": "sample", "n": 512, "mode": "backward", "round": 0, "block": 0, "label": "A", "sample": 4, "ms": 7.557888031005859}
{"event": "sample", "n": 512, "mode": "backward", "round": 0, "block": 0, "label": "A", "sample": 5, "ms": 7.554783821105957}
{"event": "sample", "n": 512, "mode": "backward", "round": 0, "block": 0, "label": "A", "sample": 6, "ms": 7.558207988739014}
{"event": "sample", "n": 512, "mode": "backward", "round": 0, "block": 0, "label": "A", "sample": 7, "ms": 7.558432102203369}
{"event": "sample", "n": 512, "mode": "backward", "round": 0, "block": 0, "label": "A", "sample": 8, "ms": 7.55404806137085}
{"event": "sample", "n": 512, "mode": "backward", "round": 0, "block": 0, "label": "A", "sample": 9, "ms": 7.561984062194824}
{"event": "sample", "n": 512, "mode": "backward", "round": 0, "block": 1, "label": "B", "sample": 0, "ms": 5.720736026763916}
{"event": "sample", "n": 512, "mode": "backward", "round": 0, "block": 1, "label": "B", "sample": 1, "ms": 5.559807777404785}
{"event": "sample", "n": 512, "mode": "backward", "round": 0, "block": 1, "label": "B", "sample": 2, "ms": 5.554944038391113}
{"event": "sample", "n": 512, "mode": "backward", "round": 0, "block": 1, "label": "B", "sample": 3, "ms": 5.552800178527832}
{"event": "sample", "n": 512, "mode": "backward", "round": 0, "block": 1, "label": "B", "sample": 4, "ms": 5.559360027313232}
{"event": "sample", "n": 512, "mode": "backward", "round": 0, "block": 1, "label": "B", "sample": 5, "ms": 5.553343772888184}
{"event": "sample", "n": 512, "mode": "backward", "round": 0, "block": 1, "label": "B", "sample": 6, "ms": 5.556640148162842}
{"event": "sample", "n": 512, "mode": "backward", "round": 0, "block": 1, "label": "B", "sample": 7, "ms": 5.561312198638916}
{"event": "sample", "n": 512, "mode": "backward", "round": 0, "block": 1, "label": "B", "sample": 8, "ms": 5.55295991897583}
{"event": "sample", "n": 512, "mode": "backward", "round": 0, "block": 1, "label": "B", "sample": 9, "ms": 5.566976070404053}
{"event": "sample", "n": 512, "mode": "backward", "round": 0, "block": 2, "label": "B", "sample": 0, "ms": 5.68723201751709}
{"event": "sample", "n": 512, "mode": "backward", "round": 0, "block": 2, "label": "B", "sample": 1, "ms": 5.553631782531738}
{"event": "sample", "n": 512, "mode": "backward", "round": 0, "block": 2, "label": "B", "sample": 2, "ms": 5.5597758293151855}
{"event": "sample", "n": 512, "mode": "backward", "round": 0, "block": 2, "label": "B", "sample": 3, "ms": 5.552671909332275}
{"event": "sample", "n": 512, "mode": "backward", "round": 0, "block": 2, "label": "B", "sample": 4, "ms": 5.55020809173584}
{"event": "sample", "n": 512, "mode": "backward", "round": 0, "block": 2, "label": "B", "sample": 5, "ms": 5.563424110412598}
{"event": "sample", "n": 512, "mode": "backward", "round": 0, "block": 2, "label": "B", "sample": 6, "ms": 5.568575859069824}
{"event": "sample", "n": 512, "mode": "backward", "round": 0, "block": 2, "label": "B", "sample": 7, "ms": 5.564032077789307}
{"event": "sample", "n": 512, "mode": "backward", "round": 0, "block": 2, "label": "B", "sample": 8, "ms": 5.557055950164795}
{"event": "sample", "n": 512, "mode": "backward", "round": 0, "block": 2, "label": "B", "sample": 9, "ms": 5.548672199249268}
{"event": "sample", "n": 512, "mode": "backward", "round": 0, "block": 3, "label": "A", "sample": 0, "ms": 7.8546881675720215}
{"event": "sample", "n": 512, "mode": "backward", "round": 0, "block": 3, "label": "A", "sample": 1, "ms": 7.547488212585449}
{"event": "sample", "n": 512, "mode": "backward", "round": 0, "block": 3, "label": "A", "sample": 2, "ms": 7.543360233306885}
{"event": "sample", "n": 512, "mode": "backward", "round": 0, "block": 3, "label": "A", "sample": 3, "ms": 7.5489277839660645}
{"event": "sample", "n": 512, "mode": "backward", "round": 0, "block": 3, "label": "A", "sample": 4, "ms": 7.544191837310791}
{"event": "sample", "n": 512, "mode": "backward", "round": 0, "block": 3, "label": "A", "sample": 5, "ms": 7.54636812210083}
{"event": "sample", "n": 512, "mode": "backward", "round": 0, "block": 3, "label": "A", "sample": 6, "ms": 7.5471038818359375}
{"event": "sample", "n": 512, "mode": "backward", "round": 0, "block": 3, "label": "A", "sample": 7, "ms": 7.549983978271484}
{"event": "sample", "n": 512, "mode": "backward", "round": 0, "block": 3, "label": "A", "sample": 8, "ms": 7.549568176269531}
{"event": "sample", "n": 512, "mode": "backward", "round": 0, "block": 3, "label": "A", "sample": 9, "ms": 7.549407958984375}
{"event": "sample", "n": 512, "mode": "backward", "round": 1, "block": 0, "label": "A", "sample": 0, "ms": 7.801792144775391}
{"event": "sample", "n": 512, "mode": "backward", "round": 1, "block": 0, "label": "A", "sample": 1, "ms": 7.5472002029418945}
{"event": "sample", "n": 512, "mode": "backward", "round": 1, "block": 0, "label": "A", "sample": 2, "ms": 7.5497918128967285}
{"event": "sample", "n": 512, "mode": "backward", "round": 1, "block": 0, "label": "A", "sample": 3, "ms": 7.547135829925537}
{"event": "sample", "n": 512, "mode": "backward", "round": 1, "block": 0, "label": "A", "sample": 4, "ms": 7.556096076965332}
{"event": "sample", "n": 512, "mode": "backward", "round": 1, "block": 0, "label": "A", "sample": 5, "ms": 7.551263809204102}
{"event": "sample", "n": 512, "mode": "backward", "round": 1, "block": 0, "label": "A", "sample": 6, "ms": 7.56112003326416}
{"event": "sample", "n": 512, "mode": "backward", "round": 1, "block": 0, "label": "A", "sample": 7, "ms": 7.559423923492432}
{"event": "sample", "n": 512, "mode": "backward", "round": 1, "block": 0, "label": "A", "sample": 8, "ms": 7.553279876708984}
{"event": "sample", "n": 512, "mode": "backward", "round": 1, "block": 0, "label": "A", "sample": 9, "ms": 7.559391975402832}
{"event": "sample", "n": 512, "mode": "backward", "round": 1, "block": 1, "label": "B", "sample": 0, "ms": 5.761792182922363}
{"event": "sample", "n": 512, "mode": "backward", "round": 1, "block": 1, "label": "B", "sample": 1, "ms": 5.555103778839111}
{"event": "sample", "n": 512, "mode": "backward", "round": 1, "block": 1, "label": "B", "sample": 2, "ms": 5.553376197814941}
{"event": "sample", "n": 512, "mode": "backward", "round": 1, "block": 1, "label": "B", "sample": 3, "ms": 5.555039882659912}
{"event": "sample", "n": 512, "mode": "backward", "round": 1, "block": 1, "label": "B", "sample": 4, "ms": 5.560927867889404}
{"event": "sample", "n": 512, "mode": "backward", "round": 1, "block": 1, "label": "B", "sample": 5, "ms": 5.55244779586792}
{"event": "sample", "n": 512, "mode": "backward", "round": 1, "block": 1, "label": "B", "sample": 6, "ms": 5.556704044342041}
{"event": "sample", "n": 512, "mode": "backward", "round": 1, "block": 1, "label": "B", "sample": 7, "ms": 5.557919979095459}
{"event": "sample", "n": 512, "mode": "backward", "round": 1, "block": 1, "label": "B", "sample": 8, "ms": 5.5581440925598145}
{"event": "sample", "n": 512, "mode": "backward", "round": 1, "block": 1, "label": "B", "sample": 9, "ms": 5.5608320236206055}
{"event": "sample", "n": 512, "mode": "backward", "round": 1, "block": 2, "label": "B", "sample": 0, "ms": 5.677567958831787}
{"event": "sample", "n": 512, "mode": "backward", "round": 1, "block": 2, "label": "B", "sample": 1, "ms": 5.545184135437012}
{"event": "sample", "n": 512, "mode": "backward", "round": 1, "block": 2, "label": "B", "sample": 2, "ms": 5.555295944213867}
{"event": "sample", "n": 512, "mode": "backward", "round": 1, "block": 2, "label": "B", "sample": 3, "ms": 5.547776222229004}
{"event": "sample", "n": 512, "mode": "backward", "round": 1, "block": 2, "label": "B", "sample": 4, "ms": 5.547872066497803}
{"event": "sample", "n": 512, "mode": "backward", "round": 1, "block": 2, "label": "B", "sample": 5, "ms": 5.544896125793457}
{"event": "sample", "n": 512, "mode": "backward", "round": 1, "block": 2, "label": "B", "sample": 6, "ms": 5.554783821105957}
{"event": "sample", "n": 512, "mode": "backward", "round": 1, "block": 2, "label": "B", "sample": 7, "ms": 5.5517120361328125}
{"event": "sample", "n": 512, "mode": "backward", "round": 1, "block": 2, "label": "B", "sample": 8, "ms": 5.540224075317383}
{"event": "sample", "n": 512, "mode": "backward", "round": 1, "block": 2, "label": "B", "sample": 9, "ms": 5.54691219329834}
{"event": "sample", "n": 512, "mode": "backward", "round": 1, "block": 3, "label": "A", "sample": 0, "ms": 7.8394880294799805}
{"event": "sample", "n": 512, "mode": "backward", "round": 1, "block": 3, "label": "A", "sample": 1, "ms": 7.551199913024902}
{"event": "sample", "n": 512, "mode": "backward", "round": 1, "block": 3, "label": "A", "sample": 2, "ms": 7.542272090911865}
{"event": "sample", "n": 512, "mode": "backward", "round": 1, "block": 3, "label": "A", "sample": 3, "ms": 7.542880058288574}
{"event": "sample", "n": 512, "mode": "backward", "round": 1, "block": 3, "label": "A", "sample": 4, "ms": 7.545248031616211}
{"event": "sample", "n": 512, "mode": "backward", "round": 1, "block": 3, "label": "A", "sample": 5, "ms": 7.555871963500977}
{"event": "sample", "n": 512, "mode": "backward", "round": 1, "block": 3, "label": "A", "sample": 6, "ms": 7.555168151855469}
{"event": "sample", "n": 512, "mode": "backward", "round": 1, "block": 3, "label": "A", "sample": 7, "ms": 7.554111957550049}
{"event": "sample", "n": 512, "mode": "backward", "round": 1, "block": 3, "label": "A", "sample": 8, "ms": 7.560863971710205}
{"event": "sample", "n": 512, "mode": "backward", "round": 1, "block": 3, "label": "A", "sample": 9, "ms": 7.563168048858643}
{"event": "sample", "n": 512, "mode": "backward", "round": 2, "block": 0, "label": "A", "sample": 0, "ms": 7.833824157714844}
{"event": "sample", "n": 512, "mode": "backward", "round": 2, "block": 0, "label": "A", "sample": 1, "ms": 7.556447982788086}
{"event": "sample", "n": 512, "mode": "backward", "round": 2, "block": 0, "label": "A", "sample": 2, "ms": 7.556416034698486}
{"event": "sample", "n": 512, "mode": "backward", "round": 2, "block": 0, "label": "A", "sample": 3, "ms": 7.5537919998168945}
{"event": "sample", "n": 512, "mode": "backward", "round": 2, "block": 0, "label": "A", "sample": 4, "ms": 7.554207801818848}
{"event": "sample", "n": 512, "mode": "backward", "round": 2, "block": 0, "label": "A", "sample": 5, "ms": 7.556640148162842}
{"event": "sample", "n": 512, "mode": "backward", "round": 2, "block": 0, "label": "A", "sample": 6, "ms": 7.550432205200195}
{"event": "sample", "n": 512, "mode": "backward", "round": 2, "block": 0, "label": "A", "sample": 7, "ms": 7.559199810028076}
{"event": "sample", "n": 512, "mode": "backward", "round": 2, "block": 0, "label": "A", "sample": 8, "ms": 7.557983875274658}
{"event": "sample", "n": 512, "mode": "backward", "round": 2, "block": 0, "label": "A", "sample": 9, "ms": 7.553952217102051}
{"event": "sample", "n": 512, "mode": "backward", "round": 2, "block": 1, "label": "B", "sample": 0, "ms": 5.740032196044922}
{"event": "sample", "n": 512, "mode": "backward", "round": 2, "block": 1, "label": "B", "sample": 1, "ms": 5.551360130310059}
{"event": "sample", "n": 512, "mode": "backward", "round": 2, "block": 1, "label": "B", "sample": 2, "ms": 5.55836820602417}
{"event": "sample", "n": 512, "mode": "backward", "round": 2, "block": 1, "label": "B", "sample": 3, "ms": 5.561600208282471}
{"event": "sample", "n": 512, "mode": "backward", "round": 2, "block": 1, "label": "B", "sample": 4, "ms": 5.5569281578063965}
{"event": "sample", "n": 512, "mode": "backward", "round": 2, "block": 1, "label": "B", "sample": 5, "ms": 5.553567886352539}
{"event": "sample", "n": 512, "mode": "backward", "round": 2, "block": 1, "label": "B", "sample": 6, "ms": 5.556640148162842}
{"event": "sample", "n": 512, "mode": "backward", "round": 2, "block": 1, "label": "B", "sample": 7, "ms": 5.558207988739014}
{"event": "sample", "n": 512, "mode": "backward", "round": 2, "block": 1, "label": "B", "sample": 8, "ms": 5.552735805511475}
{"event": "sample", "n": 512, "mode": "backward", "round": 2, "block": 1, "label": "B", "sample": 9, "ms": 5.561247825622559}
{"event": "sample", "n": 512, "mode": "backward", "round": 2, "block": 2, "label": "B", "sample": 0, "ms": 5.6802239418029785}
{"event": "sample", "n": 512, "mode": "backward", "round": 2, "block": 2, "label": "B", "sample": 1, "ms": 5.556735992431641}
{"event": "sample", "n": 512, "mode": "backward", "round": 2, "block": 2, "label": "B", "sample": 2, "ms": 5.568927764892578}
{"event": "sample", "n": 512, "mode": "backward", "round": 2, "block": 2, "label": "B", "sample": 3, "ms": 5.5548481941223145}
{"event": "sample", "n": 512, "mode": "backward", "round": 2, "block": 2, "label": "B", "sample": 4, "ms": 5.564064025878906}
{"event": "sample", "n": 512, "mode": "backward", "round": 2, "block": 2, "label": "B", "sample": 5, "ms": 5.550848007202148}
{"event": "sample", "n": 512, "mode": "backward", "round": 2, "block": 2, "label": "B", "sample": 6, "ms": 5.550911903381348}
{"event": "sample", "n": 512, "mode": "backward", "round": 2, "block": 2, "label": "B", "sample": 7, "ms": 5.553599834442139}
{"event": "sample", "n": 512, "mode": "backward", "round": 2, "block": 2, "label": "B", "sample": 8, "ms": 5.554592132568359}
{"event": "sample", "n": 512, "mode": "backward", "round": 2, "block": 2, "label": "B", "sample": 9, "ms": 5.553952217102051}
{"event": "sample", "n": 512, "mode": "backward", "round": 2, "block": 3, "label": "A", "sample": 0, "ms": 7.862880229949951}
{"event": "sample", "n": 512, "mode": "backward", "round": 2, "block": 3, "label": "A", "sample": 1, "ms": 7.555583953857422}
{"event": "sample", "n": 512, "mode": "backward", "round": 2, "block": 3, "label": "A", "sample": 2, "ms": 7.552735805511475}
{"event": "sample", "n": 512, "mode": "backward", "round": 2, "block": 3, "label": "A", "sample": 3, "ms": 7.557631969451904}
{"event": "sample", "n": 512, "mode": "backward", "round": 2, "block": 3, "label": "A", "sample": 4, "ms": 7.551743984222412}
{"event": "sample", "n": 512, "mode": "backward", "round": 2, "block": 3, "label": "A", "sample": 5, "ms": 7.557888031005859}
{"event": "sample", "n": 512, "mode": "backward", "round": 2, "block": 3, "label": "A", "sample": 6, "ms": 7.558591842651367}
{"event": "sample", "n": 512, "mode": "backward", "round": 2, "block": 3, "label": "A", "sample": 7, "ms": 7.555039882659912}
{"event": "sample", "n": 512, "mode": "backward", "round": 2, "block": 3, "label": "A", "sample": 8, "ms": 7.557375907897949}
{"event": "sample", "n": 512, "mode": "backward", "round": 2, "block": 3, "label": "A", "sample": 9, "ms": 7.556960105895996}
{"event": "summary", "n": 512, "mode": "backward", "median_ms": {"A": 7.5556800365448, "B": 5.5559680461883545}, "speedup": 1.3599214347044954, "samples_per_label": 60}
{"event": "sample", "n": 512, "mode": "forward_backward", "round": 0, "block": 0, "label": "A", "sample": 0, "ms": 9.350879669189453}
{"event": "sample", "n": 512, "mode": "forward_backward", "round": 0, "block": 0, "label": "A", "sample": 1, "ms": 9.054976463317871}
{"event": "sample", "n": 512, "mode": "forward_backward", "round": 0, "block": 0, "label": "A", "sample": 2, "ms": 9.04851245880127}
{"event": "sample", "n": 512, "mode": "forward_backward", "round": 0, "block": 0, "label": "A", "sample": 3, "ms": 9.049759864807129}
{"event": "sample", "n": 512, "mode": "forward_backward", "round": 0, "block": 0, "label": "A", "sample": 4, "ms": 9.044672012329102}
{"event": "sample", "n": 512, "mode": "forward_backward", "round": 0, "block": 0, "label": "A", "sample": 5, "ms": 9.066656112670898}
{"event": "sample", "n": 512, "mode": "forward_backward", "round": 0, "block": 0, "label": "A", "sample": 6, "ms": 9.071711540222168}
{"event": "sample", "n": 512, "mode": "forward_backward", "round": 0, "block": 0, "label": "A", "sample": 7, "ms": 9.076191902160645}
{"event": "sample", "n": 512, "mode": "forward_backward", "round": 0, "block": 0, "label": "A", "sample": 8, "ms": 9.068256378173828}
{"event": "sample", "n": 512, "mode": "forward_backward", "round": 0, "block": 0, "label": "A", "sample": 9, "ms": 9.071840286254883}
{"event": "sample", "n": 512, "mode": "forward_backward", "round": 0, "block": 1, "label": "B", "sample": 0, "ms": 7.402080059051514}
{"event": "sample", "n": 512, "mode": "forward_backward", "round": 0, "block": 1, "label": "B", "sample": 1, "ms": 7.01148796081543}
{"event": "sample", "n": 512, "mode": "forward_backward", "round": 0, "block": 1, "label": "B", "sample": 2, "ms": 7.013760089874268}
{"event": "sample", "n": 512, "mode": "forward_backward", "round": 0, "block": 1, "label": "B", "sample": 3, "ms": 7.007967948913574}
{"event": "sample", "n": 512, "mode": "forward_backward", "round": 0, "block": 1, "label": "B", "sample": 4, "ms": 7.002111911773682}
{"event": "sample", "n": 512, "mode": "forward_backward", "round": 0, "block": 1, "label": "B", "sample": 5, "ms": 7.025887966156006}
{"event": "sample", "n": 512, "mode": "forward_backward", "round": 0, "block": 1, "label": "B", "sample": 6, "ms": 7.016831874847412}
{"event": "sample", "n": 512, "mode": "forward_backward", "round": 0, "block": 1, "label": "B", "sample": 7, "ms": 6.997375965118408}
{"event": "sample", "n": 512, "mode": "forward_backward", "round": 0, "block": 1, "label": "B", "sample": 8, "ms": 6.9964799880981445}
{"event": "sample", "n": 512, "mode": "forward_backward", "round": 0, "block": 1, "label": "B", "sample": 9, "ms": 6.993535995483398}
{"event": "sample", "n": 512, "mode": "forward_backward", "round": 0, "block": 2, "label": "B", "sample": 0, "ms": 7.3633599281311035}
{"event": "sample", "n": 512, "mode": "forward_backward", "round": 0, "block": 2, "label": "B", "sample": 1, "ms": 6.986368179321289}
{"event": "sample", "n": 512, "mode": "forward_backward", "round": 0, "block": 2, "label": "B", "sample": 2, "ms": 6.9896321296691895}
{"event": "sample", "n": 512, "mode": "forward_backward", "round": 0, "block": 2, "label": "B", "sample": 3, "ms": 6.9964799880981445}
{"event": "sample", "n": 512, "mode": "forward_backward", "round": 0, "block": 2, "label": "B", "sample": 4, "ms": 6.992991924285889}
{"event": "sample", "n": 512, "mode": "forward_backward", "round": 0, "block": 2, "label": "B", "sample": 5, "ms": 6.997759819030762}
{"event": "sample", "n": 512, "mode": "forward_backward", "round": 0, "block": 2, "label": "B", "sample": 6, "ms": 6.996384143829346}
{"event": "sample", "n": 512, "mode": "forward_backward", "round": 0, "block": 2, "label": "B", "sample": 7, "ms": 6.993599891662598}
{"event": "sample", "n": 512, "mode": "forward_backward", "round": 0, "block": 2, "label": "B", "sample": 8, "ms": 7.007775783538818}
{"event": "sample", "n": 512, "mode": "forward_backward", "round": 0, "block": 2, "label": "B", "sample": 9, "ms": 6.984928131103516}
{"event": "sample", "n": 512, "mode": "forward_backward", "round": 0, "block": 3, "label": "A", "sample": 0, "ms": 9.386848449707031}
{"event": "sample", "n": 512, "mode": "forward_backward", "round": 0, "block": 3, "label": "A", "sample": 1, "ms": 9.048735618591309}
{"event": "sample", "n": 512, "mode": "forward_backward", "round": 0, "block": 3, "label": "A", "sample": 2, "ms": 9.050527572631836}
{"event": "sample", "n": 512, "mode": "forward_backward", "round": 0, "block": 3, "label": "A", "sample": 3, "ms": 9.054847717285156}
{"event": "sample", "n": 512, "mode": "forward_backward", "round": 0, "block": 3, "label": "A", "sample": 4, "ms": 9.05350399017334}
{"event": "sample", "n": 512, "mode": "forward_backward", "round": 0, "block": 3, "label": "A", "sample": 5, "ms": 9.048576354980469}
{"event": "sample", "n": 512, "mode": "forward_backward", "round": 0, "block": 3, "label": "A", "sample": 6, "ms": 9.047231674194336}
{"event": "sample", "n": 512, "mode": "forward_backward", "round": 0, "block": 3, "label": "A", "sample": 7, "ms": 9.050496101379395}
{"event": "sample", "n": 512, "mode": "forward_backward", "round": 0, "block": 3, "label": "A", "sample": 8, "ms": 9.055487632751465}
{"event": "sample", "n": 512, "mode": "forward_backward", "round": 0, "block": 3, "label": "A", "sample": 9, "ms": 9.051008224487305}
{"event": "sample", "n": 512, "mode": "forward_backward", "round": 1, "block": 0, "label": "A", "sample": 0, "ms": 9.361568450927734}
{"event": "sample", "n": 512, "mode": "forward_backward", "round": 1, "block": 0, "label": "A", "sample": 1, "ms": 9.049887657165527}
{"event": "sample", "n": 512, "mode": "forward_backward", "round": 1, "block": 0, "label": "A", "sample": 2, "ms": 9.048704147338867}
{"event": "sample", "n": 512, "mode": "forward_backward", "round": 1, "block": 0, "label": "A", "sample": 3, "ms": 9.046143531799316}
{"event": "sample", "n": 512, "mode": "forward_backward", "round": 1, "block": 0, "label": "A", "sample": 4, "ms": 9.046751976013184}
{"event": "sample", "n": 512, "mode": "forward_backward", "round": 1, "block": 0, "label": "A", "sample": 5, "ms": 9.054368019104004}
{"event": "sample", "n": 512, "mode": "forward_backward", "round": 1, "block": 0, "label": "A", "sample": 6, "ms": 9.050592422485352}
{"event": "sample", "n": 512, "mode": "forward_backward", "round": 1, "block": 0, "label": "A", "sample": 7, "ms": 9.044992446899414}
{"event": "sample", "n": 512, "mode": "forward_backward", "round": 1, "block": 0, "label": "A", "sample": 8, "ms": 9.045439720153809}
{"event": "sample", "n": 512, "mode": "forward_backward", "round": 1, "block": 0, "label": "A", "sample": 9, "ms": 9.053119659423828}
{"event": "sample", "n": 512, "mode": "forward_backward", "round": 1, "block": 1, "label": "B", "sample": 0, "ms": 7.382400035858154}
{"event": "sample", "n": 512, "mode": "forward_backward", "round": 1, "block": 1, "label": "B", "sample": 1, "ms": 6.982079982757568}
{"event": "sample", "n": 512, "mode": "forward_backward", "round": 1, "block": 1, "label": "B", "sample": 2, "ms": 6.991487979888916}
{"event": "sample", "n": 512, "mode": "forward_backward", "round": 1, "block": 1, "label": "B", "sample": 3, "ms": 6.9910078048706055}
{"event": "sample", "n": 512, "mode": "forward_backward", "round": 1, "block": 1, "label": "B", "sample": 4, "ms": 7.018752098083496}
{"event": "sample", "n": 512, "mode": "forward_backward", "round": 1, "block": 1, "label": "B", "sample": 5, "ms": 7.012063980102539}
{"event": "sample", "n": 512, "mode": "forward_backward", "round": 1, "block": 1, "label": "B", "sample": 6, "ms": 7.012127876281738}
{"event": "sample", "n": 512, "mode": "forward_backward", "round": 1, "block": 1, "label": "B", "sample": 7, "ms": 7.012415885925293}
{"event": "sample", "n": 512, "mode": "forward_backward", "round": 1, "block": 1, "label": "B", "sample": 8, "ms": 7.006239891052246}
{"event": "sample", "n": 512, "mode": "forward_backward", "round": 1, "block": 1, "label": "B", "sample": 9, "ms": 7.0114240646362305}
{"event": "sample", "n": 512, "mode": "forward_backward", "round": 1, "block": 2, "label": "B", "sample": 0, "ms": 7.381216049194336}
{"event": "sample", "n": 512, "mode": "forward_backward", "round": 1, "block": 2, "label": "B", "sample": 1, "ms": 7.012063980102539}
{"event": "sample", "n": 512, "mode": "forward_backward", "round": 1, "block": 2, "label": "B", "sample": 2, "ms": 7.006015777587891}
{"event": "sample", "n": 512, "mode": "forward_backward", "round": 1, "block": 2, "label": "B", "sample": 3, "ms": 7.013919830322266}
{"event": "sample", "n": 512, "mode": "forward_backward", "round": 1, "block": 2, "label": "B", "sample": 4, "ms": 7.012928009033203}
{"event": "sample", "n": 512, "mode": "forward_backward", "round": 1, "block": 2, "label": "B", "sample": 5, "ms": 7.0120320320129395}
{"event": "sample", "n": 512, "mode": "forward_backward", "round": 1, "block": 2, "label": "B", "sample": 6, "ms": 7.012256145477295}
{"event": "sample", "n": 512, "mode": "forward_backward", "round": 1, "block": 2, "label": "B", "sample": 7, "ms": 7.001664161682129}
{"event": "sample", "n": 512, "mode": "forward_backward", "round": 1, "block": 2, "label": "B", "sample": 8, "ms": 6.997856140136719}
{"event": "sample", "n": 512, "mode": "forward_backward", "round": 1, "block": 2, "label": "B", "sample": 9, "ms": 6.995744228363037}
{"event": "sample", "n": 512, "mode": "forward_backward", "round": 1, "block": 3, "label": "A", "sample": 0, "ms": 9.382816314697266}
{"event": "sample", "n": 512, "mode": "forward_backward", "round": 1, "block": 3, "label": "A", "sample": 1, "ms": 9.046624183654785}
{"event": "sample", "n": 512, "mode": "forward_backward", "round": 1, "block": 3, "label": "A", "sample": 2, "ms": 9.047871589660645}
{"event": "sample", "n": 512, "mode": "forward_backward", "round": 1, "block": 3, "label": "A", "sample": 3, "ms": 9.052512168884277}
{"event": "sample", "n": 512, "mode": "forward_backward", "round": 1, "block": 3, "label": "A", "sample": 4, "ms": 9.05299186706543}
{"event": "sample", "n": 512, "mode": "forward_backward", "round": 1, "block": 3, "label": "A", "sample": 5, "ms": 9.050911903381348}
{"event": "sample", "n": 512, "mode": "forward_backward", "round": 1, "block": 3, "label": "A", "sample": 6, "ms": 9.053312301635742}
{"event": "sample", "n": 512, "mode": "forward_backward", "round": 1, "block": 3, "label": "A", "sample": 7, "ms": 9.045856475830078}
{"event": "sample", "n": 512, "mode": "forward_backward", "round": 1, "block": 3, "label": "A", "sample": 8, "ms": 9.053855895996094}
{"event": "sample", "n": 512, "mode": "forward_backward", "round": 1, "block": 3, "label": "A", "sample": 9, "ms": 9.062527656555176}
{"event": "sample", "n": 512, "mode": "forward_backward", "round": 2, "block": 0, "label": "A", "sample": 0, "ms": 9.399456024169922}
{"event": "sample", "n": 512, "mode": "forward_backward", "round": 2, "block": 0, "label": "A", "sample": 1, "ms": 9.072671890258789}
{"event": "sample", "n": 512, "mode": "forward_backward", "round": 2, "block": 0, "label": "A", "sample": 2, "ms": 9.075136184692383}
{"event": "sample", "n": 512, "mode": "forward_backward", "round": 2, "block": 0, "label": "A", "sample": 3, "ms": 9.068608283996582}
{"event": "sample", "n": 512, "mode": "forward_backward", "round": 2, "block": 0, "label": "A", "sample": 4, "ms": 9.069343566894531}
{"event": "sample", "n": 512, "mode": "forward_backward", "round": 2, "block": 0, "label": "A", "sample": 5, "ms": 9.072992324829102}
{"event": "sample", "n": 512, "mode": "forward_backward", "round": 2, "block": 0, "label": "A", "sample": 6, "ms": 9.069151878356934}
{"event": "sample", "n": 512, "mode": "forward_backward", "round": 2, "block": 0, "label": "A", "sample": 7, "ms": 9.065535545349121}
{"event": "sample", "n": 512, "mode": "forward_backward", "round": 2, "block": 0, "label": "A", "sample": 8, "ms": 9.06230354309082}
{"event": "sample", "n": 512, "mode": "forward_backward", "round": 2, "block": 0, "label": "A", "sample": 9, "ms": 9.068608283996582}
{"event": "sample", "n": 512, "mode": "forward_backward", "round": 2, "block": 1, "label": "B", "sample": 0, "ms": 7.394847869873047}
{"event": "sample", "n": 512, "mode": "forward_backward", "round": 2, "block": 1, "label": "B", "sample": 1, "ms": 6.9966721534729}
{"event": "sample", "n": 512, "mode": "forward_backward", "round": 2, "block": 1, "label": "B", "sample": 2, "ms": 6.992735862731934}
{"event": "sample", "n": 512, "mode": "forward_backward", "round": 2, "block": 1, "label": "B", "sample": 3, "ms": 6.996352195739746}
{"event": "sample", "n": 512, "mode": "forward_backward", "round": 2, "block": 1, "label": "B", "sample": 4, "ms": 6.994815826416016}
{"event": "sample", "n": 512, "mode": "forward_backward", "round": 2, "block": 1, "label": "B", "sample": 5, "ms": 7.002624034881592}
{"event": "sample", "n": 512, "mode": "forward_backward", "round": 2, "block": 1, "label": "B", "sample": 6, "ms": 6.998879909515381}
{"event": "sample", "n": 512, "mode": "forward_backward", "round": 2, "block": 1, "label": "B", "sample": 7, "ms": 6.993152141571045}
{"event": "sample", "n": 512, "mode": "forward_backward", "round": 2, "block": 1, "label": "B", "sample": 8, "ms": 6.994624137878418}
{"event": "sample", "n": 512, "mode": "forward_backward", "round": 2, "block": 1, "label": "B", "sample": 9, "ms": 6.996384143829346}
{"event": "sample", "n": 512, "mode": "forward_backward", "round": 2, "block": 2, "label": "B", "sample": 0, "ms": 7.401343822479248}
{"event": "sample", "n": 512, "mode": "forward_backward", "round": 2, "block": 2, "label": "B", "sample": 1, "ms": 7.0003838539123535}
{"event": "sample", "n": 512, "mode": "forward_backward", "round": 2, "block": 2, "label": "B", "sample": 2, "ms": 7.0043840408325195}
{"event": "sample", "n": 512, "mode": "forward_backward", "round": 2, "block": 2, "label": "B", "sample": 3, "ms": 6.988671779632568}
{"event": "sample", "n": 512, "mode": "forward_backward", "round": 2, "block": 2, "label": "B", "sample": 4, "ms": 6.999936103820801}
{"event": "sample", "n": 512, "mode": "forward_backward", "round": 2, "block": 2, "label": "B", "sample": 5, "ms": 6.995039939880371}
{"event": "sample", "n": 512, "mode": "forward_backward", "round": 2, "block": 2, "label": "B", "sample": 6, "ms": 6.994016170501709}
{"event": "sample", "n": 512, "mode": "forward_backward", "round": 2, "block": 2, "label": "B", "sample": 7, "ms": 6.9912638664245605}
{"event": "sample", "n": 512, "mode": "forward_backward", "round": 2, "block": 2, "label": "B", "sample": 8, "ms": 7.000671863555908}
{"event": "sample", "n": 512, "mode": "forward_backward", "round": 2, "block": 2, "label": "B", "sample": 9, "ms": 6.988224029541016}
{"event": "sample", "n": 512, "mode": "forward_backward", "round": 2, "block": 3, "label": "A", "sample": 0, "ms": 9.384384155273438}
{"event": "sample", "n": 512, "mode": "forward_backward", "round": 2, "block": 3, "label": "A", "sample": 1, "ms": 9.047967910766602}
{"event": "sample", "n": 512, "mode": "forward_backward", "round": 2, "block": 3, "label": "A", "sample": 2, "ms": 9.052672386169434}
{"event": "sample", "n": 512, "mode": "forward_backward", "round": 2, "block": 3, "label": "A", "sample": 3, "ms": 9.054143905639648}
{"event": "sample", "n": 512, "mode": "forward_backward", "round": 2, "block": 3, "label": "A", "sample": 4, "ms": 9.050592422485352}
{"event": "sample", "n": 512, "mode": "forward_backward", "round": 2, "block": 3, "label": "A", "sample": 5, "ms": 9.054880142211914}
{"event": "sample", "n": 512, "mode": "forward_backward", "round": 2, "block": 3, "label": "A", "sample": 6, "ms": 9.051872253417969}
{"event": "sample", "n": 512, "mode": "forward_backward", "round": 2, "block": 3, "label": "A", "sample": 7, "ms": 9.054335594177246}
{"event": "sample", "n": 512, "mode": "forward_backward", "round": 2, "block": 3, "label": "A", "sample": 8, "ms": 9.049344062805176}
{"event": "sample", "n": 512, "mode": "forward_backward", "round": 2, "block": 3, "label": "A", "sample": 9, "ms": 9.049920082092285}
{"event": "summary", "n": 512, "mode": "forward_backward", "median_ms": {"A": 9.053408145904541, "B": 7.000159978866577}, "speedup": 1.293314463274654, "samples_per_label": 60}
{"event": "parity", "n": 800, "checks": {"output": {"relative_l2": 0.0, "baseline_zero_max_abs_diagnostic": 0.0, "passed": true}, "dq": {"relative_l2": 6.53984461678192e-05, "baseline_zero_max_abs_diagnostic": 0.0, "passed": true}, "dk": {"relative_l2": 0.0, "baseline_zero_max_abs_diagnostic": 0.0, "passed": true}, "dv": {"relative_l2": 0.0, "baseline_zero_max_abs_diagnostic": 0.0, "passed": true}, "db": {"relative_l2": 8.315977538586594e-06, "baseline_zero_max_abs_diagnostic": 0.0, "passed": true}}, "independent_reference": false}
{"event": "memory", "n": 800, "measurements": {"A": {"peak_increment_bytes": 1447920640, "retained_increment_bytes": 1321451520}, "B": {"peak_increment_bytes": 1529390080, "retained_increment_bytes": 1321451520}}}
{"event": "sample", "n": 800, "mode": "forward", "round": 0, "block": 0, "label": "A", "sample": 0, "ms": 6.1378560066223145}
{"event": "sample", "n": 800, "mode": "forward", "round": 0, "block": 0, "label": "A", "sample": 1, "ms": 5.935328006744385}
{"event": "sample", "n": 800, "mode": "forward", "round": 0, "block": 0, "label": "A", "sample": 2, "ms": 5.938528060913086}
{"event": "sample", "n": 800, "mode": "forward", "round": 0, "block": 0, "label": "A", "sample": 3, "ms": 5.936384201049805}
{"event": "sample", "n": 800, "mode": "forward", "round": 0, "block": 0, "label": "A", "sample": 4, "ms": 5.938975811004639}
{"event": "sample", "n": 800, "mode": "forward", "round": 0, "block": 0, "label": "A", "sample": 5, "ms": 5.937056064605713}
{"event": "sample", "n": 800, "mode": "forward", "round": 0, "block": 0, "label": "A", "sample": 6, "ms": 5.936831951141357}
{"event": "sample", "n": 800, "mode": "forward", "round": 0, "block": 0, "label": "A", "sample": 7, "ms": 5.938464164733887}
{"event": "sample", "n": 800, "mode": "forward", "round": 0, "block": 0, "label": "A", "sample": 8, "ms": 5.935423851013184}
{"event": "sample", "n": 800, "mode": "forward", "round": 0, "block": 0, "label": "A", "sample": 9, "ms": 5.937376022338867}
{"event": "sample", "n": 800, "mode": "forward", "round": 0, "block": 1, "label": "B", "sample": 0, "ms": 6.298495769500732}
{"event": "sample", "n": 800, "mode": "forward", "round": 0, "block": 1, "label": "B", "sample": 1, "ms": 5.9199042320251465}
{"event": "sample", "n": 800, "mode": "forward", "round": 0, "block": 1, "label": "B", "sample": 2, "ms": 5.920000076293945}
{"event": "sample", "n": 800, "mode": "forward", "round": 0, "block": 1, "label": "B", "sample": 3, "ms": 5.919551849365234}
{"event": "sample", "n": 800, "mode": "forward", "round": 0, "block": 1, "label": "B", "sample": 4, "ms": 5.92083215713501}
{"event": "sample", "n": 800, "mode": "forward", "round": 0, "block": 1, "label": "B", "sample": 5, "ms": 5.918879985809326}
{"event": "sample", "n": 800, "mode": "forward", "round": 0, "block": 1, "label": "B", "sample": 6, "ms": 5.921951770782471}
{"event": "sample", "n": 800, "mode": "forward", "round": 0, "block": 1, "label": "B", "sample": 7, "ms": 5.919360160827637}
{"event": "sample", "n": 800, "mode": "forward", "round": 0, "block": 1, "label": "B", "sample": 8, "ms": 5.920639991760254}
{"event": "sample", "n": 800, "mode": "forward", "round": 0, "block": 1, "label": "B", "sample": 9, "ms": 5.921311855316162}
{"event": "sample", "n": 800, "mode": "forward", "round": 0, "block": 2, "label": "B", "sample": 0, "ms": 6.830272197723389}
{"event": "sample", "n": 800, "mode": "forward", "round": 0, "block": 2, "label": "B", "sample": 1, "ms": 5.918528079986572}
{"event": "sample", "n": 800, "mode": "forward", "round": 0, "block": 2, "label": "B", "sample": 2, "ms": 5.922399997711182}
{"event": "sample", "n": 800, "mode": "forward", "round": 0, "block": 2, "label": "B", "sample": 3, "ms": 5.919680118560791}
{"event": "sample", "n": 800, "mode": "forward", "round": 0, "block": 2, "label": "B", "sample": 4, "ms": 5.920735836029053}
{"event": "sample", "n": 800, "mode": "forward", "round": 0, "block": 2, "label": "B", "sample": 5, "ms": 5.919839859008789}
{"event": "sample", "n": 800, "mode": "forward", "round": 0, "block": 2, "label": "B", "sample": 6, "ms": 5.921184062957764}
{"event": "sample", "n": 800, "mode": "forward", "round": 0, "block": 2, "label": "B", "sample": 7, "ms": 5.92083215713501}
{"event": "sample", "n": 800, "mode": "forward", "round": 0, "block": 2, "label": "B", "sample": 8, "ms": 5.918303966522217}
{"event": "sample", "n": 800, "mode": "forward", "round": 0, "block": 2, "label": "B", "sample": 9, "ms": 5.920639991760254}
{"event": "sample", "n": 800, "mode": "forward", "round": 0, "block": 3, "label": "A", "sample": 0, "ms": 6.259488105773926}
{"event": "sample", "n": 800, "mode": "forward", "round": 0, "block": 3, "label": "A", "sample": 1, "ms": 5.943103790283203}
{"event": "sample", "n": 800, "mode": "forward", "round": 0, "block": 3, "label": "A", "sample": 2, "ms": 5.94374418258667}
{"event": "sample", "n": 800, "mode": "forward", "round": 0, "block": 3, "label": "A", "sample": 3, "ms": 5.942560195922852}
{"event": "sample", "n": 800, "mode": "forward", "round": 0, "block": 3, "label": "A", "sample": 4, "ms": 5.944096088409424}
{"event": "sample", "n": 800, "mode": "forward", "round": 0, "block": 3, "label": "A", "sample": 5, "ms": 5.944447994232178}
{"event": "sample", "n": 800, "mode": "forward", "round": 0, "block": 3, "label": "A", "sample": 6, "ms": 5.944511890411377}
{"event": "sample", "n": 800, "mode": "forward", "round": 0, "block": 3, "label": "A", "sample": 7, "ms": 5.940735816955566}
{"event": "sample", "n": 800, "mode": "forward", "round": 0, "block": 3, "label": "A", "sample": 8, "ms": 5.948095798492432}
{"event": "sample", "n": 800, "mode": "forward", "round": 0, "block": 3, "label": "A", "sample": 9, "ms": 5.9451518058776855}
{"event": "sample", "n": 800, "mode": "forward", "round": 1, "block": 0, "label": "A", "sample": 0, "ms": 6.185120105743408}
{"event": "sample", "n": 800, "mode": "forward", "round": 1, "block": 0, "label": "A", "sample": 1, "ms": 5.939871788024902}
{"event": "sample", "n": 800, "mode": "forward", "round": 1, "block": 0, "label": "A", "sample": 2, "ms": 5.945407867431641}
{"event": "sample", "n": 800, "mode": "forward", "round": 1, "block": 0, "label": "A", "sample": 3, "ms": 5.947743892669678}
{"event": "sample", "n": 800, "mode": "forward", "round": 1, "block": 0, "label": "A", "sample": 4, "ms": 5.943264007568359}
{"event": "sample", "n": 800, "mode": "forward", "round": 1, "block": 0, "label": "A", "sample": 5, "ms": 5.94543981552124}
{"event": "sample", "n": 800, "mode": "forward", "round": 1, "block": 0, "label": "A", "sample": 6, "ms": 5.942880153656006}
{"event": "sample", "n": 800, "mode": "forward", "round": 1, "block": 0, "label": "A", "sample": 7, "ms": 5.945087909698486}
{"event": "sample", "n": 800, "mode": "forward", "round": 1, "block": 0, "label": "A", "sample": 8, "ms": 5.94217586517334}
{"event": "sample", "n": 800, "mode": "forward", "round": 1, "block": 0, "label": "A", "sample": 9, "ms": 5.943136215209961}
{"event": "sample", "n": 800, "mode": "forward", "round": 1, "block": 1, "label": "B", "sample": 0, "ms": 6.278463840484619}
{"event": "sample", "n": 800, "mode": "forward", "round": 1, "block": 1, "label": "B", "sample": 1, "ms": 5.919136047363281}
{"event": "sample", "n": 800, "mode": "forward", "round": 1, "block": 1, "label": "B", "sample": 2, "ms": 5.920639991760254}
{"event": "sample", "n": 800, "mode": "forward", "round": 1, "block": 1, "label": "B", "sample": 3, "ms": 5.917727947235107}
{"event": "sample", "n": 800, "mode": "forward", "round": 1, "block": 1, "label": "B", "sample": 4, "ms": 5.920000076293945}
{"event": "sample", "n": 800, "mode": "forward", "round": 1, "block": 1, "label": "B", "sample": 5, "ms": 5.920864105224609}
{"event": "sample", "n": 800, "mode": "forward", "round": 1, "block": 1, "label": "B", "sample": 6, "ms": 5.921216011047363}
{"event": "sample", "n": 800, "mode": "forward", "round": 1, "block": 1, "label": "B", "sample": 7, "ms": 5.91926383972168}
{"event": "sample", "n": 800, "mode": "forward", "round": 1, "block": 1, "label": "B", "sample": 8, "ms": 5.922143936157227}
{"event": "sample", "n": 800, "mode": "forward", "round": 1, "block": 1, "label": "B", "sample": 9, "ms": 5.923264026641846}
{"event": "sample", "n": 800, "mode": "forward", "round": 1, "block": 2, "label": "B", "sample": 0, "ms": 6.307199954986572}
{"event": "sample", "n": 800, "mode": "forward", "round": 1, "block": 2, "label": "B", "sample": 1, "ms": 5.934304237365723}
{"event": "sample", "n": 800, "mode": "forward", "round": 1, "block": 2, "label": "B", "sample": 2, "ms": 5.937151908874512}
{"event": "sample", "n": 800, "mode": "forward", "round": 1, "block": 2, "label": "B", "sample": 3, "ms": 5.9350080490112305}
{"event": "sample", "n": 800, "mode": "forward", "round": 1, "block": 2, "label": "B", "sample": 4, "ms": 5.935776233673096}
{"event": "sample", "n": 800, "mode": "forward", "round": 1, "block": 2, "label": "B", "sample": 5, "ms": 5.934847831726074}
{"event": "sample", "n": 800, "mode": "forward", "round": 1, "block": 2, "label": "B", "sample": 6, "ms": 5.934175968170166}
{"event": "sample", "n": 800, "mode": "forward", "round": 1, "block": 2, "label": "B", "sample": 7, "ms": 5.933504104614258}
{"event": "sample", "n": 800, "mode": "forward", "round": 1, "block": 2, "label": "B", "sample": 8, "ms": 5.933343887329102}
{"event": "sample", "n": 800, "mode": "forward", "round": 1, "block": 2, "label": "B", "sample": 9, "ms": 5.933023929595947}
{"event": "sample", "n": 800, "mode": "forward", "round": 1, "block": 3, "label": "A", "sample": 0, "ms": 6.1724162101745605}
{"event": "sample", "n": 800, "mode": "forward", "round": 1, "block": 3, "label": "A", "sample": 1, "ms": 5.958240032196045}
{"event": "sample", "n": 800, "mode": "forward", "round": 1, "block": 3, "label": "A", "sample": 2, "ms": 5.955520153045654}
{"event": "sample", "n": 800, "mode": "forward", "round": 1, "block": 3, "label": "A", "sample": 3, "ms": 5.954432010650635}
{"event": "sample", "n": 800, "mode": "forward", "round": 1, "block": 3, "label": "A", "sample": 4, "ms": 5.959392070770264}
{"event": "sample", "n": 800, "mode": "forward", "round": 1, "block": 3, "label": "A", "sample": 5, "ms": 5.9582719802856445}
{"event": "sample", "n": 800, "mode": "forward", "round": 1, "block": 3, "label": "A", "sample": 6, "ms": 5.946080207824707}
{"event": "sample", "n": 800, "mode": "forward", "round": 1, "block": 3, "label": "A", "sample": 7, "ms": 5.941120147705078}
{"event": "sample", "n": 800, "mode": "forward", "round": 1, "block": 3, "label": "A", "sample": 8, "ms": 5.944191932678223}
{"event": "sample", "n": 800, "mode": "forward", "round": 1, "block": 3, "label": "A", "sample": 9, "ms": 5.943583965301514}
{"event": "sample", "n": 800, "mode": "forward", "round": 2, "block": 0, "label": "A", "sample": 0, "ms": 6.176767826080322}
{"event": "sample", "n": 800, "mode": "forward", "round": 2, "block": 0, "label": "A", "sample": 1, "ms": 5.940288066864014}
{"event": "sample", "n": 800, "mode": "forward", "round": 2, "block": 0, "label": "A", "sample": 2, "ms": 5.944416046142578}
{"event": "sample", "n": 800, "mode": "forward", "round": 2, "block": 0, "label": "A", "sample": 3, "ms": 5.94271993637085}
{"event": "sample", "n": 800, "mode": "forward", "round": 2, "block": 0, "label": "A", "sample": 4, "ms": 5.945055961608887}
{"event": "sample", "n": 800, "mode": "forward", "round": 2, "block": 0, "label": "A", "sample": 5, "ms": 5.9390082359313965}
{"event": "sample", "n": 800, "mode": "forward", "round": 2, "block": 0, "label": "A", "sample": 6, "ms": 5.946656227111816}
{"event": "sample", "n": 800, "mode": "forward", "round": 2, "block": 0, "label": "A", "sample": 7, "ms": 5.94547176361084}
{"event": "sample", "n": 800, "mode": "forward", "round": 2, "block": 0, "label": "A", "sample": 8, "ms": 5.943456172943115}
{"event": "sample", "n": 800, "mode": "forward", "round": 2, "block": 0, "label": "A", "sample": 9, "ms": 5.9404802322387695}
{"event": "sample", "n": 800, "mode": "forward", "round": 2, "block": 1, "label": "B", "sample": 0, "ms": 6.283936023712158}
{"event": "sample", "n": 800, "mode": "forward", "round": 2, "block": 1, "label": "B", "sample": 1, "ms": 5.918752193450928}
{"event": "sample", "n": 800, "mode": "forward", "round": 2, "block": 1, "label": "B", "sample": 2, "ms": 5.928031921386719}
{"event": "sample", "n": 800, "mode": "forward", "round": 2, "block": 1, "label": "B", "sample": 3, "ms": 5.935679912567139}
{"event": "sample", "n": 800, "mode": "forward", "round": 2, "block": 1, "label": "B", "sample": 4, "ms": 5.937727928161621}
{"event": "sample", "n": 800, "mode": "forward", "round": 2, "block": 1, "label": "B", "sample": 5, "ms": 5.934271812438965}
{"event": "sample", "n": 800, "mode": "forward", "round": 2, "block": 1, "label": "B", "sample": 6, "ms": 5.934432029724121}
{"event": "sample", "n": 800, "mode": "forward", "round": 2, "block": 1, "label": "B", "sample": 7, "ms": 5.934239864349365}
{"event": "sample", "n": 800, "mode": "forward", "round": 2, "block": 1, "label": "B", "sample": 8, "ms": 5.9351677894592285}
{"event": "sample", "n": 800, "mode": "forward", "round": 2, "block": 1, "label": "B", "sample": 9, "ms": 5.933311939239502}
{"event": "sample", "n": 800, "mode": "forward", "round": 2, "block": 2, "label": "B", "sample": 0, "ms": 6.28710412979126}
{"event": "sample", "n": 800, "mode": "forward", "round": 2, "block": 2, "label": "B", "sample": 1, "ms": 5.93177604675293}
{"event": "sample", "n": 800, "mode": "forward", "round": 2, "block": 2, "label": "B", "sample": 2, "ms": 5.935904026031494}
{"event": "sample", "n": 800, "mode": "forward", "round": 2, "block": 2, "label": "B", "sample": 3, "ms": 5.933152198791504}
{"event": "sample", "n": 800, "mode": "forward", "round": 2, "block": 2, "label": "B", "sample": 4, "ms": 5.933568000793457}
{"event": "sample", "n": 800, "mode": "forward", "round": 2, "block": 2, "label": "B", "sample": 5, "ms": 5.933216094970703}
{"event": "sample", "n": 800, "mode": "forward", "round": 2, "block": 2, "label": "B", "sample": 6, "ms": 5.933504104614258}
{"event": "sample", "n": 800, "mode": "forward", "round": 2, "block": 2, "label": "B", "sample": 7, "ms": 5.934656143188477}
{"event": "sample", "n": 800, "mode": "forward", "round": 2, "block": 2, "label": "B", "sample": 8, "ms": 5.933504104614258}
{"event": "sample", "n": 800, "mode": "forward", "round": 2, "block": 2, "label": "B", "sample": 9, "ms": 5.921535968780518}
{"event": "sample", "n": 800, "mode": "forward", "round": 2, "block": 3, "label": "A", "sample": 0, "ms": 6.1743998527526855}
{"event": "sample", "n": 800, "mode": "forward", "round": 2, "block": 3, "label": "A", "sample": 1, "ms": 5.940512180328369}
{"event": "sample", "n": 800, "mode": "forward", "round": 2, "block": 3, "label": "A", "sample": 2, "ms": 5.9449920654296875}
{"event": "sample", "n": 800, "mode": "forward", "round": 2, "block": 3, "label": "A", "sample": 3, "ms": 5.94271993637085}
{"event": "sample", "n": 800, "mode": "forward", "round": 2, "block": 3, "label": "A", "sample": 4, "ms": 5.944928169250488}
{"event": "sample", "n": 800, "mode": "forward", "round": 2, "block": 3, "label": "A", "sample": 5, "ms": 5.944736003875732}
{"event": "sample", "n": 800, "mode": "forward", "round": 2, "block": 3, "label": "A", "sample": 6, "ms": 5.943583965301514}
{"event": "sample", "n": 800, "mode": "forward", "round": 2, "block": 3, "label": "A", "sample": 7, "ms": 5.941984176635742}
{"event": "sample", "n": 800, "mode": "forward", "round": 2, "block": 3, "label": "A", "sample": 8, "ms": 5.945536136627197}
{"event": "sample", "n": 800, "mode": "forward", "round": 2, "block": 3, "label": "A", "sample": 9, "ms": 5.945375919342041}
{"event": "summary", "n": 800, "mode": "forward", "median_ms": {"A": 5.944144010543823, "B": 5.929903984069824}, "speedup": 1.002401392419212, "samples_per_label": 60}
{"event": "sample", "n": 800, "mode": "backward", "round": 0, "block": 0, "label": "A", "sample": 0, "ms": 29.62723159790039}
{"event": "sample", "n": 800, "mode": "backward", "round": 0, "block": 0, "label": "A", "sample": 1, "ms": 29.26358413696289}
{"event": "sample", "n": 800, "mode": "backward", "round": 0, "block": 0, "label": "A", "sample": 2, "ms": 29.231327056884766}
{"event": "sample", "n": 800, "mode": "backward", "round": 0, "block": 0, "label": "A", "sample": 3, "ms": 29.230560302734375}
{"event": "sample", "n": 800, "mode": "backward", "round": 0, "block": 0, "label": "A", "sample": 4, "ms": 29.227968215942383}
{"event": "sample", "n": 800, "mode": "backward", "round": 0, "block": 0, "label": "A", "sample": 5, "ms": 29.230592727661133}
{"event": "sample", "n": 800, "mode": "backward", "round": 0, "block": 0, "label": "A", "sample": 6, "ms": 29.224224090576172}
{"event": "sample", "n": 800, "mode": "backward", "round": 0, "block": 0, "label": "A", "sample": 7, "ms": 29.226335525512695}
{"event": "sample", "n": 800, "mode": "backward", "round": 0, "block": 0, "label": "A", "sample": 8, "ms": 29.230432510375977}
{"event": "sample", "n": 800, "mode": "backward", "round": 0, "block": 0, "label": "A", "sample": 9, "ms": 29.265087127685547}
{"event": "sample", "n": 800, "mode": "backward", "round": 0, "block": 1, "label": "B", "sample": 0, "ms": 24.06550407409668}
{"event": "sample", "n": 800, "mode": "backward", "round": 0, "block": 1, "label": "B", "sample": 1, "ms": 23.88159942626953}
{"event": "sample", "n": 800, "mode": "backward", "round": 0, "block": 1, "label": "B", "sample": 2, "ms": 23.900096893310547}
{"event": "sample", "n": 800, "mode": "backward", "round": 0, "block": 1, "label": "B", "sample": 3, "ms": 23.842208862304688}
{"event": "sample", "n": 800, "mode": "backward", "round": 0, "block": 1, "label": "B", "sample": 4, "ms": 23.856767654418945}
{"event": "sample", "n": 800, "mode": "backward", "round": 0, "block": 1, "label": "B", "sample": 5, "ms": 23.846336364746094}
{"event": "sample", "n": 800, "mode": "backward", "round": 0, "block": 1, "label": "B", "sample": 6, "ms": 23.865888595581055}
{"event": "sample", "n": 800, "mode": "backward", "round": 0, "block": 1, "label": "B", "sample": 7, "ms": 23.89743995666504}
{"event": "sample", "n": 800, "mode": "backward", "round": 0, "block": 1, "label": "B", "sample": 8, "ms": 23.870975494384766}
{"event": "sample", "n": 800, "mode": "backward", "round": 0, "block": 1, "label": "B", "sample": 9, "ms": 23.886016845703125}
{"event": "sample", "n": 800, "mode": "backward", "round": 0, "block": 2, "label": "B", "sample": 0, "ms": 24.036415100097656}
{"event": "sample", "n": 800, "mode": "backward", "round": 0, "block": 2, "label": "B", "sample": 1, "ms": 23.868192672729492}
{"event": "sample", "n": 800, "mode": "backward", "round": 0, "block": 2, "label": "B", "sample": 2, "ms": 23.85759925842285}
{"event": "sample", "n": 800, "mode": "backward", "round": 0, "block": 2, "label": "B", "sample": 3, "ms": 23.86579132080078}
{"event": "sample", "n": 800, "mode": "backward", "round": 0, "block": 2, "label": "B", "sample": 4, "ms": 23.84841537475586}
{"event": "sample", "n": 800, "mode": "backward", "round": 0, "block": 2, "label": "B", "sample": 5, "ms": 23.861696243286133}
{"event": "sample", "n": 800, "mode": "backward", "round": 0, "block": 2, "label": "B", "sample": 6, "ms": 23.872224807739258}
{"event": "sample", "n": 800, "mode": "backward", "round": 0, "block": 2, "label": "B", "sample": 7, "ms": 23.879871368408203}
{"event": "sample", "n": 800, "mode": "backward", "round": 0, "block": 2, "label": "B", "sample": 8, "ms": 23.86591911315918}
{"event": "sample", "n": 800, "mode": "backward", "round": 0, "block": 2, "label": "B", "sample": 9, "ms": 23.87014389038086}
{"event": "sample", "n": 800, "mode": "backward", "round": 0, "block": 3, "label": "A", "sample": 0, "ms": 29.84182357788086}
{"event": "sample", "n": 800, "mode": "backward", "round": 0, "block": 3, "label": "A", "sample": 1, "ms": 29.227968215942383}
{"event": "sample", "n": 800, "mode": "backward", "round": 0, "block": 3, "label": "A", "sample": 2, "ms": 29.230016708374023}
{"event": "sample", "n": 800, "mode": "backward", "round": 0, "block": 3, "label": "A", "sample": 3, "ms": 29.2674560546875}
{"event": "sample", "n": 800, "mode": "backward", "round": 0, "block": 3, "label": "A", "sample": 4, "ms": 29.265472412109375}
{"event": "sample", "n": 800, "mode": "backward", "round": 0, "block": 3, "label": "A", "sample": 5, "ms": 29.265119552612305}
{"event": "sample", "n": 800, "mode": "backward", "round": 0, "block": 3, "label": "A", "sample": 6, "ms": 29.26188850402832}
{"event": "sample", "n": 800, "mode": "backward", "round": 0, "block": 3, "label": "A", "sample": 7, "ms": 29.26406478881836}
{"event": "sample", "n": 800, "mode": "backward", "round": 0, "block": 3, "label": "A", "sample": 8, "ms": 29.26495933532715}
{"event": "sample", "n": 800, "mode": "backward", "round": 0, "block": 3, "label": "A", "sample": 9, "ms": 29.260543823242188}
{"event": "sample", "n": 800, "mode": "backward", "round": 1, "block": 0, "label": "A", "sample": 0, "ms": 29.547775268554688}
{"event": "sample", "n": 800, "mode": "backward", "round": 1, "block": 0, "label": "A", "sample": 1, "ms": 29.2574405670166}
{"event": "sample", "n": 800, "mode": "backward", "round": 1, "block": 0, "label": "A", "sample": 2, "ms": 29.261056900024414}
{"event": "sample", "n": 800, "mode": "backward", "round": 1, "block": 0, "label": "A", "sample": 3, "ms": 29.31875228881836}
{"event": "sample", "n": 800, "mode": "backward", "round": 1, "block": 0, "label": "A", "sample": 4, "ms": 29.33033561706543}
{"event": "sample", "n": 800, "mode": "backward", "round": 1, "block": 0, "label": "A", "sample": 5, "ms": 29.3338565826416}
{"event": "sample", "n": 800, "mode": "backward", "round": 1, "block": 0, "label": "A", "sample": 6, "ms": 29.299135208129883}
{"event": "sample", "n": 800, "mode": "backward", "round": 1, "block": 0, "label": "A", "sample": 7, "ms": 29.254335403442383}
{"event": "sample", "n": 800, "mode": "backward", "round": 1, "block": 0, "label": "A", "sample": 8, "ms": 29.26495933532715}
{"event": "sample", "n": 800, "mode": "backward", "round": 1, "block": 0, "label": "A", "sample": 9, "ms": 29.262943267822266}
{"event": "sample", "n": 800, "mode": "backward", "round": 1, "block": 1, "label": "B", "sample": 0, "ms": 24.094463348388672}
{"event": "sample", "n": 800, "mode": "backward", "round": 1, "block": 1, "label": "B", "sample": 1, "ms": 23.888959884643555}
{"event": "sample", "n": 800, "mode": "backward", "round": 1, "block": 1, "label": "B", "sample": 2, "ms": 23.87811279296875}
{"event": "sample", "n": 800, "mode": "backward", "round": 1, "block": 1, "label": "B", "sample": 3, "ms": 23.876256942749023}
{"event": "sample", "n": 800, "mode": "backward", "round": 1, "block": 1, "label": "B", "sample": 4, "ms": 23.82592010498047}
{"event": "sample", "n": 800, "mode": "backward", "round": 1, "block": 1, "label": "B", "sample": 5, "ms": 23.839679718017578}
{"event": "sample", "n": 800, "mode": "backward", "round": 1, "block": 1, "label": "B", "sample": 6, "ms": 23.83603286743164}
{"event": "sample", "n": 800, "mode": "backward", "round": 1, "block": 1, "label": "B", "sample": 7, "ms": 23.820159912109375}
{"event": "sample", "n": 800, "mode": "backward", "round": 1, "block": 1, "label": "B", "sample": 8, "ms": 23.85545539855957}
{"event": "sample", "n": 800, "mode": "backward", "round": 1, "block": 1, "label": "B", "sample": 9, "ms": 23.887136459350586}
{"event": "sample", "n": 800, "mode": "backward", "round": 1, "block": 2, "label": "B", "sample": 0, "ms": 24.054079055786133}
{"event": "sample", "n": 800, "mode": "backward", "round": 1, "block": 2, "label": "B", "sample": 1, "ms": 23.86617660522461}
{"event": "sample", "n": 800, "mode": "backward", "round": 1, "block": 2, "label": "B", "sample": 2, "ms": 23.84239959716797}
{"event": "sample", "n": 800, "mode": "backward", "round": 1, "block": 2, "label": "B", "sample": 3, "ms": 23.849727630615234}
{"event": "sample", "n": 800, "mode": "backward", "round": 1, "block": 2, "label": "B", "sample": 4, "ms": 23.842016220092773}
{"event": "sample", "n": 800, "mode": "backward", "round": 1, "block": 2, "label": "B", "sample": 5, "ms": 23.839967727661133}
{"event": "sample", "n": 800, "mode": "backward", "round": 1, "block": 2, "label": "B", "sample": 6, "ms": 23.86579132080078}
{"event": "sample", "n": 800, "mode": "backward", "round": 1, "block": 2, "label": "B", "sample": 7, "ms": 23.85545539855957}
{"event": "sample", "n": 800, "mode": "backward", "round": 1, "block": 2, "label": "B", "sample": 8, "ms": 23.894367218017578}
{"event": "sample", "n": 800, "mode": "backward", "round": 1, "block": 2, "label": "B", "sample": 9, "ms": 23.912607192993164}
{"event": "sample", "n": 800, "mode": "backward", "round": 1, "block": 3, "label": "A", "sample": 0, "ms": 29.577823638916016}
{"event": "sample", "n": 800, "mode": "backward", "round": 1, "block": 3, "label": "A", "sample": 1, "ms": 29.22870445251465}
{"event": "sample", "n": 800, "mode": "backward", "round": 1, "block": 3, "label": "A", "sample": 2, "ms": 29.234079360961914}
{"event": "sample", "n": 800, "mode": "backward", "round": 1, "block": 3, "label": "A", "sample": 3, "ms": 29.226720809936523}
{"event": "sample", "n": 800, "mode": "backward", "round": 1, "block": 3, "label": "A", "sample": 4, "ms": 29.25699234008789}
{"event": "sample", "n": 800, "mode": "backward", "round": 1, "block": 3, "label": "A", "sample": 5, "ms": 29.261695861816406}
{"event": "sample", "n": 800, "mode": "backward", "round": 1, "block": 3, "label": "A", "sample": 6, "ms": 29.26470375061035}
{"event": "sample", "n": 800, "mode": "backward", "round": 1, "block": 3, "label": "A", "sample": 7, "ms": 29.263519287109375}
{"event": "sample", "n": 800, "mode": "backward", "round": 1, "block": 3, "label": "A", "sample": 8, "ms": 29.263967514038086}
{"event": "sample", "n": 800, "mode": "backward", "round": 1, "block": 3, "label": "A", "sample": 9, "ms": 29.2608642578125}
{"event": "sample", "n": 800, "mode": "backward", "round": 2, "block": 0, "label": "A", "sample": 0, "ms": 29.517215728759766}
{"event": "sample", "n": 800, "mode": "backward", "round": 2, "block": 0, "label": "A", "sample": 1, "ms": 29.260223388671875}
{"event": "sample", "n": 800, "mode": "backward", "round": 2, "block": 0, "label": "A", "sample": 2, "ms": 29.266752243041992}
{"event": "sample", "n": 800, "mode": "backward", "round": 2, "block": 0, "label": "A", "sample": 3, "ms": 29.25699234008789}
{"event": "sample", "n": 800, "mode": "backward", "round": 2, "block": 0, "label": "A", "sample": 4, "ms": 29.262815475463867}
{"event": "sample", "n": 800, "mode": "backward", "round": 2, "block": 0, "label": "A", "sample": 5, "ms": 29.266752243041992}
{"event": "sample", "n": 800, "mode": "backward", "round": 2, "block": 0, "label": "A", "sample": 6, "ms": 29.262367248535156}
{"event": "sample", "n": 800, "mode": "backward", "round": 2, "block": 0, "label": "A", "sample": 7, "ms": 29.282400131225586}
{"event": "sample", "n": 800, "mode": "backward", "round": 2, "block": 0, "label": "A", "sample": 8, "ms": 29.339391708374023}
{"event": "sample", "n": 800, "mode": "backward", "round": 2, "block": 0, "label": "A", "sample": 9, "ms": 29.331615447998047}
{"event": "sample", "n": 800, "mode": "backward", "round": 2, "block": 1, "label": "B", "sample": 0, "ms": 24.107999801635742}
{"event": "sample", "n": 800, "mode": "backward", "round": 2, "block": 1, "label": "B", "sample": 1, "ms": 23.88185691833496}
{"event": "sample", "n": 800, "mode": "backward", "round": 2, "block": 1, "label": "B", "sample": 2, "ms": 23.851776123046875}
{"event": "sample", "n": 800, "mode": "backward", "round": 2, "block": 1, "label": "B", "sample": 3, "ms": 23.865631103515625}
{"event": "sample", "n": 800, "mode": "backward", "round": 2, "block": 1, "label": "B", "sample": 4, "ms": 23.894271850585938}
{"event": "sample", "n": 800, "mode": "backward", "round": 2, "block": 1, "label": "B", "sample": 5, "ms": 23.892736434936523}
{"event": "sample", "n": 800, "mode": "backward", "round": 2, "block": 1, "label": "B", "sample": 6, "ms": 23.893247604370117}
{"event": "sample", "n": 800, "mode": "backward", "round": 2, "block": 1, "label": "B", "sample": 7, "ms": 23.863712310791016}
{"event": "sample", "n": 800, "mode": "backward", "round": 2, "block": 1, "label": "B", "sample": 8, "ms": 23.868671417236328}
{"event": "sample", "n": 800, "mode": "backward", "round": 2, "block": 1, "label": "B", "sample": 9, "ms": 23.862367630004883}
{"event": "sample", "n": 800, "mode": "backward", "round": 2, "block": 2, "label": "B", "sample": 0, "ms": 24.273439407348633}
{"event": "sample", "n": 800, "mode": "backward", "round": 2, "block": 2, "label": "B", "sample": 1, "ms": 23.833663940429688}
{"event": "sample", "n": 800, "mode": "backward", "round": 2, "block": 2, "label": "B", "sample": 2, "ms": 23.83852767944336}
{"event": "sample", "n": 800, "mode": "backward", "round": 2, "block": 2, "label": "B", "sample": 3, "ms": 23.839008331298828}
{"event": "sample", "n": 800, "mode": "backward", "round": 2, "block": 2, "label": "B", "sample": 4, "ms": 23.877887725830078}
{"event": "sample", "n": 800, "mode": "backward", "round": 2, "block": 2, "label": "B", "sample": 5, "ms": 23.875743865966797}
{"event": "sample", "n": 800, "mode": "backward", "round": 2, "block": 2, "label": "B", "sample": 6, "ms": 23.868864059448242}
{"event": "sample", "n": 800, "mode": "backward", "round": 2, "block": 2, "label": "B", "sample": 7, "ms": 23.878816604614258}
{"event": "sample", "n": 800, "mode": "backward", "round": 2, "block": 2, "label": "B", "sample": 8, "ms": 23.83247947692871}
{"event": "sample", "n": 800, "mode": "backward", "round": 2, "block": 2, "label": "B", "sample": 9, "ms": 23.836544036865234}
{"event": "sample", "n": 800, "mode": "backward", "round": 2, "block": 3, "label": "A", "sample": 0, "ms": 29.631935119628906}
{"event": "sample", "n": 800, "mode": "backward", "round": 2, "block": 3, "label": "A", "sample": 1, "ms": 29.233631134033203}
{"event": "sample", "n": 800, "mode": "backward", "round": 2, "block": 3, "label": "A", "sample": 2, "ms": 29.265535354614258}
{"event": "sample", "n": 800, "mode": "backward", "round": 2, "block": 3, "label": "A", "sample": 3, "ms": 29.263647079467773}
{"event": "sample", "n": 800, "mode": "backward", "round": 2, "block": 3, "label": "A", "sample": 4, "ms": 29.262367248535156}
{"event": "sample", "n": 800, "mode": "backward", "round": 2, "block": 3, "label": "A", "sample": 5, "ms": 29.26131248474121}
{"event": "sample", "n": 800, "mode": "backward", "round": 2, "block": 3, "label": "A", "sample": 6, "ms": 29.262399673461914}
{"event": "sample", "n": 800, "mode": "backward", "round": 2, "block": 3, "label": "A", "sample": 7, "ms": 29.264575958251953}
{"event": "sample", "n": 800, "mode": "backward", "round": 2, "block": 3, "label": "A", "sample": 8, "ms": 29.26361656188965}
{"event": "sample", "n": 800, "mode": "backward", "round": 2, "block": 3, "label": "A", "sample": 9, "ms": 29.261184692382812}
{"event": "summary", "n": 800, "mode": "backward", "median_ms": {"A": 29.26323127746582, "B": 23.86718463897705}, "speedup": 1.2260864329040546, "samples_per_label": 60}
{"event": "sample", "n": 800, "mode": "forward_backward", "round": 0, "block": 0, "label": "A", "sample": 0, "ms": 35.45686340332031}
{"event": "sample", "n": 800, "mode": "forward_backward", "round": 0, "block": 0, "label": "A", "sample": 1, "ms": 35.21139144897461}
{"event": "sample", "n": 800, "mode": "forward_backward", "round": 0, "block": 0, "label": "A", "sample": 2, "ms": 35.20528030395508}
{"event": "sample", "n": 800, "mode": "forward_backward", "round": 0, "block": 0, "label": "A", "sample": 3, "ms": 35.209598541259766}
{"event": "sample", "n": 800, "mode": "forward_backward", "round": 0, "block": 0, "label": "A", "sample": 4, "ms": 35.20899200439453}
{"event": "sample", "n": 800, "mode": "forward_backward", "round": 0, "block": 0, "label": "A", "sample": 5, "ms": 35.20742416381836}
{"event": "sample", "n": 800, "mode": "forward_backward", "round": 0, "block": 0, "label": "A", "sample": 6, "ms": 35.20710372924805}
{"event": "sample", "n": 800, "mode": "forward_backward", "round": 0, "block": 0, "label": "A", "sample": 7, "ms": 35.20969772338867}
{"event": "sample", "n": 800, "mode": "forward_backward", "round": 0, "block": 0, "label": "A", "sample": 8, "ms": 35.2097282409668}
{"event": "sample", "n": 800, "mode": "forward_backward", "round": 0, "block": 0, "label": "A", "sample": 9, "ms": 35.20576095581055}
{"event": "sample", "n": 800, "mode": "forward_backward", "round": 0, "block": 1, "label": "B", "sample": 0, "ms": 30.199071884155273}
{"event": "sample", "n": 800, "mode": "forward_backward", "round": 0, "block": 1, "label": "B", "sample": 1, "ms": 29.797216415405273}
{"event": "sample", "n": 800, "mode": "forward_backward", "round": 0, "block": 1, "label": "B", "sample": 2, "ms": 29.774015426635742}
{"event": "sample", "n": 800, "mode": "forward_backward", "round": 0, "block": 1, "label": "B", "sample": 3, "ms": 29.781024932861328}
{"event": "sample", "n": 800, "mode": "forward_backward", "round": 0, "block": 1, "label": "B", "sample": 4, "ms": 29.75446319580078}
{"event": "sample", "n": 800, "mode": "forward_backward", "round": 0, "block": 1, "label": "B", "sample": 5, "ms": 29.7490234375}
{"event": "sample", "n": 800, "mode": "forward_backward", "round": 0, "block": 1, "label": "B", "sample": 6, "ms": 29.738496780395508}
{"event": "sample", "n": 800, "mode": "forward_backward", "round": 0, "block": 1, "label": "B", "sample": 7, "ms": 29.808576583862305}
{"event": "sample", "n": 800, "mode": "forward_backward", "round": 0, "block": 1, "label": "B", "sample": 8, "ms": 29.815200805664062}
{"event": "sample", "n": 800, "mode": "forward_backward", "round": 0, "block": 1, "label": "B", "sample": 9, "ms": 29.79644775390625}
{"event": "sample", "n": 800, "mode": "forward_backward", "round": 0, "block": 2, "label": "B", "sample": 0, "ms": 30.175296783447266}
{"event": "sample", "n": 800, "mode": "forward_backward", "round": 0, "block": 2, "label": "B", "sample": 1, "ms": 29.745567321777344}
{"event": "sample", "n": 800, "mode": "forward_backward", "round": 0, "block": 2, "label": "B", "sample": 2, "ms": 29.74470329284668}
{"event": "sample", "n": 800, "mode": "forward_backward", "round": 0, "block": 2, "label": "B", "sample": 3, "ms": 29.769472122192383}
{"event": "sample", "n": 800, "mode": "forward_backward", "round": 0, "block": 2, "label": "B", "sample": 4, "ms": 29.802400588989258}
{"event": "sample", "n": 800, "mode": "forward_backward", "round": 0, "block": 2, "label": "B", "sample": 5, "ms": 29.81011199951172}
{"event": "sample", "n": 800, "mode": "forward_backward", "round": 0, "block": 2, "label": "B", "sample": 6, "ms": 29.78860855102539}
{"event": "sample", "n": 800, "mode": "forward_backward", "round": 0, "block": 2, "label": "B", "sample": 7, "ms": 29.743520736694336}
{"event": "sample", "n": 800, "mode": "forward_backward", "round": 0, "block": 2, "label": "B", "sample": 8, "ms": 29.73651123046875}
{"event": "sample", "n": 800, "mode": "forward_backward", "round": 0, "block": 2, "label": "B", "sample": 9, "ms": 29.712671279907227}
{"event": "sample", "n": 800, "mode": "forward_backward", "round": 0, "block": 3, "label": "A", "sample": 0, "ms": 35.47267150878906}
{"event": "sample", "n": 800, "mode": "forward_backward", "round": 0, "block": 3, "label": "A", "sample": 1, "ms": 35.212158203125}
{"event": "sample", "n": 800, "mode": "forward_backward", "round": 0, "block": 3, "label": "A", "sample": 2, "ms": 35.21971130371094}
{"event": "sample", "n": 800, "mode": "forward_backward", "round": 0, "block": 3, "label": "A", "sample": 3, "ms": 35.213985443115234}
{"event": "sample", "n": 800, "mode": "forward_backward", "round": 0, "block": 3, "label": "A", "sample": 4, "ms": 35.217567443847656}
{"event": "sample", "n": 800, "mode": "forward_backward", "round": 0, "block": 3, "label": "A", "sample": 5, "ms": 35.214561462402344}
{"event": "sample", "n": 800, "mode": "forward_backward", "round": 0, "block": 3, "label": "A", "sample": 6, "ms": 35.20985412597656}
{"event": "sample", "n": 800, "mode": "forward_backward", "round": 0, "block": 3, "label": "A", "sample": 7, "ms": 35.210113525390625}
{"event": "sample", "n": 800, "mode": "forward_backward", "round": 0, "block": 3, "label": "A", "sample": 8, "ms": 35.20870590209961}
{"event": "sample", "n": 800, "mode": "forward_backward", "round": 0, "block": 3, "label": "A", "sample": 9, "ms": 35.212833404541016}
{"event": "sample", "n": 800, "mode": "forward_backward", "round": 1, "block": 0, "label": "A", "sample": 0, "ms": 35.94784164428711}
{"event": "sample", "n": 800, "mode": "forward_backward", "round": 1, "block": 0, "label": "A", "sample": 1, "ms": 35.21318435668945}
{"event": "sample", "n": 800, "mode": "forward_backward", "round": 1, "block": 0, "label": "A", "sample": 2, "ms": 35.210304260253906}
{"event": "sample", "n": 800, "mode": "forward_backward", "round": 1, "block": 0, "label": "A", "sample": 3, "ms": 35.2116813659668}
{"event": "sample", "n": 800, "mode": "forward_backward", "round": 1, "block": 0, "label": "A", "sample": 4, "ms": 35.21648025512695}
{"event": "sample", "n": 800, "mode": "forward_backward", "round": 1, "block": 0, "label": "A", "sample": 5, "ms": 35.21583938598633}
{"event": "sample", "n": 800, "mode": "forward_backward", "round": 1, "block": 0, "label": "A", "sample": 6, "ms": 35.21014404296875}
{"event": "sample", "n": 800, "mode": "forward_backward", "round": 1, "block": 0, "label": "A", "sample": 7, "ms": 35.212158203125}
{"event": "sample", "n": 800, "mode": "forward_backward", "round": 1, "block": 0, "label": "A", "sample": 8, "ms": 35.21177673339844}
{"event": "sample", "n": 800, "mode": "forward_backward", "round": 1, "block": 0, "label": "A", "sample": 9, "ms": 35.213504791259766}
{"event": "sample", "n": 800, "mode": "forward_backward", "round": 1, "block": 1, "label": "B", "sample": 0, "ms": 30.3604793548584}
{"event": "sample", "n": 800, "mode": "forward_backward", "round": 1, "block": 1, "label": "B", "sample": 1, "ms": 29.80441665649414}
{"event": "sample", "n": 800, "mode": "forward_backward", "round": 1, "block": 1, "label": "B", "sample": 2, "ms": 29.760448455810547}
{"event": "sample", "n": 800, "mode": "forward_backward", "round": 1, "block": 1, "label": "B", "sample": 3, "ms": 29.79840087890625}
{"event": "sample", "n": 800, "mode": "forward_backward", "round": 1, "block": 1, "label": "B", "sample": 4, "ms": 29.827999114990234}
{"event": "sample", "n": 800, "mode": "forward_backward", "round": 1, "block": 1, "label": "B", "sample": 5, "ms": 29.788896560668945}
{"event": "sample", "n": 800, "mode": "forward_backward", "round": 1, "block": 1, "label": "B", "sample": 6, "ms": 29.781824111938477}
{"event": "sample", "n": 800, "mode": "forward_backward", "round": 1, "block": 1, "label": "B", "sample": 7, "ms": 29.733503341674805}
{"event": "sample", "n": 800, "mode": "forward_backward", "round": 1, "block": 1, "label": "B", "sample": 8, "ms": 29.752256393432617}
{"event": "sample", "n": 800, "mode": "forward_backward", "round": 1, "block": 1, "label": "B", "sample": 9, "ms": 29.740575790405273}
{"event": "sample", "n": 800, "mode": "forward_backward", "round": 1, "block": 2, "label": "B", "sample": 0, "ms": 30.180479049682617}
{"event": "sample", "n": 800, "mode": "forward_backward", "round": 1, "block": 2, "label": "B", "sample": 1, "ms": 29.791040420532227}
{"event": "sample", "n": 800, "mode": "forward_backward", "round": 1, "block": 2, "label": "B", "sample": 2, "ms": 29.777151107788086}
{"event": "sample", "n": 800, "mode": "forward_backward", "round": 1, "block": 2, "label": "B", "sample": 3, "ms": 29.797088623046875}
{"event": "sample", "n": 800, "mode": "forward_backward", "round": 1, "block": 2, "label": "B", "sample": 4, "ms": 29.734272003173828}
{"event": "sample", "n": 800, "mode": "forward_backward", "round": 1, "block": 2, "label": "B", "sample": 5, "ms": 29.75369644165039}
{"event": "sample", "n": 800, "mode": "forward_backward", "round": 1, "block": 2, "label": "B", "sample": 6, "ms": 29.766016006469727}
{"event": "sample", "n": 800, "mode": "forward_backward", "round": 1, "block": 2, "label": "B", "sample": 7, "ms": 29.794143676757812}
{"event": "sample", "n": 800, "mode": "forward_backward", "round": 1, "block": 2, "label": "B", "sample": 8, "ms": 29.748416900634766}
{"event": "sample", "n": 800, "mode": "forward_backward", "round": 1, "block": 2, "label": "B", "sample": 9, "ms": 29.803680419921875}
{"event": "sample", "n": 800, "mode": "forward_backward", "round": 1, "block": 3, "label": "A", "sample": 0, "ms": 35.48227310180664}
{"event": "sample", "n": 800, "mode": "forward_backward", "round": 1, "block": 3, "label": "A", "sample": 1, "ms": 35.20995330810547}
{"event": "sample", "n": 800, "mode": "forward_backward", "round": 1, "block": 3, "label": "A", "sample": 2, "ms": 35.2092170715332}
{"event": "sample", "n": 800, "mode": "forward_backward", "round": 1, "block": 3, "label": "A", "sample": 3, "ms": 35.21513748168945}
{"event": "sample", "n": 800, "mode": "forward_backward", "round": 1, "block": 3, "label": "A", "sample": 4, "ms": 35.217472076416016}
{"event": "sample", "n": 800, "mode": "forward_backward", "round": 1, "block": 3, "label": "A", "sample": 5, "ms": 35.21548843383789}
{"event": "sample", "n": 800, "mode": "forward_backward", "round": 1, "block": 3, "label": "A", "sample": 6, "ms": 35.21846389770508}
{"event": "sample", "n": 800, "mode": "forward_backward", "round": 1, "block": 3, "label": "A", "sample": 7, "ms": 35.227359771728516}
{"event": "sample", "n": 800, "mode": "forward_backward", "round": 1, "block": 3, "label": "A", "sample": 8, "ms": 35.205726623535156}
{"event": "sample", "n": 800, "mode": "forward_backward", "round": 1, "block": 3, "label": "A", "sample": 9, "ms": 35.207008361816406}
{"event": "sample", "n": 800, "mode": "forward_backward", "round": 2, "block": 0, "label": "A", "sample": 0, "ms": 35.46108627319336}
{"event": "sample", "n": 800, "mode": "forward_backward", "round": 2, "block": 0, "label": "A", "sample": 1, "ms": 35.25779342651367}
{"event": "sample", "n": 800, "mode": "forward_backward", "round": 2, "block": 0, "label": "A", "sample": 2, "ms": 35.29011154174805}
{"event": "sample", "n": 800, "mode": "forward_backward", "round": 2, "block": 0, "label": "A", "sample": 3, "ms": 35.286399841308594}
{"event": "sample", "n": 800, "mode": "forward_backward", "round": 2, "block": 0, "label": "A", "sample": 4, "ms": 35.226112365722656}
{"event": "sample", "n": 800, "mode": "forward_backward", "round": 2, "block": 0, "label": "A", "sample": 5, "ms": 35.21244812011719}
{"event": "sample", "n": 800, "mode": "forward_backward", "round": 2, "block": 0, "label": "A", "sample": 6, "ms": 35.21718215942383}
{"event": "sample", "n": 800, "mode": "forward_backward", "round": 2, "block": 0, "label": "A", "sample": 7, "ms": 35.211265563964844}
{"event": "sample", "n": 800, "mode": "forward_backward", "round": 2, "block": 0, "label": "A", "sample": 8, "ms": 35.216190338134766}
{"event": "sample", "n": 800, "mode": "forward_backward", "round": 2, "block": 0, "label": "A", "sample": 9, "ms": 35.21139144897461}
{"event": "sample", "n": 800, "mode": "forward_backward", "round": 2, "block": 1, "label": "B", "sample": 0, "ms": 30.217599868774414}
{"event": "sample", "n": 800, "mode": "forward_backward", "round": 2, "block": 1, "label": "B", "sample": 1, "ms": 29.762304306030273}
{"event": "sample", "n": 800, "mode": "forward_backward", "round": 2, "block": 1, "label": "B", "sample": 2, "ms": 29.79852867126465}
{"event": "sample", "n": 800, "mode": "forward_backward", "round": 2, "block": 1, "label": "B", "sample": 3, "ms": 29.734079360961914}
{"event": "sample", "n": 800, "mode": "forward_backward", "round": 2, "block": 1, "label": "B", "sample": 4, "ms": 29.74448013305664}
{"event": "sample", "n": 800, "mode": "forward_backward", "round": 2, "block": 1, "label": "B", "sample": 5, "ms": 29.7542724609375}
{"event": "sample", "n": 800, "mode": "forward_backward", "round": 2, "block": 1, "label": "B", "sample": 6, "ms": 29.762208938598633}
{"event": "sample", "n": 800, "mode": "forward_backward", "round": 2, "block": 1, "label": "B", "sample": 7, "ms": 29.796480178833008}
{"event": "sample", "n": 800, "mode": "forward_backward", "round": 2, "block": 1, "label": "B", "sample": 8, "ms": 29.79795265197754}
{"event": "sample", "n": 800, "mode": "forward_backward", "round": 2, "block": 1, "label": "B", "sample": 9, "ms": 29.792383193969727}
{"event": "sample", "n": 800, "mode": "forward_backward", "round": 2, "block": 2, "label": "B", "sample": 0, "ms": 30.415327072143555}
{"event": "sample", "n": 800, "mode": "forward_backward", "round": 2, "block": 2, "label": "B", "sample": 1, "ms": 29.72902488708496}
{"event": "sample", "n": 800, "mode": "forward_backward", "round": 2, "block": 2, "label": "B", "sample": 2, "ms": 29.74928092956543}
{"event": "sample", "n": 800, "mode": "forward_backward", "round": 2, "block": 2, "label": "B", "sample": 3, "ms": 29.810335159301758}
{"event": "sample", "n": 800, "mode": "forward_backward", "round": 2, "block": 2, "label": "B", "sample": 4, "ms": 29.79529571533203}
{"event": "sample", "n": 800, "mode": "forward_backward", "round": 2, "block": 2, "label": "B", "sample": 5, "ms": 29.79212760925293}
{"event": "sample", "n": 800, "mode": "forward_backward", "round": 2, "block": 2, "label": "B", "sample": 6, "ms": 29.772703170776367}
{"event": "sample", "n": 800, "mode": "forward_backward", "round": 2, "block": 2, "label": "B", "sample": 7, "ms": 29.74367904663086}
{"event": "sample", "n": 800, "mode": "forward_backward", "round": 2, "block": 2, "label": "B", "sample": 8, "ms": 29.731807708740234}
{"event": "sample", "n": 800, "mode": "forward_backward", "round": 2, "block": 2, "label": "B", "sample": 9, "ms": 29.749183654785156}
{"event": "sample", "n": 800, "mode": "forward_backward", "round": 2, "block": 3, "label": "A", "sample": 0, "ms": 35.540992736816406}
{"event": "sample", "n": 800, "mode": "forward_backward", "round": 2, "block": 3, "label": "A", "sample": 1, "ms": 35.20889663696289}
{"event": "sample", "n": 800, "mode": "forward_backward", "round": 2, "block": 3, "label": "A", "sample": 2, "ms": 35.20470428466797}
{"event": "sample", "n": 800, "mode": "forward_backward", "round": 2, "block": 3, "label": "A", "sample": 3, "ms": 35.210689544677734}
{"event": "sample", "n": 800, "mode": "forward_backward", "round": 2, "block": 3, "label": "A", "sample": 4, "ms": 35.209537506103516}
{"event": "sample", "n": 800, "mode": "forward_backward", "round": 2, "block": 3, "label": "A", "sample": 5, "ms": 35.216896057128906}
{"event": "sample", "n": 800, "mode": "forward_backward", "round": 2, "block": 3, "label": "A", "sample": 6, "ms": 35.21004867553711}
{"event": "sample", "n": 800, "mode": "forward_backward", "round": 2, "block": 3, "label": "A", "sample": 7, "ms": 35.20915222167969}
{"event": "sample", "n": 800, "mode": "forward_backward", "round": 2, "block": 3, "label": "A", "sample": 8, "ms": 35.20975875854492}
{"event": "sample", "n": 800, "mode": "forward_backward", "round": 2, "block": 3, "label": "A", "sample": 9, "ms": 35.2127685546875}
{"event": "summary", "n": 800, "mode": "forward_backward", "median_ms": {"A": 35.212158203125, "B": 29.779088020324707}, "speedup": 1.1824458216817162, "samples_per_label": 60}
{"event": "parity", "n": 1024, "checks": {"output": {"relative_l2": 0.0, "baseline_zero_max_abs_diagnostic": 0.0, "passed": true}, "dq": {"relative_l2": 7.519339123973623e-05, "baseline_zero_max_abs_diagnostic": 0.0, "passed": true}, "dk": {"relative_l2": 0.0, "baseline_zero_max_abs_diagnostic": 0.0, "passed": true}, "dv": {"relative_l2": 0.0, "baseline_zero_max_abs_diagnostic": 0.0, "passed": true}, "db": {"relative_l2": 1.0690415365388617e-05, "baseline_zero_max_abs_diagnostic": 0.0, "passed": true}}, "independent_reference": false}
{"event": "memory", "n": 1024, "measurements": {"A": {"peak_increment_bytes": 2366636032, "retained_increment_bytes": 2164260864}, "B": {"peak_increment_bytes": 2433777664, "retained_increment_bytes": 2164260864}}}
{"event": "sample", "n": 1024, "mode": "forward", "round": 0, "block": 0, "label": "A", "sample": 0, "ms": 10.928095817565918}
{"event": "sample", "n": 1024, "mode": "forward", "round": 0, "block": 0, "label": "A", "sample": 1, "ms": 10.789600372314453}
{"event": "sample", "n": 1024, "mode": "forward", "round": 0, "block": 0, "label": "A", "sample": 2, "ms": 10.789504051208496}
{"event": "sample", "n": 1024, "mode": "forward", "round": 0, "block": 0, "label": "A", "sample": 3, "ms": 10.789983749389648}
{"event": "sample", "n": 1024, "mode": "forward", "round": 0, "block": 0, "label": "A", "sample": 4, "ms": 10.78934383392334}
{"event": "sample", "n": 1024, "mode": "forward", "round": 0, "block": 0, "label": "A", "sample": 5, "ms": 10.789952278137207}
{"event": "sample", "n": 1024, "mode": "forward", "round": 0, "block": 0, "label": "A", "sample": 6, "ms": 10.790752410888672}
{"event": "sample", "n": 1024, "mode": "forward", "round": 0, "block": 0, "label": "A", "sample": 7, "ms": 10.78831958770752}
{"event": "sample", "n": 1024, "mode": "forward", "round": 0, "block": 0, "label": "A", "sample": 8, "ms": 10.789728164672852}
{"event": "sample", "n": 1024, "mode": "forward", "round": 0, "block": 0, "label": "A", "sample": 9, "ms": 10.79257583618164}
{"event": "sample", "n": 1024, "mode": "forward", "round": 0, "block": 1, "label": "B", "sample": 0, "ms": 11.032352447509766}
{"event": "sample", "n": 1024, "mode": "forward", "round": 0, "block": 1, "label": "B", "sample": 1, "ms": 10.637151718139648}
{"event": "sample", "n": 1024, "mode": "forward", "round": 0, "block": 1, "label": "B", "sample": 2, "ms": 10.637344360351562}
{"event": "sample", "n": 1024, "mode": "forward", "round": 0, "block": 1, "label": "B", "sample": 3, "ms": 10.637439727783203}
{"event": "sample", "n": 1024, "mode": "forward", "round": 0, "block": 1, "label": "B", "sample": 4, "ms": 10.637696266174316}
{"event": "sample", "n": 1024, "mode": "forward", "round": 0, "block": 1, "label": "B", "sample": 5, "ms": 10.636223793029785}
{"event": "sample", "n": 1024, "mode": "forward", "round": 0, "block": 1, "label": "B", "sample": 6, "ms": 10.636544227600098}
{"event": "sample", "n": 1024, "mode": "forward", "round": 0, "block": 1, "label": "B", "sample": 7, "ms": 10.636863708496094}
{"event": "sample", "n": 1024, "mode": "forward", "round": 0, "block": 1, "label": "B", "sample": 8, "ms": 10.638079643249512}
{"event": "sample", "n": 1024, "mode": "forward", "round": 0, "block": 1, "label": "B", "sample": 9, "ms": 10.637503623962402}
{"event": "sample", "n": 1024, "mode": "forward", "round": 0, "block": 2, "label": "B", "sample": 0, "ms": 10.980128288269043}
{"event": "sample", "n": 1024, "mode": "forward", "round": 0, "block": 2, "label": "B", "sample": 1, "ms": 10.638015747070312}
{"event": "sample", "n": 1024, "mode": "forward", "round": 0, "block": 2, "label": "B", "sample": 2, "ms": 10.637791633605957}
{"event": "sample", "n": 1024, "mode": "forward", "round": 0, "block": 2, "label": "B", "sample": 3, "ms": 10.63644790649414}
{"event": "sample", "n": 1024, "mode": "forward", "round": 0, "block": 2, "label": "B", "sample": 4, "ms": 10.66163158416748}
{"event": "sample", "n": 1024, "mode": "forward", "round": 0, "block": 2, "label": "B", "sample": 5, "ms": 10.665151596069336}
{"event": "sample", "n": 1024, "mode": "forward", "round": 0, "block": 2, "label": "B", "sample": 6, "ms": 10.663647651672363}
{"event": "sample", "n": 1024, "mode": "forward", "round": 0, "block": 2, "label": "B", "sample": 7, "ms": 10.663647651672363}
{"event": "sample", "n": 1024, "mode": "forward", "round": 0, "block": 2, "label": "B", "sample": 8, "ms": 10.660096168518066}
{"event": "sample", "n": 1024, "mode": "forward", "round": 0, "block": 2, "label": "B", "sample": 9, "ms": 10.662367820739746}
{"event": "sample", "n": 1024, "mode": "forward", "round": 0, "block": 3, "label": "A", "sample": 0, "ms": 10.989215850830078}
{"event": "sample", "n": 1024, "mode": "forward", "round": 0, "block": 3, "label": "A", "sample": 1, "ms": 10.810688018798828}
{"event": "sample", "n": 1024, "mode": "forward", "round": 0, "block": 3, "label": "A", "sample": 2, "ms": 10.81164836883545}
{"event": "sample", "n": 1024, "mode": "forward", "round": 0, "block": 3, "label": "A", "sample": 3, "ms": 10.79964828491211}
{"event": "sample", "n": 1024, "mode": "forward", "round": 0, "block": 3, "label": "A", "sample": 4, "ms": 10.787808418273926}
{"event": "sample", "n": 1024, "mode": "forward", "round": 0, "block": 3, "label": "A", "sample": 5, "ms": 10.788064002990723}
{"event": "sample", "n": 1024, "mode": "forward", "round": 0, "block": 3, "label": "A", "sample": 6, "ms": 10.789504051208496}
{"event": "sample", "n": 1024, "mode": "forward", "round": 0, "block": 3, "label": "A", "sample": 7, "ms": 10.789440155029297}
{"event": "sample", "n": 1024, "mode": "forward", "round": 0, "block": 3, "label": "A", "sample": 8, "ms": 10.790783882141113}
{"event": "sample", "n": 1024, "mode": "forward", "round": 0, "block": 3, "label": "A", "sample": 9, "ms": 10.791168212890625}
{"event": "sample", "n": 1024, "mode": "forward", "round": 1, "block": 0, "label": "A", "sample": 0, "ms": 10.945183753967285}
{"event": "sample", "n": 1024, "mode": "forward", "round": 1, "block": 0, "label": "A", "sample": 1, "ms": 10.788736343383789}
{"event": "sample", "n": 1024, "mode": "forward", "round": 1, "block": 0, "label": "A", "sample": 2, "ms": 10.789440155029297}
{"event": "sample", "n": 1024, "mode": "forward", "round": 1, "block": 0, "label": "A", "sample": 3, "ms": 10.789600372314453}
{"event": "sample", "n": 1024, "mode": "forward", "round": 1, "block": 0, "label": "A", "sample": 4, "ms": 10.78816032409668}
{"event": "sample", "n": 1024, "mode": "forward", "round": 1, "block": 0, "label": "A", "sample": 5, "ms": 10.789728164672852}
{"event": "sample", "n": 1024, "mode": "forward", "round": 1, "block": 0, "label": "A", "sample": 6, "ms": 10.790687561035156}
{"event": "sample", "n": 1024, "mode": "forward", "round": 1, "block": 0, "label": "A", "sample": 7, "ms": 10.791199684143066}
{"event": "sample", "n": 1024, "mode": "forward", "round": 1, "block": 0, "label": "A", "sample": 8, "ms": 10.78927993774414}
{"event": "sample", "n": 1024, "mode": "forward", "round": 1, "block": 0, "label": "A", "sample": 9, "ms": 10.791616439819336}
{"event": "sample", "n": 1024, "mode": "forward", "round": 1, "block": 1, "label": "B", "sample": 0, "ms": 11.018943786621094}
{"event": "sample", "n": 1024, "mode": "forward", "round": 1, "block": 1, "label": "B", "sample": 1, "ms": 10.636832237243652}
{"event": "sample", "n": 1024, "mode": "forward", "round": 1, "block": 1, "label": "B", "sample": 2, "ms": 10.636768341064453}
{"event": "sample", "n": 1024, "mode": "forward", "round": 1, "block": 1, "label": "B", "sample": 3, "ms": 10.637248039245605}
{"event": "sample", "n": 1024, "mode": "forward", "round": 1, "block": 1, "label": "B", "sample": 4, "ms": 10.637280464172363}
{"event": "sample", "n": 1024, "mode": "forward", "round": 1, "block": 1, "label": "B", "sample": 5, "ms": 10.637311935424805}
{"event": "sample", "n": 1024, "mode": "forward", "round": 1, "block": 1, "label": "B", "sample": 6, "ms": 10.637215614318848}
{"event": "sample", "n": 1024, "mode": "forward", "round": 1, "block": 1, "label": "B", "sample": 7, "ms": 10.63542366027832}
{"event": "sample", "n": 1024, "mode": "forward", "round": 1, "block": 1, "label": "B", "sample": 8, "ms": 10.637248039245605}
{"event": "sample", "n": 1024, "mode": "forward", "round": 1, "block": 1, "label": "B", "sample": 9, "ms": 10.637887954711914}
{"event": "sample", "n": 1024, "mode": "forward", "round": 1, "block": 2, "label": "B", "sample": 0, "ms": 10.967328071594238}
{"event": "sample", "n": 1024, "mode": "forward", "round": 1, "block": 2, "label": "B", "sample": 1, "ms": 10.63644790649414}
{"event": "sample", "n": 1024, "mode": "forward", "round": 1, "block": 2, "label": "B", "sample": 2, "ms": 10.638303756713867}
{"event": "sample", "n": 1024, "mode": "forward", "round": 1, "block": 2, "label": "B", "sample": 3, "ms": 10.636992454528809}
{"event": "sample", "n": 1024, "mode": "forward", "round": 1, "block": 2, "label": "B", "sample": 4, "ms": 10.637632369995117}
{"event": "sample", "n": 1024, "mode": "forward", "round": 1, "block": 2, "label": "B", "sample": 5, "ms": 10.637951850891113}
{"event": "sample", "n": 1024, "mode": "forward", "round": 1, "block": 2, "label": "B", "sample": 6, "ms": 10.638879776000977}
{"event": "sample", "n": 1024, "mode": "forward", "round": 1, "block": 2, "label": "B", "sample": 7, "ms": 10.636096000671387}
{"event": "sample", "n": 1024, "mode": "forward", "round": 1, "block": 2, "label": "B", "sample": 8, "ms": 10.637056350708008}
{"event": "sample", "n": 1024, "mode": "forward", "round": 1, "block": 2, "label": "B", "sample": 9, "ms": 10.637408256530762}
{"event": "sample", "n": 1024, "mode": "forward", "round": 1, "block": 3, "label": "A", "sample": 0, "ms": 10.932831764221191}
{"event": "sample", "n": 1024, "mode": "forward", "round": 1, "block": 3, "label": "A", "sample": 1, "ms": 10.791104316711426}
{"event": "sample", "n": 1024, "mode": "forward", "round": 1, "block": 3, "label": "A", "sample": 2, "ms": 10.792096138000488}
{"event": "sample", "n": 1024, "mode": "forward", "round": 1, "block": 3, "label": "A", "sample": 3, "ms": 10.78816032409668}
{"event": "sample", "n": 1024, "mode": "forward", "round": 1, "block": 3, "label": "A", "sample": 4, "ms": 10.791199684143066}
{"event": "sample", "n": 1024, "mode": "forward", "round": 1, "block": 3, "label": "A", "sample": 5, "ms": 10.793536186218262}
{"event": "sample", "n": 1024, "mode": "forward", "round": 1, "block": 3, "label": "A", "sample": 6, "ms": 10.794464111328125}
{"event": "sample", "n": 1024, "mode": "forward", "round": 1, "block": 3, "label": "A", "sample": 7, "ms": 10.791808128356934}
{"event": "sample", "n": 1024, "mode": "forward", "round": 1, "block": 3, "label": "A", "sample": 8, "ms": 10.790783882141113}
{"event": "sample", "n": 1024, "mode": "forward", "round": 1, "block": 3, "label": "A", "sample": 9, "ms": 10.791423797607422}
{"event": "sample", "n": 1024, "mode": "forward", "round": 2, "block": 0, "label": "A", "sample": 0, "ms": 10.939488410949707}
{"event": "sample", "n": 1024, "mode": "forward", "round": 2, "block": 0, "label": "A", "sample": 1, "ms": 10.789055824279785}
{"event": "sample", "n": 1024, "mode": "forward", "round": 2, "block": 0, "label": "A", "sample": 2, "ms": 10.789504051208496}
{"event": "sample", "n": 1024, "mode": "forward", "round": 2, "block": 0, "label": "A", "sample": 3, "ms": 10.791168212890625}
{"event": "sample", "n": 1024, "mode": "forward", "round": 2, "block": 0, "label": "A", "sample": 4, "ms": 10.790335655212402}
{"event": "sample", "n": 1024, "mode": "forward", "round": 2, "block": 0, "label": "A", "sample": 5, "ms": 10.788640022277832}
{"event": "sample", "n": 1024, "mode": "forward", "round": 2, "block": 0, "label": "A", "sample": 6, "ms": 10.78809642791748}
{"event": "sample", "n": 1024, "mode": "forward", "round": 2, "block": 0, "label": "A", "sample": 7, "ms": 10.791520118713379}
{"event": "sample", "n": 1024, "mode": "forward", "round": 2, "block": 0, "label": "A", "sample": 8, "ms": 10.791487693786621}
{"event": "sample", "n": 1024, "mode": "forward", "round": 2, "block": 0, "label": "A", "sample": 9, "ms": 10.789119720458984}
{"event": "sample", "n": 1024, "mode": "forward", "round": 2, "block": 1, "label": "B", "sample": 0, "ms": 11.003999710083008}
{"event": "sample", "n": 1024, "mode": "forward", "round": 2, "block": 1, "label": "B", "sample": 1, "ms": 10.637375831604004}
{"event": "sample", "n": 1024, "mode": "forward", "round": 2, "block": 1, "label": "B", "sample": 2, "ms": 10.638272285461426}
{"event": "sample", "n": 1024, "mode": "forward", "round": 2, "block": 1, "label": "B", "sample": 3, "ms": 10.636799812316895}
{"event": "sample", "n": 1024, "mode": "forward", "round": 2, "block": 1, "label": "B", "sample": 4, "ms": 10.63804817199707}
{"event": "sample", "n": 1024, "mode": "forward", "round": 2, "block": 1, "label": "B", "sample": 5, "ms": 10.63696002960205}
{"event": "sample", "n": 1024, "mode": "forward", "round": 2, "block": 1, "label": "B", "sample": 6, "ms": 10.637439727783203}
{"event": "sample", "n": 1024, "mode": "forward", "round": 2, "block": 1, "label": "B", "sample": 7, "ms": 10.63696002960205}
{"event": "sample", "n": 1024, "mode": "forward", "round": 2, "block": 1, "label": "B", "sample": 8, "ms": 10.63644790649414}
{"event": "sample", "n": 1024, "mode": "forward", "round": 2, "block": 1, "label": "B", "sample": 9, "ms": 10.636832237243652}
{"event": "sample", "n": 1024, "mode": "forward", "round": 2, "block": 2, "label": "B", "sample": 0, "ms": 11.296319961547852}
{"event": "sample", "n": 1024, "mode": "forward", "round": 2, "block": 2, "label": "B", "sample": 1, "ms": 10.63696002960205}
{"event": "sample", "n": 1024, "mode": "forward", "round": 2, "block": 2, "label": "B", "sample": 2, "ms": 10.636927604675293}
{"event": "sample", "n": 1024, "mode": "forward", "round": 2, "block": 2, "label": "B", "sample": 3, "ms": 10.636704444885254}
{"event": "sample", "n": 1024, "mode": "forward", "round": 2, "block": 2, "label": "B", "sample": 4, "ms": 10.635968208312988}
{"event": "sample", "n": 1024, "mode": "forward", "round": 2, "block": 2, "label": "B", "sample": 5, "ms": 10.636320114135742}
{"event": "sample", "n": 1024, "mode": "forward", "round": 2, "block": 2, "label": "B", "sample": 6, "ms": 10.63696002960205}
{"event": "sample", "n": 1024, "mode": "forward", "round": 2, "block": 2, "label": "B", "sample": 7, "ms": 10.637151718139648}
{"event": "sample", "n": 1024, "mode": "forward", "round": 2, "block": 2, "label": "B", "sample": 8, "ms": 10.637184143066406}
{"event": "sample", "n": 1024, "mode": "forward", "round": 2, "block": 2, "label": "B", "sample": 9, "ms": 10.637375831604004}
{"event": "sample", "n": 1024, "mode": "forward", "round": 2, "block": 3, "label": "A", "sample": 0, "ms": 11.020223617553711}
{"event": "sample", "n": 1024, "mode": "forward", "round": 2, "block": 3, "label": "A", "sample": 1, "ms": 10.789183616638184}
{"event": "sample", "n": 1024, "mode": "forward", "round": 2, "block": 3, "label": "A", "sample": 2, "ms": 10.790240287780762}
{"event": "sample", "n": 1024, "mode": "forward", "round": 2, "block": 3, "label": "A", "sample": 3, "ms": 10.793760299682617}
{"event": "sample", "n": 1024, "mode": "forward", "round": 2, "block": 3, "label": "A", "sample": 4, "ms": 10.79315185546875}
{"event": "sample", "n": 1024, "mode": "forward", "round": 2, "block": 3, "label": "A", "sample": 5, "ms": 10.791839599609375}
{"event": "sample", "n": 1024, "mode": "forward", "round": 2, "block": 3, "label": "A", "sample": 6, "ms": 10.792287826538086}
{"event": "sample", "n": 1024, "mode": "forward", "round": 2, "block": 3, "label": "A", "sample": 7, "ms": 10.790847778320312}
{"event": "sample", "n": 1024, "mode": "forward", "round": 2, "block": 3, "label": "A", "sample": 8, "ms": 10.790559768676758}
{"event": "sample", "n": 1024, "mode": "forward", "round": 2, "block": 3, "label": "A", "sample": 9, "ms": 10.79145622253418}
{"event": "summary", "n": 1024, "mode": "forward", "median_ms": {"A": 10.790783882141113, "B": 10.637328147888184}, "speedup": 1.0144261540228403, "samples_per_label": 60}
{"event": "sample", "n": 1024, "mode": "backward", "round": 0, "block": 0, "label": "A", "sample": 0, "ms": 57.556095123291016}
{"event": "sample", "n": 1024, "mode": "backward", "round": 0, "block": 0, "label": "A", "sample": 1, "ms": 57.14716720581055}
{"event": "sample", "n": 1024, "mode": "backward", "round": 0, "block": 0, "label": "A", "sample": 2, "ms": 57.23049545288086}
{"event": "sample", "n": 1024, "mode": "backward", "round": 0, "block": 0, "label": "A", "sample": 3, "ms": 57.2823371887207}
{"event": "sample", "n": 1024, "mode": "backward", "round": 0, "block": 0, "label": "A", "sample": 4, "ms": 57.170047760009766}
{"event": "sample", "n": 1024, "mode": "backward", "round": 0, "block": 0, "label": "A", "sample": 5, "ms": 57.1479377746582}
{"event": "sample", "n": 1024, "mode": "backward", "round": 0, "block": 0, "label": "A", "sample": 6, "ms": 57.14441680908203}
{"event": "sample", "n": 1024, "mode": "backward", "round": 0, "block": 0, "label": "A", "sample": 7, "ms": 57.15241622924805}
{"event": "sample", "n": 1024, "mode": "backward", "round": 0, "block": 0, "label": "A", "sample": 8, "ms": 57.146209716796875}
{"event": "sample", "n": 1024, "mode": "backward", "round": 0, "block": 0, "label": "A", "sample": 9, "ms": 57.14668655395508}
{"event": "sample", "n": 1024, "mode": "backward", "round": 0, "block": 1, "label": "B", "sample": 0, "ms": 41.31193542480469}
{"event": "sample", "n": 1024, "mode": "backward", "round": 0, "block": 1, "label": "B", "sample": 1, "ms": 41.14700698852539}
{"event": "sample", "n": 1024, "mode": "backward", "round": 0, "block": 1, "label": "B", "sample": 2, "ms": 41.10678482055664}
{"event": "sample", "n": 1024, "mode": "backward", "round": 0, "block": 1, "label": "B", "sample": 3, "ms": 41.10406494140625}
{"event": "sample", "n": 1024, "mode": "backward", "round": 0, "block": 1, "label": "B", "sample": 4, "ms": 41.139007568359375}
{"event": "sample", "n": 1024, "mode": "backward", "round": 0, "block": 1, "label": "B", "sample": 5, "ms": 41.13974380493164}
{"event": "sample", "n": 1024, "mode": "backward", "round": 0, "block": 1, "label": "B", "sample": 6, "ms": 41.127681732177734}
{"event": "sample", "n": 1024, "mode": "backward", "round": 0, "block": 1, "label": "B", "sample": 7, "ms": 41.113121032714844}
{"event": "sample", "n": 1024, "mode": "backward", "round": 0, "block": 1, "label": "B", "sample": 8, "ms": 41.13894271850586}
{"event": "sample", "n": 1024, "mode": "backward", "round": 0, "block": 1, "label": "B", "sample": 9, "ms": 41.155967712402344}
{"event": "sample", "n": 1024, "mode": "backward", "round": 0, "block": 2, "label": "B", "sample": 0, "ms": 41.35200119018555}
{"event": "sample", "n": 1024, "mode": "backward", "round": 0, "block": 2, "label": "B", "sample": 1, "ms": 41.09900665283203}
{"event": "sample", "n": 1024, "mode": "backward", "round": 0, "block": 2, "label": "B", "sample": 2, "ms": 41.09062576293945}
{"event": "sample", "n": 1024, "mode": "backward", "round": 0, "block": 2, "label": "B", "sample": 3, "ms": 41.11769485473633}
{"event": "sample", "n": 1024, "mode": "backward", "round": 0, "block": 2, "label": "B", "sample": 4, "ms": 41.13667297363281}
{"event": "sample", "n": 1024, "mode": "backward", "round": 0, "block": 2, "label": "B", "sample": 5, "ms": 41.1550407409668}
{"event": "sample", "n": 1024, "mode": "backward", "round": 0, "block": 2, "label": "B", "sample": 6, "ms": 41.07222366333008}
{"event": "sample", "n": 1024, "mode": "backward", "round": 0, "block": 2, "label": "B", "sample": 7, "ms": 41.09539031982422}
{"event": "sample", "n": 1024, "mode": "backward", "round": 0, "block": 2, "label": "B", "sample": 8, "ms": 41.072513580322266}
{"event": "sample", "n": 1024, "mode": "backward", "round": 0, "block": 2, "label": "B", "sample": 9, "ms": 41.13779067993164}
{"event": "sample", "n": 1024, "mode": "backward", "round": 0, "block": 3, "label": "A", "sample": 0, "ms": 57.468544006347656}
{"event": "sample", "n": 1024, "mode": "backward", "round": 0, "block": 3, "label": "A", "sample": 1, "ms": 57.14806365966797}
{"event": "sample", "n": 1024, "mode": "backward", "round": 0, "block": 3, "label": "A", "sample": 2, "ms": 57.14710235595703}
{"event": "sample", "n": 1024, "mode": "backward", "round": 0, "block": 3, "label": "A", "sample": 3, "ms": 57.148193359375}
{"event": "sample", "n": 1024, "mode": "backward", "round": 0, "block": 3, "label": "A", "sample": 4, "ms": 57.152992248535156}
{"event": "sample", "n": 1024, "mode": "backward", "round": 0, "block": 3, "label": "A", "sample": 5, "ms": 57.1409912109375}
{"event": "sample", "n": 1024, "mode": "backward", "round": 0, "block": 3, "label": "A", "sample": 6, "ms": 57.283294677734375}
{"event": "sample", "n": 1024, "mode": "backward", "round": 0, "block": 3, "label": "A", "sample": 7, "ms": 57.23984146118164}
{"event": "sample", "n": 1024, "mode": "backward", "round": 0, "block": 3, "label": "A", "sample": 8, "ms": 57.142879486083984}
{"event": "sample", "n": 1024, "mode": "backward", "round": 0, "block": 3, "label": "A", "sample": 9, "ms": 57.142303466796875}
{"event": "sample", "n": 1024, "mode": "backward", "round": 1, "block": 0, "label": "A", "sample": 0, "ms": 57.910335540771484}
{"event": "sample", "n": 1024, "mode": "backward", "round": 1, "block": 0, "label": "A", "sample": 1, "ms": 57.156639099121094}
{"event": "sample", "n": 1024, "mode": "backward", "round": 1, "block": 0, "label": "A", "sample": 2, "ms": 57.142433166503906}
{"event": "sample", "n": 1024, "mode": "backward", "round": 1, "block": 0, "label": "A", "sample": 3, "ms": 57.14863967895508}
{"event": "sample", "n": 1024, "mode": "backward", "round": 1, "block": 0, "label": "A", "sample": 4, "ms": 57.146175384521484}
{"event": "sample", "n": 1024, "mode": "backward", "round": 1, "block": 0, "label": "A", "sample": 5, "ms": 57.13779067993164}
{"event": "sample", "n": 1024, "mode": "backward", "round": 1, "block": 0, "label": "A", "sample": 6, "ms": 57.14713668823242}
{"event": "sample", "n": 1024, "mode": "backward", "round": 1, "block": 0, "label": "A", "sample": 7, "ms": 57.148094177246094}
{"event": "sample", "n": 1024, "mode": "backward", "round": 1, "block": 0, "label": "A", "sample": 8, "ms": 57.143455505371094}
{"event": "sample", "n": 1024, "mode": "backward", "round": 1, "block": 0, "label": "A", "sample": 9, "ms": 57.150047302246094}
{"event": "sample", "n": 1024, "mode": "backward", "round": 1, "block": 1, "label": "B", "sample": 0, "ms": 41.46323013305664}
{"event": "sample", "n": 1024, "mode": "backward", "round": 1, "block": 1, "label": "B", "sample": 1, "ms": 41.1297607421875}
{"event": "sample", "n": 1024, "mode": "backward", "round": 1, "block": 1, "label": "B", "sample": 2, "ms": 41.255584716796875}
{"event": "sample", "n": 1024, "mode": "backward", "round": 1, "block": 1, "label": "B", "sample": 3, "ms": 41.27123260498047}
{"event": "sample", "n": 1024, "mode": "backward", "round": 1, "block": 1, "label": "B", "sample": 4, "ms": 41.21369552612305}
{"event": "sample", "n": 1024, "mode": "backward", "round": 1, "block": 1, "label": "B", "sample": 5, "ms": 41.11484909057617}
{"event": "sample", "n": 1024, "mode": "backward", "round": 1, "block": 1, "label": "B", "sample": 6, "ms": 41.10432052612305}
{"event": "sample", "n": 1024, "mode": "backward", "round": 1, "block": 1, "label": "B", "sample": 7, "ms": 41.16291046142578}
{"event": "sample", "n": 1024, "mode": "backward", "round": 1, "block": 1, "label": "B", "sample": 8, "ms": 41.145023345947266}
{"event": "sample", "n": 1024, "mode": "backward", "round": 1, "block": 1, "label": "B", "sample": 9, "ms": 41.15270233154297}
{"event": "sample", "n": 1024, "mode": "backward", "round": 1, "block": 2, "label": "B", "sample": 0, "ms": 41.33238220214844}
{"event": "sample", "n": 1024, "mode": "backward", "round": 1, "block": 2, "label": "B", "sample": 1, "ms": 41.16729736328125}
{"event": "sample", "n": 1024, "mode": "backward", "round": 1, "block": 2, "label": "B", "sample": 2, "ms": 41.1148796081543}
{"event": "sample", "n": 1024, "mode": "backward", "round": 1, "block": 2, "label": "B", "sample": 3, "ms": 41.09782409667969}
{"event": "sample", "n": 1024, "mode": "backward", "round": 1, "block": 2, "label": "B", "sample": 4, "ms": 41.14912033081055}
{"event": "sample", "n": 1024, "mode": "backward", "round": 1, "block": 2, "label": "B", "sample": 5, "ms": 41.14495849609375}
{"event": "sample", "n": 1024, "mode": "backward", "round": 1, "block": 2, "label": "B", "sample": 6, "ms": 41.1910400390625}
{"event": "sample", "n": 1024, "mode": "backward", "round": 1, "block": 2, "label": "B", "sample": 7, "ms": 41.268001556396484}
{"event": "sample", "n": 1024, "mode": "backward", "round": 1, "block": 2, "label": "B", "sample": 8, "ms": 41.22633743286133}
{"event": "sample", "n": 1024, "mode": "backward", "round": 1, "block": 2, "label": "B", "sample": 9, "ms": 41.11734390258789}
{"event": "sample", "n": 1024, "mode": "backward", "round": 1, "block": 3, "label": "A", "sample": 0, "ms": 57.47993469238281}
{"event": "sample", "n": 1024, "mode": "backward", "round": 1, "block": 3, "label": "A", "sample": 1, "ms": 57.24515151977539}
{"event": "sample", "n": 1024, "mode": "backward", "round": 1, "block": 3, "label": "A", "sample": 2, "ms": 57.27446365356445}
{"event": "sample", "n": 1024, "mode": "backward", "round": 1, "block": 3, "label": "A", "sample": 3, "ms": 57.13689422607422}
{"event": "sample", "n": 1024, "mode": "backward", "round": 1, "block": 3, "label": "A", "sample": 4, "ms": 57.14262390136719}
{"event": "sample", "n": 1024, "mode": "backward", "round": 1, "block": 3, "label": "A", "sample": 5, "ms": 57.14326477050781}
{"event": "sample", "n": 1024, "mode": "backward", "round": 1, "block": 3, "label": "A", "sample": 6, "ms": 57.14131164550781}
{"event": "sample", "n": 1024, "mode": "backward", "round": 1, "block": 3, "label": "A", "sample": 7, "ms": 57.148990631103516}
{"event": "sample", "n": 1024, "mode": "backward", "round": 1, "block": 3, "label": "A", "sample": 8, "ms": 57.15241622924805}
{"event": "sample", "n": 1024, "mode": "backward", "round": 1, "block": 3, "label": "A", "sample": 9, "ms": 57.14166259765625}
{"event": "sample", "n": 1024, "mode": "backward", "round": 2, "block": 0, "label": "A", "sample": 0, "ms": 57.48604965209961}
{"event": "sample", "n": 1024, "mode": "backward", "round": 2, "block": 0, "label": "A", "sample": 1, "ms": 57.14326477050781}
{"event": "sample", "n": 1024, "mode": "backward", "round": 2, "block": 0, "label": "A", "sample": 2, "ms": 57.143104553222656}
{"event": "sample", "n": 1024, "mode": "backward", "round": 2, "block": 0, "label": "A", "sample": 3, "ms": 57.211936950683594}
{"event": "sample", "n": 1024, "mode": "backward", "round": 2, "block": 0, "label": "A", "sample": 4, "ms": 57.26816177368164}
{"event": "sample", "n": 1024, "mode": "backward", "round": 2, "block": 0, "label": "A", "sample": 5, "ms": 57.16230392456055}
{"event": "sample", "n": 1024, "mode": "backward", "round": 2, "block": 0, "label": "A", "sample": 6, "ms": 57.14508819580078}
{"event": "sample", "n": 1024, "mode": "backward", "round": 2, "block": 0, "label": "A", "sample": 7, "ms": 57.15049743652344}
{"event": "sample", "n": 1024, "mode": "backward", "round": 2, "block": 0, "label": "A", "sample": 8, "ms": 57.142784118652344}
{"event": "sample", "n": 1024, "mode": "backward", "round": 2, "block": 0, "label": "A", "sample": 9, "ms": 57.15238571166992}
{"event": "sample", "n": 1024, "mode": "backward", "round": 2, "block": 1, "label": "B", "sample": 0, "ms": 41.55897521972656}
{"event": "sample", "n": 1024, "mode": "backward", "round": 2, "block": 1, "label": "B", "sample": 1, "ms": 41.119327545166016}
{"event": "sample", "n": 1024, "mode": "backward", "round": 2, "block": 1, "label": "B", "sample": 2, "ms": 41.119327545166016}
{"event": "sample", "n": 1024, "mode": "backward", "round": 2, "block": 1, "label": "B", "sample": 3, "ms": 41.27743911743164}
{"event": "sample", "n": 1024, "mode": "backward", "round": 2, "block": 1, "label": "B", "sample": 4, "ms": 41.229408264160156}
{"event": "sample", "n": 1024, "mode": "backward", "round": 2, "block": 1, "label": "B", "sample": 5, "ms": 41.17203140258789}
{"event": "sample", "n": 1024, "mode": "backward", "round": 2, "block": 1, "label": "B", "sample": 6, "ms": 41.18329620361328}
{"event": "sample", "n": 1024, "mode": "backward", "round": 2, "block": 1, "label": "B", "sample": 7, "ms": 41.139713287353516}
{"event": "sample", "n": 1024, "mode": "backward", "round": 2, "block": 1, "label": "B", "sample": 8, "ms": 41.27849578857422}
{"event": "sample", "n": 1024, "mode": "backward", "round": 2, "block": 1, "label": "B", "sample": 9, "ms": 41.243743896484375}
{"event": "sample", "n": 1024, "mode": "backward", "round": 2, "block": 2, "label": "B", "sample": 0, "ms": 41.351776123046875}
{"event": "sample", "n": 1024, "mode": "backward", "round": 2, "block": 2, "label": "B", "sample": 1, "ms": 41.145503997802734}
{"event": "sample", "n": 1024, "mode": "backward", "round": 2, "block": 2, "label": "B", "sample": 2, "ms": 41.14393615722656}
{"event": "sample", "n": 1024, "mode": "backward", "round": 2, "block": 2, "label": "B", "sample": 3, "ms": 41.15283203125}
{"event": "sample", "n": 1024, "mode": "backward", "round": 2, "block": 2, "label": "B", "sample": 4, "ms": 41.12739181518555}
{"event": "sample", "n": 1024, "mode": "backward", "round": 2, "block": 2, "label": "B", "sample": 5, "ms": 41.17251205444336}
{"event": "sample", "n": 1024, "mode": "backward", "round": 2, "block": 2, "label": "B", "sample": 6, "ms": 41.16486358642578}
{"event": "sample", "n": 1024, "mode": "backward", "round": 2, "block": 2, "label": "B", "sample": 7, "ms": 41.15856170654297}
{"event": "sample", "n": 1024, "mode": "backward", "round": 2, "block": 2, "label": "B", "sample": 8, "ms": 41.12307357788086}
{"event": "sample", "n": 1024, "mode": "backward", "round": 2, "block": 2, "label": "B", "sample": 9, "ms": 41.141441345214844}
{"event": "sample", "n": 1024, "mode": "backward", "round": 2, "block": 3, "label": "A", "sample": 0, "ms": 57.493247985839844}
{"event": "sample", "n": 1024, "mode": "backward", "round": 2, "block": 3, "label": "A", "sample": 1, "ms": 57.17219161987305}
{"event": "sample", "n": 1024, "mode": "backward", "round": 2, "block": 3, "label": "A", "sample": 2, "ms": 57.27347183227539}
{"event": "sample", "n": 1024, "mode": "backward", "round": 2, "block": 3, "label": "A", "sample": 3, "ms": 57.200927734375}
{"event": "sample", "n": 1024, "mode": "backward", "round": 2, "block": 3, "label": "A", "sample": 4, "ms": 57.141822814941406}
{"event": "sample", "n": 1024, "mode": "backward", "round": 2, "block": 3, "label": "A", "sample": 5, "ms": 57.14527893066406}
{"event": "sample", "n": 1024, "mode": "backward", "round": 2, "block": 3, "label": "A", "sample": 6, "ms": 57.14543914794922}
{"event": "sample", "n": 1024, "mode": "backward", "round": 2, "block": 3, "label": "A", "sample": 7, "ms": 57.149696350097656}
{"event": "sample", "n": 1024, "mode": "backward", "round": 2, "block": 3, "label": "A", "sample": 8, "ms": 57.17168045043945}
{"event": "sample", "n": 1024, "mode": "backward", "round": 2, "block": 3, "label": "A", "sample": 9, "ms": 57.273887634277344}
{"event": "summary", "n": 1024, "mode": "backward", "median_ms": {"A": 57.1488151550293, "B": 41.145263671875}, "speedup": 1.3889524590431435, "samples_per_label": 60}
{"event": "sample", "n": 1024, "mode": "forward_backward", "round": 0, "block": 0, "label": "A", "sample": 0, "ms": 68.17215728759766}
{"event": "sample", "n": 1024, "mode": "forward_backward", "round": 0, "block": 0, "label": "A", "sample": 1, "ms": 68.09884643554688}
{"event": "sample", "n": 1024, "mode": "forward_backward", "round": 0, "block": 0, "label": "A", "sample": 2, "ms": 67.99504089355469}
{"event": "sample", "n": 1024, "mode": "forward_backward", "round": 0, "block": 0, "label": "A", "sample": 3, "ms": 67.92671966552734}
{"event": "sample", "n": 1024, "mode": "forward_backward", "round": 0, "block": 0, "label": "A", "sample": 4, "ms": 67.93833923339844}
{"event": "sample", "n": 1024, "mode": "forward_backward", "round": 0, "block": 0, "label": "A", "sample": 5, "ms": 67.939453125}
{"event": "sample", "n": 1024, "mode": "forward_backward", "round": 0, "block": 0, "label": "A", "sample": 6, "ms": 67.93718719482422}
{"event": "sample", "n": 1024, "mode": "forward_backward", "round": 0, "block": 0, "label": "A", "sample": 7, "ms": 67.9349136352539}
{"event": "sample", "n": 1024, "mode": "forward_backward", "round": 0, "block": 0, "label": "A", "sample": 8, "ms": 67.93186950683594}
{"event": "sample", "n": 1024, "mode": "forward_backward", "round": 0, "block": 0, "label": "A", "sample": 9, "ms": 67.93958282470703}
{"event": "sample", "n": 1024, "mode": "forward_backward", "round": 0, "block": 1, "label": "B", "sample": 0, "ms": 52.201087951660156}
{"event": "sample", "n": 1024, "mode": "forward_backward", "round": 0, "block": 1, "label": "B", "sample": 1, "ms": 51.77500915527344}
{"event": "sample", "n": 1024, "mode": "forward_backward", "round": 0, "block": 1, "label": "B", "sample": 2, "ms": 51.79548645019531}
{"event": "sample", "n": 1024, "mode": "forward_backward", "round": 0, "block": 1, "label": "B", "sample": 3, "ms": 51.84502410888672}
{"event": "sample", "n": 1024, "mode": "forward_backward", "round": 0, "block": 1, "label": "B", "sample": 4, "ms": 51.88227081298828}
{"event": "sample", "n": 1024, "mode": "forward_backward", "round": 0, "block": 1, "label": "B", "sample": 5, "ms": 51.83145523071289}
{"event": "sample", "n": 1024, "mode": "forward_backward", "round": 0, "block": 1, "label": "B", "sample": 6, "ms": 51.74601745605469}
{"event": "sample", "n": 1024, "mode": "forward_backward", "round": 0, "block": 1, "label": "B", "sample": 7, "ms": 51.846622467041016}
{"event": "sample", "n": 1024, "mode": "forward_backward", "round": 0, "block": 1, "label": "B", "sample": 8, "ms": 51.89401626586914}
{"event": "sample", "n": 1024, "mode": "forward_backward", "round": 0, "block": 1, "label": "B", "sample": 9, "ms": 51.8152961730957}
{"event": "sample", "n": 1024, "mode": "forward_backward", "round": 0, "block": 2, "label": "B", "sample": 0, "ms": 52.1530876159668}
{"event": "sample", "n": 1024, "mode": "forward_backward", "round": 0, "block": 2, "label": "B", "sample": 1, "ms": 51.85023880004883}
{"event": "sample", "n": 1024, "mode": "forward_backward", "round": 0, "block": 2, "label": "B", "sample": 2, "ms": 51.890174865722656}
{"event": "sample", "n": 1024, "mode": "forward_backward", "round": 0, "block": 2, "label": "B", "sample": 3, "ms": 51.834590911865234}
{"event": "sample", "n": 1024, "mode": "forward_backward", "round": 0, "block": 2, "label": "B", "sample": 4, "ms": 51.781089782714844}
{"event": "sample", "n": 1024, "mode": "forward_backward", "round": 0, "block": 2, "label": "B", "sample": 5, "ms": 51.89052963256836}
{"event": "sample", "n": 1024, "mode": "forward_backward", "round": 0, "block": 2, "label": "B", "sample": 6, "ms": 51.89324951171875}
{"event": "sample", "n": 1024, "mode": "forward_backward", "round": 0, "block": 2, "label": "B", "sample": 7, "ms": 51.762367248535156}
{"event": "sample", "n": 1024, "mode": "forward_backward", "round": 0, "block": 2, "label": "B", "sample": 8, "ms": 51.76073455810547}
{"event": "sample", "n": 1024, "mode": "forward_backward", "round": 0, "block": 2, "label": "B", "sample": 9, "ms": 51.93708801269531}
{"event": "sample", "n": 1024, "mode": "forward_backward", "round": 0, "block": 3, "label": "A", "sample": 0, "ms": 68.53228759765625}
{"event": "sample", "n": 1024, "mode": "forward_backward", "round": 0, "block": 3, "label": "A", "sample": 1, "ms": 67.9247055053711}
{"event": "sample", "n": 1024, "mode": "forward_backward", "round": 0, "block": 3, "label": "A", "sample": 2, "ms": 67.93106842041016}
{"event": "sample", "n": 1024, "mode": "forward_backward", "round": 0, "block": 3, "label": "A", "sample": 3, "ms": 67.93081665039062}
{"event": "sample", "n": 1024, "mode": "forward_backward", "round": 0, "block": 3, "label": "A", "sample": 4, "ms": 67.92988586425781}
{"event": "sample", "n": 1024, "mode": "forward_backward", "round": 0, "block": 3, "label": "A", "sample": 5, "ms": 67.93392181396484}
{"event": "sample", "n": 1024, "mode": "forward_backward", "round": 0, "block": 3, "label": "A", "sample": 6, "ms": 67.93682861328125}
{"event": "sample", "n": 1024, "mode": "forward_backward", "round": 0, "block": 3, "label": "A", "sample": 7, "ms": 67.93241882324219}
{"event": "sample", "n": 1024, "mode": "forward_backward", "round": 0, "block": 3, "label": "A", "sample": 8, "ms": 67.92361450195312}
{"event": "sample", "n": 1024, "mode": "forward_backward", "round": 0, "block": 3, "label": "A", "sample": 9, "ms": 67.93657684326172}
{"event": "sample", "n": 1024, "mode": "forward_backward", "round": 1, "block": 0, "label": "A", "sample": 0, "ms": 68.13919830322266}
{"event": "sample", "n": 1024, "mode": "forward_backward", "round": 1, "block": 0, "label": "A", "sample": 1, "ms": 67.93571472167969}
{"event": "sample", "n": 1024, "mode": "forward_backward", "round": 1, "block": 0, "label": "A", "sample": 2, "ms": 67.93488311767578}
{"event": "sample", "n": 1024, "mode": "forward_backward", "round": 1, "block": 0, "label": "A", "sample": 3, "ms": 67.93807983398438}
{"event": "sample", "n": 1024, "mode": "forward_backward", "round": 1, "block": 0, "label": "A", "sample": 4, "ms": 67.94064331054688}
{"event": "sample", "n": 1024, "mode": "forward_backward", "round": 1, "block": 0, "label": "A", "sample": 5, "ms": 67.93910217285156}
{"event": "sample", "n": 1024, "mode": "forward_backward", "round": 1, "block": 0, "label": "A", "sample": 6, "ms": 67.93769836425781}
{"event": "sample", "n": 1024, "mode": "forward_backward", "round": 1, "block": 0, "label": "A", "sample": 7, "ms": 67.93257904052734}
{"event": "sample", "n": 1024, "mode": "forward_backward", "round": 1, "block": 0, "label": "A", "sample": 8, "ms": 67.93775939941406}
{"event": "sample", "n": 1024, "mode": "forward_backward", "round": 1, "block": 0, "label": "A", "sample": 9, "ms": 67.93260955810547}
{"event": "sample", "n": 1024, "mode": "forward_backward", "round": 1, "block": 1, "label": "B", "sample": 0, "ms": 52.21420669555664}
{"event": "sample", "n": 1024, "mode": "forward_backward", "round": 1, "block": 1, "label": "B", "sample": 1, "ms": 51.81808090209961}
{"event": "sample", "n": 1024, "mode": "forward_backward", "round": 1, "block": 1, "label": "B", "sample": 2, "ms": 51.8666877746582}
{"event": "sample", "n": 1024, "mode": "forward_backward", "round": 1, "block": 1, "label": "B", "sample": 3, "ms": 51.843135833740234}
{"event": "sample", "n": 1024, "mode": "forward_backward", "round": 1, "block": 1, "label": "B", "sample": 4, "ms": 51.77510452270508}
{"event": "sample", "n": 1024, "mode": "forward_backward", "round": 1, "block": 1, "label": "B", "sample": 5, "ms": 51.897377014160156}
{"event": "sample", "n": 1024, "mode": "forward_backward", "round": 1, "block": 1, "label": "B", "sample": 6, "ms": 51.88502502441406}
{"event": "sample", "n": 1024, "mode": "forward_backward", "round": 1, "block": 1, "label": "B", "sample": 7, "ms": 51.824127197265625}
{"event": "sample", "n": 1024, "mode": "forward_backward", "round": 1, "block": 1, "label": "B", "sample": 8, "ms": 51.773887634277344}
{"event": "sample", "n": 1024, "mode": "forward_backward", "round": 1, "block": 1, "label": "B", "sample": 9, "ms": 51.8642578125}
{"event": "sample", "n": 1024, "mode": "forward_backward", "round": 1, "block": 2, "label": "B", "sample": 0, "ms": 52.2883186340332}
{"event": "sample", "n": 1024, "mode": "forward_backward", "round": 1, "block": 2, "label": "B", "sample": 1, "ms": 51.81961441040039}
{"event": "sample", "n": 1024, "mode": "forward_backward", "round": 1, "block": 2, "label": "B", "sample": 2, "ms": 51.78556823730469}
{"event": "sample", "n": 1024, "mode": "forward_backward", "round": 1, "block": 2, "label": "B", "sample": 3, "ms": 51.91072082519531}
{"event": "sample", "n": 1024, "mode": "forward_backward", "round": 1, "block": 2, "label": "B", "sample": 4, "ms": 51.894718170166016}
{"event": "sample", "n": 1024, "mode": "forward_backward", "round": 1, "block": 2, "label": "B", "sample": 5, "ms": 51.819297790527344}
{"event": "sample", "n": 1024, "mode": "forward_backward", "round": 1, "block": 2, "label": "B", "sample": 6, "ms": 51.772544860839844}
{"event": "sample", "n": 1024, "mode": "forward_backward", "round": 1, "block": 2, "label": "B", "sample": 7, "ms": 51.919105529785156}
{"event": "sample", "n": 1024, "mode": "forward_backward", "round": 1, "block": 2, "label": "B", "sample": 8, "ms": 51.87247848510742}
{"event": "sample", "n": 1024, "mode": "forward_backward", "round": 1, "block": 2, "label": "B", "sample": 9, "ms": 51.7591667175293}
{"event": "sample", "n": 1024, "mode": "forward_backward", "round": 1, "block": 3, "label": "A", "sample": 0, "ms": 68.1929931640625}
{"event": "sample", "n": 1024, "mode": "forward_backward", "round": 1, "block": 3, "label": "A", "sample": 1, "ms": 68.07788848876953}
{"event": "sample", "n": 1024, "mode": "forward_backward", "round": 1, "block": 3, "label": "A", "sample": 2, "ms": 67.9467544555664}
{"event": "sample", "n": 1024, "mode": "forward_backward", "round": 1, "block": 3, "label": "A", "sample": 3, "ms": 67.93904113769531}
{"event": "sample", "n": 1024, "mode": "forward_backward", "round": 1, "block": 3, "label": "A", "sample": 4, "ms": 67.9359359741211}
{"event": "sample", "n": 1024, "mode": "forward_backward", "round": 1, "block": 3, "label": "A", "sample": 5, "ms": 67.93186950683594}
{"event": "sample", "n": 1024, "mode": "forward_backward", "round": 1, "block": 3, "label": "A", "sample": 6, "ms": 67.9345932006836}
{"event": "sample", "n": 1024, "mode": "forward_backward", "round": 1, "block": 3, "label": "A", "sample": 7, "ms": 67.9353256225586}
{"event": "sample", "n": 1024, "mode": "forward_backward", "round": 1, "block": 3, "label": "A", "sample": 8, "ms": 67.93869018554688}
{"event": "sample", "n": 1024, "mode": "forward_backward", "round": 1, "block": 3, "label": "A", "sample": 9, "ms": 67.93577575683594}
{"event": "sample", "n": 1024, "mode": "forward_backward", "round": 2, "block": 0, "label": "A", "sample": 0, "ms": 68.5723876953125}
{"event": "sample", "n": 1024, "mode": "forward_backward", "round": 2, "block": 0, "label": "A", "sample": 1, "ms": 67.93641662597656}
{"event": "sample", "n": 1024, "mode": "forward_backward", "round": 2, "block": 0, "label": "A", "sample": 2, "ms": 67.93401336669922}
{"event": "sample", "n": 1024, "mode": "forward_backward", "round": 2, "block": 0, "label": "A", "sample": 3, "ms": 67.92886352539062}
{"event": "sample", "n": 1024, "mode": "forward_backward", "round": 2, "block": 0, "label": "A", "sample": 4, "ms": 67.93734741210938}
{"event": "sample", "n": 1024, "mode": "forward_backward", "round": 2, "block": 0, "label": "A", "sample": 5, "ms": 67.94556427001953}
{"event": "sample", "n": 1024, "mode": "forward_backward", "round": 2, "block": 0, "label": "A", "sample": 6, "ms": 67.93730926513672}
{"event": "sample", "n": 1024, "mode": "forward_backward", "round": 2, "block": 0, "label": "A", "sample": 7, "ms": 67.9277114868164}
{"event": "sample", "n": 1024, "mode": "forward_backward", "round": 2, "block": 0, "label": "A", "sample": 8, "ms": 67.92534637451172}
{"event": "sample", "n": 1024, "mode": "forward_backward", "round": 2, "block": 0, "label": "A", "sample": 9, "ms": 67.9441909790039}
{"event": "sample", "n": 1024, "mode": "forward_backward", "round": 2, "block": 1, "label": "B", "sample": 0, "ms": 52.337310791015625}
{"event": "sample", "n": 1024, "mode": "forward_backward", "round": 2, "block": 1, "label": "B", "sample": 1, "ms": 51.80847930908203}
{"event": "sample", "n": 1024, "mode": "forward_backward", "round": 2, "block": 1, "label": "B", "sample": 2, "ms": 51.86444854736328}
{"event": "sample", "n": 1024, "mode": "forward_backward", "round": 2, "block": 1, "label": "B", "sample": 3, "ms": 51.86272048950195}
{"event": "sample", "n": 1024, "mode": "forward_backward", "round": 2, "block": 1, "label": "B", "sample": 4, "ms": 51.754878997802734}
{"event": "sample", "n": 1024, "mode": "forward_backward", "round": 2, "block": 1, "label": "B", "sample": 5, "ms": 51.88662338256836}
{"event": "sample", "n": 1024, "mode": "forward_backward", "round": 2, "block": 1, "label": "B", "sample": 6, "ms": 51.870975494384766}
{"event": "sample", "n": 1024, "mode": "forward_backward", "round": 2, "block": 1, "label": "B", "sample": 7, "ms": 51.81657409667969}
{"event": "sample", "n": 1024, "mode": "forward_backward", "round": 2, "block": 1, "label": "B", "sample": 8, "ms": 51.7608642578125}
{"event": "sample", "n": 1024, "mode": "forward_backward", "round": 2, "block": 1, "label": "B", "sample": 9, "ms": 51.77094268798828}
{"event": "sample", "n": 1024, "mode": "forward_backward", "round": 2, "block": 2, "label": "B", "sample": 0, "ms": 52.13817596435547}
{"event": "sample", "n": 1024, "mode": "forward_backward", "round": 2, "block": 2, "label": "B", "sample": 1, "ms": 51.79020690917969}
{"event": "sample", "n": 1024, "mode": "forward_backward", "round": 2, "block": 2, "label": "B", "sample": 2, "ms": 51.7694091796875}
{"event": "sample", "n": 1024, "mode": "forward_backward", "round": 2, "block": 2, "label": "B", "sample": 3, "ms": 51.764095306396484}
{"event": "sample", "n": 1024, "mode": "forward_backward", "round": 2, "block": 2, "label": "B", "sample": 4, "ms": 51.784767150878906}
{"event": "sample", "n": 1024, "mode": "forward_backward", "round": 2, "block": 2, "label": "B", "sample": 5, "ms": 51.72236633300781}
{"event": "sample", "n": 1024, "mode": "forward_backward", "round": 2, "block": 2, "label": "B", "sample": 6, "ms": 51.64543914794922}
{"event": "sample", "n": 1024, "mode": "forward_backward", "round": 2, "block": 2, "label": "B", "sample": 7, "ms": 51.74905776977539}
{"event": "sample", "n": 1024, "mode": "forward_backward", "round": 2, "block": 2, "label": "B", "sample": 8, "ms": 51.79062271118164}
{"event": "sample", "n": 1024, "mode": "forward_backward", "round": 2, "block": 2, "label": "B", "sample": 9, "ms": 51.78412628173828}
{"event": "sample", "n": 1024, "mode": "forward_backward", "round": 2, "block": 3, "label": "A", "sample": 0, "ms": 68.19923400878906}
{"event": "sample", "n": 1024, "mode": "forward_backward", "round": 2, "block": 3, "label": "A", "sample": 1, "ms": 68.08828735351562}
{"event": "sample", "n": 1024, "mode": "forward_backward", "round": 2, "block": 3, "label": "A", "sample": 2, "ms": 67.94963073730469}
{"event": "sample", "n": 1024, "mode": "forward_backward", "round": 2, "block": 3, "label": "A", "sample": 3, "ms": 67.93180847167969}
{"event": "sample", "n": 1024, "mode": "forward_backward", "round": 2, "block": 3, "label": "A", "sample": 4, "ms": 67.93218994140625}
{"event": "sample", "n": 1024, "mode": "forward_backward", "round": 2, "block": 3, "label": "A", "sample": 5, "ms": 67.92880249023438}
{"event": "sample", "n": 1024, "mode": "forward_backward", "round": 2, "block": 3, "label": "A", "sample": 6, "ms": 67.93315124511719}
{"event": "sample", "n": 1024, "mode": "forward_backward", "round": 2, "block": 3, "label": "A", "sample": 7, "ms": 67.93014526367188}
{"event": "sample", "n": 1024, "mode": "forward_backward", "round": 2, "block": 3, "label": "A", "sample": 8, "ms": 67.93472290039062}
{"event": "sample", "n": 1024, "mode": "forward_backward", "round": 2, "block": 3, "label": "A", "sample": 9, "ms": 67.93766021728516}
{"event": "summary", "n": 1024, "mode": "forward_backward", "median_ms": {"A": 67.93649673461914, "B": 51.82779121398926}, "speedup": 1.31081211726966, "samples_per_label": 60}
{"event": "complete"}
