{"event": "environment", "args": {"shapes": "500,512,513,640,768,800,1024", "dtype": "bf16", "batch": 1, "heads": 8, "dim": 32, "rounds": 3, "samples": 10, "warmup": 3, "baseline": "original", "candidate": "low-memory", "chunk_i": 128, "noncontiguous_do": false, "modes": "forward,backward,forward_backward"}, "torch": "2.13.0a0+9186a08b2c.nv26.07", "triton": "3.7.1", "gpu": "NVIDIA H20-3e", "capability": [9, 0], "revision": "64148ed4a1825f98d3175ba0267a11101fcc965e", "sources": {"scripts/bench_fused.py": "92e5d0f74278b4fd329c2d07e2651f4c39152ed9b9fa79e1696ad75b27a1a5a8", "src/trifast/__init__.py": "7991e4899fe05dabd35c0ba453c516f9a22a7f1b7d7b6937441d202bf1fc8caf", "src/trifast/_fused_backward.py": "fdcd722a80b298d3700833946c8b16ff6ed8a70db2046768e44df2cc8d4df0e8", "src/trifast/_fused_chunked.py": "07bb4debb8a37943bbd89aeac8e632b27481d5d8982722428b97f7eb26a2095d", "src/trifast/_fused_dispatch.py": "3b3378a917455e066f42e43d07fa34eeaef7330a1e82cf020f9a7bb47cb95cfa", "src/trifast/_fused_forward.py": "a44e96aa9c3a82c6cbe330b1edbe707be1a89e1591b96e0e18bdec4d9a9a0113", "src/trifast/_fused_forward_tma.py": "c0c7e947a76a92a06e9e623ba20054bbdabd7d6b85742ec6f71fb8716c0c312a", "src/trifast/autotune.py": "0909cf562b06259aae34986a5d826e4c8fb2860816689b6b6ba56be3a44595b9", "src/trifast/autotune_helpers.py": "8bfc1a3c2ec06c001188766b6231523cb767466c22d6fbcae2089f2a410e9b9a", "src/trifast/equiv.py": "d8b293f80a605d4912704ae35e9b60b8dbe18c83e81c8be85657afc58a197097", "src/trifast/fused_api.py": "474ad68aecc5e4d29ced3daee8b88dee021dde75335c4ceb459a58463a723343", "src/trifast/fused_low_memory_api.py": "3f4d3035d569d4717951ca6651f1af01d448c461a933d4d6d4933cdf01c1e92e", "src/trifast/torch.py": "ccbd6dabc51f89132b4f0ce17506376a83484a5430f210b5bd7b23ef02641d72", "src/trifast/triton.py": "e71e3f7493e10235efd9b4a63ba5e4940f8e27bd84b5959d51dda2964e1849a9", "src/trifast/tune.py": "e960cf5e0074c8481211d754d8db24831b6b7d9f75fcab589b7bbe73c361e132", "src/trifast/utils.py": "59be46971a782cae0ade81747b553ce7b4669879890d023e0caf0f3852dcf212"}, "labels": {"A": "original", "B": "low-memory"}, "mask_probability": 0.2, "timing": "CUDA event per iteration; warm ABBA; no CUDA graphs"}
{"event": "parity", "n": 500, "checks": {"output": {"relative_l2": 0.0, "baseline_zero_max_abs_diagnostic": 0.0, "passed": true}, "dq": {"relative_l2": 5.1274706493131816e-05, "baseline_zero_max_abs_diagnostic": 0.0, "passed": true}, "dk": {"relative_l2": 0.0, "baseline_zero_max_abs_diagnostic": 0.0, "passed": true}, "dv": {"relative_l2": 0.0, "baseline_zero_max_abs_diagnostic": 0.0, "passed": true}, "db": {"relative_l2": 1.330500981566729e-05, "baseline_zero_max_abs_diagnostic": 0.0, "passed": true}}, "independent_reference": false}
{"event": "memory", "n": 500, "measurements": {"A": {"peak_increment_bytes": 566193152, "retained_increment_bytes": 516971520}, "B": {"peak_increment_bytes": 620007424, "retained_increment_bytes": 516000256}}}
{"event": "sample", "n": 500, "mode": "forward", "round": 0, "block": 0, "label": "A", "sample": 0, "ms": 1.957311987876892}
{"event": "sample", "n": 500, "mode": "forward", "round": 0, "block": 0, "label": "A", "sample": 1, "ms": 1.70579195022583}
{"event": "sample", "n": 500, "mode": "forward", "round": 0, "block": 0, "label": "A", "sample": 2, "ms": 1.707360029220581}
{"event": "sample", "n": 500, "mode": "forward", "round": 0, "block": 0, "label": "A", "sample": 3, "ms": 1.7064640522003174}
{"event": "sample", "n": 500, "mode": "forward", "round": 0, "block": 0, "label": "A", "sample": 4, "ms": 1.7080320119857788}
{"event": "sample", "n": 500, "mode": "forward", "round": 0, "block": 0, "label": "A", "sample": 5, "ms": 1.7052799463272095}
{"event": "sample", "n": 500, "mode": "forward", "round": 0, "block": 0, "label": "A", "sample": 6, "ms": 1.707487940788269}
{"event": "sample", "n": 500, "mode": "forward", "round": 0, "block": 0, "label": "A", "sample": 7, "ms": 1.7071360349655151}
{"event": "sample", "n": 500, "mode": "forward", "round": 0, "block": 0, "label": "A", "sample": 8, "ms": 1.7066880464553833}
{"event": "sample", "n": 500, "mode": "forward", "round": 0, "block": 0, "label": "A", "sample": 9, "ms": 1.7061760425567627}
{"event": "sample", "n": 500, "mode": "forward", "round": 0, "block": 1, "label": "B", "sample": 0, "ms": 1.9884799718856812}
{"event": "sample", "n": 500, "mode": "forward", "round": 0, "block": 1, "label": "B", "sample": 1, "ms": 1.5954240560531616}
{"event": "sample", "n": 500, "mode": "forward", "round": 0, "block": 1, "label": "B", "sample": 2, "ms": 1.5977920293807983}
{"event": "sample", "n": 500, "mode": "forward", "round": 0, "block": 1, "label": "B", "sample": 3, "ms": 1.597599983215332}
{"event": "sample", "n": 500, "mode": "forward", "round": 0, "block": 1, "label": "B", "sample": 4, "ms": 1.5970560312271118}
{"event": "sample", "n": 500, "mode": "forward", "round": 0, "block": 1, "label": "B", "sample": 5, "ms": 1.5971839427947998}
{"event": "sample", "n": 500, "mode": "forward", "round": 0, "block": 1, "label": "B", "sample": 6, "ms": 1.598207950592041}
{"event": "sample", "n": 500, "mode": "forward", "round": 0, "block": 1, "label": "B", "sample": 7, "ms": 1.5962879657745361}
{"event": "sample", "n": 500, "mode": "forward", "round": 0, "block": 1, "label": "B", "sample": 8, "ms": 1.5983999967575073}
{"event": "sample", "n": 500, "mode": "forward", "round": 0, "block": 1, "label": "B", "sample": 9, "ms": 1.5977599620819092}
{"event": "sample", "n": 500, "mode": "forward", "round": 0, "block": 2, "label": "B", "sample": 0, "ms": 1.973695993423462}
{"event": "sample", "n": 500, "mode": "forward", "round": 0, "block": 2, "label": "B", "sample": 1, "ms": 1.5983359813690186}
{"event": "sample", "n": 500, "mode": "forward", "round": 0, "block": 2, "label": "B", "sample": 2, "ms": 1.5998719930648804}
{"event": "sample", "n": 500, "mode": "forward", "round": 0, "block": 2, "label": "B", "sample": 3, "ms": 1.5985599756240845}
{"event": "sample", "n": 500, "mode": "forward", "round": 0, "block": 2, "label": "B", "sample": 4, "ms": 1.6000640392303467}
{"event": "sample", "n": 500, "mode": "forward", "round": 0, "block": 2, "label": "B", "sample": 5, "ms": 1.5985920429229736}
{"event": "sample", "n": 500, "mode": "forward", "round": 0, "block": 2, "label": "B", "sample": 6, "ms": 1.6002559661865234}
{"event": "sample", "n": 500, "mode": "forward", "round": 0, "block": 2, "label": "B", "sample": 7, "ms": 1.5988479852676392}
{"event": "sample", "n": 500, "mode": "forward", "round": 0, "block": 2, "label": "B", "sample": 8, "ms": 1.5991679430007935}
{"event": "sample", "n": 500, "mode": "forward", "round": 0, "block": 2, "label": "B", "sample": 9, "ms": 1.599295973777771}
{"event": "sample", "n": 500, "mode": "forward", "round": 0, "block": 3, "label": "A", "sample": 0, "ms": 1.9976320266723633}
{"event": "sample", "n": 500, "mode": "forward", "round": 0, "block": 3, "label": "A", "sample": 1, "ms": 1.708832025527954}
{"event": "sample", "n": 500, "mode": "forward", "round": 0, "block": 3, "label": "A", "sample": 2, "ms": 1.7097599506378174}
{"event": "sample", "n": 500, "mode": "forward", "round": 0, "block": 3, "label": "A", "sample": 3, "ms": 1.7084159851074219}
{"event": "sample", "n": 500, "mode": "forward", "round": 0, "block": 3, "label": "A", "sample": 4, "ms": 1.7094719409942627}
{"event": "sample", "n": 500, "mode": "forward", "round": 0, "block": 3, "label": "A", "sample": 5, "ms": 1.707808017730713}
{"event": "sample", "n": 500, "mode": "forward", "round": 0, "block": 3, "label": "A", "sample": 6, "ms": 1.710271954536438}
{"event": "sample", "n": 500, "mode": "forward", "round": 0, "block": 3, "label": "A", "sample": 7, "ms": 1.7079999446868896}
{"event": "sample", "n": 500, "mode": "forward", "round": 0, "block": 3, "label": "A", "sample": 8, "ms": 1.7099519968032837}
{"event": "sample", "n": 500, "mode": "forward", "round": 0, "block": 3, "label": "A", "sample": 9, "ms": 1.71014404296875}
{"event": "sample", "n": 500, "mode": "forward", "round": 1, "block": 0, "label": "A", "sample": 0, "ms": 2.014336109161377}
{"event": "sample", "n": 500, "mode": "forward", "round": 1, "block": 0, "label": "A", "sample": 1, "ms": 1.7089279890060425}
{"event": "sample", "n": 500, "mode": "forward", "round": 1, "block": 0, "label": "A", "sample": 2, "ms": 1.7095359563827515}
{"event": "sample", "n": 500, "mode": "forward", "round": 1, "block": 0, "label": "A", "sample": 3, "ms": 1.7087359428405762}
{"event": "sample", "n": 500, "mode": "forward", "round": 1, "block": 0, "label": "A", "sample": 4, "ms": 1.709920048713684}
{"event": "sample", "n": 500, "mode": "forward", "round": 1, "block": 0, "label": "A", "sample": 5, "ms": 1.7091200351715088}
{"event": "sample", "n": 500, "mode": "forward", "round": 1, "block": 0, "label": "A", "sample": 6, "ms": 1.7099519968032837}
{"event": "sample", "n": 500, "mode": "forward", "round": 1, "block": 0, "label": "A", "sample": 7, "ms": 1.7087359428405762}
{"event": "sample", "n": 500, "mode": "forward", "round": 1, "block": 0, "label": "A", "sample": 8, "ms": 1.708575963973999}
{"event": "sample", "n": 500, "mode": "forward", "round": 1, "block": 0, "label": "A", "sample": 9, "ms": 1.7086399793624878}
{"event": "sample", "n": 500, "mode": "forward", "round": 1, "block": 1, "label": "B", "sample": 0, "ms": 1.9555200338363647}
{"event": "sample", "n": 500, "mode": "forward", "round": 1, "block": 1, "label": "B", "sample": 1, "ms": 1.5975040197372437}
{"event": "sample", "n": 500, "mode": "forward", "round": 1, "block": 1, "label": "B", "sample": 2, "ms": 1.598688006401062}
{"event": "sample", "n": 500, "mode": "forward", "round": 1, "block": 1, "label": "B", "sample": 3, "ms": 1.5984959602355957}
{"event": "sample", "n": 500, "mode": "forward", "round": 1, "block": 1, "label": "B", "sample": 4, "ms": 1.6000640392303467}
{"event": "sample", "n": 500, "mode": "forward", "round": 1, "block": 1, "label": "B", "sample": 5, "ms": 1.599071979522705}
{"event": "sample", "n": 500, "mode": "forward", "round": 1, "block": 1, "label": "B", "sample": 6, "ms": 1.600000023841858}
{"event": "sample", "n": 500, "mode": "forward", "round": 1, "block": 1, "label": "B", "sample": 7, "ms": 1.5982400178909302}
{"event": "sample", "n": 500, "mode": "forward", "round": 1, "block": 1, "label": "B", "sample": 8, "ms": 1.600767970085144}
{"event": "sample", "n": 500, "mode": "forward", "round": 1, "block": 1, "label": "B", "sample": 9, "ms": 1.6002240180969238}
{"event": "sample", "n": 500, "mode": "forward", "round": 1, "block": 2, "label": "B", "sample": 0, "ms": 1.9730559587478638}
{"event": "sample", "n": 500, "mode": "forward", "round": 1, "block": 2, "label": "B", "sample": 1, "ms": 1.5985920429229736}
{"event": "sample", "n": 500, "mode": "forward", "round": 1, "block": 2, "label": "B", "sample": 2, "ms": 1.598464012145996}
{"event": "sample", "n": 500, "mode": "forward", "round": 1, "block": 2, "label": "B", "sample": 3, "ms": 1.5991040468215942}
{"event": "sample", "n": 500, "mode": "forward", "round": 1, "block": 2, "label": "B", "sample": 4, "ms": 1.601248025894165}
{"event": "sample", "n": 500, "mode": "forward", "round": 1, "block": 2, "label": "B", "sample": 5, "ms": 1.5998400449752808}
{"event": "sample", "n": 500, "mode": "forward", "round": 1, "block": 2, "label": "B", "sample": 6, "ms": 1.5994240045547485}
{"event": "sample", "n": 500, "mode": "forward", "round": 1, "block": 2, "label": "B", "sample": 7, "ms": 1.5985920429229736}
{"event": "sample", "n": 500, "mode": "forward", "round": 1, "block": 2, "label": "B", "sample": 8, "ms": 1.5996160507202148}
{"event": "sample", "n": 500, "mode": "forward", "round": 1, "block": 2, "label": "B", "sample": 9, "ms": 1.5989439487457275}
{"event": "sample", "n": 500, "mode": "forward", "round": 1, "block": 3, "label": "A", "sample": 0, "ms": 1.987936019897461}
{"event": "sample", "n": 500, "mode": "forward", "round": 1, "block": 3, "label": "A", "sample": 1, "ms": 1.7083200216293335}
{"event": "sample", "n": 500, "mode": "forward", "round": 1, "block": 3, "label": "A", "sample": 2, "ms": 1.7102080583572388}
{"event": "sample", "n": 500, "mode": "forward", "round": 1, "block": 3, "label": "A", "sample": 3, "ms": 1.7093440294265747}
{"event": "sample", "n": 500, "mode": "forward", "round": 1, "block": 3, "label": "A", "sample": 4, "ms": 1.7098560333251953}
{"event": "sample", "n": 500, "mode": "forward", "round": 1, "block": 3, "label": "A", "sample": 5, "ms": 1.7102080583572388}
{"event": "sample", "n": 500, "mode": "forward", "round": 1, "block": 3, "label": "A", "sample": 6, "ms": 1.709439992904663}
{"event": "sample", "n": 500, "mode": "forward", "round": 1, "block": 3, "label": "A", "sample": 7, "ms": 1.7095040082931519}
{"event": "sample", "n": 500, "mode": "forward", "round": 1, "block": 3, "label": "A", "sample": 8, "ms": 1.710271954536438}
{"event": "sample", "n": 500, "mode": "forward", "round": 1, "block": 3, "label": "A", "sample": 9, "ms": 1.7069439888000488}
{"event": "sample", "n": 500, "mode": "forward", "round": 2, "block": 0, "label": "A", "sample": 0, "ms": 2.011392116546631}
{"event": "sample", "n": 500, "mode": "forward", "round": 2, "block": 0, "label": "A", "sample": 1, "ms": 1.706272006034851}
{"event": "sample", "n": 500, "mode": "forward", "round": 2, "block": 0, "label": "A", "sample": 2, "ms": 1.7075519561767578}
{"event": "sample", "n": 500, "mode": "forward", "round": 2, "block": 0, "label": "A", "sample": 3, "ms": 1.7075200080871582}
{"event": "sample", "n": 500, "mode": "forward", "round": 2, "block": 0, "label": "A", "sample": 4, "ms": 1.707584023475647}
{"event": "sample", "n": 500, "mode": "forward", "round": 2, "block": 0, "label": "A", "sample": 5, "ms": 1.70687997341156}
{"event": "sample", "n": 500, "mode": "forward", "round": 2, "block": 0, "label": "A", "sample": 6, "ms": 1.708832025527954}
{"event": "sample", "n": 500, "mode": "forward", "round": 2, "block": 0, "label": "A", "sample": 7, "ms": 1.7068159580230713}
{"event": "sample", "n": 500, "mode": "forward", "round": 2, "block": 0, "label": "A", "sample": 8, "ms": 1.7074559926986694}
{"event": "sample", "n": 500, "mode": "forward", "round": 2, "block": 0, "label": "A", "sample": 9, "ms": 1.707103967666626}
{"event": "sample", "n": 500, "mode": "forward", "round": 2, "block": 1, "label": "B", "sample": 0, "ms": 1.9631680250167847}
{"event": "sample", "n": 500, "mode": "forward", "round": 2, "block": 1, "label": "B", "sample": 1, "ms": 1.5961920022964478}
{"event": "sample", "n": 500, "mode": "forward", "round": 2, "block": 1, "label": "B", "sample": 2, "ms": 1.5983680486679077}
{"event": "sample", "n": 500, "mode": "forward", "round": 2, "block": 1, "label": "B", "sample": 3, "ms": 1.5966720581054688}
{"event": "sample", "n": 500, "mode": "forward", "round": 2, "block": 1, "label": "B", "sample": 4, "ms": 1.5977599620819092}
{"event": "sample", "n": 500, "mode": "forward", "round": 2, "block": 1, "label": "B", "sample": 5, "ms": 1.5972479581832886}
{"event": "sample", "n": 500, "mode": "forward", "round": 2, "block": 1, "label": "B", "sample": 6, "ms": 1.5985280275344849}
{"event": "sample", "n": 500, "mode": "forward", "round": 2, "block": 1, "label": "B", "sample": 7, "ms": 1.5962239503860474}
{"event": "sample", "n": 500, "mode": "forward", "round": 2, "block": 1, "label": "B", "sample": 8, "ms": 1.5978879928588867}
{"event": "sample", "n": 500, "mode": "forward", "round": 2, "block": 1, "label": "B", "sample": 9, "ms": 1.596511960029602}
{"event": "sample", "n": 500, "mode": "forward", "round": 2, "block": 2, "label": "B", "sample": 0, "ms": 1.9351680278778076}
{"event": "sample", "n": 500, "mode": "forward", "round": 2, "block": 2, "label": "B", "sample": 1, "ms": 1.5957119464874268}
{"event": "sample", "n": 500, "mode": "forward", "round": 2, "block": 2, "label": "B", "sample": 2, "ms": 1.5976959466934204}
{"event": "sample", "n": 500, "mode": "forward", "round": 2, "block": 2, "label": "B", "sample": 3, "ms": 1.5971839427947998}
{"event": "sample", "n": 500, "mode": "forward", "round": 2, "block": 2, "label": "B", "sample": 4, "ms": 1.5980160236358643}
{"event": "sample", "n": 500, "mode": "forward", "round": 2, "block": 2, "label": "B", "sample": 5, "ms": 1.5970560312271118}
{"event": "sample", "n": 500, "mode": "forward", "round": 2, "block": 2, "label": "B", "sample": 6, "ms": 1.598304033279419}
{"event": "sample", "n": 500, "mode": "forward", "round": 2, "block": 2, "label": "B", "sample": 7, "ms": 1.5967999696731567}
{"event": "sample", "n": 500, "mode": "forward", "round": 2, "block": 2, "label": "B", "sample": 8, "ms": 1.5972800254821777}
{"event": "sample", "n": 500, "mode": "forward", "round": 2, "block": 2, "label": "B", "sample": 9, "ms": 1.5968639850616455}
{"event": "sample", "n": 500, "mode": "forward", "round": 2, "block": 3, "label": "A", "sample": 0, "ms": 2.0093119144439697}
{"event": "sample", "n": 500, "mode": "forward", "round": 2, "block": 3, "label": "A", "sample": 1, "ms": 1.7069120407104492}
{"event": "sample", "n": 500, "mode": "forward", "round": 2, "block": 3, "label": "A", "sample": 2, "ms": 1.7070399522781372}
{"event": "sample", "n": 500, "mode": "forward", "round": 2, "block": 3, "label": "A", "sample": 3, "ms": 1.7072639465332031}
{"event": "sample", "n": 500, "mode": "forward", "round": 2, "block": 3, "label": "A", "sample": 4, "ms": 1.7079360485076904}
{"event": "sample", "n": 500, "mode": "forward", "round": 2, "block": 3, "label": "A", "sample": 5, "ms": 1.706496000289917}
{"event": "sample", "n": 500, "mode": "forward", "round": 2, "block": 3, "label": "A", "sample": 6, "ms": 1.708448052406311}
{"event": "sample", "n": 500, "mode": "forward", "round": 2, "block": 3, "label": "A", "sample": 7, "ms": 1.7070720195770264}
{"event": "sample", "n": 500, "mode": "forward", "round": 2, "block": 3, "label": "A", "sample": 8, "ms": 1.7074240446090698}
{"event": "sample", "n": 500, "mode": "forward", "round": 2, "block": 3, "label": "A", "sample": 9, "ms": 1.7058240175247192}
{"event": "summary", "n": 500, "mode": "forward", "median_ms": {"A": 1.7084320187568665, "B": 1.598479986190796}, "speedup": 1.0687853670461573, "samples_per_label": 60}
{"event": "sample", "n": 500, "mode": "backward", "round": 0, "block": 0, "label": "A", "sample": 0, "ms": 12.9934720993042}
{"event": "sample", "n": 500, "mode": "backward", "round": 0, "block": 0, "label": "A", "sample": 1, "ms": 12.661952018737793}
{"event": "sample", "n": 500, "mode": "backward", "round": 0, "block": 0, "label": "A", "sample": 2, "ms": 12.6692476272583}
{"event": "sample", "n": 500, "mode": "backward", "round": 0, "block": 0, "label": "A", "sample": 3, "ms": 12.674943923950195}
{"event": "sample", "n": 500, "mode": "backward", "round": 0, "block": 0, "label": "A", "sample": 4, "ms": 12.676735877990723}
{"event": "sample", "n": 500, "mode": "backward", "round": 0, "block": 0, "label": "A", "sample": 5, "ms": 12.659199714660645}
{"event": "sample", "n": 500, "mode": "backward", "round": 0, "block": 0, "label": "A", "sample": 6, "ms": 12.661791801452637}
{"event": "sample", "n": 500, "mode": "backward", "round": 0, "block": 0, "label": "A", "sample": 7, "ms": 12.658495903015137}
{"event": "sample", "n": 500, "mode": "backward", "round": 0, "block": 0, "label": "A", "sample": 8, "ms": 12.656319618225098}
{"event": "sample", "n": 500, "mode": "backward", "round": 0, "block": 0, "label": "A", "sample": 9, "ms": 12.659232139587402}
{"event": "sample", "n": 500, "mode": "backward", "round": 0, "block": 1, "label": "B", "sample": 0, "ms": 6.767295837402344}
{"event": "sample", "n": 500, "mode": "backward", "round": 0, "block": 1, "label": "B", "sample": 1, "ms": 6.500351905822754}
{"event": "sample", "n": 500, "mode": "backward", "round": 0, "block": 1, "label": "B", "sample": 2, "ms": 6.495488166809082}
{"event": "sample", "n": 500, "mode": "backward", "round": 0, "block": 1, "label": "B", "sample": 3, "ms": 6.501664161682129}
{"event": "sample", "n": 500, "mode": "backward", "round": 0, "block": 1, "label": "B", "sample": 4, "ms": 6.485472202301025}
{"event": "sample", "n": 500, "mode": "backward", "round": 0, "block": 1, "label": "B", "sample": 5, "ms": 6.4931840896606445}
{"event": "sample", "n": 500, "mode": "backward", "round": 0, "block": 1, "label": "B", "sample": 6, "ms": 6.492671966552734}
{"event": "sample", "n": 500, "mode": "backward", "round": 0, "block": 1, "label": "B", "sample": 7, "ms": 6.499839782714844}
{"event": "sample", "n": 500, "mode": "backward", "round": 0, "block": 1, "label": "B", "sample": 8, "ms": 6.497888088226318}
{"event": "sample", "n": 500, "mode": "backward", "round": 0, "block": 1, "label": "B", "sample": 9, "ms": 6.5043840408325195}
{"event": "sample", "n": 500, "mode": "backward", "round": 0, "block": 2, "label": "B", "sample": 0, "ms": 6.668384075164795}
{"event": "sample", "n": 500, "mode": "backward", "round": 0, "block": 2, "label": "B", "sample": 1, "ms": 6.5074238777160645}
{"event": "sample", "n": 500, "mode": "backward", "round": 0, "block": 2, "label": "B", "sample": 2, "ms": 6.498112201690674}
{"event": "sample", "n": 500, "mode": "backward", "round": 0, "block": 2, "label": "B", "sample": 3, "ms": 6.494143962860107}
{"event": "sample", "n": 500, "mode": "backward", "round": 0, "block": 2, "label": "B", "sample": 4, "ms": 6.481919765472412}
{"event": "sample", "n": 500, "mode": "backward", "round": 0, "block": 2, "label": "B", "sample": 5, "ms": 6.5008320808410645}
{"event": "sample", "n": 500, "mode": "backward", "round": 0, "block": 2, "label": "B", "sample": 6, "ms": 6.496831893920898}
{"event": "sample", "n": 500, "mode": "backward", "round": 0, "block": 2, "label": "B", "sample": 7, "ms": 6.494815826416016}
{"event": "sample", "n": 500, "mode": "backward", "round": 0, "block": 2, "label": "B", "sample": 8, "ms": 6.488063812255859}
{"event": "sample", "n": 500, "mode": "backward", "round": 0, "block": 2, "label": "B", "sample": 9, "ms": 6.501920223236084}
{"event": "sample", "n": 500, "mode": "backward", "round": 0, "block": 3, "label": "A", "sample": 0, "ms": 12.983296394348145}
{"event": "sample", "n": 500, "mode": "backward", "round": 0, "block": 3, "label": "A", "sample": 1, "ms": 12.656864166259766}
{"event": "sample", "n": 500, "mode": "backward", "round": 0, "block": 3, "label": "A", "sample": 2, "ms": 12.664031982421875}
{"event": "sample", "n": 500, "mode": "backward", "round": 0, "block": 3, "label": "A", "sample": 3, "ms": 12.668319702148438}
{"event": "sample", "n": 500, "mode": "backward", "round": 0, "block": 3, "label": "A", "sample": 4, "ms": 12.655839920043945}
{"event": "sample", "n": 500, "mode": "backward", "round": 0, "block": 3, "label": "A", "sample": 5, "ms": 12.662816047668457}
{"event": "sample", "n": 500, "mode": "backward", "round": 0, "block": 3, "label": "A", "sample": 6, "ms": 12.665216445922852}
{"event": "sample", "n": 500, "mode": "backward", "round": 0, "block": 3, "label": "A", "sample": 7, "ms": 12.664959907531738}
{"event": "sample", "n": 500, "mode": "backward", "round": 0, "block": 3, "label": "A", "sample": 8, "ms": 12.669759750366211}
{"event": "sample", "n": 500, "mode": "backward", "round": 0, "block": 3, "label": "A", "sample": 9, "ms": 12.659296035766602}
{"event": "sample", "n": 500, "mode": "backward", "round": 1, "block": 0, "label": "A", "sample": 0, "ms": 12.97708797454834}
{"event": "sample", "n": 500, "mode": "backward", "round": 1, "block": 0, "label": "A", "sample": 1, "ms": 12.65078353881836}
{"event": "sample", "n": 500, "mode": "backward", "round": 1, "block": 0, "label": "A", "sample": 2, "ms": 12.654175758361816}
{"event": "sample", "n": 500, "mode": "backward", "round": 1, "block": 0, "label": "A", "sample": 3, "ms": 12.65782356262207}
{"event": "sample", "n": 500, "mode": "backward", "round": 1, "block": 0, "label": "A", "sample": 4, "ms": 12.657535552978516}
{"event": "sample", "n": 500, "mode": "backward", "round": 1, "block": 0, "label": "A", "sample": 5, "ms": 12.653120040893555}
{"event": "sample", "n": 500, "mode": "backward", "round": 1, "block": 0, "label": "A", "sample": 6, "ms": 12.655839920043945}
{"event": "sample", "n": 500, "mode": "backward", "round": 1, "block": 0, "label": "A", "sample": 7, "ms": 12.654687881469727}
{"event": "sample", "n": 500, "mode": "backward", "round": 1, "block": 0, "label": "A", "sample": 8, "ms": 12.656959533691406}
{"event": "sample", "n": 500, "mode": "backward", "round": 1, "block": 0, "label": "A", "sample": 9, "ms": 12.657888412475586}
{"event": "sample", "n": 500, "mode": "backward", "round": 1, "block": 1, "label": "B", "sample": 0, "ms": 6.6943039894104}
{"event": "sample", "n": 500, "mode": "backward", "round": 1, "block": 1, "label": "B", "sample": 1, "ms": 6.487391948699951}
{"event": "sample", "n": 500, "mode": "backward", "round": 1, "block": 1, "label": "B", "sample": 2, "ms": 6.486720085144043}
{"event": "sample", "n": 500, "mode": "backward", "round": 1, "block": 1, "label": "B", "sample": 3, "ms": 6.488639831542969}
{"event": "sample", "n": 500, "mode": "backward", "round": 1, "block": 1, "label": "B", "sample": 4, "ms": 6.486303806304932}
{"event": "sample", "n": 500, "mode": "backward", "round": 1, "block": 1, "label": "B", "sample": 5, "ms": 6.480607986450195}
{"event": "sample", "n": 500, "mode": "backward", "round": 1, "block": 1, "label": "B", "sample": 6, "ms": 6.4878082275390625}
{"event": "sample", "n": 500, "mode": "backward", "round": 1, "block": 1, "label": "B", "sample": 7, "ms": 6.501279830932617}
{"event": "sample", "n": 500, "mode": "backward", "round": 1, "block": 1, "label": "B", "sample": 8, "ms": 6.510784149169922}
{"event": "sample", "n": 500, "mode": "backward", "round": 1, "block": 1, "label": "B", "sample": 9, "ms": 6.496767997741699}
{"event": "sample", "n": 500, "mode": "backward", "round": 1, "block": 2, "label": "B", "sample": 0, "ms": 6.639743804931641}
{"event": "sample", "n": 500, "mode": "backward", "round": 1, "block": 2, "label": "B", "sample": 1, "ms": 6.5101118087768555}
{"event": "sample", "n": 500, "mode": "backward", "round": 1, "block": 2, "label": "B", "sample": 2, "ms": 6.502624034881592}
{"event": "sample", "n": 500, "mode": "backward", "round": 1, "block": 2, "label": "B", "sample": 3, "ms": 6.493279933929443}
{"event": "sample", "n": 500, "mode": "backward", "round": 1, "block": 2, "label": "B", "sample": 4, "ms": 6.490752220153809}
{"event": "sample", "n": 500, "mode": "backward", "round": 1, "block": 2, "label": "B", "sample": 5, "ms": 6.506624221801758}
{"event": "sample", "n": 500, "mode": "backward", "round": 1, "block": 2, "label": "B", "sample": 6, "ms": 6.487679958343506}
{"event": "sample", "n": 500, "mode": "backward", "round": 1, "block": 2, "label": "B", "sample": 7, "ms": 6.498144149780273}
{"event": "sample", "n": 500, "mode": "backward", "round": 1, "block": 2, "label": "B", "sample": 8, "ms": 6.490015983581543}
{"event": "sample", "n": 500, "mode": "backward", "round": 1, "block": 2, "label": "B", "sample": 9, "ms": 6.497312068939209}
{"event": "sample", "n": 500, "mode": "backward", "round": 1, "block": 3, "label": "A", "sample": 0, "ms": 12.97651195526123}
{"event": "sample", "n": 500, "mode": "backward", "round": 1, "block": 3, "label": "A", "sample": 1, "ms": 12.663871765136719}
{"event": "sample", "n": 500, "mode": "backward", "round": 1, "block": 3, "label": "A", "sample": 2, "ms": 12.661727905273438}
{"event": "sample", "n": 500, "mode": "backward", "round": 1, "block": 3, "label": "A", "sample": 3, "ms": 12.662495613098145}
{"event": "sample", "n": 500, "mode": "backward", "round": 1, "block": 3, "label": "A", "sample": 4, "ms": 12.656479835510254}
{"event": "sample", "n": 500, "mode": "backward", "round": 1, "block": 3, "label": "A", "sample": 5, "ms": 12.670368194580078}
{"event": "sample", "n": 500, "mode": "backward", "round": 1, "block": 3, "label": "A", "sample": 6, "ms": 12.662431716918945}
{"event": "sample", "n": 500, "mode": "backward", "round": 1, "block": 3, "label": "A", "sample": 7, "ms": 12.66256046295166}
{"event": "sample", "n": 500, "mode": "backward", "round": 1, "block": 3, "label": "A", "sample": 8, "ms": 12.65555191040039}
{"event": "sample", "n": 500, "mode": "backward", "round": 1, "block": 3, "label": "A", "sample": 9, "ms": 12.653663635253906}
{"event": "sample", "n": 500, "mode": "backward", "round": 2, "block": 0, "label": "A", "sample": 0, "ms": 12.917984008789062}
{"event": "sample", "n": 500, "mode": "backward", "round": 2, "block": 0, "label": "A", "sample": 1, "ms": 12.655360221862793}
{"event": "sample", "n": 500, "mode": "backward", "round": 2, "block": 0, "label": "A", "sample": 2, "ms": 12.6627197265625}
{"event": "sample", "n": 500, "mode": "backward", "round": 2, "block": 0, "label": "A", "sample": 3, "ms": 12.657695770263672}
{"event": "sample", "n": 500, "mode": "backward", "round": 2, "block": 0, "label": "A", "sample": 4, "ms": 12.657279968261719}
{"event": "sample", "n": 500, "mode": "backward", "round": 2, "block": 0, "label": "A", "sample": 5, "ms": 12.657919883728027}
{"event": "sample", "n": 500, "mode": "backward", "round": 2, "block": 0, "label": "A", "sample": 6, "ms": 12.65334415435791}
{"event": "sample", "n": 500, "mode": "backward", "round": 2, "block": 0, "label": "A", "sample": 7, "ms": 12.659680366516113}
{"event": "sample", "n": 500, "mode": "backward", "round": 2, "block": 0, "label": "A", "sample": 8, "ms": 12.660767555236816}
{"event": "sample", "n": 500, "mode": "backward", "round": 2, "block": 0, "label": "A", "sample": 9, "ms": 12.658047676086426}
{"event": "sample", "n": 500, "mode": "backward", "round": 2, "block": 1, "label": "B", "sample": 0, "ms": 7.044000148773193}
{"event": "sample", "n": 500, "mode": "backward", "round": 2, "block": 1, "label": "B", "sample": 1, "ms": 6.498847961425781}
{"event": "sample", "n": 500, "mode": "backward", "round": 2, "block": 1, "label": "B", "sample": 2, "ms": 6.495327949523926}
{"event": "sample", "n": 500, "mode": "backward", "round": 2, "block": 1, "label": "B", "sample": 3, "ms": 6.487360000610352}
{"event": "sample", "n": 500, "mode": "backward", "round": 2, "block": 1, "label": "B", "sample": 4, "ms": 6.486015796661377}
{"event": "sample", "n": 500, "mode": "backward", "round": 2, "block": 1, "label": "B", "sample": 5, "ms": 6.490079879760742}
{"event": "sample", "n": 500, "mode": "backward", "round": 2, "block": 1, "label": "B", "sample": 6, "ms": 6.48092794418335}
{"event": "sample", "n": 500, "mode": "backward", "round": 2, "block": 1, "label": "B", "sample": 7, "ms": 6.4779839515686035}
{"event": "sample", "n": 500, "mode": "backward", "round": 2, "block": 1, "label": "B", "sample": 8, "ms": 6.476863861083984}
{"event": "sample", "n": 500, "mode": "backward", "round": 2, "block": 1, "label": "B", "sample": 9, "ms": 6.485119819641113}
{"event": "sample", "n": 500, "mode": "backward", "round": 2, "block": 2, "label": "B", "sample": 0, "ms": 6.683712005615234}
{"event": "sample", "n": 500, "mode": "backward", "round": 2, "block": 2, "label": "B", "sample": 1, "ms": 6.483232021331787}
{"event": "sample", "n": 500, "mode": "backward", "round": 2, "block": 2, "label": "B", "sample": 2, "ms": 6.495359897613525}
{"event": "sample", "n": 500, "mode": "backward", "round": 2, "block": 2, "label": "B", "sample": 3, "ms": 6.505023956298828}
{"event": "sample", "n": 500, "mode": "backward", "round": 2, "block": 2, "label": "B", "sample": 4, "ms": 6.490975856781006}
{"event": "sample", "n": 500, "mode": "backward", "round": 2, "block": 2, "label": "B", "sample": 5, "ms": 6.48799991607666}
{"event": "sample", "n": 500, "mode": "backward", "round": 2, "block": 2, "label": "B", "sample": 6, "ms": 6.494688034057617}
{"event": "sample", "n": 500, "mode": "backward", "round": 2, "block": 2, "label": "B", "sample": 7, "ms": 6.505087852478027}
{"event": "sample", "n": 500, "mode": "backward", "round": 2, "block": 2, "label": "B", "sample": 8, "ms": 6.502560138702393}
{"event": "sample", "n": 500, "mode": "backward", "round": 2, "block": 2, "label": "B", "sample": 9, "ms": 6.504479885101318}
{"event": "sample", "n": 500, "mode": "backward", "round": 2, "block": 3, "label": "A", "sample": 0, "ms": 13.046431541442871}
{"event": "sample", "n": 500, "mode": "backward", "round": 2, "block": 3, "label": "A", "sample": 1, "ms": 12.668479919433594}
{"event": "sample", "n": 500, "mode": "backward", "round": 2, "block": 3, "label": "A", "sample": 2, "ms": 12.655455589294434}
{"event": "sample", "n": 500, "mode": "backward", "round": 2, "block": 3, "label": "A", "sample": 3, "ms": 12.653440475463867}
{"event": "sample", "n": 500, "mode": "backward", "round": 2, "block": 3, "label": "A", "sample": 4, "ms": 12.65782356262207}
{"event": "sample", "n": 500, "mode": "backward", "round": 2, "block": 3, "label": "A", "sample": 5, "ms": 12.649279594421387}
{"event": "sample", "n": 500, "mode": "backward", "round": 2, "block": 3, "label": "A", "sample": 6, "ms": 12.660384178161621}
{"event": "sample", "n": 500, "mode": "backward", "round": 2, "block": 3, "label": "A", "sample": 7, "ms": 12.655232429504395}
{"event": "sample", "n": 500, "mode": "backward", "round": 2, "block": 3, "label": "A", "sample": 8, "ms": 12.649663925170898}
{"event": "sample", "n": 500, "mode": "backward", "round": 2, "block": 3, "label": "A", "sample": 9, "ms": 12.656895637512207}
{"event": "summary", "n": 500, "mode": "backward", "median_ms": {"A": 12.659215927124023, "B": 6.495424032211304}, "speedup": 1.9489437278222337, "samples_per_label": 60}
{"event": "sample", "n": 500, "mode": "forward_backward", "round": 0, "block": 0, "label": "A", "sample": 0, "ms": 14.685952186584473}
{"event": "sample", "n": 500, "mode": "forward_backward", "round": 0, "block": 0, "label": "A", "sample": 1, "ms": 14.370016098022461}
{"event": "sample", "n": 500, "mode": "forward_backward", "round": 0, "block": 0, "label": "A", "sample": 2, "ms": 14.377280235290527}
{"event": "sample", "n": 500, "mode": "forward_backward", "round": 0, "block": 0, "label": "A", "sample": 3, "ms": 14.38038444519043}
{"event": "sample", "n": 500, "mode": "forward_backward", "round": 0, "block": 0, "label": "A", "sample": 4, "ms": 14.37718391418457}
{"event": "sample", "n": 500, "mode": "forward_backward", "round": 0, "block": 0, "label": "A", "sample": 5, "ms": 14.375136375427246}
{"event": "sample", "n": 500, "mode": "forward_backward", "round": 0, "block": 0, "label": "A", "sample": 6, "ms": 14.378175735473633}
{"event": "sample", "n": 500, "mode": "forward_backward", "round": 0, "block": 0, "label": "A", "sample": 7, "ms": 14.38691234588623}
{"event": "sample", "n": 500, "mode": "forward_backward", "round": 0, "block": 0, "label": "A", "sample": 8, "ms": 14.379520416259766}
{"event": "sample", "n": 500, "mode": "forward_backward", "round": 0, "block": 0, "label": "A", "sample": 9, "ms": 14.364192008972168}
{"event": "sample", "n": 500, "mode": "forward_backward", "round": 0, "block": 1, "label": "B", "sample": 0, "ms": 8.48083209991455}
{"event": "sample", "n": 500, "mode": "forward_backward", "round": 0, "block": 1, "label": "B", "sample": 1, "ms": 8.087712287902832}
{"event": "sample", "n": 500, "mode": "forward_backward", "round": 0, "block": 1, "label": "B", "sample": 2, "ms": 8.06991958618164}
{"event": "sample", "n": 500, "mode": "forward_backward", "round": 0, "block": 1, "label": "B", "sample": 3, "ms": 8.072959899902344}
{"event": "sample", "n": 500, "mode": "forward_backward", "round": 0, "block": 1, "label": "B", "sample": 4, "ms": 8.075455665588379}
{"event": "sample", "n": 500, "mode": "forward_backward", "round": 0, "block": 1, "label": "B", "sample": 5, "ms": 8.073535919189453}
{"event": "sample", "n": 500, "mode": "forward_backward", "round": 0, "block": 1, "label": "B", "sample": 6, "ms": 8.073856353759766}
{"event": "sample", "n": 500, "mode": "forward_backward", "round": 0, "block": 1, "label": "B", "sample": 7, "ms": 8.078304290771484}
{"event": "sample", "n": 500, "mode": "forward_backward", "round": 0, "block": 1, "label": "B", "sample": 8, "ms": 8.07539176940918}
{"event": "sample", "n": 500, "mode": "forward_backward", "round": 0, "block": 1, "label": "B", "sample": 9, "ms": 8.094335556030273}
{"event": "sample", "n": 500, "mode": "forward_backward", "round": 0, "block": 2, "label": "B", "sample": 0, "ms": 8.493311882019043}
{"event": "sample", "n": 500, "mode": "forward_backward", "round": 0, "block": 2, "label": "B", "sample": 1, "ms": 8.09609603881836}
{"event": "sample", "n": 500, "mode": "forward_backward", "round": 0, "block": 2, "label": "B", "sample": 2, "ms": 8.083871841430664}
{"event": "sample", "n": 500, "mode": "forward_backward", "round": 0, "block": 2, "label": "B", "sample": 3, "ms": 8.082112312316895}
{"event": "sample", "n": 500, "mode": "forward_backward", "round": 0, "block": 2, "label": "B", "sample": 4, "ms": 8.085824012756348}
{"event": "sample", "n": 500, "mode": "forward_backward", "round": 0, "block": 2, "label": "B", "sample": 5, "ms": 8.094688415527344}
{"event": "sample", "n": 500, "mode": "forward_backward", "round": 0, "block": 2, "label": "B", "sample": 6, "ms": 8.090496063232422}
{"event": "sample", "n": 500, "mode": "forward_backward", "round": 0, "block": 2, "label": "B", "sample": 7, "ms": 8.090144157409668}
{"event": "sample", "n": 500, "mode": "forward_backward", "round": 0, "block": 2, "label": "B", "sample": 8, "ms": 8.110527992248535}
{"event": "sample", "n": 500, "mode": "forward_backward", "round": 0, "block": 2, "label": "B", "sample": 9, "ms": 8.102335929870605}
{"event": "sample", "n": 500, "mode": "forward_backward", "round": 0, "block": 3, "label": "A", "sample": 0, "ms": 14.71497631072998}
{"event": "sample", "n": 500, "mode": "forward_backward", "round": 0, "block": 3, "label": "A", "sample": 1, "ms": 14.378527641296387}
{"event": "sample", "n": 500, "mode": "forward_backward", "round": 0, "block": 3, "label": "A", "sample": 2, "ms": 14.364352226257324}
{"event": "sample", "n": 500, "mode": "forward_backward", "round": 0, "block": 3, "label": "A", "sample": 3, "ms": 14.362048149108887}
{"event": "sample", "n": 500, "mode": "forward_backward", "round": 0, "block": 3, "label": "A", "sample": 4, "ms": 14.367168426513672}
{"event": "sample", "n": 500, "mode": "forward_backward", "round": 0, "block": 3, "label": "A", "sample": 5, "ms": 14.37343978881836}
{"event": "sample", "n": 500, "mode": "forward_backward", "round": 0, "block": 3, "label": "A", "sample": 6, "ms": 14.362015724182129}
{"event": "sample", "n": 500, "mode": "forward_backward", "round": 0, "block": 3, "label": "A", "sample": 7, "ms": 14.368224143981934}
{"event": "sample", "n": 500, "mode": "forward_backward", "round": 0, "block": 3, "label": "A", "sample": 8, "ms": 14.375519752502441}
{"event": "sample", "n": 500, "mode": "forward_backward", "round": 0, "block": 3, "label": "A", "sample": 9, "ms": 14.381088256835938}
{"event": "sample", "n": 500, "mode": "forward_backward", "round": 1, "block": 0, "label": "A", "sample": 0, "ms": 14.73043155670166}
{"event": "sample", "n": 500, "mode": "forward_backward", "round": 1, "block": 0, "label": "A", "sample": 1, "ms": 14.381535530090332}
{"event": "sample", "n": 500, "mode": "forward_backward", "round": 1, "block": 0, "label": "A", "sample": 2, "ms": 14.378047943115234}
{"event": "sample", "n": 500, "mode": "forward_backward", "round": 1, "block": 0, "label": "A", "sample": 3, "ms": 14.377984046936035}
{"event": "sample", "n": 500, "mode": "forward_backward", "round": 1, "block": 0, "label": "A", "sample": 4, "ms": 14.375007629394531}
{"event": "sample", "n": 500, "mode": "forward_backward", "round": 1, "block": 0, "label": "A", "sample": 5, "ms": 14.368191719055176}
{"event": "sample", "n": 500, "mode": "forward_backward", "round": 1, "block": 0, "label": "A", "sample": 6, "ms": 14.36092758178711}
{"event": "sample", "n": 500, "mode": "forward_backward", "round": 1, "block": 0, "label": "A", "sample": 7, "ms": 14.358336448669434}
{"event": "sample", "n": 500, "mode": "forward_backward", "round": 1, "block": 0, "label": "A", "sample": 8, "ms": 14.35968017578125}
{"event": "sample", "n": 500, "mode": "forward_backward", "round": 1, "block": 0, "label": "A", "sample": 9, "ms": 14.364831924438477}
{"event": "sample", "n": 500, "mode": "forward_backward", "round": 1, "block": 1, "label": "B", "sample": 0, "ms": 8.508095741271973}
{"event": "sample", "n": 500, "mode": "forward_backward", "round": 1, "block": 1, "label": "B", "sample": 1, "ms": 8.069184303283691}
{"event": "sample", "n": 500, "mode": "forward_backward", "round": 1, "block": 1, "label": "B", "sample": 2, "ms": 8.075776100158691}
{"event": "sample", "n": 500, "mode": "forward_backward", "round": 1, "block": 1, "label": "B", "sample": 3, "ms": 8.082304000854492}
{"event": "sample", "n": 500, "mode": "forward_backward", "round": 1, "block": 1, "label": "B", "sample": 4, "ms": 8.079999923706055}
{"event": "sample", "n": 500, "mode": "forward_backward", "round": 1, "block": 1, "label": "B", "sample": 5, "ms": 8.081439971923828}
{"event": "sample", "n": 500, "mode": "forward_backward", "round": 1, "block": 1, "label": "B", "sample": 6, "ms": 8.075103759765625}
{"event": "sample", "n": 500, "mode": "forward_backward", "round": 1, "block": 1, "label": "B", "sample": 7, "ms": 8.078592300415039}
{"event": "sample", "n": 500, "mode": "forward_backward", "round": 1, "block": 1, "label": "B", "sample": 8, "ms": 8.073951721191406}
{"event": "sample", "n": 500, "mode": "forward_backward", "round": 1, "block": 1, "label": "B", "sample": 9, "ms": 8.0730562210083}
{"event": "sample", "n": 500, "mode": "forward_backward", "round": 1, "block": 2, "label": "B", "sample": 0, "ms": 8.453984260559082}
{"event": "sample", "n": 500, "mode": "forward_backward", "round": 1, "block": 2, "label": "B", "sample": 1, "ms": 8.073984146118164}
{"event": "sample", "n": 500, "mode": "forward_backward", "round": 1, "block": 2, "label": "B", "sample": 2, "ms": 8.076416015625}
{"event": "sample", "n": 500, "mode": "forward_backward", "round": 1, "block": 2, "label": "B", "sample": 3, "ms": 8.074591636657715}
{"event": "sample", "n": 500, "mode": "forward_backward", "round": 1, "block": 2, "label": "B", "sample": 4, "ms": 8.077759742736816}
{"event": "sample", "n": 500, "mode": "forward_backward", "round": 1, "block": 2, "label": "B", "sample": 5, "ms": 8.086112022399902}
{"event": "sample", "n": 500, "mode": "forward_backward", "round": 1, "block": 2, "label": "B", "sample": 6, "ms": 8.092608451843262}
{"event": "sample", "n": 500, "mode": "forward_backward", "round": 1, "block": 2, "label": "B", "sample": 7, "ms": 8.089056015014648}
{"event": "sample", "n": 500, "mode": "forward_backward", "round": 1, "block": 2, "label": "B", "sample": 8, "ms": 8.08620834350586}
{"event": "sample", "n": 500, "mode": "forward_backward", "round": 1, "block": 2, "label": "B", "sample": 9, "ms": 8.090463638305664}
{"event": "sample", "n": 500, "mode": "forward_backward", "round": 1, "block": 3, "label": "A", "sample": 0, "ms": 14.706208229064941}
{"event": "sample", "n": 500, "mode": "forward_backward", "round": 1, "block": 3, "label": "A", "sample": 1, "ms": 14.388768196105957}
{"event": "sample", "n": 500, "mode": "forward_backward", "round": 1, "block": 3, "label": "A", "sample": 2, "ms": 14.380960464477539}
{"event": "sample", "n": 500, "mode": "forward_backward", "round": 1, "block": 3, "label": "A", "sample": 3, "ms": 14.381855964660645}
{"event": "sample", "n": 500, "mode": "forward_backward", "round": 1, "block": 3, "label": "A", "sample": 4, "ms": 14.371392250061035}
{"event": "sample", "n": 500, "mode": "forward_backward", "round": 1, "block": 3, "label": "A", "sample": 5, "ms": 14.362336158752441}
{"event": "sample", "n": 500, "mode": "forward_backward", "round": 1, "block": 3, "label": "A", "sample": 6, "ms": 14.36524772644043}
{"event": "sample", "n": 500, "mode": "forward_backward", "round": 1, "block": 3, "label": "A", "sample": 7, "ms": 14.367232322692871}
{"event": "sample", "n": 500, "mode": "forward_backward", "round": 1, "block": 3, "label": "A", "sample": 8, "ms": 14.371999740600586}
{"event": "sample", "n": 500, "mode": "forward_backward", "round": 1, "block": 3, "label": "A", "sample": 9, "ms": 14.36736011505127}
{"event": "sample", "n": 500, "mode": "forward_backward", "round": 2, "block": 0, "label": "A", "sample": 0, "ms": 14.926527976989746}
{"event": "sample", "n": 500, "mode": "forward_backward", "round": 2, "block": 0, "label": "A", "sample": 1, "ms": 14.368831634521484}
{"event": "sample", "n": 500, "mode": "forward_backward", "round": 2, "block": 0, "label": "A", "sample": 2, "ms": 14.361248016357422}
{"event": "sample", "n": 500, "mode": "forward_backward", "round": 2, "block": 0, "label": "A", "sample": 3, "ms": 14.37116813659668}
{"event": "sample", "n": 500, "mode": "forward_backward", "round": 2, "block": 0, "label": "A", "sample": 4, "ms": 14.3571195602417}
{"event": "sample", "n": 500, "mode": "forward_backward", "round": 2, "block": 0, "label": "A", "sample": 5, "ms": 14.365440368652344}
{"event": "sample", "n": 500, "mode": "forward_backward", "round": 2, "block": 0, "label": "A", "sample": 6, "ms": 14.363007545471191}
{"event": "sample", "n": 500, "mode": "forward_backward", "round": 2, "block": 0, "label": "A", "sample": 7, "ms": 14.355487823486328}
{"event": "sample", "n": 500, "mode": "forward_backward", "round": 2, "block": 0, "label": "A", "sample": 8, "ms": 14.372063636779785}
{"event": "sample", "n": 500, "mode": "forward_backward", "round": 2, "block": 0, "label": "A", "sample": 9, "ms": 14.379648208618164}
{"event": "sample", "n": 500, "mode": "forward_backward", "round": 2, "block": 1, "label": "B", "sample": 0, "ms": 8.60694408416748}
{"event": "sample", "n": 500, "mode": "forward_backward", "round": 2, "block": 1, "label": "B", "sample": 1, "ms": 8.079263687133789}
{"event": "sample", "n": 500, "mode": "forward_backward", "round": 2, "block": 1, "label": "B", "sample": 2, "ms": 8.095904350280762}
{"event": "sample", "n": 500, "mode": "forward_backward", "round": 2, "block": 1, "label": "B", "sample": 3, "ms": 8.093952178955078}
{"event": "sample", "n": 500, "mode": "forward_backward", "round": 2, "block": 1, "label": "B", "sample": 4, "ms": 8.099712371826172}
{"event": "sample", "n": 500, "mode": "forward_backward", "round": 2, "block": 1, "label": "B", "sample": 5, "ms": 8.081631660461426}
{"event": "sample", "n": 500, "mode": "forward_backward", "round": 2, "block": 1, "label": "B", "sample": 6, "ms": 8.078271865844727}
{"event": "sample", "n": 500, "mode": "forward_backward", "round": 2, "block": 1, "label": "B", "sample": 7, "ms": 8.095647811889648}
{"event": "sample", "n": 500, "mode": "forward_backward", "round": 2, "block": 1, "label": "B", "sample": 8, "ms": 8.07481575012207}
{"event": "sample", "n": 500, "mode": "forward_backward", "round": 2, "block": 1, "label": "B", "sample": 9, "ms": 8.08124828338623}
{"event": "sample", "n": 500, "mode": "forward_backward", "round": 2, "block": 2, "label": "B", "sample": 0, "ms": 8.488032341003418}
{"event": "sample", "n": 500, "mode": "forward_backward", "round": 2, "block": 2, "label": "B", "sample": 1, "ms": 8.0797119140625}
{"event": "sample", "n": 500, "mode": "forward_backward", "round": 2, "block": 2, "label": "B", "sample": 2, "ms": 8.073439598083496}
{"event": "sample", "n": 500, "mode": "forward_backward", "round": 2, "block": 2, "label": "B", "sample": 3, "ms": 8.07919979095459}
{"event": "sample", "n": 500, "mode": "forward_backward", "round": 2, "block": 2, "label": "B", "sample": 4, "ms": 8.07759952545166}
{"event": "sample", "n": 500, "mode": "forward_backward", "round": 2, "block": 2, "label": "B", "sample": 5, "ms": 8.084959983825684}
{"event": "sample", "n": 500, "mode": "forward_backward", "round": 2, "block": 2, "label": "B", "sample": 6, "ms": 8.071616172790527}
{"event": "sample", "n": 500, "mode": "forward_backward", "round": 2, "block": 2, "label": "B", "sample": 7, "ms": 8.078495979309082}
{"event": "sample", "n": 500, "mode": "forward_backward", "round": 2, "block": 2, "label": "B", "sample": 8, "ms": 8.073375701904297}
{"event": "sample", "n": 500, "mode": "forward_backward", "round": 2, "block": 2, "label": "B", "sample": 9, "ms": 8.084416389465332}
{"event": "sample", "n": 500, "mode": "forward_backward", "round": 2, "block": 3, "label": "A", "sample": 0, "ms": 14.70911979675293}
{"event": "sample", "n": 500, "mode": "forward_backward", "round": 2, "block": 3, "label": "A", "sample": 1, "ms": 14.387519836425781}
{"event": "sample", "n": 500, "mode": "forward_backward", "round": 2, "block": 3, "label": "A", "sample": 2, "ms": 14.375616073608398}
{"event": "sample", "n": 500, "mode": "forward_backward", "round": 2, "block": 3, "label": "A", "sample": 3, "ms": 14.390815734863281}
{"event": "sample", "n": 500, "mode": "forward_backward", "round": 2, "block": 3, "label": "A", "sample": 4, "ms": 14.3886079788208}
{"event": "sample", "n": 500, "mode": "forward_backward", "round": 2, "block": 3, "label": "A", "sample": 5, "ms": 14.38054370880127}
{"event": "sample", "n": 500, "mode": "forward_backward", "round": 2, "block": 3, "label": "A", "sample": 6, "ms": 14.38419246673584}
{"event": "sample", "n": 500, "mode": "forward_backward", "round": 2, "block": 3, "label": "A", "sample": 7, "ms": 14.385151863098145}
{"event": "sample", "n": 500, "mode": "forward_backward", "round": 2, "block": 3, "label": "A", "sample": 8, "ms": 14.365471839904785}
{"event": "sample", "n": 500, "mode": "forward_backward", "round": 2, "block": 3, "label": "A", "sample": 9, "ms": 14.364224433898926}
{"event": "summary", "n": 500, "mode": "forward_backward", "median_ms": {"A": 14.375072002410889, "B": 8.081535816192627}, "speedup": 1.7787549705104533, "samples_per_label": 60}
{"event": "parity", "n": 512, "checks": {"output": {"relative_l2": 0.0, "baseline_zero_max_abs_diagnostic": 0.0, "passed": true}, "dq": {"relative_l2": 5.165154652786441e-05, "baseline_zero_max_abs_diagnostic": 0.0, "passed": true}, "dk": {"relative_l2": 0.0, "baseline_zero_max_abs_diagnostic": 0.0, "passed": true}, "dv": {"relative_l2": 0.0, "baseline_zero_max_abs_diagnostic": 0.0, "passed": true}, "db": {"relative_l2": 1.411741686752066e-05, "baseline_zero_max_abs_diagnostic": 0.0, "passed": true}}, "independent_reference": false}
{"event": "memory", "n": 512, "measurements": {"A": {"peak_increment_bytes": 591659008, "retained_increment_bytes": 541065216}, "B": {"peak_increment_bytes": 642269184, "retained_increment_bytes": 541065216}}}
{"event": "sample", "n": 512, "mode": "forward", "round": 0, "block": 0, "label": "A", "sample": 0, "ms": 1.733504056930542}
{"event": "sample", "n": 512, "mode": "forward", "round": 0, "block": 0, "label": "A", "sample": 1, "ms": 1.4911359548568726}
{"event": "sample", "n": 512, "mode": "forward", "round": 0, "block": 0, "label": "A", "sample": 2, "ms": 1.4926400184631348}
{"event": "sample", "n": 512, "mode": "forward", "round": 0, "block": 0, "label": "A", "sample": 3, "ms": 1.4934719800949097}
{"event": "sample", "n": 512, "mode": "forward", "round": 0, "block": 0, "label": "A", "sample": 4, "ms": 1.49235200881958}
{"event": "sample", "n": 512, "mode": "forward", "round": 0, "block": 0, "label": "A", "sample": 5, "ms": 1.4925440549850464}
{"event": "sample", "n": 512, "mode": "forward", "round": 0, "block": 0, "label": "A", "sample": 6, "ms": 1.4921599626541138}
{"event": "sample", "n": 512, "mode": "forward", "round": 0, "block": 0, "label": "A", "sample": 7, "ms": 1.4919040203094482}
{"event": "sample", "n": 512, "mode": "forward", "round": 0, "block": 0, "label": "A", "sample": 8, "ms": 1.4925440549850464}
{"event": "sample", "n": 512, "mode": "forward", "round": 0, "block": 0, "label": "A", "sample": 9, "ms": 1.4923839569091797}
{"event": "sample", "n": 512, "mode": "forward", "round": 0, "block": 1, "label": "B", "sample": 0, "ms": 1.8187839984893799}
{"event": "sample", "n": 512, "mode": "forward", "round": 0, "block": 1, "label": "B", "sample": 1, "ms": 1.455680012702942}
{"event": "sample", "n": 512, "mode": "forward", "round": 0, "block": 1, "label": "B", "sample": 2, "ms": 1.4561920166015625}
{"event": "sample", "n": 512, "mode": "forward", "round": 0, "block": 1, "label": "B", "sample": 3, "ms": 1.4567999839782715}
{"event": "sample", "n": 512, "mode": "forward", "round": 0, "block": 1, "label": "B", "sample": 4, "ms": 1.4563519954681396}
{"event": "sample", "n": 512, "mode": "forward", "round": 0, "block": 1, "label": "B", "sample": 5, "ms": 1.4572800397872925}
{"event": "sample", "n": 512, "mode": "forward", "round": 0, "block": 1, "label": "B", "sample": 6, "ms": 1.45632004737854}
{"event": "sample", "n": 512, "mode": "forward", "round": 0, "block": 1, "label": "B", "sample": 7, "ms": 1.4567999839782715}
{"event": "sample", "n": 512, "mode": "forward", "round": 0, "block": 1, "label": "B", "sample": 8, "ms": 1.4565759897232056}
{"event": "sample", "n": 512, "mode": "forward", "round": 0, "block": 1, "label": "B", "sample": 9, "ms": 1.456544041633606}
{"event": "sample", "n": 512, "mode": "forward", "round": 0, "block": 2, "label": "B", "sample": 0, "ms": 1.8216960430145264}
{"event": "sample", "n": 512, "mode": "forward", "round": 0, "block": 2, "label": "B", "sample": 1, "ms": 1.4560320377349854}
{"event": "sample", "n": 512, "mode": "forward", "round": 0, "block": 2, "label": "B", "sample": 2, "ms": 1.4559040069580078}
{"event": "sample", "n": 512, "mode": "forward", "round": 0, "block": 2, "label": "B", "sample": 3, "ms": 1.4566080570220947}
{"event": "sample", "n": 512, "mode": "forward", "round": 0, "block": 2, "label": "B", "sample": 4, "ms": 1.455839991569519}
{"event": "sample", "n": 512, "mode": "forward", "round": 0, "block": 2, "label": "B", "sample": 5, "ms": 1.4563839435577393}
{"event": "sample", "n": 512, "mode": "forward", "round": 0, "block": 2, "label": "B", "sample": 6, "ms": 1.4553600549697876}
{"event": "sample", "n": 512, "mode": "forward", "round": 0, "block": 2, "label": "B", "sample": 7, "ms": 1.4567999839782715}
{"event": "sample", "n": 512, "mode": "forward", "round": 0, "block": 2, "label": "B", "sample": 8, "ms": 1.4561920166015625}
{"event": "sample", "n": 512, "mode": "forward", "round": 0, "block": 2, "label": "B", "sample": 9, "ms": 1.4561599493026733}
{"event": "sample", "n": 512, "mode": "forward", "round": 0, "block": 3, "label": "A", "sample": 0, "ms": 1.8103359937667847}
{"event": "sample", "n": 512, "mode": "forward", "round": 0, "block": 3, "label": "A", "sample": 1, "ms": 1.4908479452133179}
{"event": "sample", "n": 512, "mode": "forward", "round": 0, "block": 3, "label": "A", "sample": 2, "ms": 1.4926079511642456}
{"event": "sample", "n": 512, "mode": "forward", "round": 0, "block": 3, "label": "A", "sample": 3, "ms": 1.4922239780426025}
{"event": "sample", "n": 512, "mode": "forward", "round": 0, "block": 3, "label": "A", "sample": 4, "ms": 1.4931520223617554}
{"event": "sample", "n": 512, "mode": "forward", "round": 0, "block": 3, "label": "A", "sample": 5, "ms": 1.4931520223617554}
{"event": "sample", "n": 512, "mode": "forward", "round": 0, "block": 3, "label": "A", "sample": 6, "ms": 1.4927040338516235}
{"event": "sample", "n": 512, "mode": "forward", "round": 0, "block": 3, "label": "A", "sample": 7, "ms": 1.4922560453414917}
{"event": "sample", "n": 512, "mode": "forward", "round": 0, "block": 3, "label": "A", "sample": 8, "ms": 1.4925119876861572}
{"event": "sample", "n": 512, "mode": "forward", "round": 0, "block": 3, "label": "A", "sample": 9, "ms": 1.4919040203094482}
{"event": "sample", "n": 512, "mode": "forward", "round": 1, "block": 0, "label": "A", "sample": 0, "ms": 1.773535966873169}
{"event": "sample", "n": 512, "mode": "forward", "round": 1, "block": 0, "label": "A", "sample": 1, "ms": 1.4914560317993164}
{"event": "sample", "n": 512, "mode": "forward", "round": 1, "block": 0, "label": "A", "sample": 2, "ms": 1.4923839569091797}
{"event": "sample", "n": 512, "mode": "forward", "round": 1, "block": 0, "label": "A", "sample": 3, "ms": 1.4921599626541138}
{"event": "sample", "n": 512, "mode": "forward", "round": 1, "block": 0, "label": "A", "sample": 4, "ms": 1.4927680492401123}
{"event": "sample", "n": 512, "mode": "forward", "round": 1, "block": 0, "label": "A", "sample": 5, "ms": 1.4924800395965576}
{"event": "sample", "n": 512, "mode": "forward", "round": 1, "block": 0, "label": "A", "sample": 6, "ms": 1.4926400184631348}
{"event": "sample", "n": 512, "mode": "forward", "round": 1, "block": 0, "label": "A", "sample": 7, "ms": 1.4921280145645142}
{"event": "sample", "n": 512, "mode": "forward", "round": 1, "block": 0, "label": "A", "sample": 8, "ms": 1.4924160242080688}
{"event": "sample", "n": 512, "mode": "forward", "round": 1, "block": 0, "label": "A", "sample": 9, "ms": 1.4920639991760254}
{"event": "sample", "n": 512, "mode": "forward", "round": 1, "block": 1, "label": "B", "sample": 0, "ms": 1.8068480491638184}
{"event": "sample", "n": 512, "mode": "forward", "round": 1, "block": 1, "label": "B", "sample": 1, "ms": 1.4534399509429932}
{"event": "sample", "n": 512, "mode": "forward", "round": 1, "block": 1, "label": "B", "sample": 2, "ms": 1.454848051071167}
{"event": "sample", "n": 512, "mode": "forward", "round": 1, "block": 1, "label": "B", "sample": 3, "ms": 1.4538880586624146}
{"event": "sample", "n": 512, "mode": "forward", "round": 1, "block": 1, "label": "B", "sample": 4, "ms": 1.4537919759750366}
{"event": "sample", "n": 512, "mode": "forward", "round": 1, "block": 1, "label": "B", "sample": 5, "ms": 1.454848051071167}
{"event": "sample", "n": 512, "mode": "forward", "round": 1, "block": 1, "label": "B", "sample": 6, "ms": 1.4540480375289917}
{"event": "sample", "n": 512, "mode": "forward", "round": 1, "block": 1, "label": "B", "sample": 7, "ms": 1.454751968383789}
{"event": "sample", "n": 512, "mode": "forward", "round": 1, "block": 1, "label": "B", "sample": 8, "ms": 1.4544639587402344}
{"event": "sample", "n": 512, "mode": "forward", "round": 1, "block": 1, "label": "B", "sample": 9, "ms": 1.4545279741287231}
{"event": "sample", "n": 512, "mode": "forward", "round": 1, "block": 2, "label": "B", "sample": 0, "ms": 1.8183679580688477}
{"event": "sample", "n": 512, "mode": "forward", "round": 1, "block": 2, "label": "B", "sample": 1, "ms": 1.4531519412994385}
{"event": "sample", "n": 512, "mode": "forward", "round": 1, "block": 2, "label": "B", "sample": 2, "ms": 1.4539519548416138}
{"event": "sample", "n": 512, "mode": "forward", "round": 1, "block": 2, "label": "B", "sample": 3, "ms": 1.4543039798736572}
{"event": "sample", "n": 512, "mode": "forward", "round": 1, "block": 2, "label": "B", "sample": 4, "ms": 1.455072045326233}
{"event": "sample", "n": 512, "mode": "forward", "round": 1, "block": 2, "label": "B", "sample": 5, "ms": 1.4544639587402344}
{"event": "sample", "n": 512, "mode": "forward", "round": 1, "block": 2, "label": "B", "sample": 6, "ms": 1.4542720317840576}
{"event": "sample", "n": 512, "mode": "forward", "round": 1, "block": 2, "label": "B", "sample": 7, "ms": 1.4546560049057007}
{"event": "sample", "n": 512, "mode": "forward", "round": 1, "block": 2, "label": "B", "sample": 8, "ms": 1.4538880586624146}
{"event": "sample", "n": 512, "mode": "forward", "round": 1, "block": 2, "label": "B", "sample": 9, "ms": 1.4544320106506348}
{"event": "sample", "n": 512, "mode": "forward", "round": 1, "block": 3, "label": "A", "sample": 0, "ms": 1.7696640491485596}
{"event": "sample", "n": 512, "mode": "forward", "round": 1, "block": 3, "label": "A", "sample": 1, "ms": 1.4897279739379883}
{"event": "sample", "n": 512, "mode": "forward", "round": 1, "block": 3, "label": "A", "sample": 2, "ms": 1.4902399778366089}
{"event": "sample", "n": 512, "mode": "forward", "round": 1, "block": 3, "label": "A", "sample": 3, "ms": 1.4905920028686523}
{"event": "sample", "n": 512, "mode": "forward", "round": 1, "block": 3, "label": "A", "sample": 4, "ms": 1.490272045135498}
{"event": "sample", "n": 512, "mode": "forward", "round": 1, "block": 3, "label": "A", "sample": 5, "ms": 1.4901119470596313}
{"event": "sample", "n": 512, "mode": "forward", "round": 1, "block": 3, "label": "A", "sample": 6, "ms": 1.490623950958252}
{"event": "sample", "n": 512, "mode": "forward", "round": 1, "block": 3, "label": "A", "sample": 7, "ms": 1.4906560182571411}
{"event": "sample", "n": 512, "mode": "forward", "round": 1, "block": 3, "label": "A", "sample": 8, "ms": 1.490496039390564}
{"event": "sample", "n": 512, "mode": "forward", "round": 1, "block": 3, "label": "A", "sample": 9, "ms": 1.4898560047149658}
{"event": "sample", "n": 512, "mode": "forward", "round": 2, "block": 0, "label": "A", "sample": 0, "ms": 1.7637759447097778}
{"event": "sample", "n": 512, "mode": "forward", "round": 2, "block": 0, "label": "A", "sample": 1, "ms": 1.4897600412368774}
{"event": "sample", "n": 512, "mode": "forward", "round": 2, "block": 0, "label": "A", "sample": 2, "ms": 1.4907519817352295}
{"event": "sample", "n": 512, "mode": "forward", "round": 2, "block": 0, "label": "A", "sample": 3, "ms": 1.4897600412368774}
{"event": "sample", "n": 512, "mode": "forward", "round": 2, "block": 0, "label": "A", "sample": 4, "ms": 1.4905920028686523}
{"event": "sample", "n": 512, "mode": "forward", "round": 2, "block": 0, "label": "A", "sample": 5, "ms": 1.4913920164108276}
{"event": "sample", "n": 512, "mode": "forward", "round": 2, "block": 0, "label": "A", "sample": 6, "ms": 1.491104006767273}
{"event": "sample", "n": 512, "mode": "forward", "round": 2, "block": 0, "label": "A", "sample": 7, "ms": 1.4901119470596313}
{"event": "sample", "n": 512, "mode": "forward", "round": 2, "block": 0, "label": "A", "sample": 8, "ms": 1.4895999431610107}
{"event": "sample", "n": 512, "mode": "forward", "round": 2, "block": 0, "label": "A", "sample": 9, "ms": 1.4901759624481201}
{"event": "sample", "n": 512, "mode": "forward", "round": 2, "block": 1, "label": "B", "sample": 0, "ms": 1.8245439529418945}
{"event": "sample", "n": 512, "mode": "forward", "round": 2, "block": 1, "label": "B", "sample": 1, "ms": 1.452895998954773}
{"event": "sample", "n": 512, "mode": "forward", "round": 2, "block": 1, "label": "B", "sample": 2, "ms": 1.4543999433517456}
{"event": "sample", "n": 512, "mode": "forward", "round": 2, "block": 1, "label": "B", "sample": 3, "ms": 1.454367995262146}
{"event": "sample", "n": 512, "mode": "forward", "round": 2, "block": 1, "label": "B", "sample": 4, "ms": 1.4538559913635254}
{"event": "sample", "n": 512, "mode": "forward", "round": 2, "block": 1, "label": "B", "sample": 5, "ms": 1.45414400100708}
{"event": "sample", "n": 512, "mode": "forward", "round": 2, "block": 1, "label": "B", "sample": 6, "ms": 1.4544639587402344}
{"event": "sample", "n": 512, "mode": "forward", "round": 2, "block": 1, "label": "B", "sample": 7, "ms": 1.4546560049057007}
{"event": "sample", "n": 512, "mode": "forward", "round": 2, "block": 1, "label": "B", "sample": 8, "ms": 1.4540480375289917}
{"event": "sample", "n": 512, "mode": "forward", "round": 2, "block": 1, "label": "B", "sample": 9, "ms": 1.4547200202941895}
{"event": "sample", "n": 512, "mode": "forward", "round": 2, "block": 2, "label": "B", "sample": 0, "ms": 1.7692159414291382}
{"event": "sample", "n": 512, "mode": "forward", "round": 2, "block": 2, "label": "B", "sample": 1, "ms": 1.4536000490188599}
{"event": "sample", "n": 512, "mode": "forward", "round": 2, "block": 2, "label": "B", "sample": 2, "ms": 1.454367995262146}
{"event": "sample", "n": 512, "mode": "forward", "round": 2, "block": 2, "label": "B", "sample": 3, "ms": 1.4541759490966797}
{"event": "sample", "n": 512, "mode": "forward", "round": 2, "block": 2, "label": "B", "sample": 4, "ms": 1.4540799856185913}
{"event": "sample", "n": 512, "mode": "forward", "round": 2, "block": 2, "label": "B", "sample": 5, "ms": 1.454591989517212}
{"event": "sample", "n": 512, "mode": "forward", "round": 2, "block": 2, "label": "B", "sample": 6, "ms": 1.4542080163955688}
{"event": "sample", "n": 512, "mode": "forward", "round": 2, "block": 2, "label": "B", "sample": 7, "ms": 1.4546560049057007}
{"event": "sample", "n": 512, "mode": "forward", "round": 2, "block": 2, "label": "B", "sample": 8, "ms": 1.4537919759750366}
{"event": "sample", "n": 512, "mode": "forward", "round": 2, "block": 2, "label": "B", "sample": 9, "ms": 1.4542399644851685}
{"event": "sample", "n": 512, "mode": "forward", "round": 2, "block": 3, "label": "A", "sample": 0, "ms": 1.77510404586792}
{"event": "sample", "n": 512, "mode": "forward", "round": 2, "block": 3, "label": "A", "sample": 1, "ms": 1.4883840084075928}
{"event": "sample", "n": 512, "mode": "forward", "round": 2, "block": 3, "label": "A", "sample": 2, "ms": 1.4918080568313599}
{"event": "sample", "n": 512, "mode": "forward", "round": 2, "block": 3, "label": "A", "sample": 3, "ms": 1.4912960529327393}
{"event": "sample", "n": 512, "mode": "forward", "round": 2, "block": 3, "label": "A", "sample": 4, "ms": 1.49235200881958}
{"event": "sample", "n": 512, "mode": "forward", "round": 2, "block": 3, "label": "A", "sample": 5, "ms": 1.4926079511642456}
{"event": "sample", "n": 512, "mode": "forward", "round": 2, "block": 3, "label": "A", "sample": 6, "ms": 1.4908479452133179}
{"event": "sample", "n": 512, "mode": "forward", "round": 2, "block": 3, "label": "A", "sample": 7, "ms": 1.4923839569091797}
{"event": "sample", "n": 512, "mode": "forward", "round": 2, "block": 3, "label": "A", "sample": 8, "ms": 1.4919359683990479}
{"event": "sample", "n": 512, "mode": "forward", "round": 2, "block": 3, "label": "A", "sample": 9, "ms": 1.491871953010559}
{"event": "summary", "n": 512, "mode": "forward", "median_ms": {"A": 1.4920960068702698, "B": 1.4546560049057007}, "speedup": 1.0257380451724023, "samples_per_label": 60}
{"event": "sample", "n": 512, "mode": "backward", "round": 0, "block": 0, "label": "A", "sample": 0, "ms": 7.848927974700928}
{"event": "sample", "n": 512, "mode": "backward", "round": 0, "block": 0, "label": "A", "sample": 1, "ms": 7.5629119873046875}
{"event": "sample", "n": 512, "mode": "backward", "round": 0, "block": 0, "label": "A", "sample": 2, "ms": 7.558271884918213}
{"event": "sample", "n": 512, "mode": "backward", "round": 0, "block": 0, "label": "A", "sample": 3, "ms": 7.560351848602295}
{"event": "sample", "n": 512, "mode": "backward", "round": 0, "block": 0, "label": "A", "sample": 4, "ms": 7.5575361251831055}
{"event": "sample", "n": 512, "mode": "backward", "round": 0, "block": 0, "label": "A", "sample": 5, "ms": 7.567391872406006}
{"event": "sample", "n": 512, "mode": "backward", "round": 0, "block": 0, "label": "A", "sample": 6, "ms": 7.547327995300293}
{"event": "sample", "n": 512, "mode": "backward", "round": 0, "block": 0, "label": "A", "sample": 7, "ms": 7.5503997802734375}
{"event": "sample", "n": 512, "mode": "backward", "round": 0, "block": 0, "label": "A", "sample": 8, "ms": 7.543871879577637}
{"event": "sample", "n": 512, "mode": "backward", "round": 0, "block": 0, "label": "A", "sample": 9, "ms": 7.550271987915039}
{"event": "sample", "n": 512, "mode": "backward", "round": 0, "block": 1, "label": "B", "sample": 0, "ms": 5.7427520751953125}
{"event": "sample", "n": 512, "mode": "backward", "round": 0, "block": 1, "label": "B", "sample": 1, "ms": 5.541152000427246}
{"event": "sample", "n": 512, "mode": "backward", "round": 0, "block": 1, "label": "B", "sample": 2, "ms": 5.548160076141357}
{"event": "sample", "n": 512, "mode": "backward", "round": 0, "block": 1, "label": "B", "sample": 3, "ms": 5.548831939697266}
{"event": "sample", "n": 512, "mode": "backward", "round": 0, "block": 1, "label": "B", "sample": 4, "ms": 5.560736179351807}
{"event": "sample", "n": 512, "mode": "backward", "round": 0, "block": 1, "label": "B", "sample": 5, "ms": 5.545983791351318}
{"event": "sample", "n": 512, "mode": "backward", "round": 0, "block": 1, "label": "B", "sample": 6, "ms": 5.56009578704834}
{"event": "sample", "n": 512, "mode": "backward", "round": 0, "block": 1, "label": "B", "sample": 7, "ms": 5.554143905639648}
{"event": "sample", "n": 512, "mode": "backward", "round": 0, "block": 1, "label": "B", "sample": 8, "ms": 5.557407855987549}
{"event": "sample", "n": 512, "mode": "backward", "round": 0, "block": 1, "label": "B", "sample": 9, "ms": 5.553311824798584}
{"event": "sample", "n": 512, "mode": "backward", "round": 0, "block": 2, "label": "B", "sample": 0, "ms": 5.671296119689941}
{"event": "sample", "n": 512, "mode": "backward", "round": 0, "block": 2, "label": "B", "sample": 1, "ms": 5.55676794052124}
{"event": "sample", "n": 512, "mode": "backward", "round": 0, "block": 2, "label": "B", "sample": 2, "ms": 5.563744068145752}
{"event": "sample", "n": 512, "mode": "backward", "round": 0, "block": 2, "label": "B", "sample": 3, "ms": 5.555424213409424}
{"event": "sample", "n": 512, "mode": "backward", "round": 0, "block": 2, "label": "B", "sample": 4, "ms": 5.55679988861084}
{"event": "sample", "n": 512, "mode": "backward", "round": 0, "block": 2, "label": "B", "sample": 5, "ms": 5.561567783355713}
{"event": "sample", "n": 512, "mode": "backward", "round": 0, "block": 2, "label": "B", "sample": 6, "ms": 5.560736179351807}
{"event": "sample", "n": 512, "mode": "backward", "round": 0, "block": 2, "label": "B", "sample": 7, "ms": 5.572351932525635}
{"event": "sample", "n": 512, "mode": "backward", "round": 0, "block": 2, "label": "B", "sample": 8, "ms": 5.5669121742248535}
{"event": "sample", "n": 512, "mode": "backward", "round": 0, "block": 2, "label": "B", "sample": 9, "ms": 5.56009578704834}
{"event": "sample", "n": 512, "mode": "backward", "round": 0, "block": 3, "label": "A", "sample": 0, "ms": 7.869311809539795}
{"event": "sample", "n": 512, "mode": "backward", "round": 0, "block": 3, "label": "A", "sample": 1, "ms": 7.55785608291626}
{"event": "sample", "n": 512, "mode": "backward", "round": 0, "block": 3, "label": "A", "sample": 2, "ms": 7.564767837524414}
{"event": "sample", "n": 512, "mode": "backward", "round": 0, "block": 3, "label": "A", "sample": 3, "ms": 7.562111854553223}
{"event": "sample", "n": 512, "mode": "backward", "round": 0, "block": 3, "label": "A", "sample": 4, "ms": 7.563680171966553}
{"event": "sample", "n": 512, "mode": "backward", "round": 0, "block": 3, "label": "A", "sample": 5, "ms": 7.559135913848877}
{"event": "sample", "n": 512, "mode": "backward", "round": 0, "block": 3, "label": "A", "sample": 6, "ms": 7.561344146728516}
{"event": "sample", "n": 512, "mode": "backward", "round": 0, "block": 3, "label": "A", "sample": 7, "ms": 7.553088188171387}
{"event": "sample", "n": 512, "mode": "backward", "round": 0, "block": 3, "label": "A", "sample": 8, "ms": 7.553823947906494}
{"event": "sample", "n": 512, "mode": "backward", "round": 0, "block": 3, "label": "A", "sample": 9, "ms": 7.548480033874512}
{"event": "sample", "n": 512, "mode": "backward", "round": 1, "block": 0, "label": "A", "sample": 0, "ms": 7.832640171051025}
{"event": "sample", "n": 512, "mode": "backward", "round": 1, "block": 0, "label": "A", "sample": 1, "ms": 7.548384189605713}
{"event": "sample", "n": 512, "mode": "backward", "round": 1, "block": 0, "label": "A", "sample": 2, "ms": 7.550816059112549}
{"event": "sample", "n": 512, "mode": "backward", "round": 1, "block": 0, "label": "A", "sample": 3, "ms": 7.54863977432251}
{"event": "sample", "n": 512, "mode": "backward", "round": 1, "block": 0, "label": "A", "sample": 4, "ms": 7.544672012329102}
{"event": "sample", "n": 512, "mode": "backward", "round": 1, "block": 0, "label": "A", "sample": 5, "ms": 7.5498881340026855}
{"event": "sample", "n": 512, "mode": "backward", "round": 1, "block": 0, "label": "A", "sample": 6, "ms": 7.551648139953613}
{"event": "sample", "n": 512, "mode": "backward", "round": 1, "block": 0, "label": "A", "sample": 7, "ms": 7.546976089477539}
{"event": "sample", "n": 512, "mode": "backward", "round": 1, "block": 0, "label": "A", "sample": 8, "ms": 7.549344062805176}
{"event": "sample", "n": 512, "mode": "backward", "round": 1, "block": 0, "label": "A", "sample": 9, "ms": 7.549952030181885}
{"event": "sample", "n": 512, "mode": "backward", "round": 1, "block": 1, "label": "B", "sample": 0, "ms": 6.097472190856934}
{"event": "sample", "n": 512, "mode": "backward", "round": 1, "block": 1, "label": "B", "sample": 1, "ms": 5.5669121742248535}
{"event": "sample", "n": 512, "mode": "backward", "round": 1, "block": 1, "label": "B", "sample": 2, "ms": 5.555200099945068}
{"event": "sample", "n": 512, "mode": "backward", "round": 1, "block": 1, "label": "B", "sample": 3, "ms": 5.562431812286377}
{"event": "sample", "n": 512, "mode": "backward", "round": 1, "block": 1, "label": "B", "sample": 4, "ms": 5.5660481452941895}
{"event": "sample", "n": 512, "mode": "backward", "round": 1, "block": 1, "label": "B", "sample": 5, "ms": 5.562751770019531}
{"event": "sample", "n": 512, "mode": "backward", "round": 1, "block": 1, "label": "B", "sample": 6, "ms": 5.554719924926758}
{"event": "sample", "n": 512, "mode": "backward", "round": 1, "block": 1, "label": "B", "sample": 7, "ms": 5.55628776550293}
{"event": "sample", "n": 512, "mode": "backward", "round": 1, "block": 1, "label": "B", "sample": 8, "ms": 5.557983875274658}
{"event": "sample", "n": 512, "mode": "backward", "round": 1, "block": 1, "label": "B", "sample": 9, "ms": 5.559167861938477}
{"event": "sample", "n": 512, "mode": "backward", "round": 1, "block": 2, "label": "B", "sample": 0, "ms": 5.68614387512207}
{"event": "sample", "n": 512, "mode": "backward", "round": 1, "block": 2, "label": "B", "sample": 1, "ms": 5.557248115539551}
{"event": "sample", "n": 512, "mode": "backward", "round": 1, "block": 2, "label": "B", "sample": 2, "ms": 5.563295841217041}
{"event": "sample", "n": 512, "mode": "backward", "round": 1, "block": 2, "label": "B", "sample": 3, "ms": 5.558464050292969}
{"event": "sample", "n": 512, "mode": "backward", "round": 1, "block": 2, "label": "B", "sample": 4, "ms": 5.556064128875732}
{"event": "sample", "n": 512, "mode": "backward", "round": 1, "block": 2, "label": "B", "sample": 5, "ms": 5.552735805511475}
{"event": "sample", "n": 512, "mode": "backward", "round": 1, "block": 2, "label": "B", "sample": 6, "ms": 5.554751873016357}
{"event": "sample", "n": 512, "mode": "backward", "round": 1, "block": 2, "label": "B", "sample": 7, "ms": 5.558015823364258}
{"event": "sample", "n": 512, "mode": "backward", "round": 1, "block": 2, "label": "B", "sample": 8, "ms": 5.546432018280029}
{"event": "sample", "n": 512, "mode": "backward", "round": 1, "block": 2, "label": "B", "sample": 9, "ms": 5.556672096252441}
{"event": "sample", "n": 512, "mode": "backward", "round": 1, "block": 3, "label": "A", "sample": 0, "ms": 7.94652795791626}
{"event": "sample", "n": 512, "mode": "backward", "round": 1, "block": 3, "label": "A", "sample": 1, "ms": 7.540863990783691}
{"event": "sample", "n": 512, "mode": "backward", "round": 1, "block": 3, "label": "A", "sample": 2, "ms": 7.550816059112549}
{"event": "sample", "n": 512, "mode": "backward", "round": 1, "block": 3, "label": "A", "sample": 3, "ms": 7.552095890045166}
{"event": "sample", "n": 512, "mode": "backward", "round": 1, "block": 3, "label": "A", "sample": 4, "ms": 7.551424026489258}
{"event": "sample", "n": 512, "mode": "backward", "round": 1, "block": 3, "label": "A", "sample": 5, "ms": 7.551008224487305}
{"event": "sample", "n": 512, "mode": "backward", "round": 1, "block": 3, "label": "A", "sample": 6, "ms": 7.548672199249268}
{"event": "sample", "n": 512, "mode": "backward", "round": 1, "block": 3, "label": "A", "sample": 7, "ms": 7.551583766937256}
{"event": "sample", "n": 512, "mode": "backward", "round": 1, "block": 3, "label": "A", "sample": 8, "ms": 7.547552108764648}
{"event": "sample", "n": 512, "mode": "backward", "round": 1, "block": 3, "label": "A", "sample": 9, "ms": 7.5469441413879395}
{"event": "sample", "n": 512, "mode": "backward", "round": 2, "block": 0, "label": "A", "sample": 0, "ms": 7.876512050628662}
{"event": "sample", "n": 512, "mode": "backward", "round": 2, "block": 0, "label": "A", "sample": 1, "ms": 7.548096179962158}
{"event": "sample", "n": 512, "mode": "backward", "round": 2, "block": 0, "label": "A", "sample": 2, "ms": 7.5610880851745605}
{"event": "sample", "n": 512, "mode": "backward", "round": 2, "block": 0, "label": "A", "sample": 3, "ms": 7.555168151855469}
{"event": "sample", "n": 512, "mode": "backward", "round": 2, "block": 0, "label": "A", "sample": 4, "ms": 7.555776119232178}
{"event": "sample", "n": 512, "mode": "backward", "round": 2, "block": 0, "label": "A", "sample": 5, "ms": 7.560351848602295}
{"event": "sample", "n": 512, "mode": "backward", "round": 2, "block": 0, "label": "A", "sample": 6, "ms": 7.563583850860596}
{"event": "sample", "n": 512, "mode": "backward", "round": 2, "block": 0, "label": "A", "sample": 7, "ms": 7.5569281578063965}
{"event": "sample", "n": 512, "mode": "backward", "round": 2, "block": 0, "label": "A", "sample": 8, "ms": 7.558559894561768}
{"event": "sample", "n": 512, "mode": "backward", "round": 2, "block": 0, "label": "A", "sample": 9, "ms": 7.557055950164795}
{"event": "sample", "n": 512, "mode": "backward", "round": 2, "block": 1, "label": "B", "sample": 0, "ms": 5.73964786529541}
{"event": "sample", "n": 512, "mode": "backward", "round": 2, "block": 1, "label": "B", "sample": 1, "ms": 5.557888031005859}
{"event": "sample", "n": 512, "mode": "backward", "round": 2, "block": 1, "label": "B", "sample": 2, "ms": 5.554783821105957}
{"event": "sample", "n": 512, "mode": "backward", "round": 2, "block": 1, "label": "B", "sample": 3, "ms": 5.553376197814941}
{"event": "sample", "n": 512, "mode": "backward", "round": 2, "block": 1, "label": "B", "sample": 4, "ms": 5.560927867889404}
{"event": "sample", "n": 512, "mode": "backward", "round": 2, "block": 1, "label": "B", "sample": 5, "ms": 5.55836820602417}
{"event": "sample", "n": 512, "mode": "backward", "round": 2, "block": 1, "label": "B", "sample": 6, "ms": 5.550015926361084}
{"event": "sample", "n": 512, "mode": "backward", "round": 2, "block": 1, "label": "B", "sample": 7, "ms": 5.559391975402832}
{"event": "sample", "n": 512, "mode": "backward", "round": 2, "block": 1, "label": "B", "sample": 8, "ms": 5.551136016845703}
{"event": "sample", "n": 512, "mode": "backward", "round": 2, "block": 1, "label": "B", "sample": 9, "ms": 5.554463863372803}
{"event": "sample", "n": 512, "mode": "backward", "round": 2, "block": 2, "label": "B", "sample": 0, "ms": 5.686431884765625}
{"event": "sample", "n": 512, "mode": "backward", "round": 2, "block": 2, "label": "B", "sample": 1, "ms": 5.555327892303467}
{"event": "sample", "n": 512, "mode": "backward", "round": 2, "block": 2, "label": "B", "sample": 2, "ms": 5.549600124359131}
{"event": "sample", "n": 512, "mode": "backward", "round": 2, "block": 2, "label": "B", "sample": 3, "ms": 5.546815872192383}
{"event": "sample", "n": 512, "mode": "backward", "round": 2, "block": 2, "label": "B", "sample": 4, "ms": 5.543168067932129}
{"event": "sample", "n": 512, "mode": "backward", "round": 2, "block": 2, "label": "B", "sample": 5, "ms": 5.557119846343994}
{"event": "sample", "n": 512, "mode": "backward", "round": 2, "block": 2, "label": "B", "sample": 6, "ms": 5.553728103637695}
{"event": "sample", "n": 512, "mode": "backward", "round": 2, "block": 2, "label": "B", "sample": 7, "ms": 5.548031806945801}
{"event": "sample", "n": 512, "mode": "backward", "round": 2, "block": 2, "label": "B", "sample": 8, "ms": 5.550271987915039}
{"event": "sample", "n": 512, "mode": "backward", "round": 2, "block": 2, "label": "B", "sample": 9, "ms": 5.554592132568359}
{"event": "sample", "n": 512, "mode": "backward", "round": 2, "block": 3, "label": "A", "sample": 0, "ms": 7.845856189727783}
{"event": "sample", "n": 512, "mode": "backward", "round": 2, "block": 3, "label": "A", "sample": 1, "ms": 7.546463966369629}
{"event": "sample", "n": 512, "mode": "backward", "round": 2, "block": 3, "label": "A", "sample": 2, "ms": 7.54636812210083}
{"event": "sample", "n": 512, "mode": "backward", "round": 2, "block": 3, "label": "A", "sample": 3, "ms": 7.569920063018799}
{"event": "sample", "n": 512, "mode": "backward", "round": 2, "block": 3, "label": "A", "sample": 4, "ms": 7.558015823364258}
{"event": "sample", "n": 512, "mode": "backward", "round": 2, "block": 3, "label": "A", "sample": 5, "ms": 7.558784008026123}
{"event": "sample", "n": 512, "mode": "backward", "round": 2, "block": 3, "label": "A", "sample": 6, "ms": 7.558176040649414}
{"event": "sample", "n": 512, "mode": "backward", "round": 2, "block": 3, "label": "A", "sample": 7, "ms": 7.562592029571533}
{"event": "sample", "n": 512, "mode": "backward", "round": 2, "block": 3, "label": "A", "sample": 8, "ms": 7.555808067321777}
{"event": "sample", "n": 512, "mode": "backward", "round": 2, "block": 3, "label": "A", "sample": 9, "ms": 7.5608320236206055}
{"event": "summary", "n": 512, "mode": "backward", "median_ms": {"A": 7.5557920932769775, "B": 5.556959867477417}, "speedup": 1.3596988773480077, "samples_per_label": 60}
{"event": "sample", "n": 512, "mode": "forward_backward", "round": 0, "block": 0, "label": "A", "sample": 0, "ms": 9.356575965881348}
{"event": "sample", "n": 512, "mode": "forward_backward", "round": 0, "block": 0, "label": "A", "sample": 1, "ms": 9.040703773498535}
{"event": "sample", "n": 512, "mode": "forward_backward", "round": 0, "block": 0, "label": "A", "sample": 2, "ms": 9.046719551086426}
{"event": "sample", "n": 512, "mode": "forward_backward", "round": 0, "block": 0, "label": "A", "sample": 3, "ms": 9.045215606689453}
{"event": "sample", "n": 512, "mode": "forward_backward", "round": 0, "block": 0, "label": "A", "sample": 4, "ms": 9.0480318069458}
{"event": "sample", "n": 512, "mode": "forward_backward", "round": 0, "block": 0, "label": "A", "sample": 5, "ms": 9.049407958984375}
{"event": "sample", "n": 512, "mode": "forward_backward", "round": 0, "block": 0, "label": "A", "sample": 6, "ms": 9.045568466186523}
{"event": "sample", "n": 512, "mode": "forward_backward", "round": 0, "block": 0, "label": "A", "sample": 7, "ms": 9.040096282958984}
{"event": "sample", "n": 512, "mode": "forward_backward", "round": 0, "block": 0, "label": "A", "sample": 8, "ms": 9.047648429870605}
{"event": "sample", "n": 512, "mode": "forward_backward", "round": 0, "block": 0, "label": "A", "sample": 9, "ms": 9.050623893737793}
{"event": "sample", "n": 512, "mode": "forward_backward", "round": 0, "block": 1, "label": "B", "sample": 0, "ms": 7.391456127166748}
{"event": "sample", "n": 512, "mode": "forward_backward", "round": 0, "block": 1, "label": "B", "sample": 1, "ms": 7.037471771240234}
{"event": "sample", "n": 512, "mode": "forward_backward", "round": 0, "block": 1, "label": "B", "sample": 2, "ms": 7.021247863769531}
{"event": "sample", "n": 512, "mode": "forward_backward", "round": 0, "block": 1, "label": "B", "sample": 3, "ms": 7.024511814117432}
{"event": "sample", "n": 512, "mode": "forward_backward", "round": 0, "block": 1, "label": "B", "sample": 4, "ms": 7.030367851257324}
{"event": "sample", "n": 512, "mode": "forward_backward", "round": 0, "block": 1, "label": "B", "sample": 5, "ms": 7.035232067108154}
{"event": "sample", "n": 512, "mode": "forward_backward", "round": 0, "block": 1, "label": "B", "sample": 6, "ms": 7.024928092956543}
{"event": "sample", "n": 512, "mode": "forward_backward", "round": 0, "block": 1, "label": "B", "sample": 7, "ms": 7.020063877105713}
{"event": "sample", "n": 512, "mode": "forward_backward", "round": 0, "block": 1, "label": "B", "sample": 8, "ms": 7.018943786621094}
{"event": "sample", "n": 512, "mode": "forward_backward", "round": 0, "block": 1, "label": "B", "sample": 9, "ms": 7.019008159637451}
{"event": "sample", "n": 512, "mode": "forward_backward", "round": 0, "block": 2, "label": "B", "sample": 0, "ms": 7.401023864746094}
{"event": "sample", "n": 512, "mode": "forward_backward", "round": 0, "block": 2, "label": "B", "sample": 1, "ms": 7.020736217498779}
{"event": "sample", "n": 512, "mode": "forward_backward", "round": 0, "block": 2, "label": "B", "sample": 2, "ms": 7.02780818939209}
{"event": "sample", "n": 512, "mode": "forward_backward", "round": 0, "block": 2, "label": "B", "sample": 3, "ms": 7.021247863769531}
{"event": "sample", "n": 512, "mode": "forward_backward", "round": 0, "block": 2, "label": "B", "sample": 4, "ms": 7.019968032836914}
{"event": "sample", "n": 512, "mode": "forward_backward", "round": 0, "block": 2, "label": "B", "sample": 5, "ms": 7.007904052734375}
{"event": "sample", "n": 512, "mode": "forward_backward", "round": 0, "block": 2, "label": "B", "sample": 6, "ms": 7.010079860687256}
{"event": "sample", "n": 512, "mode": "forward_backward", "round": 0, "block": 2, "label": "B", "sample": 7, "ms": 7.0083842277526855}
{"event": "sample", "n": 512, "mode": "forward_backward", "round": 0, "block": 2, "label": "B", "sample": 8, "ms": 7.010047912597656}
{"event": "sample", "n": 512, "mode": "forward_backward", "round": 0, "block": 2, "label": "B", "sample": 9, "ms": 7.019423961639404}
{"event": "sample", "n": 512, "mode": "forward_backward", "round": 0, "block": 3, "label": "A", "sample": 0, "ms": 9.371935844421387}
{"event": "sample", "n": 512, "mode": "forward_backward", "round": 0, "block": 3, "label": "A", "sample": 1, "ms": 9.044384002685547}
{"event": "sample", "n": 512, "mode": "forward_backward", "round": 0, "block": 3, "label": "A", "sample": 2, "ms": 9.0447998046875}
{"event": "sample", "n": 512, "mode": "forward_backward", "round": 0, "block": 3, "label": "A", "sample": 3, "ms": 9.039679527282715}
{"event": "sample", "n": 512, "mode": "forward_backward", "round": 0, "block": 3, "label": "A", "sample": 4, "ms": 9.042271614074707}
{"event": "sample", "n": 512, "mode": "forward_backward", "round": 0, "block": 3, "label": "A", "sample": 5, "ms": 9.04537582397461}
{"event": "sample", "n": 512, "mode": "forward_backward", "round": 0, "block": 3, "label": "A", "sample": 6, "ms": 9.044256210327148}
{"event": "sample", "n": 512, "mode": "forward_backward", "round": 0, "block": 3, "label": "A", "sample": 7, "ms": 9.044672012329102}
{"event": "sample", "n": 512, "mode": "forward_backward", "round": 0, "block": 3, "label": "A", "sample": 8, "ms": 9.042336463928223}
{"event": "sample", "n": 512, "mode": "forward_backward", "round": 0, "block": 3, "label": "A", "sample": 9, "ms": 9.050975799560547}
{"event": "sample", "n": 512, "mode": "forward_backward", "round": 1, "block": 0, "label": "A", "sample": 0, "ms": 9.427328109741211}
{"event": "sample", "n": 512, "mode": "forward_backward", "round": 1, "block": 0, "label": "A", "sample": 1, "ms": 9.041024208068848}
{"event": "sample", "n": 512, "mode": "forward_backward", "round": 1, "block": 0, "label": "A", "sample": 2, "ms": 9.042367935180664}
{"event": "sample", "n": 512, "mode": "forward_backward", "round": 1, "block": 0, "label": "A", "sample": 3, "ms": 9.046751976013184}
{"event": "sample", "n": 512, "mode": "forward_backward", "round": 1, "block": 0, "label": "A", "sample": 4, "ms": 9.047776222229004}
{"event": "sample", "n": 512, "mode": "forward_backward", "round": 1, "block": 0, "label": "A", "sample": 5, "ms": 9.042431831359863}
{"event": "sample", "n": 512, "mode": "forward_backward", "round": 1, "block": 0, "label": "A", "sample": 6, "ms": 9.048480033874512}
{"event": "sample", "n": 512, "mode": "forward_backward", "round": 1, "block": 0, "label": "A", "sample": 7, "ms": 9.04207992553711}
{"event": "sample", "n": 512, "mode": "forward_backward", "round": 1, "block": 0, "label": "A", "sample": 8, "ms": 9.047455787658691}
{"event": "sample", "n": 512, "mode": "forward_backward", "round": 1, "block": 0, "label": "A", "sample": 9, "ms": 9.047072410583496}
{"event": "sample", "n": 512, "mode": "forward_backward", "round": 1, "block": 1, "label": "B", "sample": 0, "ms": 7.424799919128418}
{"event": "sample", "n": 512, "mode": "forward_backward", "round": 1, "block": 1, "label": "B", "sample": 1, "ms": 7.003456115722656}
{"event": "sample", "n": 512, "mode": "forward_backward", "round": 1, "block": 1, "label": "B", "sample": 2, "ms": 7.007936000823975}
{"event": "sample", "n": 512, "mode": "forward_backward", "round": 1, "block": 1, "label": "B", "sample": 3, "ms": 7.00870418548584}
{"event": "sample", "n": 512, "mode": "forward_backward", "round": 1, "block": 1, "label": "B", "sample": 4, "ms": 7.0049920082092285}
{"event": "sample", "n": 512, "mode": "forward_backward", "round": 1, "block": 1, "label": "B", "sample": 5, "ms": 7.009920120239258}
{"event": "sample", "n": 512, "mode": "forward_backward", "round": 1, "block": 1, "label": "B", "sample": 6, "ms": 7.0088958740234375}
{"event": "sample", "n": 512, "mode": "forward_backward", "round": 1, "block": 1, "label": "B", "sample": 7, "ms": 7.015999794006348}
{"event": "sample", "n": 512, "mode": "forward_backward", "round": 1, "block": 1, "label": "B", "sample": 8, "ms": 7.015423774719238}
{"event": "sample", "n": 512, "mode": "forward_backward", "round": 1, "block": 1, "label": "B", "sample": 9, "ms": 7.007040023803711}
{"event": "sample", "n": 512, "mode": "forward_backward", "round": 1, "block": 2, "label": "B", "sample": 0, "ms": 7.395679950714111}
{"event": "sample", "n": 512, "mode": "forward_backward", "round": 1, "block": 2, "label": "B", "sample": 1, "ms": 7.028960227966309}
{"event": "sample", "n": 512, "mode": "forward_backward", "round": 1, "block": 2, "label": "B", "sample": 2, "ms": 7.013984203338623}
{"event": "sample", "n": 512, "mode": "forward_backward", "round": 1, "block": 2, "label": "B", "sample": 3, "ms": 7.002495765686035}
{"event": "sample", "n": 512, "mode": "forward_backward", "round": 1, "block": 2, "label": "B", "sample": 4, "ms": 7.005631923675537}
{"event": "sample", "n": 512, "mode": "forward_backward", "round": 1, "block": 2, "label": "B", "sample": 5, "ms": 7.009056091308594}
{"event": "sample", "n": 512, "mode": "forward_backward", "round": 1, "block": 2, "label": "B", "sample": 6, "ms": 7.01145601272583}
{"event": "sample", "n": 512, "mode": "forward_backward", "round": 1, "block": 2, "label": "B", "sample": 7, "ms": 7.010144233703613}
{"event": "sample", "n": 512, "mode": "forward_backward", "round": 1, "block": 2, "label": "B", "sample": 8, "ms": 7.0109758377075195}
{"event": "sample", "n": 512, "mode": "forward_backward", "round": 1, "block": 2, "label": "B", "sample": 9, "ms": 7.007008075714111}
{"event": "sample", "n": 512, "mode": "forward_backward", "round": 1, "block": 3, "label": "A", "sample": 0, "ms": 9.362175941467285}
{"event": "sample", "n": 512, "mode": "forward_backward", "round": 1, "block": 3, "label": "A", "sample": 1, "ms": 9.042271614074707}
{"event": "sample", "n": 512, "mode": "forward_backward", "round": 1, "block": 3, "label": "A", "sample": 2, "ms": 9.045856475830078}
{"event": "sample", "n": 512, "mode": "forward_backward", "round": 1, "block": 3, "label": "A", "sample": 3, "ms": 9.043487548828125}
{"event": "sample", "n": 512, "mode": "forward_backward", "round": 1, "block": 3, "label": "A", "sample": 4, "ms": 9.036735534667969}
{"event": "sample", "n": 512, "mode": "forward_backward", "round": 1, "block": 3, "label": "A", "sample": 5, "ms": 9.028191566467285}
{"event": "sample", "n": 512, "mode": "forward_backward", "round": 1, "block": 3, "label": "A", "sample": 6, "ms": 9.03651237487793}
{"event": "sample", "n": 512, "mode": "forward_backward", "round": 1, "block": 3, "label": "A", "sample": 7, "ms": 9.034751892089844}
{"event": "sample", "n": 512, "mode": "forward_backward", "round": 1, "block": 3, "label": "A", "sample": 8, "ms": 9.036352157592773}
{"event": "sample", "n": 512, "mode": "forward_backward", "round": 1, "block": 3, "label": "A", "sample": 9, "ms": 9.031647682189941}
{"event": "sample", "n": 512, "mode": "forward_backward", "round": 2, "block": 0, "label": "A", "sample": 0, "ms": 9.36400032043457}
{"event": "sample", "n": 512, "mode": "forward_backward", "round": 2, "block": 0, "label": "A", "sample": 1, "ms": 9.032480239868164}
{"event": "sample", "n": 512, "mode": "forward_backward", "round": 2, "block": 0, "label": "A", "sample": 2, "ms": 9.03001594543457}
{"event": "sample", "n": 512, "mode": "forward_backward", "round": 2, "block": 0, "label": "A", "sample": 3, "ms": 9.035327911376953}
{"event": "sample", "n": 512, "mode": "forward_backward", "round": 2, "block": 0, "label": "A", "sample": 4, "ms": 9.041279792785645}
{"event": "sample", "n": 512, "mode": "forward_backward", "round": 2, "block": 0, "label": "A", "sample": 5, "ms": 9.039392471313477}
{"event": "sample", "n": 512, "mode": "forward_backward", "round": 2, "block": 0, "label": "A", "sample": 6, "ms": 9.046015739440918}
{"event": "sample", "n": 512, "mode": "forward_backward", "round": 2, "block": 0, "label": "A", "sample": 7, "ms": 9.039584159851074}
{"event": "sample", "n": 512, "mode": "forward_backward", "round": 2, "block": 0, "label": "A", "sample": 8, "ms": 9.050911903381348}
{"event": "sample", "n": 512, "mode": "forward_backward", "round": 2, "block": 0, "label": "A", "sample": 9, "ms": 9.042911529541016}
{"event": "sample", "n": 512, "mode": "forward_backward", "round": 2, "block": 1, "label": "B", "sample": 0, "ms": 7.415775775909424}
{"event": "sample", "n": 512, "mode": "forward_backward", "round": 2, "block": 1, "label": "B", "sample": 1, "ms": 7.0054402351379395}
{"event": "sample", "n": 512, "mode": "forward_backward", "round": 2, "block": 1, "label": "B", "sample": 2, "ms": 7.007455825805664}
{"event": "sample", "n": 512, "mode": "forward_backward", "round": 2, "block": 1, "label": "B", "sample": 3, "ms": 7.009247779846191}
{"event": "sample", "n": 512, "mode": "forward_backward", "round": 2, "block": 1, "label": "B", "sample": 4, "ms": 7.015679836273193}
{"event": "sample", "n": 512, "mode": "forward_backward", "round": 2, "block": 1, "label": "B", "sample": 5, "ms": 7.005023956298828}
{"event": "sample", "n": 512, "mode": "forward_backward", "round": 2, "block": 1, "label": "B", "sample": 6, "ms": 7.013760089874268}
{"event": "sample", "n": 512, "mode": "forward_backward", "round": 2, "block": 1, "label": "B", "sample": 7, "ms": 7.005280017852783}
{"event": "sample", "n": 512, "mode": "forward_backward", "round": 2, "block": 1, "label": "B", "sample": 8, "ms": 7.0075201988220215}
{"event": "sample", "n": 512, "mode": "forward_backward", "round": 2, "block": 1, "label": "B", "sample": 9, "ms": 7.003136157989502}
{"event": "sample", "n": 512, "mode": "forward_backward", "round": 2, "block": 2, "label": "B", "sample": 0, "ms": 7.3785600662231445}
{"event": "sample", "n": 512, "mode": "forward_backward", "round": 2, "block": 2, "label": "B", "sample": 1, "ms": 7.011072158813477}
{"event": "sample", "n": 512, "mode": "forward_backward", "round": 2, "block": 2, "label": "B", "sample": 2, "ms": 7.004703998565674}
{"event": "sample", "n": 512, "mode": "forward_backward", "round": 2, "block": 2, "label": "B", "sample": 3, "ms": 7.0128960609436035}
{"event": "sample", "n": 512, "mode": "forward_backward", "round": 2, "block": 2, "label": "B", "sample": 4, "ms": 7.005631923675537}
{"event": "sample", "n": 512, "mode": "forward_backward", "round": 2, "block": 2, "label": "B", "sample": 5, "ms": 7.015391826629639}
{"event": "sample", "n": 512, "mode": "forward_backward", "round": 2, "block": 2, "label": "B", "sample": 6, "ms": 7.001567840576172}
{"event": "sample", "n": 512, "mode": "forward_backward", "round": 2, "block": 2, "label": "B", "sample": 7, "ms": 7.006048202514648}
{"event": "sample", "n": 512, "mode": "forward_backward", "round": 2, "block": 2, "label": "B", "sample": 8, "ms": 7.0032958984375}
{"event": "sample", "n": 512, "mode": "forward_backward", "round": 2, "block": 2, "label": "B", "sample": 9, "ms": 7.010144233703613}
{"event": "sample", "n": 512, "mode": "forward_backward", "round": 2, "block": 3, "label": "A", "sample": 0, "ms": 9.385760307312012}
{"event": "sample", "n": 512, "mode": "forward_backward", "round": 2, "block": 3, "label": "A", "sample": 1, "ms": 9.083647727966309}
{"event": "sample", "n": 512, "mode": "forward_backward", "round": 2, "block": 3, "label": "A", "sample": 2, "ms": 9.071392059326172}
{"event": "sample", "n": 512, "mode": "forward_backward", "round": 2, "block": 3, "label": "A", "sample": 3, "ms": 9.06544017791748}
{"event": "sample", "n": 512, "mode": "forward_backward", "round": 2, "block": 3, "label": "A", "sample": 4, "ms": 9.062368392944336}
{"event": "sample", "n": 512, "mode": "forward_backward", "round": 2, "block": 3, "label": "A", "sample": 5, "ms": 9.059743881225586}
{"event": "sample", "n": 512, "mode": "forward_backward", "round": 2, "block": 3, "label": "A", "sample": 6, "ms": 9.065792083740234}
{"event": "sample", "n": 512, "mode": "forward_backward", "round": 2, "block": 3, "label": "A", "sample": 7, "ms": 9.063551902770996}
{"event": "sample", "n": 512, "mode": "forward_backward", "round": 2, "block": 3, "label": "A", "sample": 8, "ms": 9.069184303283691}
{"event": "sample", "n": 512, "mode": "forward_backward", "round": 2, "block": 3, "label": "A", "sample": 9, "ms": 9.065088272094727}
{"event": "summary", "n": 512, "mode": "forward_backward", "median_ms": {"A": 9.045472145080566, "B": 7.011023998260498}, "speedup": 1.2901784599974033, "samples_per_label": 60}
{"event": "parity", "n": 513, "checks": {"output": {"relative_l2": 0.0, "baseline_zero_max_abs_diagnostic": 0.0, "passed": true}, "dq": {"relative_l2": 5.252040864434093e-05, "baseline_zero_max_abs_diagnostic": 0.0, "passed": true}, "dk": {"relative_l2": 0.0, "baseline_zero_max_abs_diagnostic": 0.0, "passed": true}, "dv": {"relative_l2": 0.0, "baseline_zero_max_abs_diagnostic": 0.0, "passed": true}, "db": {"relative_l2": 1.4701270629302599e-05, "baseline_zero_max_abs_diagnostic": 0.0, "passed": true}}, "independent_reference": false}
{"event": "memory", "n": 513, "measurements": {"A": {"peak_increment_bytes": 593976320, "retained_increment_bytes": 543181312}, "B": {"peak_increment_bytes": 661444096, "retained_increment_bytes": 543181312}}}
{"event": "sample", "n": 513, "mode": "forward", "round": 0, "block": 0, "label": "A", "sample": 0, "ms": 2.4092159271240234}
{"event": "sample", "n": 513, "mode": "forward", "round": 0, "block": 0, "label": "A", "sample": 1, "ms": 2.129728078842163}
{"event": "sample", "n": 513, "mode": "forward", "round": 0, "block": 0, "label": "A", "sample": 2, "ms": 2.1286399364471436}
{"event": "sample", "n": 513, "mode": "forward", "round": 0, "block": 0, "label": "A", "sample": 3, "ms": 2.130176067352295}
{"event": "sample", "n": 513, "mode": "forward", "round": 0, "block": 0, "label": "A", "sample": 4, "ms": 2.1296000480651855}
{"event": "sample", "n": 513, "mode": "forward", "round": 0, "block": 0, "label": "A", "sample": 5, "ms": 2.131648063659668}
{"event": "sample", "n": 513, "mode": "forward", "round": 0, "block": 0, "label": "A", "sample": 6, "ms": 2.1285440921783447}
{"event": "sample", "n": 513, "mode": "forward", "round": 0, "block": 0, "label": "A", "sample": 7, "ms": 2.128864049911499}
{"event": "sample", "n": 513, "mode": "forward", "round": 0, "block": 0, "label": "A", "sample": 8, "ms": 2.129120111465454}
{"event": "sample", "n": 513, "mode": "forward", "round": 0, "block": 0, "label": "A", "sample": 9, "ms": 2.12992000579834}
{"event": "sample", "n": 513, "mode": "forward", "round": 0, "block": 1, "label": "B", "sample": 0, "ms": 2.377824068069458}
{"event": "sample", "n": 513, "mode": "forward", "round": 0, "block": 1, "label": "B", "sample": 1, "ms": 2.0032639503479004}
{"event": "sample", "n": 513, "mode": "forward", "round": 0, "block": 1, "label": "B", "sample": 2, "ms": 2.0029759407043457}
{"event": "sample", "n": 513, "mode": "forward", "round": 0, "block": 1, "label": "B", "sample": 3, "ms": 2.0060160160064697}
{"event": "sample", "n": 513, "mode": "forward", "round": 0, "block": 1, "label": "B", "sample": 4, "ms": 2.003040075302124}
{"event": "sample", "n": 513, "mode": "forward", "round": 0, "block": 1, "label": "B", "sample": 5, "ms": 2.0048000812530518}
{"event": "sample", "n": 513, "mode": "forward", "round": 0, "block": 1, "label": "B", "sample": 6, "ms": 2.003743886947632}
{"event": "sample", "n": 513, "mode": "forward", "round": 0, "block": 1, "label": "B", "sample": 7, "ms": 2.0049281120300293}
{"event": "sample", "n": 513, "mode": "forward", "round": 0, "block": 1, "label": "B", "sample": 8, "ms": 2.003135919570923}
{"event": "sample", "n": 513, "mode": "forward", "round": 0, "block": 1, "label": "B", "sample": 9, "ms": 2.004512071609497}
{"event": "sample", "n": 513, "mode": "forward", "round": 0, "block": 2, "label": "B", "sample": 0, "ms": 2.37225604057312}
{"event": "sample", "n": 513, "mode": "forward", "round": 0, "block": 2, "label": "B", "sample": 1, "ms": 2.0037760734558105}
{"event": "sample", "n": 513, "mode": "forward", "round": 0, "block": 2, "label": "B", "sample": 2, "ms": 2.003391981124878}
{"event": "sample", "n": 513, "mode": "forward", "round": 0, "block": 2, "label": "B", "sample": 3, "ms": 2.0044479370117188}
{"event": "sample", "n": 513, "mode": "forward", "round": 0, "block": 2, "label": "B", "sample": 4, "ms": 2.003904104232788}
{"event": "sample", "n": 513, "mode": "forward", "round": 0, "block": 2, "label": "B", "sample": 5, "ms": 2.0047359466552734}
{"event": "sample", "n": 513, "mode": "forward", "round": 0, "block": 2, "label": "B", "sample": 6, "ms": 2.0038399696350098}
{"event": "sample", "n": 513, "mode": "forward", "round": 0, "block": 2, "label": "B", "sample": 7, "ms": 2.004703998565674}
{"event": "sample", "n": 513, "mode": "forward", "round": 0, "block": 2, "label": "B", "sample": 8, "ms": 2.0045440196990967}
{"event": "sample", "n": 513, "mode": "forward", "round": 0, "block": 2, "label": "B", "sample": 9, "ms": 2.0053439140319824}
{"event": "sample", "n": 513, "mode": "forward", "round": 0, "block": 3, "label": "A", "sample": 0, "ms": 2.430783987045288}
{"event": "sample", "n": 513, "mode": "forward", "round": 0, "block": 3, "label": "A", "sample": 1, "ms": 2.128000020980835}
{"event": "sample", "n": 513, "mode": "forward", "round": 0, "block": 3, "label": "A", "sample": 2, "ms": 2.128607988357544}
{"event": "sample", "n": 513, "mode": "forward", "round": 0, "block": 3, "label": "A", "sample": 3, "ms": 2.1300480365753174}
{"event": "sample", "n": 513, "mode": "forward", "round": 0, "block": 3, "label": "A", "sample": 4, "ms": 2.130431890487671}
{"event": "sample", "n": 513, "mode": "forward", "round": 0, "block": 3, "label": "A", "sample": 5, "ms": 2.129472017288208}
{"event": "sample", "n": 513, "mode": "forward", "round": 0, "block": 3, "label": "A", "sample": 6, "ms": 2.1286399364471436}
{"event": "sample", "n": 513, "mode": "forward", "round": 0, "block": 3, "label": "A", "sample": 7, "ms": 2.1304640769958496}
{"event": "sample", "n": 513, "mode": "forward", "round": 0, "block": 3, "label": "A", "sample": 8, "ms": 2.12774395942688}
{"event": "sample", "n": 513, "mode": "forward", "round": 0, "block": 3, "label": "A", "sample": 9, "ms": 2.1307520866394043}
{"event": "sample", "n": 513, "mode": "forward", "round": 1, "block": 0, "label": "A", "sample": 0, "ms": 2.408576011657715}
{"event": "sample", "n": 513, "mode": "forward", "round": 1, "block": 0, "label": "A", "sample": 1, "ms": 2.1287999153137207}
{"event": "sample", "n": 513, "mode": "forward", "round": 1, "block": 0, "label": "A", "sample": 2, "ms": 2.1287999153137207}
{"event": "sample", "n": 513, "mode": "forward", "round": 1, "block": 0, "label": "A", "sample": 3, "ms": 2.1290879249572754}
{"event": "sample", "n": 513, "mode": "forward", "round": 1, "block": 0, "label": "A", "sample": 4, "ms": 2.129568099975586}
{"event": "sample", "n": 513, "mode": "forward", "round": 1, "block": 0, "label": "A", "sample": 5, "ms": 2.1321280002593994}
{"event": "sample", "n": 513, "mode": "forward", "round": 1, "block": 0, "label": "A", "sample": 6, "ms": 2.129472017288208}
{"event": "sample", "n": 513, "mode": "forward", "round": 1, "block": 0, "label": "A", "sample": 7, "ms": 2.130944013595581}
{"event": "sample", "n": 513, "mode": "forward", "round": 1, "block": 0, "label": "A", "sample": 8, "ms": 2.1298561096191406}
{"event": "sample", "n": 513, "mode": "forward", "round": 1, "block": 0, "label": "A", "sample": 9, "ms": 2.1329920291900635}
{"event": "sample", "n": 513, "mode": "forward", "round": 1, "block": 1, "label": "B", "sample": 0, "ms": 2.374624013900757}
{"event": "sample", "n": 513, "mode": "forward", "round": 1, "block": 1, "label": "B", "sample": 1, "ms": 2.0043840408325195}
{"event": "sample", "n": 513, "mode": "forward", "round": 1, "block": 1, "label": "B", "sample": 2, "ms": 2.00435209274292}
{"event": "sample", "n": 513, "mode": "forward", "round": 1, "block": 1, "label": "B", "sample": 3, "ms": 2.0063040256500244}
{"event": "sample", "n": 513, "mode": "forward", "round": 1, "block": 1, "label": "B", "sample": 4, "ms": 2.0042879581451416}
{"event": "sample", "n": 513, "mode": "forward", "round": 1, "block": 1, "label": "B", "sample": 5, "ms": 2.0050880908966064}
{"event": "sample", "n": 513, "mode": "forward", "round": 1, "block": 1, "label": "B", "sample": 6, "ms": 2.004096031188965}
{"event": "sample", "n": 513, "mode": "forward", "round": 1, "block": 1, "label": "B", "sample": 7, "ms": 2.0045440196990967}
{"event": "sample", "n": 513, "mode": "forward", "round": 1, "block": 1, "label": "B", "sample": 8, "ms": 2.0036799907684326}
{"event": "sample", "n": 513, "mode": "forward", "round": 1, "block": 1, "label": "B", "sample": 9, "ms": 2.0055999755859375}
{"event": "sample", "n": 513, "mode": "forward", "round": 1, "block": 2, "label": "B", "sample": 0, "ms": 2.3546559810638428}
{"event": "sample", "n": 513, "mode": "forward", "round": 1, "block": 2, "label": "B", "sample": 1, "ms": 2.0039680004119873}
{"event": "sample", "n": 513, "mode": "forward", "round": 1, "block": 2, "label": "B", "sample": 2, "ms": 2.005023956298828}
{"event": "sample", "n": 513, "mode": "forward", "round": 1, "block": 2, "label": "B", "sample": 3, "ms": 2.005215883255005}
{"event": "sample", "n": 513, "mode": "forward", "round": 1, "block": 2, "label": "B", "sample": 4, "ms": 2.004256010055542}
{"event": "sample", "n": 513, "mode": "forward", "round": 1, "block": 2, "label": "B", "sample": 5, "ms": 2.0044798851013184}
{"event": "sample", "n": 513, "mode": "forward", "round": 1, "block": 2, "label": "B", "sample": 6, "ms": 2.0032958984375}
{"event": "sample", "n": 513, "mode": "forward", "round": 1, "block": 2, "label": "B", "sample": 7, "ms": 2.0041921138763428}
{"event": "sample", "n": 513, "mode": "forward", "round": 1, "block": 2, "label": "B", "sample": 8, "ms": 2.004512071609497}
{"event": "sample", "n": 513, "mode": "forward", "round": 1, "block": 2, "label": "B", "sample": 9, "ms": 2.004863977432251}
{"event": "sample", "n": 513, "mode": "forward", "round": 1, "block": 3, "label": "A", "sample": 0, "ms": 2.4673919677734375}
{"event": "sample", "n": 513, "mode": "forward", "round": 1, "block": 3, "label": "A", "sample": 1, "ms": 2.130239963531494}
{"event": "sample", "n": 513, "mode": "forward", "round": 1, "block": 3, "label": "A", "sample": 2, "ms": 2.131295919418335}
{"event": "sample", "n": 513, "mode": "forward", "round": 1, "block": 3, "label": "A", "sample": 3, "ms": 2.130176067352295}
{"event": "sample", "n": 513, "mode": "forward", "round": 1, "block": 3, "label": "A", "sample": 4, "ms": 2.1292800903320312}
{"event": "sample", "n": 513, "mode": "forward", "round": 1, "block": 3, "label": "A", "sample": 5, "ms": 2.1293439865112305}
{"event": "sample", "n": 513, "mode": "forward", "round": 1, "block": 3, "label": "A", "sample": 6, "ms": 2.130880117416382}
{"event": "sample", "n": 513, "mode": "forward", "round": 1, "block": 3, "label": "A", "sample": 7, "ms": 2.1315839290618896}
{"event": "sample", "n": 513, "mode": "forward", "round": 1, "block": 3, "label": "A", "sample": 8, "ms": 2.1306240558624268}
{"event": "sample", "n": 513, "mode": "forward", "round": 1, "block": 3, "label": "A", "sample": 9, "ms": 2.131711959838867}
{"event": "sample", "n": 513, "mode": "forward", "round": 2, "block": 0, "label": "A", "sample": 0, "ms": 2.411072015762329}
{"event": "sample", "n": 513, "mode": "forward", "round": 2, "block": 0, "label": "A", "sample": 1, "ms": 2.1308159828186035}
{"event": "sample", "n": 513, "mode": "forward", "round": 2, "block": 0, "label": "A", "sample": 2, "ms": 2.129728078842163}
{"event": "sample", "n": 513, "mode": "forward", "round": 2, "block": 0, "label": "A", "sample": 3, "ms": 2.1310720443725586}
{"event": "sample", "n": 513, "mode": "forward", "round": 2, "block": 0, "label": "A", "sample": 4, "ms": 2.129728078842163}
{"event": "sample", "n": 513, "mode": "forward", "round": 2, "block": 0, "label": "A", "sample": 5, "ms": 2.131103992462158}
{"event": "sample", "n": 513, "mode": "forward", "round": 2, "block": 0, "label": "A", "sample": 6, "ms": 2.1297600269317627}
{"event": "sample", "n": 513, "mode": "forward", "round": 2, "block": 0, "label": "A", "sample": 7, "ms": 2.1296958923339844}
{"event": "sample", "n": 513, "mode": "forward", "round": 2, "block": 0, "label": "A", "sample": 8, "ms": 2.1308159828186035}
{"event": "sample", "n": 513, "mode": "forward", "round": 2, "block": 0, "label": "A", "sample": 9, "ms": 2.1368319988250732}
{"event": "sample", "n": 513, "mode": "forward", "round": 2, "block": 1, "label": "B", "sample": 0, "ms": 2.395616054534912}
{"event": "sample", "n": 513, "mode": "forward", "round": 2, "block": 1, "label": "B", "sample": 1, "ms": 2.009632110595703}
{"event": "sample", "n": 513, "mode": "forward", "round": 2, "block": 1, "label": "B", "sample": 2, "ms": 2.009984016418457}
{"event": "sample", "n": 513, "mode": "forward", "round": 2, "block": 1, "label": "B", "sample": 3, "ms": 2.010688066482544}
{"event": "sample", "n": 513, "mode": "forward", "round": 2, "block": 1, "label": "B", "sample": 4, "ms": 2.008768081665039}
{"event": "sample", "n": 513, "mode": "forward", "round": 2, "block": 1, "label": "B", "sample": 5, "ms": 2.0094079971313477}
{"event": "sample", "n": 513, "mode": "forward", "round": 2, "block": 1, "label": "B", "sample": 6, "ms": 2.0088961124420166}
{"event": "sample", "n": 513, "mode": "forward", "round": 2, "block": 1, "label": "B", "sample": 7, "ms": 2.0102720260620117}
{"event": "sample", "n": 513, "mode": "forward", "round": 2, "block": 1, "label": "B", "sample": 8, "ms": 2.0083839893341064}
{"event": "sample", "n": 513, "mode": "forward", "round": 2, "block": 1, "label": "B", "sample": 9, "ms": 2.0099520683288574}
{"event": "sample", "n": 513, "mode": "forward", "round": 2, "block": 2, "label": "B", "sample": 0, "ms": 2.3462400436401367}
{"event": "sample", "n": 513, "mode": "forward", "round": 2, "block": 2, "label": "B", "sample": 1, "ms": 2.0086400508880615}
{"event": "sample", "n": 513, "mode": "forward", "round": 2, "block": 2, "label": "B", "sample": 2, "ms": 2.0088000297546387}
{"event": "sample", "n": 513, "mode": "forward", "round": 2, "block": 2, "label": "B", "sample": 3, "ms": 2.010080099105835}
{"event": "sample", "n": 513, "mode": "forward", "round": 2, "block": 2, "label": "B", "sample": 4, "ms": 2.0085439682006836}
{"event": "sample", "n": 513, "mode": "forward", "round": 2, "block": 2, "label": "B", "sample": 5, "ms": 2.0099198818206787}
{"event": "sample", "n": 513, "mode": "forward", "round": 2, "block": 2, "label": "B", "sample": 6, "ms": 2.008512020111084}
{"event": "sample", "n": 513, "mode": "forward", "round": 2, "block": 2, "label": "B", "sample": 7, "ms": 2.0090560913085938}
{"event": "sample", "n": 513, "mode": "forward", "round": 2, "block": 2, "label": "B", "sample": 8, "ms": 2.008960008621216}
{"event": "sample", "n": 513, "mode": "forward", "round": 2, "block": 2, "label": "B", "sample": 9, "ms": 2.009376049041748}
{"event": "sample", "n": 513, "mode": "forward", "round": 2, "block": 3, "label": "A", "sample": 0, "ms": 2.443711996078491}
{"event": "sample", "n": 513, "mode": "forward", "round": 2, "block": 3, "label": "A", "sample": 1, "ms": 2.134399890899658}
{"event": "sample", "n": 513, "mode": "forward", "round": 2, "block": 3, "label": "A", "sample": 2, "ms": 2.134848117828369}
{"event": "sample", "n": 513, "mode": "forward", "round": 2, "block": 3, "label": "A", "sample": 3, "ms": 2.136672019958496}
{"event": "sample", "n": 513, "mode": "forward", "round": 2, "block": 3, "label": "A", "sample": 4, "ms": 2.1335039138793945}
{"event": "sample", "n": 513, "mode": "forward", "round": 2, "block": 3, "label": "A", "sample": 5, "ms": 2.1344640254974365}
{"event": "sample", "n": 513, "mode": "forward", "round": 2, "block": 3, "label": "A", "sample": 6, "ms": 2.1340479850769043}
{"event": "sample", "n": 513, "mode": "forward", "round": 2, "block": 3, "label": "A", "sample": 7, "ms": 2.134752035140991}
{"event": "sample", "n": 513, "mode": "forward", "round": 2, "block": 3, "label": "A", "sample": 8, "ms": 2.1343679428100586}
{"event": "sample", "n": 513, "mode": "forward", "round": 2, "block": 3, "label": "A", "sample": 9, "ms": 2.1345279216766357}
{"event": "summary", "n": 513, "mode": "forward", "median_ms": {"A": 2.130544066429138, "B": 2.0050560235977173}, "speedup": 1.0625858037653506, "samples_per_label": 60}
{"event": "sample", "n": 513, "mode": "backward", "round": 0, "block": 0, "label": "A", "sample": 0, "ms": 15.946687698364258}
{"event": "sample", "n": 513, "mode": "backward", "round": 0, "block": 0, "label": "A", "sample": 1, "ms": 15.633088111877441}
{"event": "sample", "n": 513, "mode": "backward", "round": 0, "block": 0, "label": "A", "sample": 2, "ms": 15.625375747680664}
{"event": "sample", "n": 513, "mode": "backward", "round": 0, "block": 0, "label": "A", "sample": 3, "ms": 15.632255554199219}
{"event": "sample", "n": 513, "mode": "backward", "round": 0, "block": 0, "label": "A", "sample": 4, "ms": 15.63481616973877}
{"event": "sample", "n": 513, "mode": "backward", "round": 0, "block": 0, "label": "A", "sample": 5, "ms": 15.63379192352295}
{"event": "sample", "n": 513, "mode": "backward", "round": 0, "block": 0, "label": "A", "sample": 6, "ms": 15.62604808807373}
{"event": "sample", "n": 513, "mode": "backward", "round": 0, "block": 0, "label": "A", "sample": 7, "ms": 15.632224082946777}
{"event": "sample", "n": 513, "mode": "backward", "round": 0, "block": 0, "label": "A", "sample": 8, "ms": 15.63475227355957}
{"event": "sample", "n": 513, "mode": "backward", "round": 0, "block": 0, "label": "A", "sample": 9, "ms": 15.63366413116455}
{"event": "sample", "n": 513, "mode": "backward", "round": 0, "block": 1, "label": "B", "sample": 0, "ms": 7.8744001388549805}
{"event": "sample", "n": 513, "mode": "backward", "round": 0, "block": 1, "label": "B", "sample": 1, "ms": 7.670752048492432}
{"event": "sample", "n": 513, "mode": "backward", "round": 0, "block": 1, "label": "B", "sample": 2, "ms": 7.666592121124268}
{"event": "sample", "n": 513, "mode": "backward", "round": 0, "block": 1, "label": "B", "sample": 3, "ms": 7.66102409362793}
{"event": "sample", "n": 513, "mode": "backward", "round": 0, "block": 1, "label": "B", "sample": 4, "ms": 7.665279865264893}
{"event": "sample", "n": 513, "mode": "backward", "round": 0, "block": 1, "label": "B", "sample": 5, "ms": 7.670271873474121}
{"event": "sample", "n": 513, "mode": "backward", "round": 0, "block": 1, "label": "B", "sample": 6, "ms": 7.667327880859375}
{"event": "sample", "n": 513, "mode": "backward", "round": 0, "block": 1, "label": "B", "sample": 7, "ms": 7.666816234588623}
{"event": "sample", "n": 513, "mode": "backward", "round": 0, "block": 1, "label": "B", "sample": 8, "ms": 7.661280155181885}
{"event": "sample", "n": 513, "mode": "backward", "round": 0, "block": 1, "label": "B", "sample": 9, "ms": 7.673439979553223}
{"event": "sample", "n": 513, "mode": "backward", "round": 0, "block": 2, "label": "B", "sample": 0, "ms": 7.808832168579102}
{"event": "sample", "n": 513, "mode": "backward", "round": 0, "block": 2, "label": "B", "sample": 1, "ms": 7.667136192321777}
{"event": "sample", "n": 513, "mode": "backward", "round": 0, "block": 2, "label": "B", "sample": 2, "ms": 7.66377592086792}
{"event": "sample", "n": 513, "mode": "backward", "round": 0, "block": 2, "label": "B", "sample": 3, "ms": 7.6669440269470215}
{"event": "sample", "n": 513, "mode": "backward", "round": 0, "block": 2, "label": "B", "sample": 4, "ms": 7.664480209350586}
{"event": "sample", "n": 513, "mode": "backward", "round": 0, "block": 2, "label": "B", "sample": 5, "ms": 7.671872138977051}
{"event": "sample", "n": 513, "mode": "backward", "round": 0, "block": 2, "label": "B", "sample": 6, "ms": 7.666783809661865}
{"event": "sample", "n": 513, "mode": "backward", "round": 0, "block": 2, "label": "B", "sample": 7, "ms": 7.663968086242676}
{"event": "sample", "n": 513, "mode": "backward", "round": 0, "block": 2, "label": "B", "sample": 8, "ms": 7.670144081115723}
{"event": "sample", "n": 513, "mode": "backward", "round": 0, "block": 2, "label": "B", "sample": 9, "ms": 7.67033576965332}
{"event": "sample", "n": 513, "mode": "backward", "round": 0, "block": 3, "label": "A", "sample": 0, "ms": 15.931839942932129}
{"event": "sample", "n": 513, "mode": "backward", "round": 0, "block": 3, "label": "A", "sample": 1, "ms": 15.6179838180542}
{"event": "sample", "n": 513, "mode": "backward", "round": 0, "block": 3, "label": "A", "sample": 2, "ms": 15.622559547424316}
{"event": "sample", "n": 513, "mode": "backward", "round": 0, "block": 3, "label": "A", "sample": 3, "ms": 15.632320404052734}
{"event": "sample", "n": 513, "mode": "backward", "round": 0, "block": 3, "label": "A", "sample": 4, "ms": 15.632255554199219}
{"event": "sample", "n": 513, "mode": "backward", "round": 0, "block": 3, "label": "A", "sample": 5, "ms": 15.625503540039062}
{"event": "sample", "n": 513, "mode": "backward", "round": 0, "block": 3, "label": "A", "sample": 6, "ms": 15.62822437286377}
{"event": "sample", "n": 513, "mode": "backward", "round": 0, "block": 3, "label": "A", "sample": 7, "ms": 15.631360054016113}
{"event": "sample", "n": 513, "mode": "backward", "round": 0, "block": 3, "label": "A", "sample": 8, "ms": 15.63094425201416}
{"event": "sample", "n": 513, "mode": "backward", "round": 0, "block": 3, "label": "A", "sample": 9, "ms": 15.630559921264648}
{"event": "sample", "n": 513, "mode": "backward", "round": 1, "block": 0, "label": "A", "sample": 0, "ms": 15.942367553710938}
{"event": "sample", "n": 513, "mode": "backward", "round": 1, "block": 0, "label": "A", "sample": 1, "ms": 15.631584167480469}
{"event": "sample", "n": 513, "mode": "backward", "round": 1, "block": 0, "label": "A", "sample": 2, "ms": 15.632287979125977}
{"event": "sample", "n": 513, "mode": "backward", "round": 1, "block": 0, "label": "A", "sample": 3, "ms": 15.62656021118164}
{"event": "sample", "n": 513, "mode": "backward", "round": 1, "block": 0, "label": "A", "sample": 4, "ms": 15.633248329162598}
{"event": "sample", "n": 513, "mode": "backward", "round": 1, "block": 0, "label": "A", "sample": 5, "ms": 15.626591682434082}
{"event": "sample", "n": 513, "mode": "backward", "round": 1, "block": 0, "label": "A", "sample": 6, "ms": 15.618207931518555}
{"event": "sample", "n": 513, "mode": "backward", "round": 1, "block": 0, "label": "A", "sample": 7, "ms": 15.618464469909668}
{"event": "sample", "n": 513, "mode": "backward", "round": 1, "block": 0, "label": "A", "sample": 8, "ms": 15.61241626739502}
{"event": "sample", "n": 513, "mode": "backward", "round": 1, "block": 0, "label": "A", "sample": 9, "ms": 15.613471984863281}
{"event": "sample", "n": 513, "mode": "backward", "round": 1, "block": 1, "label": "B", "sample": 0, "ms": 7.875135898590088}
{"event": "sample", "n": 513, "mode": "backward", "round": 1, "block": 1, "label": "B", "sample": 1, "ms": 7.674911975860596}
{"event": "sample", "n": 513, "mode": "backward", "round": 1, "block": 1, "label": "B", "sample": 2, "ms": 7.6711039543151855}
{"event": "sample", "n": 513, "mode": "backward", "round": 1, "block": 1, "label": "B", "sample": 3, "ms": 7.680607795715332}
{"event": "sample", "n": 513, "mode": "backward", "round": 1, "block": 1, "label": "B", "sample": 4, "ms": 7.672512054443359}
{"event": "sample", "n": 513, "mode": "backward", "round": 1, "block": 1, "label": "B", "sample": 5, "ms": 7.674816131591797}
{"event": "sample", "n": 513, "mode": "backward", "round": 1, "block": 1, "label": "B", "sample": 6, "ms": 7.66707181930542}
{"event": "sample", "n": 513, "mode": "backward", "round": 1, "block": 1, "label": "B", "sample": 7, "ms": 7.672736167907715}
{"event": "sample", "n": 513, "mode": "backward", "round": 1, "block": 1, "label": "B", "sample": 8, "ms": 7.665503978729248}
{"event": "sample", "n": 513, "mode": "backward", "round": 1, "block": 1, "label": "B", "sample": 9, "ms": 7.676608085632324}
{"event": "sample", "n": 513, "mode": "backward", "round": 1, "block": 2, "label": "B", "sample": 0, "ms": 7.818719863891602}
{"event": "sample", "n": 513, "mode": "backward", "round": 1, "block": 2, "label": "B", "sample": 1, "ms": 7.669856071472168}
{"event": "sample", "n": 513, "mode": "backward", "round": 1, "block": 2, "label": "B", "sample": 2, "ms": 7.662144184112549}
{"event": "sample", "n": 513, "mode": "backward", "round": 1, "block": 2, "label": "B", "sample": 3, "ms": 7.677087783813477}
{"event": "sample", "n": 513, "mode": "backward", "round": 1, "block": 2, "label": "B", "sample": 4, "ms": 7.669856071472168}
{"event": "sample", "n": 513, "mode": "backward", "round": 1, "block": 2, "label": "B", "sample": 5, "ms": 7.6727681159973145}
{"event": "sample", "n": 513, "mode": "backward", "round": 1, "block": 2, "label": "B", "sample": 6, "ms": 7.673791885375977}
{"event": "sample", "n": 513, "mode": "backward", "round": 1, "block": 2, "label": "B", "sample": 7, "ms": 7.688159942626953}
{"event": "sample", "n": 513, "mode": "backward", "round": 1, "block": 2, "label": "B", "sample": 8, "ms": 7.689599990844727}
{"event": "sample", "n": 513, "mode": "backward", "round": 1, "block": 2, "label": "B", "sample": 9, "ms": 7.694623947143555}
{"event": "sample", "n": 513, "mode": "backward", "round": 1, "block": 3, "label": "A", "sample": 0, "ms": 15.951007843017578}
{"event": "sample", "n": 513, "mode": "backward", "round": 1, "block": 3, "label": "A", "sample": 1, "ms": 15.637760162353516}
{"event": "sample", "n": 513, "mode": "backward", "round": 1, "block": 3, "label": "A", "sample": 2, "ms": 15.637824058532715}
{"event": "sample", "n": 513, "mode": "backward", "round": 1, "block": 3, "label": "A", "sample": 3, "ms": 15.633440017700195}
{"event": "sample", "n": 513, "mode": "backward", "round": 1, "block": 3, "label": "A", "sample": 4, "ms": 15.630240440368652}
{"event": "sample", "n": 513, "mode": "backward", "round": 1, "block": 3, "label": "A", "sample": 5, "ms": 15.61894416809082}
{"event": "sample", "n": 513, "mode": "backward", "round": 1, "block": 3, "label": "A", "sample": 6, "ms": 15.619839668273926}
{"event": "sample", "n": 513, "mode": "backward", "round": 1, "block": 3, "label": "A", "sample": 7, "ms": 15.618687629699707}
{"event": "sample", "n": 513, "mode": "backward", "round": 1, "block": 3, "label": "A", "sample": 8, "ms": 15.612159729003906}
{"event": "sample", "n": 513, "mode": "backward", "round": 1, "block": 3, "label": "A", "sample": 9, "ms": 15.617631912231445}
{"event": "sample", "n": 513, "mode": "backward", "round": 2, "block": 0, "label": "A", "sample": 0, "ms": 16.228639602661133}
{"event": "sample", "n": 513, "mode": "backward", "round": 2, "block": 0, "label": "A", "sample": 1, "ms": 15.61616039276123}
{"event": "sample", "n": 513, "mode": "backward", "round": 2, "block": 0, "label": "A", "sample": 2, "ms": 15.613887786865234}
{"event": "sample", "n": 513, "mode": "backward", "round": 2, "block": 0, "label": "A", "sample": 3, "ms": 15.609439849853516}
{"event": "sample", "n": 513, "mode": "backward", "round": 2, "block": 0, "label": "A", "sample": 4, "ms": 15.614912033081055}
{"event": "sample", "n": 513, "mode": "backward", "round": 2, "block": 0, "label": "A", "sample": 5, "ms": 15.61631965637207}
{"event": "sample", "n": 513, "mode": "backward", "round": 2, "block": 0, "label": "A", "sample": 6, "ms": 15.611616134643555}
{"event": "sample", "n": 513, "mode": "backward", "round": 2, "block": 0, "label": "A", "sample": 7, "ms": 15.613280296325684}
{"event": "sample", "n": 513, "mode": "backward", "round": 2, "block": 0, "label": "A", "sample": 8, "ms": 15.619296073913574}
{"event": "sample", "n": 513, "mode": "backward", "round": 2, "block": 0, "label": "A", "sample": 9, "ms": 15.614208221435547}
{"event": "sample", "n": 513, "mode": "backward", "round": 2, "block": 1, "label": "B", "sample": 0, "ms": 7.9720001220703125}
{"event": "sample", "n": 513, "mode": "backward", "round": 2, "block": 1, "label": "B", "sample": 1, "ms": 7.668032169342041}
{"event": "sample", "n": 513, "mode": "backward", "round": 2, "block": 1, "label": "B", "sample": 2, "ms": 7.666463851928711}
{"event": "sample", "n": 513, "mode": "backward", "round": 2, "block": 1, "label": "B", "sample": 3, "ms": 7.6730241775512695}
{"event": "sample", "n": 513, "mode": "backward", "round": 2, "block": 1, "label": "B", "sample": 4, "ms": 7.662816047668457}
{"event": "sample", "n": 513, "mode": "backward", "round": 2, "block": 1, "label": "B", "sample": 5, "ms": 7.673439979553223}
{"event": "sample", "n": 513, "mode": "backward", "round": 2, "block": 1, "label": "B", "sample": 6, "ms": 7.674111843109131}
{"event": "sample", "n": 513, "mode": "backward", "round": 2, "block": 1, "label": "B", "sample": 7, "ms": 7.678112030029297}
{"event": "sample", "n": 513, "mode": "backward", "round": 2, "block": 1, "label": "B", "sample": 8, "ms": 7.6938557624816895}
{"event": "sample", "n": 513, "mode": "backward", "round": 2, "block": 1, "label": "B", "sample": 9, "ms": 7.680960178375244}
{"event": "sample", "n": 513, "mode": "backward", "round": 2, "block": 2, "label": "B", "sample": 0, "ms": 7.834432125091553}
{"event": "sample", "n": 513, "mode": "backward", "round": 2, "block": 2, "label": "B", "sample": 1, "ms": 7.673439979553223}
{"event": "sample", "n": 513, "mode": "backward", "round": 2, "block": 2, "label": "B", "sample": 2, "ms": 7.688384056091309}
{"event": "sample", "n": 513, "mode": "backward", "round": 2, "block": 2, "label": "B", "sample": 3, "ms": 7.672800064086914}
{"event": "sample", "n": 513, "mode": "backward", "round": 2, "block": 2, "label": "B", "sample": 4, "ms": 7.67625617980957}
{"event": "sample", "n": 513, "mode": "backward", "round": 2, "block": 2, "label": "B", "sample": 5, "ms": 7.677855968475342}
{"event": "sample", "n": 513, "mode": "backward", "round": 2, "block": 2, "label": "B", "sample": 6, "ms": 7.678271770477295}
{"event": "sample", "n": 513, "mode": "backward", "round": 2, "block": 2, "label": "B", "sample": 7, "ms": 7.679296016693115}
{"event": "sample", "n": 513, "mode": "backward", "round": 2, "block": 2, "label": "B", "sample": 8, "ms": 7.684544086456299}
{"event": "sample", "n": 513, "mode": "backward", "round": 2, "block": 2, "label": "B", "sample": 9, "ms": 7.678304195404053}
{"event": "sample", "n": 513, "mode": "backward", "round": 2, "block": 3, "label": "A", "sample": 0, "ms": 15.921407699584961}
{"event": "sample", "n": 513, "mode": "backward", "round": 2, "block": 3, "label": "A", "sample": 1, "ms": 15.6146879196167}
{"event": "sample", "n": 513, "mode": "backward", "round": 2, "block": 3, "label": "A", "sample": 2, "ms": 15.617088317871094}
{"event": "sample", "n": 513, "mode": "backward", "round": 2, "block": 3, "label": "A", "sample": 3, "ms": 15.61631965637207}
{"event": "sample", "n": 513, "mode": "backward", "round": 2, "block": 3, "label": "A", "sample": 4, "ms": 15.612544059753418}
{"event": "sample", "n": 513, "mode": "backward", "round": 2, "block": 3, "label": "A", "sample": 5, "ms": 15.610976219177246}
{"event": "sample", "n": 513, "mode": "backward", "round": 2, "block": 3, "label": "A", "sample": 6, "ms": 15.61952018737793}
{"event": "sample", "n": 513, "mode": "backward", "round": 2, "block": 3, "label": "A", "sample": 7, "ms": 15.617631912231445}
{"event": "sample", "n": 513, "mode": "backward", "round": 2, "block": 3, "label": "A", "sample": 8, "ms": 15.613216400146484}
{"event": "sample", "n": 513, "mode": "backward", "round": 2, "block": 3, "label": "A", "sample": 9, "ms": 15.614848136901855}
{"event": "summary", "n": 513, "mode": "backward", "median_ms": {"A": 15.625439643859863, "B": 7.672912120819092}, "speedup": 2.0364418877498927, "samples_per_label": 60}
{"event": "sample", "n": 513, "mode": "forward_backward", "round": 0, "block": 0, "label": "A", "sample": 0, "ms": 18.05721664428711}
{"event": "sample", "n": 513, "mode": "forward_backward", "round": 0, "block": 0, "label": "A", "sample": 1, "ms": 17.738975524902344}
{"event": "sample", "n": 513, "mode": "forward_backward", "round": 0, "block": 0, "label": "A", "sample": 2, "ms": 17.734336853027344}
{"event": "sample", "n": 513, "mode": "forward_backward", "round": 0, "block": 0, "label": "A", "sample": 3, "ms": 17.748319625854492}
{"event": "sample", "n": 513, "mode": "forward_backward", "round": 0, "block": 0, "label": "A", "sample": 4, "ms": 17.754304885864258}
{"event": "sample", "n": 513, "mode": "forward_backward", "round": 0, "block": 0, "label": "A", "sample": 5, "ms": 17.753376007080078}
{"event": "sample", "n": 513, "mode": "forward_backward", "round": 0, "block": 0, "label": "A", "sample": 6, "ms": 17.75372886657715}
{"event": "sample", "n": 513, "mode": "forward_backward", "round": 0, "block": 0, "label": "A", "sample": 7, "ms": 17.753536224365234}
{"event": "sample", "n": 513, "mode": "forward_backward", "round": 0, "block": 0, "label": "A", "sample": 8, "ms": 17.755647659301758}
{"event": "sample", "n": 513, "mode": "forward_backward", "round": 0, "block": 0, "label": "A", "sample": 9, "ms": 17.7576961517334}
{"event": "sample", "n": 513, "mode": "forward_backward", "round": 0, "block": 1, "label": "B", "sample": 0, "ms": 10.087552070617676}
{"event": "sample", "n": 513, "mode": "forward_backward", "round": 0, "block": 1, "label": "B", "sample": 1, "ms": 9.679936408996582}
{"event": "sample", "n": 513, "mode": "forward_backward", "round": 0, "block": 1, "label": "B", "sample": 2, "ms": 9.673919677734375}
{"event": "sample", "n": 513, "mode": "forward_backward", "round": 0, "block": 1, "label": "B", "sample": 3, "ms": 9.676511764526367}
{"event": "sample", "n": 513, "mode": "forward_backward", "round": 0, "block": 1, "label": "B", "sample": 4, "ms": 9.677887916564941}
{"event": "sample", "n": 513, "mode": "forward_backward", "round": 0, "block": 1, "label": "B", "sample": 5, "ms": 9.680831909179688}
{"event": "sample", "n": 513, "mode": "forward_backward", "round": 0, "block": 1, "label": "B", "sample": 6, "ms": 9.67523193359375}
{"event": "sample", "n": 513, "mode": "forward_backward", "round": 0, "block": 1, "label": "B", "sample": 7, "ms": 9.675711631774902}
{"event": "sample", "n": 513, "mode": "forward_backward", "round": 0, "block": 1, "label": "B", "sample": 8, "ms": 9.6878080368042}
{"event": "sample", "n": 513, "mode": "forward_backward", "round": 0, "block": 1, "label": "B", "sample": 9, "ms": 9.668479919433594}
{"event": "sample", "n": 513, "mode": "forward_backward", "round": 0, "block": 2, "label": "B", "sample": 0, "ms": 10.087424278259277}
{"event": "sample", "n": 513, "mode": "forward_backward", "round": 0, "block": 2, "label": "B", "sample": 1, "ms": 9.66982364654541}
{"event": "sample", "n": 513, "mode": "forward_backward", "round": 0, "block": 2, "label": "B", "sample": 2, "ms": 9.671263694763184}
{"event": "sample", "n": 513, "mode": "forward_backward", "round": 0, "block": 2, "label": "B", "sample": 3, "ms": 9.655936241149902}
{"event": "sample", "n": 513, "mode": "forward_backward", "round": 0, "block": 2, "label": "B", "sample": 4, "ms": 9.665056228637695}
{"event": "sample", "n": 513, "mode": "forward_backward", "round": 0, "block": 2, "label": "B", "sample": 5, "ms": 9.673664093017578}
{"event": "sample", "n": 513, "mode": "forward_backward", "round": 0, "block": 2, "label": "B", "sample": 6, "ms": 9.669183731079102}
{"event": "sample", "n": 513, "mode": "forward_backward", "round": 0, "block": 2, "label": "B", "sample": 7, "ms": 9.667327880859375}
{"event": "sample", "n": 513, "mode": "forward_backward", "round": 0, "block": 2, "label": "B", "sample": 8, "ms": 9.667840003967285}
{"event": "sample", "n": 513, "mode": "forward_backward", "round": 0, "block": 2, "label": "B", "sample": 9, "ms": 9.673983573913574}
{"event": "sample", "n": 513, "mode": "forward_backward", "round": 0, "block": 3, "label": "A", "sample": 0, "ms": 18.101823806762695}
{"event": "sample", "n": 513, "mode": "forward_backward", "round": 0, "block": 3, "label": "A", "sample": 1, "ms": 17.76540756225586}
{"event": "sample", "n": 513, "mode": "forward_backward", "round": 0, "block": 3, "label": "A", "sample": 2, "ms": 17.759584426879883}
{"event": "sample", "n": 513, "mode": "forward_backward", "round": 0, "block": 3, "label": "A", "sample": 3, "ms": 17.760896682739258}
{"event": "sample", "n": 513, "mode": "forward_backward", "round": 0, "block": 3, "label": "A", "sample": 4, "ms": 17.762592315673828}
{"event": "sample", "n": 513, "mode": "forward_backward", "round": 0, "block": 3, "label": "A", "sample": 5, "ms": 17.755008697509766}
{"event": "sample", "n": 513, "mode": "forward_backward", "round": 0, "block": 3, "label": "A", "sample": 6, "ms": 17.752511978149414}
{"event": "sample", "n": 513, "mode": "forward_backward", "round": 0, "block": 3, "label": "A", "sample": 7, "ms": 17.759231567382812}
{"event": "sample", "n": 513, "mode": "forward_backward", "round": 0, "block": 3, "label": "A", "sample": 8, "ms": 17.756288528442383}
{"event": "sample", "n": 513, "mode": "forward_backward", "round": 0, "block": 3, "label": "A", "sample": 9, "ms": 17.756959915161133}
{"event": "sample", "n": 513, "mode": "forward_backward", "round": 1, "block": 0, "label": "A", "sample": 0, "ms": 18.140384674072266}
{"event": "sample", "n": 513, "mode": "forward_backward", "round": 1, "block": 0, "label": "A", "sample": 1, "ms": 17.80191993713379}
{"event": "sample", "n": 513, "mode": "forward_backward", "round": 1, "block": 0, "label": "A", "sample": 2, "ms": 17.800384521484375}
{"event": "sample", "n": 513, "mode": "forward_backward", "round": 1, "block": 0, "label": "A", "sample": 3, "ms": 17.79523277282715}
{"event": "sample", "n": 513, "mode": "forward_backward", "round": 1, "block": 0, "label": "A", "sample": 4, "ms": 17.796192169189453}
{"event": "sample", "n": 513, "mode": "forward_backward", "round": 1, "block": 0, "label": "A", "sample": 5, "ms": 17.794879913330078}
{"event": "sample", "n": 513, "mode": "forward_backward", "round": 1, "block": 0, "label": "A", "sample": 6, "ms": 17.754655838012695}
{"event": "sample", "n": 513, "mode": "forward_backward", "round": 1, "block": 0, "label": "A", "sample": 7, "ms": 17.760671615600586}
{"event": "sample", "n": 513, "mode": "forward_backward", "round": 1, "block": 0, "label": "A", "sample": 8, "ms": 17.753503799438477}
{"event": "sample", "n": 513, "mode": "forward_backward", "round": 1, "block": 0, "label": "A", "sample": 9, "ms": 17.756607055664062}
{"event": "sample", "n": 513, "mode": "forward_backward", "round": 1, "block": 1, "label": "B", "sample": 0, "ms": 10.10531234741211}
{"event": "sample", "n": 513, "mode": "forward_backward", "round": 1, "block": 1, "label": "B", "sample": 1, "ms": 9.69324779510498}
{"event": "sample", "n": 513, "mode": "forward_backward", "round": 1, "block": 1, "label": "B", "sample": 2, "ms": 9.686880111694336}
{"event": "sample", "n": 513, "mode": "forward_backward", "round": 1, "block": 1, "label": "B", "sample": 3, "ms": 9.66256046295166}
{"event": "sample", "n": 513, "mode": "forward_backward", "round": 1, "block": 1, "label": "B", "sample": 4, "ms": 9.666336059570312}
{"event": "sample", "n": 513, "mode": "forward_backward", "round": 1, "block": 1, "label": "B", "sample": 5, "ms": 9.671072006225586}
{"event": "sample", "n": 513, "mode": "forward_backward", "round": 1, "block": 1, "label": "B", "sample": 6, "ms": 9.659711837768555}
{"event": "sample", "n": 513, "mode": "forward_backward", "round": 1, "block": 1, "label": "B", "sample": 7, "ms": 9.663167953491211}
{"event": "sample", "n": 513, "mode": "forward_backward", "round": 1, "block": 1, "label": "B", "sample": 8, "ms": 9.672320365905762}
{"event": "sample", "n": 513, "mode": "forward_backward", "round": 1, "block": 1, "label": "B", "sample": 9, "ms": 9.66982364654541}
{"event": "sample", "n": 513, "mode": "forward_backward", "round": 1, "block": 2, "label": "B", "sample": 0, "ms": 10.067839622497559}
{"event": "sample", "n": 513, "mode": "forward_backward", "round": 1, "block": 2, "label": "B", "sample": 1, "ms": 9.664799690246582}
{"event": "sample", "n": 513, "mode": "forward_backward", "round": 1, "block": 2, "label": "B", "sample": 2, "ms": 9.661312103271484}
{"event": "sample", "n": 513, "mode": "forward_backward", "round": 1, "block": 2, "label": "B", "sample": 3, "ms": 9.673407554626465}
{"event": "sample", "n": 513, "mode": "forward_backward", "round": 1, "block": 2, "label": "B", "sample": 4, "ms": 9.682623863220215}
{"event": "sample", "n": 513, "mode": "forward_backward", "round": 1, "block": 2, "label": "B", "sample": 5, "ms": 9.677663803100586}
{"event": "sample", "n": 513, "mode": "forward_backward", "round": 1, "block": 2, "label": "B", "sample": 6, "ms": 9.677568435668945}
{"event": "sample", "n": 513, "mode": "forward_backward", "round": 1, "block": 2, "label": "B", "sample": 7, "ms": 9.687264442443848}
{"event": "sample", "n": 513, "mode": "forward_backward", "round": 1, "block": 2, "label": "B", "sample": 8, "ms": 9.67843246459961}
{"event": "sample", "n": 513, "mode": "forward_backward", "round": 1, "block": 2, "label": "B", "sample": 9, "ms": 9.677023887634277}
{"event": "sample", "n": 513, "mode": "forward_backward", "round": 1, "block": 3, "label": "A", "sample": 0, "ms": 18.101856231689453}
{"event": "sample", "n": 513, "mode": "forward_backward", "round": 1, "block": 3, "label": "A", "sample": 1, "ms": 17.755168914794922}
{"event": "sample", "n": 513, "mode": "forward_backward", "round": 1, "block": 3, "label": "A", "sample": 2, "ms": 17.76188850402832}
{"event": "sample", "n": 513, "mode": "forward_backward", "round": 1, "block": 3, "label": "A", "sample": 3, "ms": 17.757951736450195}
{"event": "sample", "n": 513, "mode": "forward_backward", "round": 1, "block": 3, "label": "A", "sample": 4, "ms": 17.757312774658203}
{"event": "sample", "n": 513, "mode": "forward_backward", "round": 1, "block": 3, "label": "A", "sample": 5, "ms": 17.75699234008789}
{"event": "sample", "n": 513, "mode": "forward_backward", "round": 1, "block": 3, "label": "A", "sample": 6, "ms": 17.760927200317383}
{"event": "sample", "n": 513, "mode": "forward_backward", "round": 1, "block": 3, "label": "A", "sample": 7, "ms": 17.756256103515625}
{"event": "sample", "n": 513, "mode": "forward_backward", "round": 1, "block": 3, "label": "A", "sample": 8, "ms": 17.758975982666016}
{"event": "sample", "n": 513, "mode": "forward_backward", "round": 1, "block": 3, "label": "A", "sample": 9, "ms": 17.7542724609375}
{"event": "sample", "n": 513, "mode": "forward_backward", "round": 2, "block": 0, "label": "A", "sample": 0, "ms": 18.117151260375977}
{"event": "sample", "n": 513, "mode": "forward_backward", "round": 2, "block": 0, "label": "A", "sample": 1, "ms": 17.752288818359375}
{"event": "sample", "n": 513, "mode": "forward_backward", "round": 2, "block": 0, "label": "A", "sample": 2, "ms": 17.75632095336914}
{"event": "sample", "n": 513, "mode": "forward_backward", "round": 2, "block": 0, "label": "A", "sample": 3, "ms": 17.75014305114746}
{"event": "sample", "n": 513, "mode": "forward_backward", "round": 2, "block": 0, "label": "A", "sample": 4, "ms": 17.753568649291992}
{"event": "sample", "n": 513, "mode": "forward_backward", "round": 2, "block": 0, "label": "A", "sample": 5, "ms": 17.75257682800293}
{"event": "sample", "n": 513, "mode": "forward_backward", "round": 2, "block": 0, "label": "A", "sample": 6, "ms": 17.7541446685791}
{"event": "sample", "n": 513, "mode": "forward_backward", "round": 2, "block": 0, "label": "A", "sample": 7, "ms": 17.756959915161133}
{"event": "sample", "n": 513, "mode": "forward_backward", "round": 2, "block": 0, "label": "A", "sample": 8, "ms": 17.75334358215332}
{"event": "sample", "n": 513, "mode": "forward_backward", "round": 2, "block": 0, "label": "A", "sample": 9, "ms": 17.7541446685791}
{"event": "sample", "n": 513, "mode": "forward_backward", "round": 2, "block": 1, "label": "B", "sample": 0, "ms": 10.070272445678711}
{"event": "sample", "n": 513, "mode": "forward_backward", "round": 2, "block": 1, "label": "B", "sample": 1, "ms": 9.682271957397461}
{"event": "sample", "n": 513, "mode": "forward_backward", "round": 2, "block": 1, "label": "B", "sample": 2, "ms": 9.6843843460083}
{"event": "sample", "n": 513, "mode": "forward_backward", "round": 2, "block": 1, "label": "B", "sample": 3, "ms": 9.675488471984863}
{"event": "sample", "n": 513, "mode": "forward_backward", "round": 2, "block": 1, "label": "B", "sample": 4, "ms": 9.672351837158203}
{"event": "sample", "n": 513, "mode": "forward_backward", "round": 2, "block": 1, "label": "B", "sample": 5, "ms": 9.684127807617188}
{"event": "sample", "n": 513, "mode": "forward_backward", "round": 2, "block": 1, "label": "B", "sample": 6, "ms": 9.67251205444336}
{"event": "sample", "n": 513, "mode": "forward_backward", "round": 2, "block": 1, "label": "B", "sample": 7, "ms": 9.694047927856445}
{"event": "sample", "n": 513, "mode": "forward_backward", "round": 2, "block": 1, "label": "B", "sample": 8, "ms": 9.678912162780762}
{"event": "sample", "n": 513, "mode": "forward_backward", "round": 2, "block": 1, "label": "B", "sample": 9, "ms": 9.671711921691895}
{"event": "sample", "n": 513, "mode": "forward_backward", "round": 2, "block": 2, "label": "B", "sample": 0, "ms": 10.63929557800293}
{"event": "sample", "n": 513, "mode": "forward_backward", "round": 2, "block": 2, "label": "B", "sample": 1, "ms": 9.690079689025879}
{"event": "sample", "n": 513, "mode": "forward_backward", "round": 2, "block": 2, "label": "B", "sample": 2, "ms": 9.689760208129883}
{"event": "sample", "n": 513, "mode": "forward_backward", "round": 2, "block": 2, "label": "B", "sample": 3, "ms": 9.684224128723145}
{"event": "sample", "n": 513, "mode": "forward_backward", "round": 2, "block": 2, "label": "B", "sample": 4, "ms": 9.676032066345215}
{"event": "sample", "n": 513, "mode": "forward_backward", "round": 2, "block": 2, "label": "B", "sample": 5, "ms": 9.678175926208496}
{"event": "sample", "n": 513, "mode": "forward_backward", "round": 2, "block": 2, "label": "B", "sample": 6, "ms": 9.676351547241211}
{"event": "sample", "n": 513, "mode": "forward_backward", "round": 2, "block": 2, "label": "B", "sample": 7, "ms": 9.670495986938477}
{"event": "sample", "n": 513, "mode": "forward_backward", "round": 2, "block": 2, "label": "B", "sample": 8, "ms": 9.666463851928711}
{"event": "sample", "n": 513, "mode": "forward_backward", "round": 2, "block": 2, "label": "B", "sample": 9, "ms": 9.669183731079102}
{"event": "sample", "n": 513, "mode": "forward_backward", "round": 2, "block": 3, "label": "A", "sample": 0, "ms": 18.147903442382812}
{"event": "sample", "n": 513, "mode": "forward_backward", "round": 2, "block": 3, "label": "A", "sample": 1, "ms": 17.732864379882812}
{"event": "sample", "n": 513, "mode": "forward_backward", "round": 2, "block": 3, "label": "A", "sample": 2, "ms": 17.742624282836914}
{"event": "sample", "n": 513, "mode": "forward_backward", "round": 2, "block": 3, "label": "A", "sample": 3, "ms": 17.73632049560547}
{"event": "sample", "n": 513, "mode": "forward_backward", "round": 2, "block": 3, "label": "A", "sample": 4, "ms": 17.748064041137695}
{"event": "sample", "n": 513, "mode": "forward_backward", "round": 2, "block": 3, "label": "A", "sample": 5, "ms": 17.752031326293945}
{"event": "sample", "n": 513, "mode": "forward_backward", "round": 2, "block": 3, "label": "A", "sample": 6, "ms": 17.75315284729004}
{"event": "sample", "n": 513, "mode": "forward_backward", "round": 2, "block": 3, "label": "A", "sample": 7, "ms": 17.756351470947266}
{"event": "sample", "n": 513, "mode": "forward_backward", "round": 2, "block": 3, "label": "A", "sample": 8, "ms": 17.756864547729492}
{"event": "sample", "n": 513, "mode": "forward_backward", "round": 2, "block": 3, "label": "A", "sample": 9, "ms": 17.757055282592773}
{"event": "summary", "n": 513, "mode": "forward_backward", "median_ms": {"A": 17.756336212158203, "B": 9.675871849060059}, "speedup": 1.835114859844191, "samples_per_label": 60}
{"event": "parity", "n": 640, "checks": {"output": {"relative_l2": 0.0, "baseline_zero_max_abs_diagnostic": 0.0, "passed": true}, "dq": {"relative_l2": 5.8308687584940344e-05, "baseline_zero_max_abs_diagnostic": 3.725290298461914e-09, "passed": true}, "dk": {"relative_l2": 0.0, "baseline_zero_max_abs_diagnostic": 0.0, "passed": true}, "dv": {"relative_l2": 0.0, "baseline_zero_max_abs_diagnostic": 0.0, "passed": true}, "db": {"relative_l2": 1.7361307982355356e-05, "baseline_zero_max_abs_diagnostic": 0.0, "passed": true}}, "independent_reference": false}
{"event": "memory", "n": 640, "measurements": {"A": {"peak_increment_bytes": 924467200, "retained_increment_bytes": 845414400}, "B": {"peak_increment_bytes": 1000755200, "retained_increment_bytes": 845414400}}}
{"event": "sample", "n": 640, "mode": "forward", "round": 0, "block": 0, "label": "A", "sample": 0, "ms": 3.0477120876312256}
{"event": "sample", "n": 640, "mode": "forward", "round": 0, "block": 0, "label": "A", "sample": 1, "ms": 2.8163840770721436}
{"event": "sample", "n": 640, "mode": "forward", "round": 0, "block": 0, "label": "A", "sample": 2, "ms": 2.8190720081329346}
{"event": "sample", "n": 640, "mode": "forward", "round": 0, "block": 0, "label": "A", "sample": 3, "ms": 2.8177919387817383}
{"event": "sample", "n": 640, "mode": "forward", "round": 0, "block": 0, "label": "A", "sample": 4, "ms": 2.8175039291381836}
{"event": "sample", "n": 640, "mode": "forward", "round": 0, "block": 0, "label": "A", "sample": 5, "ms": 2.8195199966430664}
{"event": "sample", "n": 640, "mode": "forward", "round": 0, "block": 0, "label": "A", "sample": 6, "ms": 2.8190081119537354}
{"event": "sample", "n": 640, "mode": "forward", "round": 0, "block": 0, "label": "A", "sample": 7, "ms": 2.818495988845825}
{"event": "sample", "n": 640, "mode": "forward", "round": 0, "block": 0, "label": "A", "sample": 8, "ms": 2.8171839714050293}
{"event": "sample", "n": 640, "mode": "forward", "round": 0, "block": 0, "label": "A", "sample": 9, "ms": 2.817888021469116}
{"event": "sample", "n": 640, "mode": "forward", "round": 0, "block": 1, "label": "B", "sample": 0, "ms": 3.1160640716552734}
{"event": "sample", "n": 640, "mode": "forward", "round": 0, "block": 1, "label": "B", "sample": 1, "ms": 2.742271900177002}
{"event": "sample", "n": 640, "mode": "forward", "round": 0, "block": 1, "label": "B", "sample": 2, "ms": 2.7438719272613525}
{"event": "sample", "n": 640, "mode": "forward", "round": 0, "block": 1, "label": "B", "sample": 3, "ms": 2.7445759773254395}
{"event": "sample", "n": 640, "mode": "forward", "round": 0, "block": 1, "label": "B", "sample": 4, "ms": 2.743648052215576}
{"event": "sample", "n": 640, "mode": "forward", "round": 0, "block": 1, "label": "B", "sample": 5, "ms": 2.7458560466766357}
{"event": "sample", "n": 640, "mode": "forward", "round": 0, "block": 1, "label": "B", "sample": 6, "ms": 2.7442240715026855}
{"event": "sample", "n": 640, "mode": "forward", "round": 0, "block": 1, "label": "B", "sample": 7, "ms": 2.745120048522949}
{"event": "sample", "n": 640, "mode": "forward", "round": 0, "block": 1, "label": "B", "sample": 8, "ms": 2.7448959350585938}
{"event": "sample", "n": 640, "mode": "forward", "round": 0, "block": 1, "label": "B", "sample": 9, "ms": 2.7441279888153076}
{"event": "sample", "n": 640, "mode": "forward", "round": 0, "block": 2, "label": "B", "sample": 0, "ms": 3.12608003616333}
{"event": "sample", "n": 640, "mode": "forward", "round": 0, "block": 2, "label": "B", "sample": 1, "ms": 2.74566388130188}
{"event": "sample", "n": 640, "mode": "forward", "round": 0, "block": 2, "label": "B", "sample": 2, "ms": 2.7478079795837402}
{"event": "sample", "n": 640, "mode": "forward", "round": 0, "block": 2, "label": "B", "sample": 3, "ms": 2.7482240200042725}
{"event": "sample", "n": 640, "mode": "forward", "round": 0, "block": 2, "label": "B", "sample": 4, "ms": 2.748415946960449}
{"event": "sample", "n": 640, "mode": "forward", "round": 0, "block": 2, "label": "B", "sample": 5, "ms": 2.7476160526275635}
{"event": "sample", "n": 640, "mode": "forward", "round": 0, "block": 2, "label": "B", "sample": 6, "ms": 2.7488319873809814}
{"event": "sample", "n": 640, "mode": "forward", "round": 0, "block": 2, "label": "B", "sample": 7, "ms": 2.7490880489349365}
{"event": "sample", "n": 640, "mode": "forward", "round": 0, "block": 2, "label": "B", "sample": 8, "ms": 2.7479360103607178}
{"event": "sample", "n": 640, "mode": "forward", "round": 0, "block": 2, "label": "B", "sample": 9, "ms": 2.7482240200042725}
{"event": "sample", "n": 640, "mode": "forward", "round": 0, "block": 3, "label": "A", "sample": 0, "ms": 3.0804800987243652}
{"event": "sample", "n": 640, "mode": "forward", "round": 0, "block": 3, "label": "A", "sample": 1, "ms": 2.8229761123657227}
{"event": "sample", "n": 640, "mode": "forward", "round": 0, "block": 3, "label": "A", "sample": 2, "ms": 2.822175979614258}
{"event": "sample", "n": 640, "mode": "forward", "round": 0, "block": 3, "label": "A", "sample": 3, "ms": 2.8230719566345215}
{"event": "sample", "n": 640, "mode": "forward", "round": 0, "block": 3, "label": "A", "sample": 4, "ms": 2.82425594329834}
{"event": "sample", "n": 640, "mode": "forward", "round": 0, "block": 3, "label": "A", "sample": 5, "ms": 2.8239998817443848}
{"event": "sample", "n": 640, "mode": "forward", "round": 0, "block": 3, "label": "A", "sample": 6, "ms": 2.822432041168213}
{"event": "sample", "n": 640, "mode": "forward", "round": 0, "block": 3, "label": "A", "sample": 7, "ms": 2.8226559162139893}
{"event": "sample", "n": 640, "mode": "forward", "round": 0, "block": 3, "label": "A", "sample": 8, "ms": 2.8224000930786133}
{"event": "sample", "n": 640, "mode": "forward", "round": 0, "block": 3, "label": "A", "sample": 9, "ms": 2.8237760066986084}
{"event": "sample", "n": 640, "mode": "forward", "round": 1, "block": 0, "label": "A", "sample": 0, "ms": 3.0882558822631836}
{"event": "sample", "n": 640, "mode": "forward", "round": 1, "block": 0, "label": "A", "sample": 1, "ms": 2.8218560218811035}
{"event": "sample", "n": 640, "mode": "forward", "round": 1, "block": 0, "label": "A", "sample": 2, "ms": 2.8235199451446533}
{"event": "sample", "n": 640, "mode": "forward", "round": 1, "block": 0, "label": "A", "sample": 3, "ms": 2.823712110519409}
{"event": "sample", "n": 640, "mode": "forward", "round": 1, "block": 0, "label": "A", "sample": 4, "ms": 2.8232319355010986}
{"event": "sample", "n": 640, "mode": "forward", "round": 1, "block": 0, "label": "A", "sample": 5, "ms": 2.8240320682525635}
{"event": "sample", "n": 640, "mode": "forward", "round": 1, "block": 0, "label": "A", "sample": 6, "ms": 2.8229119777679443}
{"event": "sample", "n": 640, "mode": "forward", "round": 1, "block": 0, "label": "A", "sample": 7, "ms": 2.8232319355010986}
{"event": "sample", "n": 640, "mode": "forward", "round": 1, "block": 0, "label": "A", "sample": 8, "ms": 2.823456048965454}
{"event": "sample", "n": 640, "mode": "forward", "round": 1, "block": 0, "label": "A", "sample": 9, "ms": 2.822751998901367}
{"event": "sample", "n": 640, "mode": "forward", "round": 1, "block": 1, "label": "B", "sample": 0, "ms": 3.1397759914398193}
{"event": "sample", "n": 640, "mode": "forward", "round": 1, "block": 1, "label": "B", "sample": 1, "ms": 2.746367931365967}
{"event": "sample", "n": 640, "mode": "forward", "round": 1, "block": 1, "label": "B", "sample": 2, "ms": 2.747648000717163}
{"event": "sample", "n": 640, "mode": "forward", "round": 1, "block": 1, "label": "B", "sample": 3, "ms": 2.747551918029785}
{"event": "sample", "n": 640, "mode": "forward", "round": 1, "block": 1, "label": "B", "sample": 4, "ms": 2.747584104537964}
{"event": "sample", "n": 640, "mode": "forward", "round": 1, "block": 1, "label": "B", "sample": 5, "ms": 2.748192071914673}
{"event": "sample", "n": 640, "mode": "forward", "round": 1, "block": 1, "label": "B", "sample": 6, "ms": 2.747296094894409}
{"event": "sample", "n": 640, "mode": "forward", "round": 1, "block": 1, "label": "B", "sample": 7, "ms": 2.747584104537964}
{"event": "sample", "n": 640, "mode": "forward", "round": 1, "block": 1, "label": "B", "sample": 8, "ms": 2.7491838932037354}
{"event": "sample", "n": 640, "mode": "forward", "round": 1, "block": 1, "label": "B", "sample": 9, "ms": 2.747999906539917}
{"event": "sample", "n": 640, "mode": "forward", "round": 1, "block": 2, "label": "B", "sample": 0, "ms": 3.1187520027160645}
{"event": "sample", "n": 640, "mode": "forward", "round": 1, "block": 2, "label": "B", "sample": 1, "ms": 2.745568037033081}
{"event": "sample", "n": 640, "mode": "forward", "round": 1, "block": 2, "label": "B", "sample": 2, "ms": 2.747136116027832}
{"event": "sample", "n": 640, "mode": "forward", "round": 1, "block": 2, "label": "B", "sample": 3, "ms": 2.748415946960449}
{"event": "sample", "n": 640, "mode": "forward", "round": 1, "block": 2, "label": "B", "sample": 4, "ms": 2.7479360103607178}
{"event": "sample", "n": 640, "mode": "forward", "round": 1, "block": 2, "label": "B", "sample": 5, "ms": 2.7477118968963623}
{"event": "sample", "n": 640, "mode": "forward", "round": 1, "block": 2, "label": "B", "sample": 6, "ms": 2.748800039291382}
{"event": "sample", "n": 640, "mode": "forward", "round": 1, "block": 2, "label": "B", "sample": 7, "ms": 2.7465920448303223}
{"event": "sample", "n": 640, "mode": "forward", "round": 1, "block": 2, "label": "B", "sample": 8, "ms": 2.749119997024536}
{"event": "sample", "n": 640, "mode": "forward", "round": 1, "block": 2, "label": "B", "sample": 9, "ms": 2.7482879161834717}
{"event": "sample", "n": 640, "mode": "forward", "round": 1, "block": 3, "label": "A", "sample": 0, "ms": 3.1086719036102295}
{"event": "sample", "n": 640, "mode": "forward", "round": 1, "block": 3, "label": "A", "sample": 1, "ms": 2.8195838928222656}
{"event": "sample", "n": 640, "mode": "forward", "round": 1, "block": 3, "label": "A", "sample": 2, "ms": 2.8225600719451904}
{"event": "sample", "n": 640, "mode": "forward", "round": 1, "block": 3, "label": "A", "sample": 3, "ms": 2.8229119777679443}
{"event": "sample", "n": 640, "mode": "forward", "round": 1, "block": 3, "label": "A", "sample": 4, "ms": 2.8233280181884766}
{"event": "sample", "n": 640, "mode": "forward", "round": 1, "block": 3, "label": "A", "sample": 5, "ms": 2.8235199451446533}
{"event": "sample", "n": 640, "mode": "forward", "round": 1, "block": 3, "label": "A", "sample": 6, "ms": 2.823744058609009}
{"event": "sample", "n": 640, "mode": "forward", "round": 1, "block": 3, "label": "A", "sample": 7, "ms": 2.8227200508117676}
{"event": "sample", "n": 640, "mode": "forward", "round": 1, "block": 3, "label": "A", "sample": 8, "ms": 2.8219521045684814}
{"event": "sample", "n": 640, "mode": "forward", "round": 1, "block": 3, "label": "A", "sample": 9, "ms": 2.822688102722168}
{"event": "sample", "n": 640, "mode": "forward", "round": 2, "block": 0, "label": "A", "sample": 0, "ms": 3.075040102005005}
{"event": "sample", "n": 640, "mode": "forward", "round": 2, "block": 0, "label": "A", "sample": 1, "ms": 2.819904088973999}
{"event": "sample", "n": 640, "mode": "forward", "round": 2, "block": 0, "label": "A", "sample": 2, "ms": 2.822240114212036}
{"event": "sample", "n": 640, "mode": "forward", "round": 2, "block": 0, "label": "A", "sample": 3, "ms": 2.823359966278076}
{"event": "sample", "n": 640, "mode": "forward", "round": 2, "block": 0, "label": "A", "sample": 4, "ms": 2.8215999603271484}
{"event": "sample", "n": 640, "mode": "forward", "round": 2, "block": 0, "label": "A", "sample": 5, "ms": 2.8222079277038574}
{"event": "sample", "n": 640, "mode": "forward", "round": 2, "block": 0, "label": "A", "sample": 6, "ms": 2.8231360912323}
{"event": "sample", "n": 640, "mode": "forward", "round": 2, "block": 0, "label": "A", "sample": 7, "ms": 2.8220160007476807}
{"event": "sample", "n": 640, "mode": "forward", "round": 2, "block": 0, "label": "A", "sample": 8, "ms": 2.8223040103912354}
{"event": "sample", "n": 640, "mode": "forward", "round": 2, "block": 0, "label": "A", "sample": 9, "ms": 2.8280959129333496}
{"event": "sample", "n": 640, "mode": "forward", "round": 2, "block": 1, "label": "B", "sample": 0, "ms": 3.137824058532715}
{"event": "sample", "n": 640, "mode": "forward", "round": 2, "block": 1, "label": "B", "sample": 1, "ms": 2.753920078277588}
{"event": "sample", "n": 640, "mode": "forward", "round": 2, "block": 1, "label": "B", "sample": 2, "ms": 2.754944086074829}
{"event": "sample", "n": 640, "mode": "forward", "round": 2, "block": 1, "label": "B", "sample": 3, "ms": 2.7551040649414062}
{"event": "sample", "n": 640, "mode": "forward", "round": 2, "block": 1, "label": "B", "sample": 4, "ms": 2.7547199726104736}
{"event": "sample", "n": 640, "mode": "forward", "round": 2, "block": 1, "label": "B", "sample": 5, "ms": 2.755199909210205}
{"event": "sample", "n": 640, "mode": "forward", "round": 2, "block": 1, "label": "B", "sample": 6, "ms": 2.7555201053619385}
{"event": "sample", "n": 640, "mode": "forward", "round": 2, "block": 1, "label": "B", "sample": 7, "ms": 2.7556800842285156}
{"event": "sample", "n": 640, "mode": "forward", "round": 2, "block": 1, "label": "B", "sample": 8, "ms": 2.7553598880767822}
{"event": "sample", "n": 640, "mode": "forward", "round": 2, "block": 1, "label": "B", "sample": 9, "ms": 2.755392074584961}
{"event": "sample", "n": 640, "mode": "forward", "round": 2, "block": 2, "label": "B", "sample": 0, "ms": 3.084575891494751}
{"event": "sample", "n": 640, "mode": "forward", "round": 2, "block": 2, "label": "B", "sample": 1, "ms": 2.7541120052337646}
{"event": "sample", "n": 640, "mode": "forward", "round": 2, "block": 2, "label": "B", "sample": 2, "ms": 2.75433611869812}
{"event": "sample", "n": 640, "mode": "forward", "round": 2, "block": 2, "label": "B", "sample": 3, "ms": 2.7544639110565186}
{"event": "sample", "n": 640, "mode": "forward", "round": 2, "block": 2, "label": "B", "sample": 4, "ms": 2.755903959274292}
{"event": "sample", "n": 640, "mode": "forward", "round": 2, "block": 2, "label": "B", "sample": 5, "ms": 2.754944086074829}
{"event": "sample", "n": 640, "mode": "forward", "round": 2, "block": 2, "label": "B", "sample": 6, "ms": 2.754688024520874}
{"event": "sample", "n": 640, "mode": "forward", "round": 2, "block": 2, "label": "B", "sample": 7, "ms": 2.7547199726104736}
{"event": "sample", "n": 640, "mode": "forward", "round": 2, "block": 2, "label": "B", "sample": 8, "ms": 2.7544639110565186}
{"event": "sample", "n": 640, "mode": "forward", "round": 2, "block": 2, "label": "B", "sample": 9, "ms": 2.7552640438079834}
{"event": "sample", "n": 640, "mode": "forward", "round": 2, "block": 3, "label": "A", "sample": 0, "ms": 3.1106879711151123}
{"event": "sample", "n": 640, "mode": "forward", "round": 2, "block": 3, "label": "A", "sample": 1, "ms": 2.8258559703826904}
{"event": "sample", "n": 640, "mode": "forward", "round": 2, "block": 3, "label": "A", "sample": 2, "ms": 2.829087972640991}
{"event": "sample", "n": 640, "mode": "forward", "round": 2, "block": 3, "label": "A", "sample": 3, "ms": 2.8286080360412598}
{"event": "sample", "n": 640, "mode": "forward", "round": 2, "block": 3, "label": "A", "sample": 4, "ms": 2.828160047531128}
{"event": "sample", "n": 640, "mode": "forward", "round": 2, "block": 3, "label": "A", "sample": 5, "ms": 2.827104091644287}
{"event": "sample", "n": 640, "mode": "forward", "round": 2, "block": 3, "label": "A", "sample": 6, "ms": 2.8261120319366455}
{"event": "sample", "n": 640, "mode": "forward", "round": 2, "block": 3, "label": "A", "sample": 7, "ms": 2.8276801109313965}
{"event": "sample", "n": 640, "mode": "forward", "round": 2, "block": 3, "label": "A", "sample": 8, "ms": 2.8283519744873047}
{"event": "sample", "n": 640, "mode": "forward", "round": 2, "block": 3, "label": "A", "sample": 9, "ms": 2.82857608795166}
{"event": "summary", "n": 640, "mode": "forward", "median_ms": {"A": 2.8231040239334106, "B": 2.748415946960449}, "speedup": 1.0271749540150794, "samples_per_label": 60}
{"event": "sample", "n": 640, "mode": "backward", "round": 0, "block": 0, "label": "A", "sample": 0, "ms": 14.684191703796387}
{"event": "sample", "n": 640, "mode": "backward", "round": 0, "block": 0, "label": "A", "sample": 1, "ms": 14.37507152557373}
{"event": "sample", "n": 640, "mode": "backward", "round": 0, "block": 0, "label": "A", "sample": 2, "ms": 14.410623550415039}
{"event": "sample", "n": 640, "mode": "backward", "round": 0, "block": 0, "label": "A", "sample": 3, "ms": 14.410400390625}
{"event": "sample", "n": 640, "mode": "backward", "round": 0, "block": 0, "label": "A", "sample": 4, "ms": 14.40675163269043}
{"event": "sample", "n": 640, "mode": "backward", "round": 0, "block": 0, "label": "A", "sample": 5, "ms": 14.406975746154785}
{"event": "sample", "n": 640, "mode": "backward", "round": 0, "block": 0, "label": "A", "sample": 6, "ms": 14.406944274902344}
{"event": "sample", "n": 640, "mode": "backward", "round": 0, "block": 0, "label": "A", "sample": 7, "ms": 14.399999618530273}
{"event": "sample", "n": 640, "mode": "backward", "round": 0, "block": 0, "label": "A", "sample": 8, "ms": 14.400992393493652}
{"event": "sample", "n": 640, "mode": "backward", "round": 0, "block": 0, "label": "A", "sample": 9, "ms": 14.372480392456055}
{"event": "sample", "n": 640, "mode": "backward", "round": 0, "block": 1, "label": "B", "sample": 0, "ms": 10.73151969909668}
{"event": "sample", "n": 640, "mode": "backward", "round": 0, "block": 1, "label": "B", "sample": 1, "ms": 10.545696258544922}
{"event": "sample", "n": 640, "mode": "backward", "round": 0, "block": 1, "label": "B", "sample": 2, "ms": 10.543168067932129}
{"event": "sample", "n": 640, "mode": "backward", "round": 0, "block": 1, "label": "B", "sample": 3, "ms": 10.542559623718262}
{"event": "sample", "n": 640, "mode": "backward", "round": 0, "block": 1, "label": "B", "sample": 4, "ms": 10.558143615722656}
{"event": "sample", "n": 640, "mode": "backward", "round": 0, "block": 1, "label": "B", "sample": 5, "ms": 10.549823760986328}
{"event": "sample", "n": 640, "mode": "backward", "round": 0, "block": 1, "label": "B", "sample": 6, "ms": 10.565823554992676}
{"event": "sample", "n": 640, "mode": "backward", "round": 0, "block": 1, "label": "B", "sample": 7, "ms": 10.553055763244629}
{"event": "sample", "n": 640, "mode": "backward", "round": 0, "block": 1, "label": "B", "sample": 8, "ms": 10.547648429870605}
{"event": "sample", "n": 640, "mode": "backward", "round": 0, "block": 1, "label": "B", "sample": 9, "ms": 10.546143531799316}
{"event": "sample", "n": 640, "mode": "backward", "round": 0, "block": 2, "label": "B", "sample": 0, "ms": 10.711872100830078}
{"event": "sample", "n": 640, "mode": "backward", "round": 0, "block": 2, "label": "B", "sample": 1, "ms": 10.545215606689453}
{"event": "sample", "n": 640, "mode": "backward", "round": 0, "block": 2, "label": "B", "sample": 2, "ms": 10.55350399017334}
{"event": "sample", "n": 640, "mode": "backward", "round": 0, "block": 2, "label": "B", "sample": 3, "ms": 10.552255630493164}
{"event": "sample", "n": 640, "mode": "backward", "round": 0, "block": 2, "label": "B", "sample": 4, "ms": 10.546719551086426}
{"event": "sample", "n": 640, "mode": "backward", "round": 0, "block": 2, "label": "B", "sample": 5, "ms": 10.551551818847656}
{"event": "sample", "n": 640, "mode": "backward", "round": 0, "block": 2, "label": "B", "sample": 6, "ms": 10.547967910766602}
{"event": "sample", "n": 640, "mode": "backward", "round": 0, "block": 2, "label": "B", "sample": 7, "ms": 10.565823554992676}
{"event": "sample", "n": 640, "mode": "backward", "round": 0, "block": 2, "label": "B", "sample": 8, "ms": 10.56441593170166}
{"event": "sample", "n": 640, "mode": "backward", "round": 0, "block": 2, "label": "B", "sample": 9, "ms": 10.577280044555664}
{"event": "sample", "n": 640, "mode": "backward", "round": 0, "block": 3, "label": "A", "sample": 0, "ms": 14.726911544799805}
{"event": "sample", "n": 640, "mode": "backward", "round": 0, "block": 3, "label": "A", "sample": 1, "ms": 14.40227222442627}
{"event": "sample", "n": 640, "mode": "backward", "round": 0, "block": 3, "label": "A", "sample": 2, "ms": 14.406432151794434}
{"event": "sample", "n": 640, "mode": "backward", "round": 0, "block": 3, "label": "A", "sample": 3, "ms": 14.402655601501465}
{"event": "sample", "n": 640, "mode": "backward", "round": 0, "block": 3, "label": "A", "sample": 4, "ms": 14.402175903320312}
{"event": "sample", "n": 640, "mode": "backward", "round": 0, "block": 3, "label": "A", "sample": 5, "ms": 14.371232032775879}
{"event": "sample", "n": 640, "mode": "backward", "round": 0, "block": 3, "label": "A", "sample": 6, "ms": 14.367232322692871}
{"event": "sample", "n": 640, "mode": "backward", "round": 0, "block": 3, "label": "A", "sample": 7, "ms": 14.36620807647705}
{"event": "sample", "n": 640, "mode": "backward", "round": 0, "block": 3, "label": "A", "sample": 8, "ms": 14.377471923828125}
{"event": "sample", "n": 640, "mode": "backward", "round": 0, "block": 3, "label": "A", "sample": 9, "ms": 14.377023696899414}
{"event": "sample", "n": 640, "mode": "backward", "round": 1, "block": 0, "label": "A", "sample": 0, "ms": 14.666848182678223}
{"event": "sample", "n": 640, "mode": "backward", "round": 1, "block": 0, "label": "A", "sample": 1, "ms": 14.368672370910645}
{"event": "sample", "n": 640, "mode": "backward", "round": 1, "block": 0, "label": "A", "sample": 2, "ms": 14.369664192199707}
{"event": "sample", "n": 640, "mode": "backward", "round": 1, "block": 0, "label": "A", "sample": 3, "ms": 14.36838436126709}
{"event": "sample", "n": 640, "mode": "backward", "round": 1, "block": 0, "label": "A", "sample": 4, "ms": 14.376928329467773}
{"event": "sample", "n": 640, "mode": "backward", "round": 1, "block": 0, "label": "A", "sample": 5, "ms": 14.373663902282715}
{"event": "sample", "n": 640, "mode": "backward", "round": 1, "block": 0, "label": "A", "sample": 6, "ms": 14.36787223815918}
{"event": "sample", "n": 640, "mode": "backward", "round": 1, "block": 0, "label": "A", "sample": 7, "ms": 14.367168426513672}
{"event": "sample", "n": 640, "mode": "backward", "round": 1, "block": 0, "label": "A", "sample": 8, "ms": 14.387264251708984}
{"event": "sample", "n": 640, "mode": "backward", "round": 1, "block": 0, "label": "A", "sample": 9, "ms": 14.411487579345703}
{"event": "sample", "n": 640, "mode": "backward", "round": 1, "block": 1, "label": "B", "sample": 0, "ms": 10.82204818725586}
{"event": "sample", "n": 640, "mode": "backward", "round": 1, "block": 1, "label": "B", "sample": 1, "ms": 10.640031814575195}
{"event": "sample", "n": 640, "mode": "backward", "round": 1, "block": 1, "label": "B", "sample": 2, "ms": 10.634367942810059}
{"event": "sample", "n": 640, "mode": "backward", "round": 1, "block": 1, "label": "B", "sample": 3, "ms": 10.616928100585938}
{"event": "sample", "n": 640, "mode": "backward", "round": 1, "block": 1, "label": "B", "sample": 4, "ms": 10.638367652893066}
{"event": "sample", "n": 640, "mode": "backward", "round": 1, "block": 1, "label": "B", "sample": 5, "ms": 10.630720138549805}
{"event": "sample", "n": 640, "mode": "backward", "round": 1, "block": 1, "label": "B", "sample": 6, "ms": 10.622495651245117}
{"event": "sample", "n": 640, "mode": "backward", "round": 1, "block": 1, "label": "B", "sample": 7, "ms": 10.62816047668457}
{"event": "sample", "n": 640, "mode": "backward", "round": 1, "block": 1, "label": "B", "sample": 8, "ms": 10.594976425170898}
{"event": "sample", "n": 640, "mode": "backward", "round": 1, "block": 1, "label": "B", "sample": 9, "ms": 10.59875202178955}
{"event": "sample", "n": 640, "mode": "backward", "round": 1, "block": 2, "label": "B", "sample": 0, "ms": 10.77660846710205}
{"event": "sample", "n": 640, "mode": "backward", "round": 1, "block": 2, "label": "B", "sample": 1, "ms": 10.61193561553955}
{"event": "sample", "n": 640, "mode": "backward", "round": 1, "block": 2, "label": "B", "sample": 2, "ms": 10.594623565673828}
{"event": "sample", "n": 640, "mode": "backward", "round": 1, "block": 2, "label": "B", "sample": 3, "ms": 10.613696098327637}
{"event": "sample", "n": 640, "mode": "backward", "round": 1, "block": 2, "label": "B", "sample": 4, "ms": 10.602720260620117}
{"event": "sample", "n": 640, "mode": "backward", "round": 1, "block": 2, "label": "B", "sample": 5, "ms": 10.591360092163086}
{"event": "sample", "n": 640, "mode": "backward", "round": 1, "block": 2, "label": "B", "sample": 6, "ms": 10.604991912841797}
{"event": "sample", "n": 640, "mode": "backward", "round": 1, "block": 2, "label": "B", "sample": 7, "ms": 10.593855857849121}
{"event": "sample", "n": 640, "mode": "backward", "round": 1, "block": 2, "label": "B", "sample": 8, "ms": 10.598624229431152}
{"event": "sample", "n": 640, "mode": "backward", "round": 1, "block": 2, "label": "B", "sample": 9, "ms": 10.59721565246582}
{"event": "sample", "n": 640, "mode": "backward", "round": 1, "block": 3, "label": "A", "sample": 0, "ms": 14.742752075195312}
{"event": "sample", "n": 640, "mode": "backward", "round": 1, "block": 3, "label": "A", "sample": 1, "ms": 14.375328063964844}
{"event": "sample", "n": 640, "mode": "backward", "round": 1, "block": 3, "label": "A", "sample": 2, "ms": 14.374752044677734}
{"event": "sample", "n": 640, "mode": "backward", "round": 1, "block": 3, "label": "A", "sample": 3, "ms": 14.369695663452148}
{"event": "sample", "n": 640, "mode": "backward", "round": 1, "block": 3, "label": "A", "sample": 4, "ms": 14.366880416870117}
{"event": "sample", "n": 640, "mode": "backward", "round": 1, "block": 3, "label": "A", "sample": 5, "ms": 14.371487617492676}
{"event": "sample", "n": 640, "mode": "backward", "round": 1, "block": 3, "label": "A", "sample": 6, "ms": 14.37887954711914}
{"event": "sample", "n": 640, "mode": "backward", "round": 1, "block": 3, "label": "A", "sample": 7, "ms": 14.374015808105469}
{"event": "sample", "n": 640, "mode": "backward", "round": 1, "block": 3, "label": "A", "sample": 8, "ms": 14.374496459960938}
{"event": "sample", "n": 640, "mode": "backward", "round": 1, "block": 3, "label": "A", "sample": 9, "ms": 14.366368293762207}
{"event": "sample", "n": 640, "mode": "backward", "round": 2, "block": 0, "label": "A", "sample": 0, "ms": 14.700672149658203}
{"event": "sample", "n": 640, "mode": "backward", "round": 2, "block": 0, "label": "A", "sample": 1, "ms": 14.366304397583008}
{"event": "sample", "n": 640, "mode": "backward", "round": 2, "block": 0, "label": "A", "sample": 2, "ms": 14.3754243850708}
{"event": "sample", "n": 640, "mode": "backward", "round": 2, "block": 0, "label": "A", "sample": 3, "ms": 14.375391960144043}
{"event": "sample", "n": 640, "mode": "backward", "round": 2, "block": 0, "label": "A", "sample": 4, "ms": 14.378463745117188}
{"event": "sample", "n": 640, "mode": "backward", "round": 2, "block": 0, "label": "A", "sample": 5, "ms": 14.372096061706543}
{"event": "sample", "n": 640, "mode": "backward", "round": 2, "block": 0, "label": "A", "sample": 6, "ms": 14.374848365783691}
{"event": "sample", "n": 640, "mode": "backward", "round": 2, "block": 0, "label": "A", "sample": 7, "ms": 14.370047569274902}
{"event": "sample", "n": 640, "mode": "backward", "round": 2, "block": 0, "label": "A", "sample": 8, "ms": 14.397855758666992}
{"event": "sample", "n": 640, "mode": "backward", "round": 2, "block": 0, "label": "A", "sample": 9, "ms": 14.410304069519043}
{"event": "sample", "n": 640, "mode": "backward", "round": 2, "block": 1, "label": "B", "sample": 0, "ms": 11.115232467651367}
{"event": "sample", "n": 640, "mode": "backward", "round": 2, "block": 1, "label": "B", "sample": 1, "ms": 10.61952018737793}
{"event": "sample", "n": 640, "mode": "backward", "round": 2, "block": 1, "label": "B", "sample": 2, "ms": 10.601471900939941}
{"event": "sample", "n": 640, "mode": "backward", "round": 2, "block": 1, "label": "B", "sample": 3, "ms": 10.610143661499023}
{"event": "sample", "n": 640, "mode": "backward", "round": 2, "block": 1, "label": "B", "sample": 4, "ms": 10.612383842468262}
{"event": "sample", "n": 640, "mode": "backward", "round": 2, "block": 1, "label": "B", "sample": 5, "ms": 10.62332820892334}
{"event": "sample", "n": 640, "mode": "backward", "round": 2, "block": 1, "label": "B", "sample": 6, "ms": 10.608448028564453}
{"event": "sample", "n": 640, "mode": "backward", "round": 2, "block": 1, "label": "B", "sample": 7, "ms": 10.578720092773438}
{"event": "sample", "n": 640, "mode": "backward", "round": 2, "block": 1, "label": "B", "sample": 8, "ms": 10.577792167663574}
{"event": "sample", "n": 640, "mode": "backward", "round": 2, "block": 1, "label": "B", "sample": 9, "ms": 10.577759742736816}
{"event": "sample", "n": 640, "mode": "backward", "round": 2, "block": 2, "label": "B", "sample": 0, "ms": 10.767007827758789}
{"event": "sample", "n": 640, "mode": "backward", "round": 2, "block": 2, "label": "B", "sample": 1, "ms": 10.587552070617676}
{"event": "sample", "n": 640, "mode": "backward", "round": 2, "block": 2, "label": "B", "sample": 2, "ms": 10.585599899291992}
{"event": "sample", "n": 640, "mode": "backward", "round": 2, "block": 2, "label": "B", "sample": 3, "ms": 10.577728271484375}
{"event": "sample", "n": 640, "mode": "backward", "round": 2, "block": 2, "label": "B", "sample": 4, "ms": 10.581631660461426}
{"event": "sample", "n": 640, "mode": "backward", "round": 2, "block": 2, "label": "B", "sample": 5, "ms": 10.581695556640625}
{"event": "sample", "n": 640, "mode": "backward", "round": 2, "block": 2, "label": "B", "sample": 6, "ms": 10.586432456970215}
{"event": "sample", "n": 640, "mode": "backward", "round": 2, "block": 2, "label": "B", "sample": 7, "ms": 10.577728271484375}
{"event": "sample", "n": 640, "mode": "backward", "round": 2, "block": 2, "label": "B", "sample": 8, "ms": 10.588479995727539}
{"event": "sample", "n": 640, "mode": "backward", "round": 2, "block": 2, "label": "B", "sample": 9, "ms": 10.591615676879883}
{"event": "sample", "n": 640, "mode": "backward", "round": 2, "block": 3, "label": "A", "sample": 0, "ms": 14.754143714904785}
{"event": "sample", "n": 640, "mode": "backward", "round": 2, "block": 3, "label": "A", "sample": 1, "ms": 14.367839813232422}
{"event": "sample", "n": 640, "mode": "backward", "round": 2, "block": 3, "label": "A", "sample": 2, "ms": 14.369119644165039}
{"event": "sample", "n": 640, "mode": "backward", "round": 2, "block": 3, "label": "A", "sample": 3, "ms": 14.37622356414795}
{"event": "sample", "n": 640, "mode": "backward", "round": 2, "block": 3, "label": "A", "sample": 4, "ms": 14.377375602722168}
{"event": "sample", "n": 640, "mode": "backward", "round": 2, "block": 3, "label": "A", "sample": 5, "ms": 14.376255989074707}
{"event": "sample", "n": 640, "mode": "backward", "round": 2, "block": 3, "label": "A", "sample": 6, "ms": 14.379008293151855}
{"event": "sample", "n": 640, "mode": "backward", "round": 2, "block": 3, "label": "A", "sample": 7, "ms": 14.374719619750977}
{"event": "sample", "n": 640, "mode": "backward", "round": 2, "block": 3, "label": "A", "sample": 8, "ms": 14.373248100280762}
{"event": "sample", "n": 640, "mode": "backward", "round": 2, "block": 3, "label": "A", "sample": 9, "ms": 14.3754243850708}
{"event": "summary", "n": 640, "mode": "backward", "median_ms": {"A": 14.375823974609375, "B": 10.591487884521484}, "speedup": 1.3572997610296436, "samples_per_label": 60}
{"event": "sample", "n": 640, "mode": "forward_backward", "round": 0, "block": 0, "label": "A", "sample": 0, "ms": 17.526880264282227}
{"event": "sample", "n": 640, "mode": "forward_backward", "round": 0, "block": 0, "label": "A", "sample": 1, "ms": 17.212064743041992}
{"event": "sample", "n": 640, "mode": "forward_backward", "round": 0, "block": 0, "label": "A", "sample": 2, "ms": 17.203392028808594}
{"event": "sample", "n": 640, "mode": "forward_backward", "round": 0, "block": 0, "label": "A", "sample": 3, "ms": 17.198688507080078}
{"event": "sample", "n": 640, "mode": "forward_backward", "round": 0, "block": 0, "label": "A", "sample": 4, "ms": 17.19388771057129}
{"event": "sample", "n": 640, "mode": "forward_backward", "round": 0, "block": 0, "label": "A", "sample": 5, "ms": 17.188383102416992}
{"event": "sample", "n": 640, "mode": "forward_backward", "round": 0, "block": 0, "label": "A", "sample": 6, "ms": 17.202848434448242}
{"event": "sample", "n": 640, "mode": "forward_backward", "round": 0, "block": 0, "label": "A", "sample": 7, "ms": 17.18783950805664}
{"event": "sample", "n": 640, "mode": "forward_backward", "round": 0, "block": 0, "label": "A", "sample": 8, "ms": 17.192960739135742}
{"event": "sample", "n": 640, "mode": "forward_backward", "round": 0, "block": 0, "label": "A", "sample": 9, "ms": 17.198944091796875}
{"event": "sample", "n": 640, "mode": "forward_backward", "round": 0, "block": 1, "label": "B", "sample": 0, "ms": 13.70736026763916}
{"event": "sample", "n": 640, "mode": "forward_backward", "round": 0, "block": 1, "label": "B", "sample": 1, "ms": 13.288736343383789}
{"event": "sample", "n": 640, "mode": "forward_backward", "round": 0, "block": 1, "label": "B", "sample": 2, "ms": 13.304191589355469}
{"event": "sample", "n": 640, "mode": "forward_backward", "round": 0, "block": 1, "label": "B", "sample": 3, "ms": 13.326111793518066}
{"event": "sample", "n": 640, "mode": "forward_backward", "round": 0, "block": 1, "label": "B", "sample": 4, "ms": 13.33465576171875}
{"event": "sample", "n": 640, "mode": "forward_backward", "round": 0, "block": 1, "label": "B", "sample": 5, "ms": 13.313088417053223}
{"event": "sample", "n": 640, "mode": "forward_backward", "round": 0, "block": 1, "label": "B", "sample": 6, "ms": 13.333024024963379}
{"event": "sample", "n": 640, "mode": "forward_backward", "round": 0, "block": 1, "label": "B", "sample": 7, "ms": 13.351903915405273}
{"event": "sample", "n": 640, "mode": "forward_backward", "round": 0, "block": 1, "label": "B", "sample": 8, "ms": 13.377792358398438}
{"event": "sample", "n": 640, "mode": "forward_backward", "round": 0, "block": 1, "label": "B", "sample": 9, "ms": 13.341440200805664}
{"event": "sample", "n": 640, "mode": "forward_backward", "round": 0, "block": 2, "label": "B", "sample": 0, "ms": 13.75551986694336}
{"event": "sample", "n": 640, "mode": "forward_backward", "round": 0, "block": 2, "label": "B", "sample": 1, "ms": 13.320032119750977}
{"event": "sample", "n": 640, "mode": "forward_backward", "round": 0, "block": 2, "label": "B", "sample": 2, "ms": 13.311296463012695}
{"event": "sample", "n": 640, "mode": "forward_backward", "round": 0, "block": 2, "label": "B", "sample": 3, "ms": 13.307904243469238}
{"event": "sample", "n": 640, "mode": "forward_backward", "round": 0, "block": 2, "label": "B", "sample": 4, "ms": 13.273632049560547}
{"event": "sample", "n": 640, "mode": "forward_backward", "round": 0, "block": 2, "label": "B", "sample": 5, "ms": 13.29308795928955}
{"event": "sample", "n": 640, "mode": "forward_backward", "round": 0, "block": 2, "label": "B", "sample": 6, "ms": 13.310527801513672}
{"event": "sample", "n": 640, "mode": "forward_backward", "round": 0, "block": 2, "label": "B", "sample": 7, "ms": 13.330080032348633}
{"event": "sample", "n": 640, "mode": "forward_backward", "round": 0, "block": 2, "label": "B", "sample": 8, "ms": 13.30294418334961}
{"event": "sample", "n": 640, "mode": "forward_backward", "round": 0, "block": 2, "label": "B", "sample": 9, "ms": 13.353728294372559}
{"event": "sample", "n": 640, "mode": "forward_backward", "round": 0, "block": 3, "label": "A", "sample": 0, "ms": 17.556255340576172}
{"event": "sample", "n": 640, "mode": "forward_backward", "round": 0, "block": 3, "label": "A", "sample": 1, "ms": 17.223936080932617}
{"event": "sample", "n": 640, "mode": "forward_backward", "round": 0, "block": 3, "label": "A", "sample": 2, "ms": 17.233055114746094}
{"event": "sample", "n": 640, "mode": "forward_backward", "round": 0, "block": 3, "label": "A", "sample": 3, "ms": 17.238208770751953}
{"event": "sample", "n": 640, "mode": "forward_backward", "round": 0, "block": 3, "label": "A", "sample": 4, "ms": 17.224576950073242}
{"event": "sample", "n": 640, "mode": "forward_backward", "round": 0, "block": 3, "label": "A", "sample": 5, "ms": 17.194591522216797}
{"event": "sample", "n": 640, "mode": "forward_backward", "round": 0, "block": 3, "label": "A", "sample": 6, "ms": 17.18614387512207}
{"event": "sample", "n": 640, "mode": "forward_backward", "round": 0, "block": 3, "label": "A", "sample": 7, "ms": 17.189184188842773}
{"event": "sample", "n": 640, "mode": "forward_backward", "round": 0, "block": 3, "label": "A", "sample": 8, "ms": 17.204383850097656}
{"event": "sample", "n": 640, "mode": "forward_backward", "round": 0, "block": 3, "label": "A", "sample": 9, "ms": 17.197216033935547}
{"event": "sample", "n": 640, "mode": "forward_backward", "round": 1, "block": 0, "label": "A", "sample": 0, "ms": 17.514240264892578}
{"event": "sample", "n": 640, "mode": "forward_backward", "round": 1, "block": 0, "label": "A", "sample": 1, "ms": 17.2293758392334}
{"event": "sample", "n": 640, "mode": "forward_backward", "round": 1, "block": 0, "label": "A", "sample": 2, "ms": 17.24073600769043}
{"event": "sample", "n": 640, "mode": "forward_backward", "round": 1, "block": 0, "label": "A", "sample": 3, "ms": 17.236831665039062}
{"event": "sample", "n": 640, "mode": "forward_backward", "round": 1, "block": 0, "label": "A", "sample": 4, "ms": 17.229984283447266}
{"event": "sample", "n": 640, "mode": "forward_backward", "round": 1, "block": 0, "label": "A", "sample": 5, "ms": 17.228960037231445}
{"event": "sample", "n": 640, "mode": "forward_backward", "round": 1, "block": 0, "label": "A", "sample": 6, "ms": 17.203296661376953}
{"event": "sample", "n": 640, "mode": "forward_backward", "round": 1, "block": 0, "label": "A", "sample": 7, "ms": 17.185279846191406}
{"event": "sample", "n": 640, "mode": "forward_backward", "round": 1, "block": 0, "label": "A", "sample": 8, "ms": 17.200000762939453}
{"event": "sample", "n": 640, "mode": "forward_backward", "round": 1, "block": 0, "label": "A", "sample": 9, "ms": 17.196447372436523}
{"event": "sample", "n": 640, "mode": "forward_backward", "round": 1, "block": 1, "label": "B", "sample": 0, "ms": 13.721792221069336}
{"event": "sample", "n": 640, "mode": "forward_backward", "round": 1, "block": 1, "label": "B", "sample": 1, "ms": 13.300800323486328}
{"event": "sample", "n": 640, "mode": "forward_backward", "round": 1, "block": 1, "label": "B", "sample": 2, "ms": 13.299776077270508}
{"event": "sample", "n": 640, "mode": "forward_backward", "round": 1, "block": 1, "label": "B", "sample": 3, "ms": 13.33193588256836}
{"event": "sample", "n": 640, "mode": "forward_backward", "round": 1, "block": 1, "label": "B", "sample": 4, "ms": 13.300000190734863}
{"event": "sample", "n": 640, "mode": "forward_backward", "round": 1, "block": 1, "label": "B", "sample": 5, "ms": 13.306719779968262}
{"event": "sample", "n": 640, "mode": "forward_backward", "round": 1, "block": 1, "label": "B", "sample": 6, "ms": 13.303199768066406}
{"event": "sample", "n": 640, "mode": "forward_backward", "round": 1, "block": 1, "label": "B", "sample": 7, "ms": 13.32748794555664}
{"event": "sample", "n": 640, "mode": "forward_backward", "round": 1, "block": 1, "label": "B", "sample": 8, "ms": 13.304544448852539}
{"event": "sample", "n": 640, "mode": "forward_backward", "round": 1, "block": 1, "label": "B", "sample": 9, "ms": 13.303008079528809}
{"event": "sample", "n": 640, "mode": "forward_backward", "round": 1, "block": 2, "label": "B", "sample": 0, "ms": 13.744128227233887}
{"event": "sample", "n": 640, "mode": "forward_backward", "round": 1, "block": 2, "label": "B", "sample": 1, "ms": 13.360416412353516}
{"event": "sample", "n": 640, "mode": "forward_backward", "round": 1, "block": 2, "label": "B", "sample": 2, "ms": 13.33948802947998}
{"event": "sample", "n": 640, "mode": "forward_backward", "round": 1, "block": 2, "label": "B", "sample": 3, "ms": 13.313311576843262}
{"event": "sample", "n": 640, "mode": "forward_backward", "round": 1, "block": 2, "label": "B", "sample": 4, "ms": 13.346528053283691}
{"event": "sample", "n": 640, "mode": "forward_backward", "round": 1, "block": 2, "label": "B", "sample": 5, "ms": 13.364895820617676}
{"event": "sample", "n": 640, "mode": "forward_backward", "round": 1, "block": 2, "label": "B", "sample": 6, "ms": 13.347295761108398}
{"event": "sample", "n": 640, "mode": "forward_backward", "round": 1, "block": 2, "label": "B", "sample": 7, "ms": 13.340543746948242}
{"event": "sample", "n": 640, "mode": "forward_backward", "round": 1, "block": 2, "label": "B", "sample": 8, "ms": 13.293567657470703}
{"event": "sample", "n": 640, "mode": "forward_backward", "round": 1, "block": 2, "label": "B", "sample": 9, "ms": 13.311776161193848}
{"event": "sample", "n": 640, "mode": "forward_backward", "round": 1, "block": 3, "label": "A", "sample": 0, "ms": 17.489408493041992}
{"event": "sample", "n": 640, "mode": "forward_backward", "round": 1, "block": 3, "label": "A", "sample": 1, "ms": 17.196895599365234}
{"event": "sample", "n": 640, "mode": "forward_backward", "round": 1, "block": 3, "label": "A", "sample": 2, "ms": 17.196672439575195}
{"event": "sample", "n": 640, "mode": "forward_backward", "round": 1, "block": 3, "label": "A", "sample": 3, "ms": 17.209280014038086}
{"event": "sample", "n": 640, "mode": "forward_backward", "round": 1, "block": 3, "label": "A", "sample": 4, "ms": 17.2412166595459}
{"event": "sample", "n": 640, "mode": "forward_backward", "round": 1, "block": 3, "label": "A", "sample": 5, "ms": 17.232128143310547}
{"event": "sample", "n": 640, "mode": "forward_backward", "round": 1, "block": 3, "label": "A", "sample": 6, "ms": 17.233760833740234}
{"event": "sample", "n": 640, "mode": "forward_backward", "round": 1, "block": 3, "label": "A", "sample": 7, "ms": 17.224895477294922}
{"event": "sample", "n": 640, "mode": "forward_backward", "round": 1, "block": 3, "label": "A", "sample": 8, "ms": 17.238496780395508}
{"event": "sample", "n": 640, "mode": "forward_backward", "round": 1, "block": 3, "label": "A", "sample": 9, "ms": 17.218944549560547}
{"event": "sample", "n": 640, "mode": "forward_backward", "round": 2, "block": 0, "label": "A", "sample": 0, "ms": 17.494592666625977}
{"event": "sample", "n": 640, "mode": "forward_backward", "round": 2, "block": 0, "label": "A", "sample": 1, "ms": 17.188671112060547}
{"event": "sample", "n": 640, "mode": "forward_backward", "round": 2, "block": 0, "label": "A", "sample": 2, "ms": 17.199520111083984}
{"event": "sample", "n": 640, "mode": "forward_backward", "round": 2, "block": 0, "label": "A", "sample": 3, "ms": 17.19068717956543}
{"event": "sample", "n": 640, "mode": "forward_backward", "round": 2, "block": 0, "label": "A", "sample": 4, "ms": 17.20025634765625}
{"event": "sample", "n": 640, "mode": "forward_backward", "round": 2, "block": 0, "label": "A", "sample": 5, "ms": 17.199871063232422}
{"event": "sample", "n": 640, "mode": "forward_backward", "round": 2, "block": 0, "label": "A", "sample": 6, "ms": 17.205472946166992}
{"event": "sample", "n": 640, "mode": "forward_backward", "round": 2, "block": 0, "label": "A", "sample": 7, "ms": 17.201568603515625}
{"event": "sample", "n": 640, "mode": "forward_backward", "round": 2, "block": 0, "label": "A", "sample": 8, "ms": 17.19366455078125}
{"event": "sample", "n": 640, "mode": "forward_backward", "round": 2, "block": 0, "label": "A", "sample": 9, "ms": 17.20147132873535}
{"event": "sample", "n": 640, "mode": "forward_backward", "round": 2, "block": 1, "label": "B", "sample": 0, "ms": 13.720864295959473}
{"event": "sample", "n": 640, "mode": "forward_backward", "round": 2, "block": 1, "label": "B", "sample": 1, "ms": 13.34000015258789}
{"event": "sample", "n": 640, "mode": "forward_backward", "round": 2, "block": 1, "label": "B", "sample": 2, "ms": 13.352607727050781}
{"event": "sample", "n": 640, "mode": "forward_backward", "round": 2, "block": 1, "label": "B", "sample": 3, "ms": 13.359871864318848}
{"event": "sample", "n": 640, "mode": "forward_backward", "round": 2, "block": 1, "label": "B", "sample": 4, "ms": 13.382528305053711}
{"event": "sample", "n": 640, "mode": "forward_backward", "round": 2, "block": 1, "label": "B", "sample": 5, "ms": 13.39897632598877}
{"event": "sample", "n": 640, "mode": "forward_backward", "round": 2, "block": 1, "label": "B", "sample": 6, "ms": 13.374591827392578}
{"event": "sample", "n": 640, "mode": "forward_backward", "round": 2, "block": 1, "label": "B", "sample": 7, "ms": 13.349696159362793}
{"event": "sample", "n": 640, "mode": "forward_backward", "round": 2, "block": 1, "label": "B", "sample": 8, "ms": 13.360544204711914}
{"event": "sample", "n": 640, "mode": "forward_backward", "round": 2, "block": 1, "label": "B", "sample": 9, "ms": 13.306112289428711}
{"event": "sample", "n": 640, "mode": "forward_backward", "round": 2, "block": 2, "label": "B", "sample": 0, "ms": 13.675871849060059}
{"event": "sample", "n": 640, "mode": "forward_backward", "round": 2, "block": 2, "label": "B", "sample": 1, "ms": 13.318016052246094}
{"event": "sample", "n": 640, "mode": "forward_backward", "round": 2, "block": 2, "label": "B", "sample": 2, "ms": 13.309344291687012}
{"event": "sample", "n": 640, "mode": "forward_backward", "round": 2, "block": 2, "label": "B", "sample": 3, "ms": 13.308223724365234}
{"event": "sample", "n": 640, "mode": "forward_backward", "round": 2, "block": 2, "label": "B", "sample": 4, "ms": 13.29923152923584}
{"event": "sample", "n": 640, "mode": "forward_backward", "round": 2, "block": 2, "label": "B", "sample": 5, "ms": 13.29535961151123}
{"event": "sample", "n": 640, "mode": "forward_backward", "round": 2, "block": 2, "label": "B", "sample": 6, "ms": 13.332703590393066}
{"event": "sample", "n": 640, "mode": "forward_backward", "round": 2, "block": 2, "label": "B", "sample": 7, "ms": 13.349696159362793}
{"event": "sample", "n": 640, "mode": "forward_backward", "round": 2, "block": 2, "label": "B", "sample": 8, "ms": 13.323360443115234}
{"event": "sample", "n": 640, "mode": "forward_backward", "round": 2, "block": 2, "label": "B", "sample": 9, "ms": 13.331263542175293}
{"event": "sample", "n": 640, "mode": "forward_backward", "round": 2, "block": 3, "label": "A", "sample": 0, "ms": 17.55695915222168}
{"event": "sample", "n": 640, "mode": "forward_backward", "round": 2, "block": 3, "label": "A", "sample": 1, "ms": 17.23651123046875}
{"event": "sample", "n": 640, "mode": "forward_backward", "round": 2, "block": 3, "label": "A", "sample": 2, "ms": 17.230016708374023}
{"event": "sample", "n": 640, "mode": "forward_backward", "round": 2, "block": 3, "label": "A", "sample": 3, "ms": 17.189151763916016}
{"event": "sample", "n": 640, "mode": "forward_backward", "round": 2, "block": 3, "label": "A", "sample": 4, "ms": 17.191776275634766}
{"event": "sample", "n": 640, "mode": "forward_backward", "round": 2, "block": 3, "label": "A", "sample": 5, "ms": 17.19990348815918}
{"event": "sample", "n": 640, "mode": "forward_backward", "round": 2, "block": 3, "label": "A", "sample": 6, "ms": 17.197311401367188}
{"event": "sample", "n": 640, "mode": "forward_backward", "round": 2, "block": 3, "label": "A", "sample": 7, "ms": 17.200895309448242}
{"event": "sample", "n": 640, "mode": "forward_backward", "round": 2, "block": 3, "label": "A", "sample": 8, "ms": 17.20240020751953}
{"event": "sample", "n": 640, "mode": "forward_backward", "round": 2, "block": 3, "label": "A", "sample": 9, "ms": 17.1964168548584}
{"event": "summary", "n": 640, "mode": "forward_backward", "median_ms": {"A": 17.202624320983887, "B": 13.330671787261963}, "speedup": 1.2904544193655523, "samples_per_label": 60}
{"event": "parity", "n": 768, "checks": {"output": {"relative_l2": 0.0, "baseline_zero_max_abs_diagnostic": 0.0, "passed": true}, "dq": {"relative_l2": 6.51709342491813e-05, "baseline_zero_max_abs_diagnostic": 0.0, "passed": true}, "dk": {"relative_l2": 0.0, "baseline_zero_max_abs_diagnostic": 0.0, "passed": true}, "dv": {"relative_l2": 0.0, "baseline_zero_max_abs_diagnostic": 0.0, "passed": true}, "db": {"relative_l2": 1.1534169971127994e-05, "baseline_zero_max_abs_diagnostic": 0.0, "passed": true}}, "independent_reference": false}
{"event": "memory", "n": 768, "measurements": {"A": {"peak_increment_bytes": 1331232768, "retained_increment_bytes": 1217396736}, "B": {"peak_increment_bytes": 1413242880, "retained_increment_bytes": 1217396736}}}
{"event": "sample", "n": 768, "mode": "forward", "round": 0, "block": 0, "label": "A", "sample": 0, "ms": 4.943967819213867}
{"event": "sample", "n": 768, "mode": "forward", "round": 0, "block": 0, "label": "A", "sample": 1, "ms": 4.730463981628418}
{"event": "sample", "n": 768, "mode": "forward", "round": 0, "block": 0, "label": "A", "sample": 2, "ms": 4.733280181884766}
{"event": "sample", "n": 768, "mode": "forward", "round": 0, "block": 0, "label": "A", "sample": 3, "ms": 4.735551834106445}
{"event": "sample", "n": 768, "mode": "forward", "round": 0, "block": 0, "label": "A", "sample": 4, "ms": 4.732960224151611}
{"event": "sample", "n": 768, "mode": "forward", "round": 0, "block": 0, "label": "A", "sample": 5, "ms": 4.733119964599609}
{"event": "sample", "n": 768, "mode": "forward", "round": 0, "block": 0, "label": "A", "sample": 6, "ms": 4.732287883758545}
{"event": "sample", "n": 768, "mode": "forward", "round": 0, "block": 0, "label": "A", "sample": 7, "ms": 4.7327680587768555}
{"event": "sample", "n": 768, "mode": "forward", "round": 0, "block": 0, "label": "A", "sample": 8, "ms": 4.733183860778809}
{"event": "sample", "n": 768, "mode": "forward", "round": 0, "block": 0, "label": "A", "sample": 9, "ms": 4.732992172241211}
{"event": "sample", "n": 768, "mode": "forward", "round": 0, "block": 1, "label": "B", "sample": 0, "ms": 5.020895957946777}
{"event": "sample", "n": 768, "mode": "forward", "round": 0, "block": 1, "label": "B", "sample": 1, "ms": 4.655488014221191}
{"event": "sample", "n": 768, "mode": "forward", "round": 0, "block": 1, "label": "B", "sample": 2, "ms": 4.657567977905273}
{"event": "sample", "n": 768, "mode": "forward", "round": 0, "block": 1, "label": "B", "sample": 3, "ms": 4.657599925994873}
{"event": "sample", "n": 768, "mode": "forward", "round": 0, "block": 1, "label": "B", "sample": 4, "ms": 4.656032085418701}
{"event": "sample", "n": 768, "mode": "forward", "round": 0, "block": 1, "label": "B", "sample": 5, "ms": 4.6565117835998535}
{"event": "sample", "n": 768, "mode": "forward", "round": 0, "block": 1, "label": "B", "sample": 6, "ms": 4.655200004577637}
{"event": "sample", "n": 768, "mode": "forward", "round": 0, "block": 1, "label": "B", "sample": 7, "ms": 4.654751777648926}
{"event": "sample", "n": 768, "mode": "forward", "round": 0, "block": 1, "label": "B", "sample": 8, "ms": 4.655072212219238}
{"event": "sample", "n": 768, "mode": "forward", "round": 0, "block": 1, "label": "B", "sample": 9, "ms": 4.655968189239502}
{"event": "sample", "n": 768, "mode": "forward", "round": 0, "block": 2, "label": "B", "sample": 0, "ms": 5.024352073669434}
{"event": "sample", "n": 768, "mode": "forward", "round": 0, "block": 2, "label": "B", "sample": 1, "ms": 4.6539201736450195}
{"event": "sample", "n": 768, "mode": "forward", "round": 0, "block": 2, "label": "B", "sample": 2, "ms": 4.654848098754883}
{"event": "sample", "n": 768, "mode": "forward", "round": 0, "block": 2, "label": "B", "sample": 3, "ms": 4.654911994934082}
{"event": "sample", "n": 768, "mode": "forward", "round": 0, "block": 2, "label": "B", "sample": 4, "ms": 4.655519962310791}
{"event": "sample", "n": 768, "mode": "forward", "round": 0, "block": 2, "label": "B", "sample": 5, "ms": 4.654111862182617}
{"event": "sample", "n": 768, "mode": "forward", "round": 0, "block": 2, "label": "B", "sample": 6, "ms": 4.655456066131592}
{"event": "sample", "n": 768, "mode": "forward", "round": 0, "block": 2, "label": "B", "sample": 7, "ms": 4.654911994934082}
{"event": "sample", "n": 768, "mode": "forward", "round": 0, "block": 2, "label": "B", "sample": 8, "ms": 4.6544318199157715}
{"event": "sample", "n": 768, "mode": "forward", "round": 0, "block": 2, "label": "B", "sample": 9, "ms": 4.654304027557373}
{"event": "sample", "n": 768, "mode": "forward", "round": 0, "block": 3, "label": "A", "sample": 0, "ms": 4.9839677810668945}
{"event": "sample", "n": 768, "mode": "forward", "round": 0, "block": 3, "label": "A", "sample": 1, "ms": 4.743040084838867}
{"event": "sample", "n": 768, "mode": "forward", "round": 0, "block": 3, "label": "A", "sample": 2, "ms": 4.731840133666992}
{"event": "sample", "n": 768, "mode": "forward", "round": 0, "block": 3, "label": "A", "sample": 3, "ms": 4.731135845184326}
{"event": "sample", "n": 768, "mode": "forward", "round": 0, "block": 3, "label": "A", "sample": 4, "ms": 4.732416152954102}
{"event": "sample", "n": 768, "mode": "forward", "round": 0, "block": 3, "label": "A", "sample": 5, "ms": 4.732895851135254}
{"event": "sample", "n": 768, "mode": "forward", "round": 0, "block": 3, "label": "A", "sample": 6, "ms": 4.733791828155518}
{"event": "sample", "n": 768, "mode": "forward", "round": 0, "block": 3, "label": "A", "sample": 7, "ms": 4.7323198318481445}
{"event": "sample", "n": 768, "mode": "forward", "round": 0, "block": 3, "label": "A", "sample": 8, "ms": 4.735680103302002}
{"event": "sample", "n": 768, "mode": "forward", "round": 0, "block": 3, "label": "A", "sample": 9, "ms": 4.731935977935791}
{"event": "sample", "n": 768, "mode": "forward", "round": 1, "block": 0, "label": "A", "sample": 0, "ms": 4.9838080406188965}
{"event": "sample", "n": 768, "mode": "forward", "round": 1, "block": 0, "label": "A", "sample": 1, "ms": 4.730720043182373}
{"event": "sample", "n": 768, "mode": "forward", "round": 1, "block": 0, "label": "A", "sample": 2, "ms": 4.733151912689209}
{"event": "sample", "n": 768, "mode": "forward", "round": 1, "block": 0, "label": "A", "sample": 3, "ms": 4.737055778503418}
{"event": "sample", "n": 768, "mode": "forward", "round": 1, "block": 0, "label": "A", "sample": 4, "ms": 4.734367847442627}
{"event": "sample", "n": 768, "mode": "forward", "round": 1, "block": 0, "label": "A", "sample": 5, "ms": 4.734432220458984}
{"event": "sample", "n": 768, "mode": "forward", "round": 1, "block": 0, "label": "A", "sample": 6, "ms": 4.732800006866455}
{"event": "sample", "n": 768, "mode": "forward", "round": 1, "block": 0, "label": "A", "sample": 7, "ms": 4.7335357666015625}
{"event": "sample", "n": 768, "mode": "forward", "round": 1, "block": 0, "label": "A", "sample": 8, "ms": 4.731967926025391}
{"event": "sample", "n": 768, "mode": "forward", "round": 1, "block": 0, "label": "A", "sample": 9, "ms": 4.736959934234619}
{"event": "sample", "n": 768, "mode": "forward", "round": 1, "block": 1, "label": "B", "sample": 0, "ms": 5.029248237609863}
{"event": "sample", "n": 768, "mode": "forward", "round": 1, "block": 1, "label": "B", "sample": 1, "ms": 4.643360137939453}
{"event": "sample", "n": 768, "mode": "forward", "round": 1, "block": 1, "label": "B", "sample": 2, "ms": 4.647295951843262}
{"event": "sample", "n": 768, "mode": "forward", "round": 1, "block": 1, "label": "B", "sample": 3, "ms": 4.656735897064209}
{"event": "sample", "n": 768, "mode": "forward", "round": 1, "block": 1, "label": "B", "sample": 4, "ms": 4.656256198883057}
{"event": "sample", "n": 768, "mode": "forward", "round": 1, "block": 1, "label": "B", "sample": 5, "ms": 4.655231952667236}
{"event": "sample", "n": 768, "mode": "forward", "round": 1, "block": 1, "label": "B", "sample": 6, "ms": 4.654335975646973}
{"event": "sample", "n": 768, "mode": "forward", "round": 1, "block": 1, "label": "B", "sample": 7, "ms": 4.655935764312744}
{"event": "sample", "n": 768, "mode": "forward", "round": 1, "block": 1, "label": "B", "sample": 8, "ms": 4.655807971954346}
{"event": "sample", "n": 768, "mode": "forward", "round": 1, "block": 1, "label": "B", "sample": 9, "ms": 4.655488014221191}
{"event": "sample", "n": 768, "mode": "forward", "round": 1, "block": 2, "label": "B", "sample": 0, "ms": 5.01148796081543}
{"event": "sample", "n": 768, "mode": "forward", "round": 1, "block": 2, "label": "B", "sample": 1, "ms": 4.655104160308838}
{"event": "sample", "n": 768, "mode": "forward", "round": 1, "block": 2, "label": "B", "sample": 2, "ms": 4.656415939331055}
{"event": "sample", "n": 768, "mode": "forward", "round": 1, "block": 2, "label": "B", "sample": 3, "ms": 4.655007839202881}
{"event": "sample", "n": 768, "mode": "forward", "round": 1, "block": 2, "label": "B", "sample": 4, "ms": 4.654911994934082}
{"event": "sample", "n": 768, "mode": "forward", "round": 1, "block": 2, "label": "B", "sample": 5, "ms": 4.655392169952393}
{"event": "sample", "n": 768, "mode": "forward", "round": 1, "block": 2, "label": "B", "sample": 6, "ms": 4.654463768005371}
{"event": "sample", "n": 768, "mode": "forward", "round": 1, "block": 2, "label": "B", "sample": 7, "ms": 4.654304027557373}
{"event": "sample", "n": 768, "mode": "forward", "round": 1, "block": 2, "label": "B", "sample": 8, "ms": 4.654911994934082}
{"event": "sample", "n": 768, "mode": "forward", "round": 1, "block": 2, "label": "B", "sample": 9, "ms": 4.654751777648926}
{"event": "sample", "n": 768, "mode": "forward", "round": 1, "block": 3, "label": "A", "sample": 0, "ms": 4.980160236358643}
{"event": "sample", "n": 768, "mode": "forward", "round": 1, "block": 3, "label": "A", "sample": 1, "ms": 4.74124813079834}
{"event": "sample", "n": 768, "mode": "forward", "round": 1, "block": 3, "label": "A", "sample": 2, "ms": 4.743040084838867}
{"event": "sample", "n": 768, "mode": "forward", "round": 1, "block": 3, "label": "A", "sample": 3, "ms": 4.738495826721191}
{"event": "sample", "n": 768, "mode": "forward", "round": 1, "block": 3, "label": "A", "sample": 4, "ms": 4.7317118644714355}
{"event": "sample", "n": 768, "mode": "forward", "round": 1, "block": 3, "label": "A", "sample": 5, "ms": 4.732287883758545}
{"event": "sample", "n": 768, "mode": "forward", "round": 1, "block": 3, "label": "A", "sample": 6, "ms": 4.731423854827881}
{"event": "sample", "n": 768, "mode": "forward", "round": 1, "block": 3, "label": "A", "sample": 7, "ms": 4.733215808868408}
{"event": "sample", "n": 768, "mode": "forward", "round": 1, "block": 3, "label": "A", "sample": 8, "ms": 4.731071949005127}
{"event": "sample", "n": 768, "mode": "forward", "round": 1, "block": 3, "label": "A", "sample": 9, "ms": 4.731167793273926}
{"event": "sample", "n": 768, "mode": "forward", "round": 2, "block": 0, "label": "A", "sample": 0, "ms": 4.976160049438477}
{"event": "sample", "n": 768, "mode": "forward", "round": 2, "block": 0, "label": "A", "sample": 1, "ms": 4.731616020202637}
{"event": "sample", "n": 768, "mode": "forward", "round": 2, "block": 0, "label": "A", "sample": 2, "ms": 4.734975814819336}
{"event": "sample", "n": 768, "mode": "forward", "round": 2, "block": 0, "label": "A", "sample": 3, "ms": 4.7317118644714355}
{"event": "sample", "n": 768, "mode": "forward", "round": 2, "block": 0, "label": "A", "sample": 4, "ms": 4.73308801651001}
{"event": "sample", "n": 768, "mode": "forward", "round": 2, "block": 0, "label": "A", "sample": 5, "ms": 4.732351779937744}
{"event": "sample", "n": 768, "mode": "forward", "round": 2, "block": 0, "label": "A", "sample": 6, "ms": 4.733119964599609}
{"event": "sample", "n": 768, "mode": "forward", "round": 2, "block": 0, "label": "A", "sample": 7, "ms": 4.73356819152832}
{"event": "sample", "n": 768, "mode": "forward", "round": 2, "block": 0, "label": "A", "sample": 8, "ms": 4.733791828155518}
{"event": "sample", "n": 768, "mode": "forward", "round": 2, "block": 0, "label": "A", "sample": 9, "ms": 4.731904029846191}
{"event": "sample", "n": 768, "mode": "forward", "round": 2, "block": 1, "label": "B", "sample": 0, "ms": 5.002528190612793}
{"event": "sample", "n": 768, "mode": "forward", "round": 2, "block": 1, "label": "B", "sample": 1, "ms": 4.6432318687438965}
{"event": "sample", "n": 768, "mode": "forward", "round": 2, "block": 1, "label": "B", "sample": 2, "ms": 4.6439361572265625}
{"event": "sample", "n": 768, "mode": "forward", "round": 2, "block": 1, "label": "B", "sample": 3, "ms": 4.644256114959717}
{"event": "sample", "n": 768, "mode": "forward", "round": 2, "block": 1, "label": "B", "sample": 4, "ms": 4.654143810272217}
{"event": "sample", "n": 768, "mode": "forward", "round": 2, "block": 1, "label": "B", "sample": 5, "ms": 4.656544208526611}
{"event": "sample", "n": 768, "mode": "forward", "round": 2, "block": 1, "label": "B", "sample": 6, "ms": 4.6552958488464355}
{"event": "sample", "n": 768, "mode": "forward", "round": 2, "block": 1, "label": "B", "sample": 7, "ms": 4.654880046844482}
{"event": "sample", "n": 768, "mode": "forward", "round": 2, "block": 1, "label": "B", "sample": 8, "ms": 4.654943943023682}
{"event": "sample", "n": 768, "mode": "forward", "round": 2, "block": 1, "label": "B", "sample": 9, "ms": 4.65664005279541}
{"event": "sample", "n": 768, "mode": "forward", "round": 2, "block": 2, "label": "B", "sample": 0, "ms": 5.027200222015381}
{"event": "sample", "n": 768, "mode": "forward", "round": 2, "block": 2, "label": "B", "sample": 1, "ms": 4.656191825866699}
{"event": "sample", "n": 768, "mode": "forward", "round": 2, "block": 2, "label": "B", "sample": 2, "ms": 4.655072212219238}
{"event": "sample", "n": 768, "mode": "forward", "round": 2, "block": 2, "label": "B", "sample": 3, "ms": 4.655488014221191}
{"event": "sample", "n": 768, "mode": "forward", "round": 2, "block": 2, "label": "B", "sample": 4, "ms": 4.656000137329102}
{"event": "sample", "n": 768, "mode": "forward", "round": 2, "block": 2, "label": "B", "sample": 5, "ms": 4.654463768005371}
{"event": "sample", "n": 768, "mode": "forward", "round": 2, "block": 2, "label": "B", "sample": 6, "ms": 4.6550397872924805}
{"event": "sample", "n": 768, "mode": "forward", "round": 2, "block": 2, "label": "B", "sample": 7, "ms": 4.654816150665283}
{"event": "sample", "n": 768, "mode": "forward", "round": 2, "block": 2, "label": "B", "sample": 8, "ms": 4.6544318199157715}
{"event": "sample", "n": 768, "mode": "forward", "round": 2, "block": 2, "label": "B", "sample": 9, "ms": 4.655231952667236}
{"event": "sample", "n": 768, "mode": "forward", "round": 2, "block": 3, "label": "A", "sample": 0, "ms": 4.970304012298584}
{"event": "sample", "n": 768, "mode": "forward", "round": 2, "block": 3, "label": "A", "sample": 1, "ms": 4.741119861602783}
{"event": "sample", "n": 768, "mode": "forward", "round": 2, "block": 3, "label": "A", "sample": 2, "ms": 4.741951942443848}
{"event": "sample", "n": 768, "mode": "forward", "round": 2, "block": 3, "label": "A", "sample": 3, "ms": 4.743040084838867}
{"event": "sample", "n": 768, "mode": "forward", "round": 2, "block": 3, "label": "A", "sample": 4, "ms": 4.741312026977539}
{"event": "sample", "n": 768, "mode": "forward", "round": 2, "block": 3, "label": "A", "sample": 5, "ms": 4.734176158905029}
{"event": "sample", "n": 768, "mode": "forward", "round": 2, "block": 3, "label": "A", "sample": 6, "ms": 4.731232166290283}
{"event": "sample", "n": 768, "mode": "forward", "round": 2, "block": 3, "label": "A", "sample": 7, "ms": 4.729951858520508}
{"event": "sample", "n": 768, "mode": "forward", "round": 2, "block": 3, "label": "A", "sample": 8, "ms": 4.730783939361572}
{"event": "sample", "n": 768, "mode": "forward", "round": 2, "block": 3, "label": "A", "sample": 9, "ms": 4.730815887451172}
{"event": "summary", "n": 768, "mode": "forward", "median_ms": {"A": 4.733135938644409, "B": 4.655152082443237}, "speedup": 1.0167521607930459, "samples_per_label": 60}
{"event": "sample", "n": 768, "mode": "backward", "round": 0, "block": 0, "label": "A", "sample": 0, "ms": 24.831392288208008}
{"event": "sample", "n": 768, "mode": "backward", "round": 0, "block": 0, "label": "A", "sample": 1, "ms": 24.50124740600586}
{"event": "sample", "n": 768, "mode": "backward", "round": 0, "block": 0, "label": "A", "sample": 2, "ms": 24.49964714050293}
{"event": "sample", "n": 768, "mode": "backward", "round": 0, "block": 0, "label": "A", "sample": 3, "ms": 24.500736236572266}
{"event": "sample", "n": 768, "mode": "backward", "round": 0, "block": 0, "label": "A", "sample": 4, "ms": 24.497215270996094}
{"event": "sample", "n": 768, "mode": "backward", "round": 0, "block": 0, "label": "A", "sample": 5, "ms": 24.49955177307129}
{"event": "sample", "n": 768, "mode": "backward", "round": 0, "block": 0, "label": "A", "sample": 6, "ms": 24.49715232849121}
{"event": "sample", "n": 768, "mode": "backward", "round": 0, "block": 0, "label": "A", "sample": 7, "ms": 24.499135971069336}
{"event": "sample", "n": 768, "mode": "backward", "round": 0, "block": 0, "label": "A", "sample": 8, "ms": 24.496736526489258}
{"event": "sample", "n": 768, "mode": "backward", "round": 0, "block": 0, "label": "A", "sample": 9, "ms": 24.492351531982422}
{"event": "sample", "n": 768, "mode": "backward", "round": 0, "block": 1, "label": "B", "sample": 0, "ms": 18.06435203552246}
{"event": "sample", "n": 768, "mode": "backward", "round": 0, "block": 1, "label": "B", "sample": 1, "ms": 17.87049674987793}
{"event": "sample", "n": 768, "mode": "backward", "round": 0, "block": 1, "label": "B", "sample": 2, "ms": 17.864255905151367}
{"event": "sample", "n": 768, "mode": "backward", "round": 0, "block": 1, "label": "B", "sample": 3, "ms": 17.858112335205078}
{"event": "sample", "n": 768, "mode": "backward", "round": 0, "block": 1, "label": "B", "sample": 4, "ms": 17.862367630004883}
{"event": "sample", "n": 768, "mode": "backward", "round": 0, "block": 1, "label": "B", "sample": 5, "ms": 17.840736389160156}
{"event": "sample", "n": 768, "mode": "backward", "round": 0, "block": 1, "label": "B", "sample": 6, "ms": 17.864416122436523}
{"event": "sample", "n": 768, "mode": "backward", "round": 0, "block": 1, "label": "B", "sample": 7, "ms": 17.858688354492188}
{"event": "sample", "n": 768, "mode": "backward", "round": 0, "block": 1, "label": "B", "sample": 8, "ms": 17.850719451904297}
{"event": "sample", "n": 768, "mode": "backward", "round": 0, "block": 1, "label": "B", "sample": 9, "ms": 17.85628890991211}
{"event": "sample", "n": 768, "mode": "backward", "round": 0, "block": 2, "label": "B", "sample": 0, "ms": 18.061344146728516}
{"event": "sample", "n": 768, "mode": "backward", "round": 0, "block": 2, "label": "B", "sample": 1, "ms": 17.90297508239746}
{"event": "sample", "n": 768, "mode": "backward", "round": 0, "block": 2, "label": "B", "sample": 2, "ms": 17.912992477416992}
{"event": "sample", "n": 768, "mode": "backward", "round": 0, "block": 2, "label": "B", "sample": 3, "ms": 17.896448135375977}
{"event": "sample", "n": 768, "mode": "backward", "round": 0, "block": 2, "label": "B", "sample": 4, "ms": 17.92585563659668}
{"event": "sample", "n": 768, "mode": "backward", "round": 0, "block": 2, "label": "B", "sample": 5, "ms": 17.906208038330078}
{"event": "sample", "n": 768, "mode": "backward", "round": 0, "block": 2, "label": "B", "sample": 6, "ms": 17.87615966796875}
{"event": "sample", "n": 768, "mode": "backward", "round": 0, "block": 2, "label": "B", "sample": 7, "ms": 17.858720779418945}
{"event": "sample", "n": 768, "mode": "backward", "round": 0, "block": 2, "label": "B", "sample": 8, "ms": 17.85103988647461}
{"event": "sample", "n": 768, "mode": "backward", "round": 0, "block": 2, "label": "B", "sample": 9, "ms": 17.8558406829834}
{"event": "sample", "n": 768, "mode": "backward", "round": 0, "block": 3, "label": "A", "sample": 0, "ms": 24.867488861083984}
{"event": "sample", "n": 768, "mode": "backward", "round": 0, "block": 3, "label": "A", "sample": 1, "ms": 24.520544052124023}
{"event": "sample", "n": 768, "mode": "backward", "round": 0, "block": 3, "label": "A", "sample": 2, "ms": 24.552703857421875}
{"event": "sample", "n": 768, "mode": "backward", "round": 0, "block": 3, "label": "A", "sample": 3, "ms": 24.553951263427734}
{"event": "sample", "n": 768, "mode": "backward", "round": 0, "block": 3, "label": "A", "sample": 4, "ms": 24.557376861572266}
{"event": "sample", "n": 768, "mode": "backward", "round": 0, "block": 3, "label": "A", "sample": 5, "ms": 24.516992568969727}
{"event": "sample", "n": 768, "mode": "backward", "round": 0, "block": 3, "label": "A", "sample": 6, "ms": 24.49545669555664}
{"event": "sample", "n": 768, "mode": "backward", "round": 0, "block": 3, "label": "A", "sample": 7, "ms": 24.49728012084961}
{"event": "sample", "n": 768, "mode": "backward", "round": 0, "block": 3, "label": "A", "sample": 8, "ms": 24.49616050720215}
{"event": "sample", "n": 768, "mode": "backward", "round": 0, "block": 3, "label": "A", "sample": 9, "ms": 24.50668716430664}
{"event": "sample", "n": 768, "mode": "backward", "round": 1, "block": 0, "label": "A", "sample": 0, "ms": 24.878015518188477}
{"event": "sample", "n": 768, "mode": "backward", "round": 1, "block": 0, "label": "A", "sample": 1, "ms": 24.48975944519043}
{"event": "sample", "n": 768, "mode": "backward", "round": 1, "block": 0, "label": "A", "sample": 2, "ms": 24.500064849853516}
{"event": "sample", "n": 768, "mode": "backward", "round": 1, "block": 0, "label": "A", "sample": 3, "ms": 24.527360916137695}
{"event": "sample", "n": 768, "mode": "backward", "round": 1, "block": 0, "label": "A", "sample": 4, "ms": 24.560895919799805}
{"event": "sample", "n": 768, "mode": "backward", "round": 1, "block": 0, "label": "A", "sample": 5, "ms": 24.55116844177246}
{"event": "sample", "n": 768, "mode": "backward", "round": 1, "block": 0, "label": "A", "sample": 6, "ms": 24.559200286865234}
{"event": "sample", "n": 768, "mode": "backward", "round": 1, "block": 0, "label": "A", "sample": 7, "ms": 24.529951095581055}
{"event": "sample", "n": 768, "mode": "backward", "round": 1, "block": 0, "label": "A", "sample": 8, "ms": 24.48956871032715}
{"event": "sample", "n": 768, "mode": "backward", "round": 1, "block": 0, "label": "A", "sample": 9, "ms": 24.489408493041992}
{"event": "sample", "n": 768, "mode": "backward", "round": 1, "block": 1, "label": "B", "sample": 0, "ms": 18.094783782958984}
{"event": "sample", "n": 768, "mode": "backward", "round": 1, "block": 1, "label": "B", "sample": 1, "ms": 17.850784301757812}
{"event": "sample", "n": 768, "mode": "backward", "round": 1, "block": 1, "label": "B", "sample": 2, "ms": 17.86627197265625}
{"event": "sample", "n": 768, "mode": "backward", "round": 1, "block": 1, "label": "B", "sample": 3, "ms": 17.85843276977539}
{"event": "sample", "n": 768, "mode": "backward", "round": 1, "block": 1, "label": "B", "sample": 4, "ms": 17.863679885864258}
{"event": "sample", "n": 768, "mode": "backward", "round": 1, "block": 1, "label": "B", "sample": 5, "ms": 17.879968643188477}
{"event": "sample", "n": 768, "mode": "backward", "round": 1, "block": 1, "label": "B", "sample": 6, "ms": 17.867616653442383}
{"event": "sample", "n": 768, "mode": "backward", "round": 1, "block": 1, "label": "B", "sample": 7, "ms": 17.86649513244629}
{"event": "sample", "n": 768, "mode": "backward", "round": 1, "block": 1, "label": "B", "sample": 8, "ms": 17.903263092041016}
{"event": "sample", "n": 768, "mode": "backward", "round": 1, "block": 1, "label": "B", "sample": 9, "ms": 17.91449546813965}
{"event": "sample", "n": 768, "mode": "backward", "round": 1, "block": 2, "label": "B", "sample": 0, "ms": 18.102336883544922}
{"event": "sample", "n": 768, "mode": "backward", "round": 1, "block": 2, "label": "B", "sample": 1, "ms": 17.90665626525879}
{"event": "sample", "n": 768, "mode": "backward", "round": 1, "block": 2, "label": "B", "sample": 2, "ms": 17.889312744140625}
{"event": "sample", "n": 768, "mode": "backward", "round": 1, "block": 2, "label": "B", "sample": 3, "ms": 17.879871368408203}
{"event": "sample", "n": 768, "mode": "backward", "round": 1, "block": 2, "label": "B", "sample": 4, "ms": 17.852127075195312}
{"event": "sample", "n": 768, "mode": "backward", "round": 1, "block": 2, "label": "B", "sample": 5, "ms": 17.86934471130371}
{"event": "sample", "n": 768, "mode": "backward", "round": 1, "block": 2, "label": "B", "sample": 6, "ms": 17.864927291870117}
{"event": "sample", "n": 768, "mode": "backward", "round": 1, "block": 2, "label": "B", "sample": 7, "ms": 17.871967315673828}
{"event": "sample", "n": 768, "mode": "backward", "round": 1, "block": 2, "label": "B", "sample": 8, "ms": 17.864032745361328}
{"event": "sample", "n": 768, "mode": "backward", "round": 1, "block": 2, "label": "B", "sample": 9, "ms": 17.902719497680664}
{"event": "sample", "n": 768, "mode": "backward", "round": 1, "block": 3, "label": "A", "sample": 0, "ms": 24.885759353637695}
{"event": "sample", "n": 768, "mode": "backward", "round": 1, "block": 3, "label": "A", "sample": 1, "ms": 24.550752639770508}
{"event": "sample", "n": 768, "mode": "backward", "round": 1, "block": 3, "label": "A", "sample": 2, "ms": 24.549728393554688}
{"event": "sample", "n": 768, "mode": "backward", "round": 1, "block": 3, "label": "A", "sample": 3, "ms": 24.504735946655273}
{"event": "sample", "n": 768, "mode": "backward", "round": 1, "block": 3, "label": "A", "sample": 4, "ms": 24.497312545776367}
{"event": "sample", "n": 768, "mode": "backward", "round": 1, "block": 3, "label": "A", "sample": 5, "ms": 24.502527236938477}
{"event": "sample", "n": 768, "mode": "backward", "round": 1, "block": 3, "label": "A", "sample": 6, "ms": 24.499359130859375}
{"event": "sample", "n": 768, "mode": "backward", "round": 1, "block": 3, "label": "A", "sample": 7, "ms": 24.531776428222656}
{"event": "sample", "n": 768, "mode": "backward", "round": 1, "block": 3, "label": "A", "sample": 8, "ms": 24.554079055786133}
{"event": "sample", "n": 768, "mode": "backward", "round": 1, "block": 3, "label": "A", "sample": 9, "ms": 24.5548152923584}
{"event": "sample", "n": 768, "mode": "backward", "round": 2, "block": 0, "label": "A", "sample": 0, "ms": 24.840192794799805}
{"event": "sample", "n": 768, "mode": "backward", "round": 2, "block": 0, "label": "A", "sample": 1, "ms": 24.512895584106445}
{"event": "sample", "n": 768, "mode": "backward", "round": 2, "block": 0, "label": "A", "sample": 2, "ms": 24.487327575683594}
{"event": "sample", "n": 768, "mode": "backward", "round": 2, "block": 0, "label": "A", "sample": 3, "ms": 24.49785614013672}
{"event": "sample", "n": 768, "mode": "backward", "round": 2, "block": 0, "label": "A", "sample": 4, "ms": 24.48646354675293}
{"event": "sample", "n": 768, "mode": "backward", "round": 2, "block": 0, "label": "A", "sample": 5, "ms": 24.498592376708984}
{"event": "sample", "n": 768, "mode": "backward", "round": 2, "block": 0, "label": "A", "sample": 6, "ms": 24.49795150756836}
{"event": "sample", "n": 768, "mode": "backward", "round": 2, "block": 0, "label": "A", "sample": 7, "ms": 24.498207092285156}
{"event": "sample", "n": 768, "mode": "backward", "round": 2, "block": 0, "label": "A", "sample": 8, "ms": 24.496639251708984}
{"event": "sample", "n": 768, "mode": "backward", "round": 2, "block": 0, "label": "A", "sample": 9, "ms": 24.497888565063477}
{"event": "sample", "n": 768, "mode": "backward", "round": 2, "block": 1, "label": "B", "sample": 0, "ms": 18.414976119995117}
{"event": "sample", "n": 768, "mode": "backward", "round": 2, "block": 1, "label": "B", "sample": 1, "ms": 17.8635196685791}
{"event": "sample", "n": 768, "mode": "backward", "round": 2, "block": 1, "label": "B", "sample": 2, "ms": 17.85875129699707}
{"event": "sample", "n": 768, "mode": "backward", "round": 2, "block": 1, "label": "B", "sample": 3, "ms": 17.847455978393555}
{"event": "sample", "n": 768, "mode": "backward", "round": 2, "block": 1, "label": "B", "sample": 4, "ms": 17.863168716430664}
{"event": "sample", "n": 768, "mode": "backward", "round": 2, "block": 1, "label": "B", "sample": 5, "ms": 17.84435272216797}
{"event": "sample", "n": 768, "mode": "backward", "round": 2, "block": 1, "label": "B", "sample": 6, "ms": 17.858688354492188}
{"event": "sample", "n": 768, "mode": "backward", "round": 2, "block": 1, "label": "B", "sample": 7, "ms": 17.862367630004883}
{"event": "sample", "n": 768, "mode": "backward", "round": 2, "block": 1, "label": "B", "sample": 8, "ms": 17.85932731628418}
{"event": "sample", "n": 768, "mode": "backward", "round": 2, "block": 1, "label": "B", "sample": 9, "ms": 17.86742401123047}
{"event": "sample", "n": 768, "mode": "backward", "round": 2, "block": 2, "label": "B", "sample": 0, "ms": 18.010976791381836}
{"event": "sample", "n": 768, "mode": "backward", "round": 2, "block": 2, "label": "B", "sample": 1, "ms": 17.86969566345215}
{"event": "sample", "n": 768, "mode": "backward", "round": 2, "block": 2, "label": "B", "sample": 2, "ms": 17.859872817993164}
{"event": "sample", "n": 768, "mode": "backward", "round": 2, "block": 2, "label": "B", "sample": 3, "ms": 17.86832046508789}
{"event": "sample", "n": 768, "mode": "backward", "round": 2, "block": 2, "label": "B", "sample": 4, "ms": 17.849151611328125}
{"event": "sample", "n": 768, "mode": "backward", "round": 2, "block": 2, "label": "B", "sample": 5, "ms": 17.86147117614746}
{"event": "sample", "n": 768, "mode": "backward", "round": 2, "block": 2, "label": "B", "sample": 6, "ms": 17.91276741027832}
{"event": "sample", "n": 768, "mode": "backward", "round": 2, "block": 2, "label": "B", "sample": 7, "ms": 17.908672332763672}
{"event": "sample", "n": 768, "mode": "backward", "round": 2, "block": 2, "label": "B", "sample": 8, "ms": 17.903167724609375}
{"event": "sample", "n": 768, "mode": "backward", "round": 2, "block": 2, "label": "B", "sample": 9, "ms": 17.88934326171875}
{"event": "sample", "n": 768, "mode": "backward", "round": 2, "block": 3, "label": "A", "sample": 0, "ms": 25.014432907104492}
{"event": "sample", "n": 768, "mode": "backward", "round": 2, "block": 3, "label": "A", "sample": 1, "ms": 24.48543930053711}
{"event": "sample", "n": 768, "mode": "backward", "round": 2, "block": 3, "label": "A", "sample": 2, "ms": 24.495359420776367}
{"event": "sample", "n": 768, "mode": "backward", "round": 2, "block": 3, "label": "A", "sample": 3, "ms": 24.4998722076416}
{"event": "sample", "n": 768, "mode": "backward", "round": 2, "block": 3, "label": "A", "sample": 4, "ms": 24.498336791992188}
{"event": "sample", "n": 768, "mode": "backward", "round": 2, "block": 3, "label": "A", "sample": 5, "ms": 24.48956871032715}
{"event": "sample", "n": 768, "mode": "backward", "round": 2, "block": 3, "label": "A", "sample": 6, "ms": 24.497631072998047}
{"event": "sample", "n": 768, "mode": "backward", "round": 2, "block": 3, "label": "A", "sample": 7, "ms": 24.494367599487305}
{"event": "sample", "n": 768, "mode": "backward", "round": 2, "block": 3, "label": "A", "sample": 8, "ms": 24.504064559936523}
{"event": "sample", "n": 768, "mode": "backward", "round": 2, "block": 3, "label": "A", "sample": 9, "ms": 24.500192642211914}
{"event": "summary", "n": 768, "mode": "backward", "median_ms": {"A": 24.49996852874756, "B": 17.86695957183838}, "speedup": 1.3712444151585828, "samples_per_label": 60}
{"event": "sample", "n": 768, "mode": "forward_backward", "round": 0, "block": 0, "label": "A", "sample": 0, "ms": 29.492351531982422}
{"event": "sample", "n": 768, "mode": "forward_backward", "round": 0, "block": 0, "label": "A", "sample": 1, "ms": 29.304031372070312}
{"event": "sample", "n": 768, "mode": "forward_backward", "round": 0, "block": 0, "label": "A", "sample": 2, "ms": 29.291776657104492}
{"event": "sample", "n": 768, "mode": "forward_backward", "round": 0, "block": 0, "label": "A", "sample": 3, "ms": 29.280672073364258}
{"event": "sample", "n": 768, "mode": "forward_backward", "round": 0, "block": 0, "label": "A", "sample": 4, "ms": 29.229984283447266}
{"event": "sample", "n": 768, "mode": "forward_backward", "round": 0, "block": 0, "label": "A", "sample": 5, "ms": 29.23206329345703}
{"event": "sample", "n": 768, "mode": "forward_backward", "round": 0, "block": 0, "label": "A", "sample": 6, "ms": 29.22822380065918}
{"event": "sample", "n": 768, "mode": "forward_backward", "round": 0, "block": 0, "label": "A", "sample": 7, "ms": 29.23094367980957}
{"event": "sample", "n": 768, "mode": "forward_backward", "round": 0, "block": 0, "label": "A", "sample": 8, "ms": 29.226655960083008}
{"event": "sample", "n": 768, "mode": "forward_backward", "round": 0, "block": 0, "label": "A", "sample": 9, "ms": 29.219711303710938}
{"event": "sample", "n": 768, "mode": "forward_backward", "round": 0, "block": 1, "label": "B", "sample": 0, "ms": 22.924800872802734}
{"event": "sample", "n": 768, "mode": "forward_backward", "round": 0, "block": 1, "label": "B", "sample": 1, "ms": 22.54534339904785}
{"event": "sample", "n": 768, "mode": "forward_backward", "round": 0, "block": 1, "label": "B", "sample": 2, "ms": 22.51919937133789}
{"event": "sample", "n": 768, "mode": "forward_backward", "round": 0, "block": 1, "label": "B", "sample": 3, "ms": 22.51763153076172}
{"event": "sample", "n": 768, "mode": "forward_backward", "round": 0, "block": 1, "label": "B", "sample": 4, "ms": 22.49203109741211}
{"event": "sample", "n": 768, "mode": "forward_backward", "round": 0, "block": 1, "label": "B", "sample": 5, "ms": 22.551359176635742}
{"event": "sample", "n": 768, "mode": "forward_backward", "round": 0, "block": 1, "label": "B", "sample": 6, "ms": 22.53968048095703}
{"event": "sample", "n": 768, "mode": "forward_backward", "round": 0, "block": 1, "label": "B", "sample": 7, "ms": 22.560224533081055}
{"event": "sample", "n": 768, "mode": "forward_backward", "round": 0, "block": 1, "label": "B", "sample": 8, "ms": 22.512767791748047}
{"event": "sample", "n": 768, "mode": "forward_backward", "round": 0, "block": 1, "label": "B", "sample": 9, "ms": 22.56105613708496}
{"event": "sample", "n": 768, "mode": "forward_backward", "round": 0, "block": 2, "label": "B", "sample": 0, "ms": 22.916000366210938}
{"event": "sample", "n": 768, "mode": "forward_backward", "round": 0, "block": 2, "label": "B", "sample": 1, "ms": 22.567520141601562}
{"event": "sample", "n": 768, "mode": "forward_backward", "round": 0, "block": 2, "label": "B", "sample": 2, "ms": 22.516191482543945}
{"event": "sample", "n": 768, "mode": "forward_backward", "round": 0, "block": 2, "label": "B", "sample": 3, "ms": 22.508319854736328}
{"event": "sample", "n": 768, "mode": "forward_backward", "round": 0, "block": 2, "label": "B", "sample": 4, "ms": 22.53660774230957}
{"event": "sample", "n": 768, "mode": "forward_backward", "round": 0, "block": 2, "label": "B", "sample": 5, "ms": 22.574783325195312}
{"event": "sample", "n": 768, "mode": "forward_backward", "round": 0, "block": 2, "label": "B", "sample": 6, "ms": 22.57904052734375}
{"event": "sample", "n": 768, "mode": "forward_backward", "round": 0, "block": 2, "label": "B", "sample": 7, "ms": 22.505727767944336}
{"event": "sample", "n": 768, "mode": "forward_backward", "round": 0, "block": 2, "label": "B", "sample": 8, "ms": 22.60153579711914}
{"event": "sample", "n": 768, "mode": "forward_backward", "round": 0, "block": 2, "label": "B", "sample": 9, "ms": 22.51900863647461}
{"event": "sample", "n": 768, "mode": "forward_backward", "round": 0, "block": 3, "label": "A", "sample": 0, "ms": 29.521696090698242}
{"event": "sample", "n": 768, "mode": "forward_backward", "round": 0, "block": 3, "label": "A", "sample": 1, "ms": 29.22310447692871}
{"event": "sample", "n": 768, "mode": "forward_backward", "round": 0, "block": 3, "label": "A", "sample": 2, "ms": 29.256959915161133}
{"event": "sample", "n": 768, "mode": "forward_backward", "round": 0, "block": 3, "label": "A", "sample": 3, "ms": 29.291168212890625}
{"event": "sample", "n": 768, "mode": "forward_backward", "round": 0, "block": 3, "label": "A", "sample": 4, "ms": 29.281280517578125}
{"event": "sample", "n": 768, "mode": "forward_backward", "round": 0, "block": 3, "label": "A", "sample": 5, "ms": 29.282047271728516}
{"event": "sample", "n": 768, "mode": "forward_backward", "round": 0, "block": 3, "label": "A", "sample": 6, "ms": 29.232511520385742}
{"event": "sample", "n": 768, "mode": "forward_backward", "round": 0, "block": 3, "label": "A", "sample": 7, "ms": 29.231231689453125}
{"event": "sample", "n": 768, "mode": "forward_backward", "round": 0, "block": 3, "label": "A", "sample": 8, "ms": 29.22515106201172}
{"event": "sample", "n": 768, "mode": "forward_backward", "round": 0, "block": 3, "label": "A", "sample": 9, "ms": 29.213472366333008}
{"event": "sample", "n": 768, "mode": "forward_backward", "round": 1, "block": 0, "label": "A", "sample": 0, "ms": 29.52217674255371}
{"event": "sample", "n": 768, "mode": "forward_backward", "round": 1, "block": 0, "label": "A", "sample": 1, "ms": 29.228160858154297}
{"event": "sample", "n": 768, "mode": "forward_backward", "round": 1, "block": 0, "label": "A", "sample": 2, "ms": 29.231679916381836}
{"event": "sample", "n": 768, "mode": "forward_backward", "round": 1, "block": 0, "label": "A", "sample": 3, "ms": 29.228832244873047}
{"event": "sample", "n": 768, "mode": "forward_backward", "round": 1, "block": 0, "label": "A", "sample": 4, "ms": 29.22550392150879}
{"event": "sample", "n": 768, "mode": "forward_backward", "round": 1, "block": 0, "label": "A", "sample": 5, "ms": 29.230079650878906}
{"event": "sample", "n": 768, "mode": "forward_backward", "round": 1, "block": 0, "label": "A", "sample": 6, "ms": 29.21401596069336}
{"event": "sample", "n": 768, "mode": "forward_backward", "round": 1, "block": 0, "label": "A", "sample": 7, "ms": 29.22537612915039}
{"event": "sample", "n": 768, "mode": "forward_backward", "round": 1, "block": 0, "label": "A", "sample": 8, "ms": 29.22643280029297}
{"event": "sample", "n": 768, "mode": "forward_backward", "round": 1, "block": 0, "label": "A", "sample": 9, "ms": 29.235456466674805}
{"event": "sample", "n": 768, "mode": "forward_backward", "round": 1, "block": 1, "label": "B", "sample": 0, "ms": 22.91632080078125}
{"event": "sample", "n": 768, "mode": "forward_backward", "round": 1, "block": 1, "label": "B", "sample": 1, "ms": 22.530752182006836}
{"event": "sample", "n": 768, "mode": "forward_backward", "round": 1, "block": 1, "label": "B", "sample": 2, "ms": 22.490816116333008}
{"event": "sample", "n": 768, "mode": "forward_backward", "round": 1, "block": 1, "label": "B", "sample": 3, "ms": 22.525728225708008}
{"event": "sample", "n": 768, "mode": "forward_backward", "round": 1, "block": 1, "label": "B", "sample": 4, "ms": 22.554784774780273}
{"event": "sample", "n": 768, "mode": "forward_backward", "round": 1, "block": 1, "label": "B", "sample": 5, "ms": 22.558879852294922}
{"event": "sample", "n": 768, "mode": "forward_backward", "round": 1, "block": 1, "label": "B", "sample": 6, "ms": 22.52137565612793}
{"event": "sample", "n": 768, "mode": "forward_backward", "round": 1, "block": 1, "label": "B", "sample": 7, "ms": 22.619840621948242}
{"event": "sample", "n": 768, "mode": "forward_backward", "round": 1, "block": 1, "label": "B", "sample": 8, "ms": 22.57257652282715}
{"event": "sample", "n": 768, "mode": "forward_backward", "round": 1, "block": 1, "label": "B", "sample": 9, "ms": 22.556415557861328}
{"event": "sample", "n": 768, "mode": "forward_backward", "round": 1, "block": 2, "label": "B", "sample": 0, "ms": 23.191295623779297}
{"event": "sample", "n": 768, "mode": "forward_backward", "round": 1, "block": 2, "label": "B", "sample": 1, "ms": 22.53513526916504}
{"event": "sample", "n": 768, "mode": "forward_backward", "round": 1, "block": 2, "label": "B", "sample": 2, "ms": 22.509056091308594}
{"event": "sample", "n": 768, "mode": "forward_backward", "round": 1, "block": 2, "label": "B", "sample": 3, "ms": 22.549440383911133}
{"event": "sample", "n": 768, "mode": "forward_backward", "round": 1, "block": 2, "label": "B", "sample": 4, "ms": 22.5284481048584}
{"event": "sample", "n": 768, "mode": "forward_backward", "round": 1, "block": 2, "label": "B", "sample": 5, "ms": 22.591968536376953}
{"event": "sample", "n": 768, "mode": "forward_backward", "round": 1, "block": 2, "label": "B", "sample": 6, "ms": 22.575328826904297}
{"event": "sample", "n": 768, "mode": "forward_backward", "round": 1, "block": 2, "label": "B", "sample": 7, "ms": 22.548063278198242}
{"event": "sample", "n": 768, "mode": "forward_backward", "round": 1, "block": 2, "label": "B", "sample": 8, "ms": 22.461471557617188}
{"event": "sample", "n": 768, "mode": "forward_backward", "round": 1, "block": 2, "label": "B", "sample": 9, "ms": 22.503007888793945}
{"event": "sample", "n": 768, "mode": "forward_backward", "round": 1, "block": 3, "label": "A", "sample": 0, "ms": 29.524927139282227}
{"event": "sample", "n": 768, "mode": "forward_backward", "round": 1, "block": 3, "label": "A", "sample": 1, "ms": 29.27872085571289}
{"event": "sample", "n": 768, "mode": "forward_backward", "round": 1, "block": 3, "label": "A", "sample": 2, "ms": 29.29248046875}
{"event": "sample", "n": 768, "mode": "forward_backward", "round": 1, "block": 3, "label": "A", "sample": 3, "ms": 29.291648864746094}
{"event": "sample", "n": 768, "mode": "forward_backward", "round": 1, "block": 3, "label": "A", "sample": 4, "ms": 29.272192001342773}
{"event": "sample", "n": 768, "mode": "forward_backward", "round": 1, "block": 3, "label": "A", "sample": 5, "ms": 29.222143173217773}
{"event": "sample", "n": 768, "mode": "forward_backward", "round": 1, "block": 3, "label": "A", "sample": 6, "ms": 29.211679458618164}
{"event": "sample", "n": 768, "mode": "forward_backward", "round": 1, "block": 3, "label": "A", "sample": 7, "ms": 29.229568481445312}
{"event": "sample", "n": 768, "mode": "forward_backward", "round": 1, "block": 3, "label": "A", "sample": 8, "ms": 29.23103904724121}
{"event": "sample", "n": 768, "mode": "forward_backward", "round": 1, "block": 3, "label": "A", "sample": 9, "ms": 29.224288940429688}
{"event": "sample", "n": 768, "mode": "forward_backward", "round": 2, "block": 0, "label": "A", "sample": 0, "ms": 29.52444839477539}
{"event": "sample", "n": 768, "mode": "forward_backward", "round": 2, "block": 0, "label": "A", "sample": 1, "ms": 29.227807998657227}
{"event": "sample", "n": 768, "mode": "forward_backward", "round": 2, "block": 0, "label": "A", "sample": 2, "ms": 29.228063583374023}
{"event": "sample", "n": 768, "mode": "forward_backward", "round": 2, "block": 0, "label": "A", "sample": 3, "ms": 29.230783462524414}
{"event": "sample", "n": 768, "mode": "forward_backward", "round": 2, "block": 0, "label": "A", "sample": 4, "ms": 29.23423957824707}
{"event": "sample", "n": 768, "mode": "forward_backward", "round": 2, "block": 0, "label": "A", "sample": 5, "ms": 29.22831916809082}
{"event": "sample", "n": 768, "mode": "forward_backward", "round": 2, "block": 0, "label": "A", "sample": 6, "ms": 29.227935791015625}
{"event": "sample", "n": 768, "mode": "forward_backward", "round": 2, "block": 0, "label": "A", "sample": 7, "ms": 29.22380828857422}
{"event": "sample", "n": 768, "mode": "forward_backward", "round": 2, "block": 0, "label": "A", "sample": 8, "ms": 29.224031448364258}
{"event": "sample", "n": 768, "mode": "forward_backward", "round": 2, "block": 0, "label": "A", "sample": 9, "ms": 29.229759216308594}
{"event": "sample", "n": 768, "mode": "forward_backward", "round": 2, "block": 1, "label": "B", "sample": 0, "ms": 22.895999908447266}
{"event": "sample", "n": 768, "mode": "forward_backward", "round": 2, "block": 1, "label": "B", "sample": 1, "ms": 22.53615951538086}
{"event": "sample", "n": 768, "mode": "forward_backward", "round": 2, "block": 1, "label": "B", "sample": 2, "ms": 22.511999130249023}
{"event": "sample", "n": 768, "mode": "forward_backward", "round": 2, "block": 1, "label": "B", "sample": 3, "ms": 22.504831314086914}
{"event": "sample", "n": 768, "mode": "forward_backward", "round": 2, "block": 1, "label": "B", "sample": 4, "ms": 22.54947280883789}
{"event": "sample", "n": 768, "mode": "forward_backward", "round": 2, "block": 1, "label": "B", "sample": 5, "ms": 22.516000747680664}
{"event": "sample", "n": 768, "mode": "forward_backward", "round": 2, "block": 1, "label": "B", "sample": 6, "ms": 22.519775390625}
{"event": "sample", "n": 768, "mode": "forward_backward", "round": 2, "block": 1, "label": "B", "sample": 7, "ms": 22.56380844116211}
{"event": "sample", "n": 768, "mode": "forward_backward", "round": 2, "block": 1, "label": "B", "sample": 8, "ms": 22.546911239624023}
{"event": "sample", "n": 768, "mode": "forward_backward", "round": 2, "block": 1, "label": "B", "sample": 9, "ms": 22.599008560180664}
{"event": "sample", "n": 768, "mode": "forward_backward", "round": 2, "block": 2, "label": "B", "sample": 0, "ms": 22.939584732055664}
{"event": "sample", "n": 768, "mode": "forward_backward", "round": 2, "block": 2, "label": "B", "sample": 1, "ms": 22.560224533081055}
{"event": "sample", "n": 768, "mode": "forward_backward", "round": 2, "block": 2, "label": "B", "sample": 2, "ms": 22.48944091796875}
{"event": "sample", "n": 768, "mode": "forward_backward", "round": 2, "block": 2, "label": "B", "sample": 3, "ms": 22.552352905273438}
{"event": "sample", "n": 768, "mode": "forward_backward", "round": 2, "block": 2, "label": "B", "sample": 4, "ms": 22.444992065429688}
{"event": "sample", "n": 768, "mode": "forward_backward", "round": 2, "block": 2, "label": "B", "sample": 5, "ms": 22.548063278198242}
{"event": "sample", "n": 768, "mode": "forward_backward", "round": 2, "block": 2, "label": "B", "sample": 6, "ms": 22.559072494506836}
{"event": "sample", "n": 768, "mode": "forward_backward", "round": 2, "block": 2, "label": "B", "sample": 7, "ms": 22.603328704833984}
{"event": "sample", "n": 768, "mode": "forward_backward", "round": 2, "block": 2, "label": "B", "sample": 8, "ms": 22.541664123535156}
{"event": "sample", "n": 768, "mode": "forward_backward", "round": 2, "block": 2, "label": "B", "sample": 9, "ms": 22.579744338989258}
{"event": "sample", "n": 768, "mode": "forward_backward", "round": 2, "block": 3, "label": "A", "sample": 0, "ms": 29.493408203125}
{"event": "sample", "n": 768, "mode": "forward_backward", "round": 2, "block": 3, "label": "A", "sample": 1, "ms": 29.232255935668945}
{"event": "sample", "n": 768, "mode": "forward_backward", "round": 2, "block": 3, "label": "A", "sample": 2, "ms": 29.227136611938477}
{"event": "sample", "n": 768, "mode": "forward_backward", "round": 2, "block": 3, "label": "A", "sample": 3, "ms": 29.230527877807617}
{"event": "sample", "n": 768, "mode": "forward_backward", "round": 2, "block": 3, "label": "A", "sample": 4, "ms": 29.228960037231445}
{"event": "sample", "n": 768, "mode": "forward_backward", "round": 2, "block": 3, "label": "A", "sample": 5, "ms": 29.231136322021484}
{"event": "sample", "n": 768, "mode": "forward_backward", "round": 2, "block": 3, "label": "A", "sample": 6, "ms": 29.232255935668945}
{"event": "sample", "n": 768, "mode": "forward_backward", "round": 2, "block": 3, "label": "A", "sample": 7, "ms": 29.226879119873047}
{"event": "sample", "n": 768, "mode": "forward_backward", "round": 2, "block": 3, "label": "A", "sample": 8, "ms": 29.22425651550293}
{"event": "sample", "n": 768, "mode": "forward_backward", "round": 2, "block": 3, "label": "A", "sample": 9, "ms": 29.225791931152344}
{"event": "summary", "n": 768, "mode": "forward_backward", "median_ms": {"A": 29.23030376434326, "B": 22.548063278198242}, "speedup": 1.296355407721695, "samples_per_label": 60}
{"event": "parity", "n": 800, "checks": {"output": {"relative_l2": 0.0, "baseline_zero_max_abs_diagnostic": 0.0, "passed": true}, "dq": {"relative_l2": 6.572097481694072e-05, "baseline_zero_max_abs_diagnostic": 0.0, "passed": true}, "dk": {"relative_l2": 0.0, "baseline_zero_max_abs_diagnostic": 0.0, "passed": true}, "dv": {"relative_l2": 0.0, "baseline_zero_max_abs_diagnostic": 0.0, "passed": true}, "db": {"relative_l2": 1.1707606063282583e-05, "baseline_zero_max_abs_diagnostic": 0.0, "passed": true}}, "independent_reference": false}
{"event": "memory", "n": 800, "measurements": {"A": {"peak_increment_bytes": 1447920640, "retained_increment_bytes": 1321451520}, "B": {"peak_increment_bytes": 1530438656, "retained_increment_bytes": 1321451520}}}
{"event": "sample", "n": 800, "mode": "forward", "round": 0, "block": 0, "label": "A", "sample": 0, "ms": 6.128479957580566}
{"event": "sample", "n": 800, "mode": "forward", "round": 0, "block": 0, "label": "A", "sample": 1, "ms": 5.943903923034668}
{"event": "sample", "n": 800, "mode": "forward", "round": 0, "block": 0, "label": "A", "sample": 2, "ms": 5.944736003875732}
{"event": "sample", "n": 800, "mode": "forward", "round": 0, "block": 0, "label": "A", "sample": 3, "ms": 5.943967819213867}
{"event": "sample", "n": 800, "mode": "forward", "round": 0, "block": 0, "label": "A", "sample": 4, "ms": 5.947968006134033}
{"event": "sample", "n": 800, "mode": "forward", "round": 0, "block": 0, "label": "A", "sample": 5, "ms": 5.9582719802856445}
{"event": "sample", "n": 800, "mode": "forward", "round": 0, "block": 0, "label": "A", "sample": 6, "ms": 5.957888126373291}
{"event": "sample", "n": 800, "mode": "forward", "round": 0, "block": 0, "label": "A", "sample": 7, "ms": 5.959104061126709}
{"event": "sample", "n": 800, "mode": "forward", "round": 0, "block": 0, "label": "A", "sample": 8, "ms": 5.954016208648682}
{"event": "sample", "n": 800, "mode": "forward", "round": 0, "block": 0, "label": "A", "sample": 9, "ms": 5.9555840492248535}
{"event": "sample", "n": 800, "mode": "forward", "round": 0, "block": 1, "label": "B", "sample": 0, "ms": 6.5115838050842285}
{"event": "sample", "n": 800, "mode": "forward", "round": 0, "block": 1, "label": "B", "sample": 1, "ms": 5.974112033843994}
{"event": "sample", "n": 800, "mode": "forward", "round": 0, "block": 1, "label": "B", "sample": 2, "ms": 5.973536014556885}
{"event": "sample", "n": 800, "mode": "forward", "round": 0, "block": 1, "label": "B", "sample": 3, "ms": 5.974016189575195}
{"event": "sample", "n": 800, "mode": "forward", "round": 0, "block": 1, "label": "B", "sample": 4, "ms": 5.97430419921875}
{"event": "sample", "n": 800, "mode": "forward", "round": 0, "block": 1, "label": "B", "sample": 5, "ms": 5.97219181060791}
{"event": "sample", "n": 800, "mode": "forward", "round": 0, "block": 1, "label": "B", "sample": 6, "ms": 5.971519947052002}
{"event": "sample", "n": 800, "mode": "forward", "round": 0, "block": 1, "label": "B", "sample": 7, "ms": 5.974048137664795}
{"event": "sample", "n": 800, "mode": "forward", "round": 0, "block": 1, "label": "B", "sample": 8, "ms": 5.975327968597412}
{"event": "sample", "n": 800, "mode": "forward", "round": 0, "block": 1, "label": "B", "sample": 9, "ms": 5.974656105041504}
{"event": "sample", "n": 800, "mode": "forward", "round": 0, "block": 2, "label": "B", "sample": 0, "ms": 6.357632160186768}
{"event": "sample", "n": 800, "mode": "forward", "round": 0, "block": 2, "label": "B", "sample": 1, "ms": 5.9613118171691895}
{"event": "sample", "n": 800, "mode": "forward", "round": 0, "block": 2, "label": "B", "sample": 2, "ms": 5.960447788238525}
{"event": "sample", "n": 800, "mode": "forward", "round": 0, "block": 2, "label": "B", "sample": 3, "ms": 5.959648132324219}
{"event": "sample", "n": 800, "mode": "forward", "round": 0, "block": 2, "label": "B", "sample": 4, "ms": 5.956831932067871}
{"event": "sample", "n": 800, "mode": "forward", "round": 0, "block": 2, "label": "B", "sample": 5, "ms": 5.96073579788208}
{"event": "sample", "n": 800, "mode": "forward", "round": 0, "block": 2, "label": "B", "sample": 6, "ms": 5.958784103393555}
{"event": "sample", "n": 800, "mode": "forward", "round": 0, "block": 2, "label": "B", "sample": 7, "ms": 5.957920074462891}
{"event": "sample", "n": 800, "mode": "forward", "round": 0, "block": 2, "label": "B", "sample": 8, "ms": 5.9588799476623535}
{"event": "sample", "n": 800, "mode": "forward", "round": 0, "block": 2, "label": "B", "sample": 9, "ms": 5.960288047790527}
{"event": "sample", "n": 800, "mode": "forward", "round": 0, "block": 3, "label": "A", "sample": 0, "ms": 6.184991836547852}
{"event": "sample", "n": 800, "mode": "forward", "round": 0, "block": 3, "label": "A", "sample": 1, "ms": 5.940896034240723}
{"event": "sample", "n": 800, "mode": "forward", "round": 0, "block": 3, "label": "A", "sample": 2, "ms": 5.939519882202148}
{"event": "sample", "n": 800, "mode": "forward", "round": 0, "block": 3, "label": "A", "sample": 3, "ms": 5.944096088409424}
{"event": "sample", "n": 800, "mode": "forward", "round": 0, "block": 3, "label": "A", "sample": 4, "ms": 5.942016124725342}
{"event": "sample", "n": 800, "mode": "forward", "round": 0, "block": 3, "label": "A", "sample": 5, "ms": 5.944608211517334}
{"event": "sample", "n": 800, "mode": "forward", "round": 0, "block": 3, "label": "A", "sample": 6, "ms": 5.93939208984375}
{"event": "sample", "n": 800, "mode": "forward", "round": 0, "block": 3, "label": "A", "sample": 7, "ms": 5.9404802322387695}
{"event": "sample", "n": 800, "mode": "forward", "round": 0, "block": 3, "label": "A", "sample": 8, "ms": 5.942272186279297}
{"event": "sample", "n": 800, "mode": "forward", "round": 0, "block": 3, "label": "A", "sample": 9, "ms": 5.943999767303467}
{"event": "sample", "n": 800, "mode": "forward", "round": 1, "block": 0, "label": "A", "sample": 0, "ms": 6.199584007263184}
{"event": "sample", "n": 800, "mode": "forward", "round": 1, "block": 0, "label": "A", "sample": 1, "ms": 5.94601583480835}
{"event": "sample", "n": 800, "mode": "forward", "round": 1, "block": 0, "label": "A", "sample": 2, "ms": 5.94271993637085}
{"event": "sample", "n": 800, "mode": "forward", "round": 1, "block": 0, "label": "A", "sample": 3, "ms": 5.9429121017456055}
{"event": "sample", "n": 800, "mode": "forward", "round": 1, "block": 0, "label": "A", "sample": 4, "ms": 5.942240238189697}
{"event": "sample", "n": 800, "mode": "forward", "round": 1, "block": 0, "label": "A", "sample": 5, "ms": 5.941120147705078}
{"event": "sample", "n": 800, "mode": "forward", "round": 1, "block": 0, "label": "A", "sample": 6, "ms": 5.944128036499023}
{"event": "sample", "n": 800, "mode": "forward", "round": 1, "block": 0, "label": "A", "sample": 7, "ms": 5.944032192230225}
{"event": "sample", "n": 800, "mode": "forward", "round": 1, "block": 0, "label": "A", "sample": 8, "ms": 5.939680099487305}
{"event": "sample", "n": 800, "mode": "forward", "round": 1, "block": 0, "label": "A", "sample": 9, "ms": 5.944479942321777}
{"event": "sample", "n": 800, "mode": "forward", "round": 1, "block": 1, "label": "B", "sample": 0, "ms": 6.338751792907715}
{"event": "sample", "n": 800, "mode": "forward", "round": 1, "block": 1, "label": "B", "sample": 1, "ms": 5.957824230194092}
{"event": "sample", "n": 800, "mode": "forward", "round": 1, "block": 1, "label": "B", "sample": 2, "ms": 5.9600958824157715}
{"event": "sample", "n": 800, "mode": "forward", "round": 1, "block": 1, "label": "B", "sample": 3, "ms": 5.962143898010254}
{"event": "sample", "n": 800, "mode": "forward", "round": 1, "block": 1, "label": "B", "sample": 4, "ms": 5.9759039878845215}
{"event": "sample", "n": 800, "mode": "forward", "round": 1, "block": 1, "label": "B", "sample": 5, "ms": 5.974400043487549}
{"event": "sample", "n": 800, "mode": "forward", "round": 1, "block": 1, "label": "B", "sample": 6, "ms": 5.975039958953857}
{"event": "sample", "n": 800, "mode": "forward", "round": 1, "block": 1, "label": "B", "sample": 7, "ms": 5.974048137664795}
{"event": "sample", "n": 800, "mode": "forward", "round": 1, "block": 1, "label": "B", "sample": 8, "ms": 5.974656105041504}
{"event": "sample", "n": 800, "mode": "forward", "round": 1, "block": 1, "label": "B", "sample": 9, "ms": 5.974847793579102}
{"event": "sample", "n": 800, "mode": "forward", "round": 1, "block": 2, "label": "B", "sample": 0, "ms": 6.327263832092285}
{"event": "sample", "n": 800, "mode": "forward", "round": 1, "block": 2, "label": "B", "sample": 1, "ms": 5.974527835845947}
{"event": "sample", "n": 800, "mode": "forward", "round": 1, "block": 2, "label": "B", "sample": 2, "ms": 5.972896099090576}
{"event": "sample", "n": 800, "mode": "forward", "round": 1, "block": 2, "label": "B", "sample": 3, "ms": 5.974400043487549}
{"event": "sample", "n": 800, "mode": "forward", "round": 1, "block": 2, "label": "B", "sample": 4, "ms": 5.9732160568237305}
{"event": "sample", "n": 800, "mode": "forward", "round": 1, "block": 2, "label": "B", "sample": 5, "ms": 5.973663806915283}
{"event": "sample", "n": 800, "mode": "forward", "round": 1, "block": 2, "label": "B", "sample": 6, "ms": 5.973408222198486}
{"event": "sample", "n": 800, "mode": "forward", "round": 1, "block": 2, "label": "B", "sample": 7, "ms": 5.973408222198486}
{"event": "sample", "n": 800, "mode": "forward", "round": 1, "block": 2, "label": "B", "sample": 8, "ms": 5.971551895141602}
{"event": "sample", "n": 800, "mode": "forward", "round": 1, "block": 2, "label": "B", "sample": 9, "ms": 5.973728179931641}
{"event": "sample", "n": 800, "mode": "forward", "round": 1, "block": 3, "label": "A", "sample": 0, "ms": 6.207712173461914}
{"event": "sample", "n": 800, "mode": "forward", "round": 1, "block": 3, "label": "A", "sample": 1, "ms": 5.941247940063477}
{"event": "sample", "n": 800, "mode": "forward", "round": 1, "block": 3, "label": "A", "sample": 2, "ms": 5.941887855529785}
{"event": "sample", "n": 800, "mode": "forward", "round": 1, "block": 3, "label": "A", "sample": 3, "ms": 5.942975997924805}
{"event": "sample", "n": 800, "mode": "forward", "round": 1, "block": 3, "label": "A", "sample": 4, "ms": 5.939839839935303}
{"event": "sample", "n": 800, "mode": "forward", "round": 1, "block": 3, "label": "A", "sample": 5, "ms": 5.940639972686768}
{"event": "sample", "n": 800, "mode": "forward", "round": 1, "block": 3, "label": "A", "sample": 6, "ms": 5.937471866607666}
{"event": "sample", "n": 800, "mode": "forward", "round": 1, "block": 3, "label": "A", "sample": 7, "ms": 5.942560195922852}
{"event": "sample", "n": 800, "mode": "forward", "round": 1, "block": 3, "label": "A", "sample": 8, "ms": 5.943647861480713}
{"event": "sample", "n": 800, "mode": "forward", "round": 1, "block": 3, "label": "A", "sample": 9, "ms": 5.9391679763793945}
{"event": "sample", "n": 800, "mode": "forward", "round": 2, "block": 0, "label": "A", "sample": 0, "ms": 6.1460161209106445}
{"event": "sample", "n": 800, "mode": "forward", "round": 2, "block": 0, "label": "A", "sample": 1, "ms": 5.943295955657959}
{"event": "sample", "n": 800, "mode": "forward", "round": 2, "block": 0, "label": "A", "sample": 2, "ms": 5.944447994232178}
{"event": "sample", "n": 800, "mode": "forward", "round": 2, "block": 0, "label": "A", "sample": 3, "ms": 5.942783832550049}
{"event": "sample", "n": 800, "mode": "forward", "round": 2, "block": 0, "label": "A", "sample": 4, "ms": 5.942016124725342}
{"event": "sample", "n": 800, "mode": "forward", "round": 2, "block": 0, "label": "A", "sample": 5, "ms": 5.943359851837158}
{"event": "sample", "n": 800, "mode": "forward", "round": 2, "block": 0, "label": "A", "sample": 6, "ms": 5.94268798828125}
{"event": "sample", "n": 800, "mode": "forward", "round": 2, "block": 0, "label": "A", "sample": 7, "ms": 5.942783832550049}
{"event": "sample", "n": 800, "mode": "forward", "round": 2, "block": 0, "label": "A", "sample": 8, "ms": 5.941055774688721}
{"event": "sample", "n": 800, "mode": "forward", "round": 2, "block": 0, "label": "A", "sample": 9, "ms": 5.944447994232178}
{"event": "sample", "n": 800, "mode": "forward", "round": 2, "block": 1, "label": "B", "sample": 0, "ms": 6.345312118530273}
{"event": "sample", "n": 800, "mode": "forward", "round": 2, "block": 1, "label": "B", "sample": 1, "ms": 5.960159778594971}
{"event": "sample", "n": 800, "mode": "forward", "round": 2, "block": 1, "label": "B", "sample": 2, "ms": 5.959743976593018}
{"event": "sample", "n": 800, "mode": "forward", "round": 2, "block": 1, "label": "B", "sample": 3, "ms": 5.9613118171691895}
{"event": "sample", "n": 800, "mode": "forward", "round": 2, "block": 1, "label": "B", "sample": 4, "ms": 5.961472034454346}
{"event": "sample", "n": 800, "mode": "forward", "round": 2, "block": 1, "label": "B", "sample": 5, "ms": 5.958816051483154}
{"event": "sample", "n": 800, "mode": "forward", "round": 2, "block": 1, "label": "B", "sample": 6, "ms": 5.958655834197998}
{"event": "sample", "n": 800, "mode": "forward", "round": 2, "block": 1, "label": "B", "sample": 7, "ms": 5.9613118171691895}
{"event": "sample", "n": 800, "mode": "forward", "round": 2, "block": 1, "label": "B", "sample": 8, "ms": 5.961023807525635}
{"event": "sample", "n": 800, "mode": "forward", "round": 2, "block": 1, "label": "B", "sample": 9, "ms": 5.960447788238525}
{"event": "sample", "n": 800, "mode": "forward", "round": 2, "block": 2, "label": "B", "sample": 0, "ms": 6.308512210845947}
{"event": "sample", "n": 800, "mode": "forward", "round": 2, "block": 2, "label": "B", "sample": 1, "ms": 5.962463855743408}
{"event": "sample", "n": 800, "mode": "forward", "round": 2, "block": 2, "label": "B", "sample": 2, "ms": 5.961631774902344}
{"event": "sample", "n": 800, "mode": "forward", "round": 2, "block": 2, "label": "B", "sample": 3, "ms": 5.960288047790527}
{"event": "sample", "n": 800, "mode": "forward", "round": 2, "block": 2, "label": "B", "sample": 4, "ms": 5.958367824554443}
{"event": "sample", "n": 800, "mode": "forward", "round": 2, "block": 2, "label": "B", "sample": 5, "ms": 5.960480213165283}
{"event": "sample", "n": 800, "mode": "forward", "round": 2, "block": 2, "label": "B", "sample": 6, "ms": 5.960544109344482}
{"event": "sample", "n": 800, "mode": "forward", "round": 2, "block": 2, "label": "B", "sample": 7, "ms": 5.960031986236572}
{"event": "sample", "n": 800, "mode": "forward", "round": 2, "block": 2, "label": "B", "sample": 8, "ms": 5.959551811218262}
{"event": "sample", "n": 800, "mode": "forward", "round": 2, "block": 2, "label": "B", "sample": 9, "ms": 5.961535930633545}
{"event": "sample", "n": 800, "mode": "forward", "round": 2, "block": 3, "label": "A", "sample": 0, "ms": 6.166399955749512}
{"event": "sample", "n": 800, "mode": "forward", "round": 2, "block": 3, "label": "A", "sample": 1, "ms": 5.940512180328369}
{"event": "sample", "n": 800, "mode": "forward", "round": 2, "block": 3, "label": "A", "sample": 2, "ms": 5.94214391708374}
{"event": "sample", "n": 800, "mode": "forward", "round": 2, "block": 3, "label": "A", "sample": 3, "ms": 5.945216178894043}
{"event": "sample", "n": 800, "mode": "forward", "round": 2, "block": 3, "label": "A", "sample": 4, "ms": 5.943583965301514}
{"event": "sample", "n": 800, "mode": "forward", "round": 2, "block": 3, "label": "A", "sample": 5, "ms": 5.943136215209961}
{"event": "sample", "n": 800, "mode": "forward", "round": 2, "block": 3, "label": "A", "sample": 6, "ms": 5.9435200691223145}
{"event": "sample", "n": 800, "mode": "forward", "round": 2, "block": 3, "label": "A", "sample": 7, "ms": 5.940192222595215}
{"event": "sample", "n": 800, "mode": "forward", "round": 2, "block": 3, "label": "A", "sample": 8, "ms": 5.944767951965332}
{"event": "sample", "n": 800, "mode": "forward", "round": 2, "block": 3, "label": "A", "sample": 9, "ms": 5.943456172943115}
{"event": "summary", "n": 800, "mode": "forward", "median_ms": {"A": 5.943408012390137, "B": 5.966991901397705}, "speedup": 0.9960476083431512, "samples_per_label": 60}
{"event": "sample", "n": 800, "mode": "backward", "round": 0, "block": 0, "label": "A", "sample": 0, "ms": 29.587135314941406}
{"event": "sample", "n": 800, "mode": "backward", "round": 0, "block": 0, "label": "A", "sample": 1, "ms": 29.24937629699707}
{"event": "sample", "n": 800, "mode": "backward", "round": 0, "block": 0, "label": "A", "sample": 2, "ms": 29.250303268432617}
{"event": "sample", "n": 800, "mode": "backward", "round": 0, "block": 0, "label": "A", "sample": 3, "ms": 29.249055862426758}
{"event": "sample", "n": 800, "mode": "backward", "round": 0, "block": 0, "label": "A", "sample": 4, "ms": 29.26019287109375}
{"event": "sample", "n": 800, "mode": "backward", "round": 0, "block": 0, "label": "A", "sample": 5, "ms": 29.247520446777344}
{"event": "sample", "n": 800, "mode": "backward", "round": 0, "block": 0, "label": "A", "sample": 6, "ms": 29.25484848022461}
{"event": "sample", "n": 800, "mode": "backward", "round": 0, "block": 0, "label": "A", "sample": 7, "ms": 29.25382423400879}
{"event": "sample", "n": 800, "mode": "backward", "round": 0, "block": 0, "label": "A", "sample": 8, "ms": 29.253280639648438}
{"event": "sample", "n": 800, "mode": "backward", "round": 0, "block": 0, "label": "A", "sample": 9, "ms": 29.251264572143555}
{"event": "sample", "n": 800, "mode": "backward", "round": 0, "block": 1, "label": "B", "sample": 0, "ms": 24.09699249267578}
{"event": "sample", "n": 800, "mode": "backward", "round": 0, "block": 1, "label": "B", "sample": 1, "ms": 23.926111221313477}
{"event": "sample", "n": 800, "mode": "backward", "round": 0, "block": 1, "label": "B", "sample": 2, "ms": 23.949440002441406}
{"event": "sample", "n": 800, "mode": "backward", "round": 0, "block": 1, "label": "B", "sample": 3, "ms": 23.920032501220703}
{"event": "sample", "n": 800, "mode": "backward", "round": 0, "block": 1, "label": "B", "sample": 4, "ms": 23.933759689331055}
{"event": "sample", "n": 800, "mode": "backward", "round": 0, "block": 1, "label": "B", "sample": 5, "ms": 23.892831802368164}
{"event": "sample", "n": 800, "mode": "backward", "round": 0, "block": 1, "label": "B", "sample": 6, "ms": 23.8371524810791}
{"event": "sample", "n": 800, "mode": "backward", "round": 0, "block": 1, "label": "B", "sample": 7, "ms": 23.827903747558594}
{"event": "sample", "n": 800, "mode": "backward", "round": 0, "block": 1, "label": "B", "sample": 8, "ms": 23.83776092529297}
{"event": "sample", "n": 800, "mode": "backward", "round": 0, "block": 1, "label": "B", "sample": 9, "ms": 23.85763168334961}
{"event": "sample", "n": 800, "mode": "backward", "round": 0, "block": 2, "label": "B", "sample": 0, "ms": 24.316255569458008}
{"event": "sample", "n": 800, "mode": "backward", "round": 0, "block": 2, "label": "B", "sample": 1, "ms": 23.876256942749023}
{"event": "sample", "n": 800, "mode": "backward", "round": 0, "block": 2, "label": "B", "sample": 2, "ms": 23.85785675048828}
{"event": "sample", "n": 800, "mode": "backward", "round": 0, "block": 2, "label": "B", "sample": 3, "ms": 23.85196876525879}
{"event": "sample", "n": 800, "mode": "backward", "round": 0, "block": 2, "label": "B", "sample": 4, "ms": 23.85740852355957}
{"event": "sample", "n": 800, "mode": "backward", "round": 0, "block": 2, "label": "B", "sample": 5, "ms": 23.842527389526367}
{"event": "sample", "n": 800, "mode": "backward", "round": 0, "block": 2, "label": "B", "sample": 6, "ms": 23.85094451904297}
{"event": "sample", "n": 800, "mode": "backward", "round": 0, "block": 2, "label": "B", "sample": 7, "ms": 23.85103988647461}
{"event": "sample", "n": 800, "mode": "backward", "round": 0, "block": 2, "label": "B", "sample": 8, "ms": 23.85820770263672}
{"event": "sample", "n": 800, "mode": "backward", "round": 0, "block": 2, "label": "B", "sample": 9, "ms": 23.891328811645508}
{"event": "sample", "n": 800, "mode": "backward", "round": 0, "block": 3, "label": "A", "sample": 0, "ms": 29.670528411865234}
{"event": "sample", "n": 800, "mode": "backward", "round": 0, "block": 3, "label": "A", "sample": 1, "ms": 29.247167587280273}
{"event": "sample", "n": 800, "mode": "backward", "round": 0, "block": 3, "label": "A", "sample": 2, "ms": 29.249439239501953}
{"event": "sample", "n": 800, "mode": "backward", "round": 0, "block": 3, "label": "A", "sample": 3, "ms": 29.24627113342285}
{"event": "sample", "n": 800, "mode": "backward", "round": 0, "block": 3, "label": "A", "sample": 4, "ms": 29.249984741210938}
{"event": "sample", "n": 800, "mode": "backward", "round": 0, "block": 3, "label": "A", "sample": 5, "ms": 29.310592651367188}
{"event": "sample", "n": 800, "mode": "backward", "round": 0, "block": 3, "label": "A", "sample": 6, "ms": 29.32169532775879}
{"event": "sample", "n": 800, "mode": "backward", "round": 0, "block": 3, "label": "A", "sample": 7, "ms": 29.31500816345215}
{"event": "sample", "n": 800, "mode": "backward", "round": 0, "block": 3, "label": "A", "sample": 8, "ms": 29.293535232543945}
{"event": "sample", "n": 800, "mode": "backward", "round": 0, "block": 3, "label": "A", "sample": 9, "ms": 29.245759963989258}
{"event": "sample", "n": 800, "mode": "backward", "round": 1, "block": 0, "label": "A", "sample": 0, "ms": 29.58857536315918}
{"event": "sample", "n": 800, "mode": "backward", "round": 1, "block": 0, "label": "A", "sample": 1, "ms": 29.251712799072266}
{"event": "sample", "n": 800, "mode": "backward", "round": 1, "block": 0, "label": "A", "sample": 2, "ms": 29.251039505004883}
{"event": "sample", "n": 800, "mode": "backward", "round": 1, "block": 0, "label": "A", "sample": 3, "ms": 29.249631881713867}
{"event": "sample", "n": 800, "mode": "backward", "round": 1, "block": 0, "label": "A", "sample": 4, "ms": 29.250783920288086}
{"event": "sample", "n": 800, "mode": "backward", "round": 1, "block": 0, "label": "A", "sample": 5, "ms": 29.290559768676758}
{"event": "sample", "n": 800, "mode": "backward", "round": 1, "block": 0, "label": "A", "sample": 6, "ms": 29.31964874267578}
{"event": "sample", "n": 800, "mode": "backward", "round": 1, "block": 0, "label": "A", "sample": 7, "ms": 29.304927825927734}
{"event": "sample", "n": 800, "mode": "backward", "round": 1, "block": 0, "label": "A", "sample": 8, "ms": 29.301855087280273}
{"event": "sample", "n": 800, "mode": "backward", "round": 1, "block": 0, "label": "A", "sample": 9, "ms": 29.245920181274414}
{"event": "sample", "n": 800, "mode": "backward", "round": 1, "block": 1, "label": "B", "sample": 0, "ms": 24.081695556640625}
{"event": "sample", "n": 800, "mode": "backward", "round": 1, "block": 1, "label": "B", "sample": 1, "ms": 23.877887725830078}
{"event": "sample", "n": 800, "mode": "backward", "round": 1, "block": 1, "label": "B", "sample": 2, "ms": 23.912479400634766}
{"event": "sample", "n": 800, "mode": "backward", "round": 1, "block": 1, "label": "B", "sample": 3, "ms": 23.99135971069336}
{"event": "sample", "n": 800, "mode": "backward", "round": 1, "block": 1, "label": "B", "sample": 4, "ms": 23.941312789916992}
{"event": "sample", "n": 800, "mode": "backward", "round": 1, "block": 1, "label": "B", "sample": 5, "ms": 23.93382453918457}
{"event": "sample", "n": 800, "mode": "backward", "round": 1, "block": 1, "label": "B", "sample": 6, "ms": 23.920127868652344}
{"event": "sample", "n": 800, "mode": "backward", "round": 1, "block": 1, "label": "B", "sample": 7, "ms": 23.87980842590332}
{"event": "sample", "n": 800, "mode": "backward", "round": 1, "block": 1, "label": "B", "sample": 8, "ms": 23.905120849609375}
{"event": "sample", "n": 800, "mode": "backward", "round": 1, "block": 1, "label": "B", "sample": 9, "ms": 23.885696411132812}
{"event": "sample", "n": 800, "mode": "backward", "round": 1, "block": 2, "label": "B", "sample": 0, "ms": 24.093664169311523}
{"event": "sample", "n": 800, "mode": "backward", "round": 1, "block": 2, "label": "B", "sample": 1, "ms": 23.881343841552734}
{"event": "sample", "n": 800, "mode": "backward", "round": 1, "block": 2, "label": "B", "sample": 2, "ms": 23.90003204345703}
{"event": "sample", "n": 800, "mode": "backward", "round": 1, "block": 2, "label": "B", "sample": 3, "ms": 23.90675163269043}
{"event": "sample", "n": 800, "mode": "backward", "round": 1, "block": 2, "label": "B", "sample": 4, "ms": 23.877695083618164}
{"event": "sample", "n": 800, "mode": "backward", "round": 1, "block": 2, "label": "B", "sample": 5, "ms": 23.845983505249023}
{"event": "sample", "n": 800, "mode": "backward", "round": 1, "block": 2, "label": "B", "sample": 6, "ms": 23.868864059448242}
{"event": "sample", "n": 800, "mode": "backward", "round": 1, "block": 2, "label": "B", "sample": 7, "ms": 23.83955192565918}
{"event": "sample", "n": 800, "mode": "backward", "round": 1, "block": 2, "label": "B", "sample": 8, "ms": 23.849952697753906}
{"event": "sample", "n": 800, "mode": "backward", "round": 1, "block": 2, "label": "B", "sample": 9, "ms": 23.88172721862793}
{"event": "sample", "n": 800, "mode": "backward", "round": 1, "block": 3, "label": "A", "sample": 0, "ms": 29.637792587280273}
{"event": "sample", "n": 800, "mode": "backward", "round": 1, "block": 3, "label": "A", "sample": 1, "ms": 29.24627113342285}
{"event": "sample", "n": 800, "mode": "backward", "round": 1, "block": 3, "label": "A", "sample": 2, "ms": 29.2509765625}
{"event": "sample", "n": 800, "mode": "backward", "round": 1, "block": 3, "label": "A", "sample": 3, "ms": 29.251903533935547}
{"event": "sample", "n": 800, "mode": "backward", "round": 1, "block": 3, "label": "A", "sample": 4, "ms": 29.253759384155273}
{"event": "sample", "n": 800, "mode": "backward", "round": 1, "block": 3, "label": "A", "sample": 5, "ms": 29.25049591064453}
{"event": "sample", "n": 800, "mode": "backward", "round": 1, "block": 3, "label": "A", "sample": 6, "ms": 29.30512046813965}
{"event": "sample", "n": 800, "mode": "backward", "round": 1, "block": 3, "label": "A", "sample": 7, "ms": 29.317663192749023}
{"event": "sample", "n": 800, "mode": "backward", "round": 1, "block": 3, "label": "A", "sample": 8, "ms": 29.312768936157227}
{"event": "sample", "n": 800, "mode": "backward", "round": 1, "block": 3, "label": "A", "sample": 9, "ms": 29.293312072753906}
{"event": "sample", "n": 800, "mode": "backward", "round": 2, "block": 0, "label": "A", "sample": 0, "ms": 29.571456909179688}
{"event": "sample", "n": 800, "mode": "backward", "round": 2, "block": 0, "label": "A", "sample": 1, "ms": 29.248319625854492}
{"event": "sample", "n": 800, "mode": "backward", "round": 2, "block": 0, "label": "A", "sample": 2, "ms": 29.250656127929688}
{"event": "sample", "n": 800, "mode": "backward", "round": 2, "block": 0, "label": "A", "sample": 3, "ms": 29.249919891357422}
{"event": "sample", "n": 800, "mode": "backward", "round": 2, "block": 0, "label": "A", "sample": 4, "ms": 29.246431350708008}
{"event": "sample", "n": 800, "mode": "backward", "round": 2, "block": 0, "label": "A", "sample": 5, "ms": 29.249311447143555}
{"event": "sample", "n": 800, "mode": "backward", "round": 2, "block": 0, "label": "A", "sample": 6, "ms": 29.247743606567383}
{"event": "sample", "n": 800, "mode": "backward", "round": 2, "block": 0, "label": "A", "sample": 7, "ms": 29.248640060424805}
{"event": "sample", "n": 800, "mode": "backward", "round": 2, "block": 0, "label": "A", "sample": 8, "ms": 29.252256393432617}
{"event": "sample", "n": 800, "mode": "backward", "round": 2, "block": 0, "label": "A", "sample": 9, "ms": 29.2508487701416}
{"event": "sample", "n": 800, "mode": "backward", "round": 2, "block": 1, "label": "B", "sample": 0, "ms": 24.089984893798828}
{"event": "sample", "n": 800, "mode": "backward", "round": 2, "block": 1, "label": "B", "sample": 1, "ms": 23.836671829223633}
{"event": "sample", "n": 800, "mode": "backward", "round": 2, "block": 1, "label": "B", "sample": 2, "ms": 23.84009552001953}
{"event": "sample", "n": 800, "mode": "backward", "round": 2, "block": 1, "label": "B", "sample": 3, "ms": 23.831968307495117}
{"event": "sample", "n": 800, "mode": "backward", "round": 2, "block": 1, "label": "B", "sample": 4, "ms": 23.85852813720703}
{"event": "sample", "n": 800, "mode": "backward", "round": 2, "block": 1, "label": "B", "sample": 5, "ms": 23.846399307250977}
{"event": "sample", "n": 800, "mode": "backward", "round": 2, "block": 1, "label": "B", "sample": 6, "ms": 23.835264205932617}
{"event": "sample", "n": 800, "mode": "backward", "round": 2, "block": 1, "label": "B", "sample": 7, "ms": 23.846271514892578}
{"event": "sample", "n": 800, "mode": "backward", "round": 2, "block": 1, "label": "B", "sample": 8, "ms": 23.828479766845703}
{"event": "sample", "n": 800, "mode": "backward", "round": 2, "block": 1, "label": "B", "sample": 9, "ms": 23.836191177368164}
{"event": "sample", "n": 800, "mode": "backward", "round": 2, "block": 2, "label": "B", "sample": 0, "ms": 23.985088348388672}
{"event": "sample", "n": 800, "mode": "backward", "round": 2, "block": 2, "label": "B", "sample": 1, "ms": 23.80134391784668}
{"event": "sample", "n": 800, "mode": "backward", "round": 2, "block": 2, "label": "B", "sample": 2, "ms": 23.833824157714844}
{"event": "sample", "n": 800, "mode": "backward", "round": 2, "block": 2, "label": "B", "sample": 3, "ms": 23.857568740844727}
{"event": "sample", "n": 800, "mode": "backward", "round": 2, "block": 2, "label": "B", "sample": 4, "ms": 23.86992073059082}
{"event": "sample", "n": 800, "mode": "backward", "round": 2, "block": 2, "label": "B", "sample": 5, "ms": 23.86614418029785}
{"event": "sample", "n": 800, "mode": "backward", "round": 2, "block": 2, "label": "B", "sample": 6, "ms": 23.829055786132812}
{"event": "sample", "n": 800, "mode": "backward", "round": 2, "block": 2, "label": "B", "sample": 7, "ms": 23.813247680664062}
{"event": "sample", "n": 800, "mode": "backward", "round": 2, "block": 2, "label": "B", "sample": 8, "ms": 23.812543869018555}
{"event": "sample", "n": 800, "mode": "backward", "round": 2, "block": 2, "label": "B", "sample": 9, "ms": 23.818336486816406}
{"event": "sample", "n": 800, "mode": "backward", "round": 2, "block": 3, "label": "A", "sample": 0, "ms": 29.609119415283203}
{"event": "sample", "n": 800, "mode": "backward", "round": 2, "block": 3, "label": "A", "sample": 1, "ms": 29.254304885864258}
{"event": "sample", "n": 800, "mode": "backward", "round": 2, "block": 3, "label": "A", "sample": 2, "ms": 29.25379180908203}
{"event": "sample", "n": 800, "mode": "backward", "round": 2, "block": 3, "label": "A", "sample": 3, "ms": 29.254207611083984}
{"event": "sample", "n": 800, "mode": "backward", "round": 2, "block": 3, "label": "A", "sample": 4, "ms": 29.2491512298584}
{"event": "sample", "n": 800, "mode": "backward", "round": 2, "block": 3, "label": "A", "sample": 5, "ms": 29.2455997467041}
{"event": "sample", "n": 800, "mode": "backward", "round": 2, "block": 3, "label": "A", "sample": 6, "ms": 29.244287490844727}
{"event": "sample", "n": 800, "mode": "backward", "round": 2, "block": 3, "label": "A", "sample": 7, "ms": 29.249408721923828}
{"event": "sample", "n": 800, "mode": "backward", "round": 2, "block": 3, "label": "A", "sample": 8, "ms": 29.255552291870117}
{"event": "sample", "n": 800, "mode": "backward", "round": 2, "block": 3, "label": "A", "sample": 9, "ms": 29.246463775634766}
{"event": "summary", "n": 800, "mode": "backward", "median_ms": {"A": 29.25148868560791, "B": 23.86233615875244}, "speedup": 1.2258434585365938, "samples_per_label": 60}
{"event": "sample", "n": 800, "mode": "forward_backward", "round": 0, "block": 0, "label": "A", "sample": 0, "ms": 35.47516632080078}
{"event": "sample", "n": 800, "mode": "forward_backward", "round": 0, "block": 0, "label": "A", "sample": 1, "ms": 35.28566360473633}
{"event": "sample", "n": 800, "mode": "forward_backward", "round": 0, "block": 0, "label": "A", "sample": 2, "ms": 35.277503967285156}
{"event": "sample", "n": 800, "mode": "forward_backward", "round": 0, "block": 0, "label": "A", "sample": 3, "ms": 35.25519943237305}
{"event": "sample", "n": 800, "mode": "forward_backward", "round": 0, "block": 0, "label": "A", "sample": 4, "ms": 35.20105743408203}
{"event": "sample", "n": 800, "mode": "forward_backward", "round": 0, "block": 0, "label": "A", "sample": 5, "ms": 35.2072639465332}
{"event": "sample", "n": 800, "mode": "forward_backward", "round": 0, "block": 0, "label": "A", "sample": 6, "ms": 35.207008361816406}
{"event": "sample", "n": 800, "mode": "forward_backward", "round": 0, "block": 0, "label": "A", "sample": 7, "ms": 35.209983825683594}
{"event": "sample", "n": 800, "mode": "forward_backward", "round": 0, "block": 0, "label": "A", "sample": 8, "ms": 35.20719909667969}
{"event": "sample", "n": 800, "mode": "forward_backward", "round": 0, "block": 0, "label": "A", "sample": 9, "ms": 35.20800018310547}
{"event": "sample", "n": 800, "mode": "forward_backward", "round": 0, "block": 1, "label": "B", "sample": 0, "ms": 30.7807674407959}
{"event": "sample", "n": 800, "mode": "forward_backward", "round": 0, "block": 1, "label": "B", "sample": 1, "ms": 29.813695907592773}
{"event": "sample", "n": 800, "mode": "forward_backward", "round": 0, "block": 1, "label": "B", "sample": 2, "ms": 29.835071563720703}
{"event": "sample", "n": 800, "mode": "forward_backward", "round": 0, "block": 1, "label": "B", "sample": 3, "ms": 29.86115264892578}
{"event": "sample", "n": 800, "mode": "forward_backward", "round": 0, "block": 1, "label": "B", "sample": 4, "ms": 29.827199935913086}
{"event": "sample", "n": 800, "mode": "forward_backward", "round": 0, "block": 1, "label": "B", "sample": 5, "ms": 29.845056533813477}
{"event": "sample", "n": 800, "mode": "forward_backward", "round": 0, "block": 1, "label": "B", "sample": 6, "ms": 29.902591705322266}
{"event": "sample", "n": 800, "mode": "forward_backward", "round": 0, "block": 1, "label": "B", "sample": 7, "ms": 29.90892791748047}
{"event": "sample", "n": 800, "mode": "forward_backward", "round": 0, "block": 1, "label": "B", "sample": 8, "ms": 29.90496063232422}
{"event": "sample", "n": 800, "mode": "forward_backward", "round": 0, "block": 1, "label": "B", "sample": 9, "ms": 29.84649658203125}
{"event": "sample", "n": 800, "mode": "forward_backward", "round": 0, "block": 2, "label": "B", "sample": 0, "ms": 30.258560180664062}
{"event": "sample", "n": 800, "mode": "forward_backward", "round": 0, "block": 2, "label": "B", "sample": 1, "ms": 29.86310386657715}
{"event": "sample", "n": 800, "mode": "forward_backward", "round": 0, "block": 2, "label": "B", "sample": 2, "ms": 29.82624053955078}
{"event": "sample", "n": 800, "mode": "forward_backward", "round": 0, "block": 2, "label": "B", "sample": 3, "ms": 29.832895278930664}
{"event": "sample", "n": 800, "mode": "forward_backward", "round": 0, "block": 2, "label": "B", "sample": 4, "ms": 29.84172821044922}
{"event": "sample", "n": 800, "mode": "forward_backward", "round": 0, "block": 2, "label": "B", "sample": 5, "ms": 29.838016510009766}
{"event": "sample", "n": 800, "mode": "forward_backward", "round": 0, "block": 2, "label": "B", "sample": 6, "ms": 29.767040252685547}
{"event": "sample", "n": 800, "mode": "forward_backward", "round": 0, "block": 2, "label": "B", "sample": 7, "ms": 29.783327102661133}
{"event": "sample", "n": 800, "mode": "forward_backward", "round": 0, "block": 2, "label": "B", "sample": 8, "ms": 29.781824111938477}
{"event": "sample", "n": 800, "mode": "forward_backward", "round": 0, "block": 2, "label": "B", "sample": 9, "ms": 29.830463409423828}
{"event": "sample", "n": 800, "mode": "forward_backward", "round": 0, "block": 3, "label": "A", "sample": 0, "ms": 35.59187316894531}
{"event": "sample", "n": 800, "mode": "forward_backward", "round": 0, "block": 3, "label": "A", "sample": 1, "ms": 35.206241607666016}
{"event": "sample", "n": 800, "mode": "forward_backward", "round": 0, "block": 3, "label": "A", "sample": 2, "ms": 35.20521545410156}
{"event": "sample", "n": 800, "mode": "forward_backward", "round": 0, "block": 3, "label": "A", "sample": 3, "ms": 35.20512008666992}
{"event": "sample", "n": 800, "mode": "forward_backward", "round": 0, "block": 3, "label": "A", "sample": 4, "ms": 35.20515060424805}
{"event": "sample", "n": 800, "mode": "forward_backward", "round": 0, "block": 3, "label": "A", "sample": 5, "ms": 35.203392028808594}
{"event": "sample", "n": 800, "mode": "forward_backward", "round": 0, "block": 3, "label": "A", "sample": 6, "ms": 35.212608337402344}
{"event": "sample", "n": 800, "mode": "forward_backward", "round": 0, "block": 3, "label": "A", "sample": 7, "ms": 35.205535888671875}
{"event": "sample", "n": 800, "mode": "forward_backward", "round": 0, "block": 3, "label": "A", "sample": 8, "ms": 35.20732879638672}
{"event": "sample", "n": 800, "mode": "forward_backward", "round": 0, "block": 3, "label": "A", "sample": 9, "ms": 35.199615478515625}
{"event": "sample", "n": 800, "mode": "forward_backward", "round": 1, "block": 0, "label": "A", "sample": 0, "ms": 35.528831481933594}
{"event": "sample", "n": 800, "mode": "forward_backward", "round": 1, "block": 0, "label": "A", "sample": 1, "ms": 35.28384017944336}
{"event": "sample", "n": 800, "mode": "forward_backward", "round": 1, "block": 0, "label": "A", "sample": 2, "ms": 35.278175354003906}
{"event": "sample", "n": 800, "mode": "forward_backward", "round": 1, "block": 0, "label": "A", "sample": 3, "ms": 35.231201171875}
{"event": "sample", "n": 800, "mode": "forward_backward", "round": 1, "block": 0, "label": "A", "sample": 4, "ms": 35.204193115234375}
{"event": "sample", "n": 800, "mode": "forward_backward", "round": 1, "block": 0, "label": "A", "sample": 5, "ms": 35.20191955566406}
{"event": "sample", "n": 800, "mode": "forward_backward", "round": 1, "block": 0, "label": "A", "sample": 6, "ms": 35.206302642822266}
{"event": "sample", "n": 800, "mode": "forward_backward", "round": 1, "block": 0, "label": "A", "sample": 7, "ms": 35.20524978637695}
{"event": "sample", "n": 800, "mode": "forward_backward", "round": 1, "block": 0, "label": "A", "sample": 8, "ms": 35.20716857910156}
{"event": "sample", "n": 800, "mode": "forward_backward", "round": 1, "block": 0, "label": "A", "sample": 9, "ms": 35.21084976196289}
{"event": "sample", "n": 800, "mode": "forward_backward", "round": 1, "block": 1, "label": "B", "sample": 0, "ms": 30.204832077026367}
{"event": "sample", "n": 800, "mode": "forward_backward", "round": 1, "block": 1, "label": "B", "sample": 1, "ms": 29.820512771606445}
{"event": "sample", "n": 800, "mode": "forward_backward", "round": 1, "block": 1, "label": "B", "sample": 2, "ms": 29.811359405517578}
{"event": "sample", "n": 800, "mode": "forward_backward", "round": 1, "block": 1, "label": "B", "sample": 3, "ms": 29.829023361206055}
{"event": "sample", "n": 800, "mode": "forward_backward", "round": 1, "block": 1, "label": "B", "sample": 4, "ms": 29.82259178161621}
{"event": "sample", "n": 800, "mode": "forward_backward", "round": 1, "block": 1, "label": "B", "sample": 5, "ms": 29.881471633911133}
{"event": "sample", "n": 800, "mode": "forward_backward", "round": 1, "block": 1, "label": "B", "sample": 6, "ms": 29.92051124572754}
{"event": "sample", "n": 800, "mode": "forward_backward", "round": 1, "block": 1, "label": "B", "sample": 7, "ms": 29.91004753112793}
{"event": "sample", "n": 800, "mode": "forward_backward", "round": 1, "block": 1, "label": "B", "sample": 8, "ms": 29.91244888305664}
{"event": "sample", "n": 800, "mode": "forward_backward", "round": 1, "block": 1, "label": "B", "sample": 9, "ms": 29.833248138427734}
{"event": "sample", "n": 800, "mode": "forward_backward", "round": 1, "block": 2, "label": "B", "sample": 0, "ms": 30.293664932250977}
{"event": "sample", "n": 800, "mode": "forward_backward", "round": 1, "block": 2, "label": "B", "sample": 1, "ms": 29.8275203704834}
{"event": "sample", "n": 800, "mode": "forward_backward", "round": 1, "block": 2, "label": "B", "sample": 2, "ms": 29.836095809936523}
{"event": "sample", "n": 800, "mode": "forward_backward", "round": 1, "block": 2, "label": "B", "sample": 3, "ms": 29.86115264892578}
{"event": "sample", "n": 800, "mode": "forward_backward", "round": 1, "block": 2, "label": "B", "sample": 4, "ms": 29.82137680053711}
{"event": "sample", "n": 800, "mode": "forward_backward", "round": 1, "block": 2, "label": "B", "sample": 5, "ms": 29.82195281982422}
{"event": "sample", "n": 800, "mode": "forward_backward", "round": 1, "block": 2, "label": "B", "sample": 6, "ms": 29.798303604125977}
{"event": "sample", "n": 800, "mode": "forward_backward", "round": 1, "block": 2, "label": "B", "sample": 7, "ms": 29.74985694885254}
{"event": "sample", "n": 800, "mode": "forward_backward", "round": 1, "block": 2, "label": "B", "sample": 8, "ms": 29.81046485900879}
{"event": "sample", "n": 800, "mode": "forward_backward", "round": 1, "block": 2, "label": "B", "sample": 9, "ms": 29.829408645629883}
{"event": "sample", "n": 800, "mode": "forward_backward", "round": 1, "block": 3, "label": "A", "sample": 0, "ms": 35.51897430419922}
{"event": "sample", "n": 800, "mode": "forward_backward", "round": 1, "block": 3, "label": "A", "sample": 1, "ms": 35.20665740966797}
{"event": "sample", "n": 800, "mode": "forward_backward", "round": 1, "block": 3, "label": "A", "sample": 2, "ms": 35.20512008666992}
{"event": "sample", "n": 800, "mode": "forward_backward", "round": 1, "block": 3, "label": "A", "sample": 3, "ms": 35.2092170715332}
{"event": "sample", "n": 800, "mode": "forward_backward", "round": 1, "block": 3, "label": "A", "sample": 4, "ms": 35.205535888671875}
{"event": "sample", "n": 800, "mode": "forward_backward", "round": 1, "block": 3, "label": "A", "sample": 5, "ms": 35.202880859375}
{"event": "sample", "n": 800, "mode": "forward_backward", "round": 1, "block": 3, "label": "A", "sample": 6, "ms": 35.207969665527344}
{"event": "sample", "n": 800, "mode": "forward_backward", "round": 1, "block": 3, "label": "A", "sample": 7, "ms": 35.20710372924805}
{"event": "sample", "n": 800, "mode": "forward_backward", "round": 1, "block": 3, "label": "A", "sample": 8, "ms": 35.20387268066406}
{"event": "sample", "n": 800, "mode": "forward_backward", "round": 1, "block": 3, "label": "A", "sample": 9, "ms": 35.20134353637695}
{"event": "sample", "n": 800, "mode": "forward_backward", "round": 2, "block": 0, "label": "A", "sample": 0, "ms": 35.5145263671875}
{"event": "sample", "n": 800, "mode": "forward_backward", "round": 2, "block": 0, "label": "A", "sample": 1, "ms": 35.20364761352539}
{"event": "sample", "n": 800, "mode": "forward_backward", "round": 2, "block": 0, "label": "A", "sample": 2, "ms": 35.20790481567383}
{"event": "sample", "n": 800, "mode": "forward_backward", "round": 2, "block": 0, "label": "A", "sample": 3, "ms": 35.20915222167969}
{"event": "sample", "n": 800, "mode": "forward_backward", "round": 2, "block": 0, "label": "A", "sample": 4, "ms": 35.208736419677734}
{"event": "sample", "n": 800, "mode": "forward_backward", "round": 2, "block": 0, "label": "A", "sample": 5, "ms": 35.20652770996094}
{"event": "sample", "n": 800, "mode": "forward_backward", "round": 2, "block": 0, "label": "A", "sample": 6, "ms": 35.20912170410156}
{"event": "sample", "n": 800, "mode": "forward_backward", "round": 2, "block": 0, "label": "A", "sample": 7, "ms": 35.21039962768555}
{"event": "sample", "n": 800, "mode": "forward_backward", "round": 2, "block": 0, "label": "A", "sample": 8, "ms": 35.203582763671875}
{"event": "sample", "n": 800, "mode": "forward_backward", "round": 2, "block": 0, "label": "A", "sample": 9, "ms": 35.200191497802734}
{"event": "sample", "n": 800, "mode": "forward_backward", "round": 2, "block": 1, "label": "B", "sample": 0, "ms": 30.299039840698242}
{"event": "sample", "n": 800, "mode": "forward_backward", "round": 2, "block": 1, "label": "B", "sample": 1, "ms": 29.828319549560547}
{"event": "sample", "n": 800, "mode": "forward_backward", "round": 2, "block": 1, "label": "B", "sample": 2, "ms": 29.916799545288086}
{"event": "sample", "n": 800, "mode": "forward_backward", "round": 2, "block": 1, "label": "B", "sample": 3, "ms": 29.92416000366211}
{"event": "sample", "n": 800, "mode": "forward_backward", "round": 2, "block": 1, "label": "B", "sample": 4, "ms": 29.85590362548828}
{"event": "sample", "n": 800, "mode": "forward_backward", "round": 2, "block": 1, "label": "B", "sample": 5, "ms": 29.832223892211914}
{"event": "sample", "n": 800, "mode": "forward_backward", "round": 2, "block": 1, "label": "B", "sample": 6, "ms": 29.817279815673828}
{"event": "sample", "n": 800, "mode": "forward_backward", "round": 2, "block": 1, "label": "B", "sample": 7, "ms": 29.831327438354492}
{"event": "sample", "n": 800, "mode": "forward_backward", "round": 2, "block": 1, "label": "B", "sample": 8, "ms": 29.891679763793945}
{"event": "sample", "n": 800, "mode": "forward_backward", "round": 2, "block": 1, "label": "B", "sample": 9, "ms": 29.909503936767578}
{"event": "sample", "n": 800, "mode": "forward_backward", "round": 2, "block": 2, "label": "B", "sample": 0, "ms": 30.649887084960938}
{"event": "sample", "n": 800, "mode": "forward_backward", "round": 2, "block": 2, "label": "B", "sample": 1, "ms": 29.909055709838867}
{"event": "sample", "n": 800, "mode": "forward_backward", "round": 2, "block": 2, "label": "B", "sample": 2, "ms": 29.793760299682617}
{"event": "sample", "n": 800, "mode": "forward_backward", "round": 2, "block": 2, "label": "B", "sample": 3, "ms": 29.804288864135742}
{"event": "sample", "n": 800, "mode": "forward_backward", "round": 2, "block": 2, "label": "B", "sample": 4, "ms": 29.81497573852539}
{"event": "sample", "n": 800, "mode": "forward_backward", "round": 2, "block": 2, "label": "B", "sample": 5, "ms": 29.897279739379883}
{"event": "sample", "n": 800, "mode": "forward_backward", "round": 2, "block": 2, "label": "B", "sample": 6, "ms": 29.9267520904541}
{"event": "sample", "n": 800, "mode": "forward_backward", "round": 2, "block": 2, "label": "B", "sample": 7, "ms": 29.867359161376953}
{"event": "sample", "n": 800, "mode": "forward_backward", "round": 2, "block": 2, "label": "B", "sample": 8, "ms": 29.851648330688477}
{"event": "sample", "n": 800, "mode": "forward_backward", "round": 2, "block": 2, "label": "B", "sample": 9, "ms": 29.802656173706055}
{"event": "sample", "n": 800, "mode": "forward_backward", "round": 2, "block": 3, "label": "A", "sample": 0, "ms": 35.873695373535156}
{"event": "sample", "n": 800, "mode": "forward_backward", "round": 2, "block": 3, "label": "A", "sample": 1, "ms": 35.23068618774414}
{"event": "sample", "n": 800, "mode": "forward_backward", "round": 2, "block": 3, "label": "A", "sample": 2, "ms": 35.2841911315918}
{"event": "sample", "n": 800, "mode": "forward_backward", "round": 2, "block": 3, "label": "A", "sample": 3, "ms": 35.28547286987305}
{"event": "sample", "n": 800, "mode": "forward_backward", "round": 2, "block": 3, "label": "A", "sample": 4, "ms": 35.246559143066406}
{"event": "sample", "n": 800, "mode": "forward_backward", "round": 2, "block": 3, "label": "A", "sample": 5, "ms": 35.20703887939453}
{"event": "sample", "n": 800, "mode": "forward_backward", "round": 2, "block": 3, "label": "A", "sample": 6, "ms": 35.20851135253906}
{"event": "sample", "n": 800, "mode": "forward_backward", "round": 2, "block": 3, "label": "A", "sample": 7, "ms": 35.20716857910156}
{"event": "sample", "n": 800, "mode": "forward_backward", "round": 2, "block": 3, "label": "A", "sample": 8, "ms": 35.20771026611328}
{"event": "sample", "n": 800, "mode": "forward_backward", "round": 2, "block": 3, "label": "A", "sample": 9, "ms": 35.20649719238281}
{"event": "summary", "n": 800, "mode": "forward_backward", "median_ms": {"A": 35.20729637145996, "B": 29.837056159973145}, "speedup": 1.179985591832316, "samples_per_label": 60}
{"event": "parity", "n": 1024, "checks": {"output": {"relative_l2": 0.0, "baseline_zero_max_abs_diagnostic": 0.0, "passed": true}, "dq": {"relative_l2": 7.522603846155107e-05, "baseline_zero_max_abs_diagnostic": 0.0, "passed": true}, "dk": {"relative_l2": 0.0, "baseline_zero_max_abs_diagnostic": 0.0, "passed": true}, "dv": {"relative_l2": 0.0, "baseline_zero_max_abs_diagnostic": 0.0, "passed": true}, "db": {"relative_l2": 1.076270200428553e-05, "baseline_zero_max_abs_diagnostic": 0.0, "passed": true}}, "independent_reference": false}
{"event": "memory", "n": 1024, "measurements": {"A": {"peak_increment_bytes": 2366636032, "retained_increment_bytes": 2164260864}, "B": {"peak_increment_bytes": 2433777664, "retained_increment_bytes": 2164260864}}}
{"event": "sample", "n": 1024, "mode": "forward", "round": 0, "block": 0, "label": "A", "sample": 0, "ms": 10.961471557617188}
{"event": "sample", "n": 1024, "mode": "forward", "round": 0, "block": 0, "label": "A", "sample": 1, "ms": 10.811712265014648}
{"event": "sample", "n": 1024, "mode": "forward", "round": 0, "block": 0, "label": "A", "sample": 2, "ms": 10.788512229919434}
{"event": "sample", "n": 1024, "mode": "forward", "round": 0, "block": 0, "label": "A", "sample": 3, "ms": 10.789055824279785}
{"event": "sample", "n": 1024, "mode": "forward", "round": 0, "block": 0, "label": "A", "sample": 4, "ms": 10.790304183959961}
{"event": "sample", "n": 1024, "mode": "forward", "round": 0, "block": 0, "label": "A", "sample": 5, "ms": 10.790016174316406}
{"event": "sample", "n": 1024, "mode": "forward", "round": 0, "block": 0, "label": "A", "sample": 6, "ms": 10.791872024536133}
{"event": "sample", "n": 1024, "mode": "forward", "round": 0, "block": 0, "label": "A", "sample": 7, "ms": 10.787967681884766}
{"event": "sample", "n": 1024, "mode": "forward", "round": 0, "block": 0, "label": "A", "sample": 8, "ms": 10.788864135742188}
{"event": "sample", "n": 1024, "mode": "forward", "round": 0, "block": 0, "label": "A", "sample": 9, "ms": 10.79155158996582}
{"event": "sample", "n": 1024, "mode": "forward", "round": 0, "block": 1, "label": "B", "sample": 0, "ms": 11.110527992248535}
{"event": "sample", "n": 1024, "mode": "forward", "round": 0, "block": 1, "label": "B", "sample": 1, "ms": 10.728511810302734}
{"event": "sample", "n": 1024, "mode": "forward", "round": 0, "block": 1, "label": "B", "sample": 2, "ms": 10.726688385009766}
{"event": "sample", "n": 1024, "mode": "forward", "round": 0, "block": 1, "label": "B", "sample": 3, "ms": 10.727423667907715}
{"event": "sample", "n": 1024, "mode": "forward", "round": 0, "block": 1, "label": "B", "sample": 4, "ms": 10.726911544799805}
{"event": "sample", "n": 1024, "mode": "forward", "round": 0, "block": 1, "label": "B", "sample": 5, "ms": 10.725664138793945}
{"event": "sample", "n": 1024, "mode": "forward", "round": 0, "block": 1, "label": "B", "sample": 6, "ms": 10.725728034973145}
{"event": "sample", "n": 1024, "mode": "forward", "round": 0, "block": 1, "label": "B", "sample": 7, "ms": 10.726847648620605}
{"event": "sample", "n": 1024, "mode": "forward", "round": 0, "block": 1, "label": "B", "sample": 8, "ms": 10.726176261901855}
{"event": "sample", "n": 1024, "mode": "forward", "round": 0, "block": 1, "label": "B", "sample": 9, "ms": 10.728384017944336}
{"event": "sample", "n": 1024, "mode": "forward", "round": 0, "block": 2, "label": "B", "sample": 0, "ms": 11.020000457763672}
{"event": "sample", "n": 1024, "mode": "forward", "round": 0, "block": 2, "label": "B", "sample": 1, "ms": 10.643775939941406}
{"event": "sample", "n": 1024, "mode": "forward", "round": 0, "block": 2, "label": "B", "sample": 2, "ms": 10.643872261047363}
{"event": "sample", "n": 1024, "mode": "forward", "round": 0, "block": 2, "label": "B", "sample": 3, "ms": 10.6430082321167}
{"event": "sample", "n": 1024, "mode": "forward", "round": 0, "block": 2, "label": "B", "sample": 4, "ms": 10.643296241760254}
{"event": "sample", "n": 1024, "mode": "forward", "round": 0, "block": 2, "label": "B", "sample": 5, "ms": 10.642463684082031}
{"event": "sample", "n": 1024, "mode": "forward", "round": 0, "block": 2, "label": "B", "sample": 6, "ms": 10.643424034118652}
{"event": "sample", "n": 1024, "mode": "forward", "round": 0, "block": 2, "label": "B", "sample": 7, "ms": 10.644672393798828}
{"event": "sample", "n": 1024, "mode": "forward", "round": 0, "block": 2, "label": "B", "sample": 8, "ms": 10.644831657409668}
{"event": "sample", "n": 1024, "mode": "forward", "round": 0, "block": 2, "label": "B", "sample": 9, "ms": 10.643648147583008}
{"event": "sample", "n": 1024, "mode": "forward", "round": 0, "block": 3, "label": "A", "sample": 0, "ms": 10.9334716796875}
{"event": "sample", "n": 1024, "mode": "forward", "round": 0, "block": 3, "label": "A", "sample": 1, "ms": 10.713567733764648}
{"event": "sample", "n": 1024, "mode": "forward", "round": 0, "block": 3, "label": "A", "sample": 2, "ms": 10.715519905090332}
{"event": "sample", "n": 1024, "mode": "forward", "round": 0, "block": 3, "label": "A", "sample": 3, "ms": 10.717408180236816}
{"event": "sample", "n": 1024, "mode": "forward", "round": 0, "block": 3, "label": "A", "sample": 4, "ms": 10.714143753051758}
{"event": "sample", "n": 1024, "mode": "forward", "round": 0, "block": 3, "label": "A", "sample": 5, "ms": 10.716896057128906}
{"event": "sample", "n": 1024, "mode": "forward", "round": 0, "block": 3, "label": "A", "sample": 6, "ms": 10.716352462768555}
{"event": "sample", "n": 1024, "mode": "forward", "round": 0, "block": 3, "label": "A", "sample": 7, "ms": 10.715968132019043}
{"event": "sample", "n": 1024, "mode": "forward", "round": 0, "block": 3, "label": "A", "sample": 8, "ms": 10.715999603271484}
{"event": "sample", "n": 1024, "mode": "forward", "round": 0, "block": 3, "label": "A", "sample": 9, "ms": 10.742688179016113}
{"event": "sample", "n": 1024, "mode": "forward", "round": 1, "block": 0, "label": "A", "sample": 0, "ms": 10.909184455871582}
{"event": "sample", "n": 1024, "mode": "forward", "round": 1, "block": 0, "label": "A", "sample": 1, "ms": 10.738592147827148}
{"event": "sample", "n": 1024, "mode": "forward", "round": 1, "block": 0, "label": "A", "sample": 2, "ms": 10.736639976501465}
{"event": "sample", "n": 1024, "mode": "forward", "round": 1, "block": 0, "label": "A", "sample": 3, "ms": 10.741087913513184}
{"event": "sample", "n": 1024, "mode": "forward", "round": 1, "block": 0, "label": "A", "sample": 4, "ms": 10.7391996383667}
{"event": "sample", "n": 1024, "mode": "forward", "round": 1, "block": 0, "label": "A", "sample": 5, "ms": 10.738240242004395}
{"event": "sample", "n": 1024, "mode": "forward", "round": 1, "block": 0, "label": "A", "sample": 6, "ms": 10.737983703613281}
{"event": "sample", "n": 1024, "mode": "forward", "round": 1, "block": 0, "label": "A", "sample": 7, "ms": 10.736672401428223}
{"event": "sample", "n": 1024, "mode": "forward", "round": 1, "block": 0, "label": "A", "sample": 8, "ms": 10.71945571899414}
{"event": "sample", "n": 1024, "mode": "forward", "round": 1, "block": 0, "label": "A", "sample": 9, "ms": 10.716896057128906}
{"event": "sample", "n": 1024, "mode": "forward", "round": 1, "block": 1, "label": "B", "sample": 0, "ms": 11.056320190429688}
{"event": "sample", "n": 1024, "mode": "forward", "round": 1, "block": 1, "label": "B", "sample": 1, "ms": 10.645600318908691}
{"event": "sample", "n": 1024, "mode": "forward", "round": 1, "block": 1, "label": "B", "sample": 2, "ms": 10.644351959228516}
{"event": "sample", "n": 1024, "mode": "forward", "round": 1, "block": 1, "label": "B", "sample": 3, "ms": 10.643967628479004}
{"event": "sample", "n": 1024, "mode": "forward", "round": 1, "block": 1, "label": "B", "sample": 4, "ms": 10.643967628479004}
{"event": "sample", "n": 1024, "mode": "forward", "round": 1, "block": 1, "label": "B", "sample": 5, "ms": 10.643775939941406}
{"event": "sample", "n": 1024, "mode": "forward", "round": 1, "block": 1, "label": "B", "sample": 6, "ms": 10.643263816833496}
{"event": "sample", "n": 1024, "mode": "forward", "round": 1, "block": 1, "label": "B", "sample": 7, "ms": 10.633119583129883}
{"event": "sample", "n": 1024, "mode": "forward", "round": 1, "block": 1, "label": "B", "sample": 8, "ms": 10.627872467041016}
{"event": "sample", "n": 1024, "mode": "forward", "round": 1, "block": 1, "label": "B", "sample": 9, "ms": 10.628447532653809}
{"event": "sample", "n": 1024, "mode": "forward", "round": 1, "block": 2, "label": "B", "sample": 0, "ms": 11.059455871582031}
{"event": "sample", "n": 1024, "mode": "forward", "round": 1, "block": 2, "label": "B", "sample": 1, "ms": 10.629471778869629}
{"event": "sample", "n": 1024, "mode": "forward", "round": 1, "block": 2, "label": "B", "sample": 2, "ms": 10.629376411437988}
{"event": "sample", "n": 1024, "mode": "forward", "round": 1, "block": 2, "label": "B", "sample": 3, "ms": 10.62723159790039}
{"event": "sample", "n": 1024, "mode": "forward", "round": 1, "block": 2, "label": "B", "sample": 4, "ms": 10.62889575958252}
{"event": "sample", "n": 1024, "mode": "forward", "round": 1, "block": 2, "label": "B", "sample": 5, "ms": 10.62838363647461}
{"event": "sample", "n": 1024, "mode": "forward", "round": 1, "block": 2, "label": "B", "sample": 6, "ms": 10.629792213439941}
{"event": "sample", "n": 1024, "mode": "forward", "round": 1, "block": 2, "label": "B", "sample": 7, "ms": 10.626591682434082}
{"event": "sample", "n": 1024, "mode": "forward", "round": 1, "block": 2, "label": "B", "sample": 8, "ms": 10.627615928649902}
{"event": "sample", "n": 1024, "mode": "forward", "round": 1, "block": 2, "label": "B", "sample": 9, "ms": 10.62831974029541}
{"event": "sample", "n": 1024, "mode": "forward", "round": 1, "block": 3, "label": "A", "sample": 0, "ms": 10.934783935546875}
{"event": "sample", "n": 1024, "mode": "forward", "round": 1, "block": 3, "label": "A", "sample": 1, "ms": 10.698783874511719}
{"event": "sample", "n": 1024, "mode": "forward", "round": 1, "block": 3, "label": "A", "sample": 2, "ms": 10.700736045837402}
{"event": "sample", "n": 1024, "mode": "forward", "round": 1, "block": 3, "label": "A", "sample": 3, "ms": 10.699007987976074}
{"event": "sample", "n": 1024, "mode": "forward", "round": 1, "block": 3, "label": "A", "sample": 4, "ms": 10.70246410369873}
{"event": "sample", "n": 1024, "mode": "forward", "round": 1, "block": 3, "label": "A", "sample": 5, "ms": 10.701184272766113}
{"event": "sample", "n": 1024, "mode": "forward", "round": 1, "block": 3, "label": "A", "sample": 6, "ms": 10.702112197875977}
{"event": "sample", "n": 1024, "mode": "forward", "round": 1, "block": 3, "label": "A", "sample": 7, "ms": 10.701567649841309}
{"event": "sample", "n": 1024, "mode": "forward", "round": 1, "block": 3, "label": "A", "sample": 8, "ms": 10.700736045837402}
{"event": "sample", "n": 1024, "mode": "forward", "round": 1, "block": 3, "label": "A", "sample": 9, "ms": 10.702688217163086}
{"event": "sample", "n": 1024, "mode": "forward", "round": 2, "block": 0, "label": "A", "sample": 0, "ms": 10.92841625213623}
{"event": "sample", "n": 1024, "mode": "forward", "round": 2, "block": 0, "label": "A", "sample": 1, "ms": 10.701888084411621}
{"event": "sample", "n": 1024, "mode": "forward", "round": 2, "block": 0, "label": "A", "sample": 2, "ms": 10.702879905700684}
{"event": "sample", "n": 1024, "mode": "forward", "round": 2, "block": 0, "label": "A", "sample": 3, "ms": 10.700575828552246}
{"event": "sample", "n": 1024, "mode": "forward", "round": 2, "block": 0, "label": "A", "sample": 4, "ms": 10.701760292053223}
{"event": "sample", "n": 1024, "mode": "forward", "round": 2, "block": 0, "label": "A", "sample": 5, "ms": 10.698528289794922}
{"event": "sample", "n": 1024, "mode": "forward", "round": 2, "block": 0, "label": "A", "sample": 6, "ms": 10.70406436920166}
{"event": "sample", "n": 1024, "mode": "forward", "round": 2, "block": 0, "label": "A", "sample": 7, "ms": 10.702367782592773}
{"event": "sample", "n": 1024, "mode": "forward", "round": 2, "block": 0, "label": "A", "sample": 8, "ms": 10.701760292053223}
{"event": "sample", "n": 1024, "mode": "forward", "round": 2, "block": 0, "label": "A", "sample": 9, "ms": 10.704383850097656}
{"event": "sample", "n": 1024, "mode": "forward", "round": 2, "block": 1, "label": "B", "sample": 0, "ms": 11.04371166229248}
{"event": "sample", "n": 1024, "mode": "forward", "round": 2, "block": 1, "label": "B", "sample": 1, "ms": 10.62889575958252}
{"event": "sample", "n": 1024, "mode": "forward", "round": 2, "block": 1, "label": "B", "sample": 2, "ms": 10.628512382507324}
{"event": "sample", "n": 1024, "mode": "forward", "round": 2, "block": 1, "label": "B", "sample": 3, "ms": 10.627103805541992}
{"event": "sample", "n": 1024, "mode": "forward", "round": 2, "block": 1, "label": "B", "sample": 4, "ms": 10.628095626831055}
{"event": "sample", "n": 1024, "mode": "forward", "round": 2, "block": 1, "label": "B", "sample": 5, "ms": 10.62723159790039}
{"event": "sample", "n": 1024, "mode": "forward", "round": 2, "block": 1, "label": "B", "sample": 6, "ms": 10.628479957580566}
{"event": "sample", "n": 1024, "mode": "forward", "round": 2, "block": 1, "label": "B", "sample": 7, "ms": 10.628064155578613}
{"event": "sample", "n": 1024, "mode": "forward", "round": 2, "block": 1, "label": "B", "sample": 8, "ms": 10.626815795898438}
{"event": "sample", "n": 1024, "mode": "forward", "round": 2, "block": 1, "label": "B", "sample": 9, "ms": 10.628128051757812}
{"event": "sample", "n": 1024, "mode": "forward", "round": 2, "block": 2, "label": "B", "sample": 0, "ms": 11.046815872192383}
{"event": "sample", "n": 1024, "mode": "forward", "round": 2, "block": 2, "label": "B", "sample": 1, "ms": 10.630175590515137}
{"event": "sample", "n": 1024, "mode": "forward", "round": 2, "block": 2, "label": "B", "sample": 2, "ms": 10.629568099975586}
{"event": "sample", "n": 1024, "mode": "forward", "round": 2, "block": 2, "label": "B", "sample": 3, "ms": 10.635647773742676}
{"event": "sample", "n": 1024, "mode": "forward", "round": 2, "block": 2, "label": "B", "sample": 4, "ms": 10.644895553588867}
{"event": "sample", "n": 1024, "mode": "forward", "round": 2, "block": 2, "label": "B", "sample": 5, "ms": 10.643936157226562}
{"event": "sample", "n": 1024, "mode": "forward", "round": 2, "block": 2, "label": "B", "sample": 6, "ms": 10.643296241760254}
{"event": "sample", "n": 1024, "mode": "forward", "round": 2, "block": 2, "label": "B", "sample": 7, "ms": 10.643199920654297}
{"event": "sample", "n": 1024, "mode": "forward", "round": 2, "block": 2, "label": "B", "sample": 8, "ms": 10.642815589904785}
{"event": "sample", "n": 1024, "mode": "forward", "round": 2, "block": 2, "label": "B", "sample": 9, "ms": 10.644000053405762}
{"event": "sample", "n": 1024, "mode": "forward", "round": 2, "block": 3, "label": "A", "sample": 0, "ms": 10.881407737731934}
{"event": "sample", "n": 1024, "mode": "forward", "round": 2, "block": 3, "label": "A", "sample": 1, "ms": 10.715104103088379}
{"event": "sample", "n": 1024, "mode": "forward", "round": 2, "block": 3, "label": "A", "sample": 2, "ms": 10.715776443481445}
{"event": "sample", "n": 1024, "mode": "forward", "round": 2, "block": 3, "label": "A", "sample": 3, "ms": 10.72003173828125}
{"event": "sample", "n": 1024, "mode": "forward", "round": 2, "block": 3, "label": "A", "sample": 4, "ms": 10.715007781982422}
{"event": "sample", "n": 1024, "mode": "forward", "round": 2, "block": 3, "label": "A", "sample": 5, "ms": 10.716416358947754}
{"event": "sample", "n": 1024, "mode": "forward", "round": 2, "block": 3, "label": "A", "sample": 6, "ms": 10.716896057128906}
{"event": "sample", "n": 1024, "mode": "forward", "round": 2, "block": 3, "label": "A", "sample": 7, "ms": 10.714079856872559}
{"event": "sample", "n": 1024, "mode": "forward", "round": 2, "block": 3, "label": "A", "sample": 8, "ms": 10.714143753051758}
{"event": "sample", "n": 1024, "mode": "forward", "round": 2, "block": 3, "label": "A", "sample": 9, "ms": 10.717696189880371}
{"event": "summary", "n": 1024, "mode": "forward", "median_ms": {"A": 10.71665620803833, "B": 10.643296241760254}, "speedup": 1.0068925983653672, "samples_per_label": 60}
{"event": "sample", "n": 1024, "mode": "backward", "round": 0, "block": 0, "label": "A", "sample": 0, "ms": 56.97529602050781}
{"event": "sample", "n": 1024, "mode": "backward", "round": 0, "block": 0, "label": "A", "sample": 1, "ms": 56.70854568481445}
{"event": "sample", "n": 1024, "mode": "backward", "round": 0, "block": 0, "label": "A", "sample": 2, "ms": 56.706336975097656}
{"event": "sample", "n": 1024, "mode": "backward", "round": 0, "block": 0, "label": "A", "sample": 3, "ms": 56.689918518066406}
{"event": "sample", "n": 1024, "mode": "backward", "round": 0, "block": 0, "label": "A", "sample": 4, "ms": 56.633792877197266}
{"event": "sample", "n": 1024, "mode": "backward", "round": 0, "block": 0, "label": "A", "sample": 5, "ms": 56.62633514404297}
{"event": "sample", "n": 1024, "mode": "backward", "round": 0, "block": 0, "label": "A", "sample": 6, "ms": 56.62822341918945}
{"event": "sample", "n": 1024, "mode": "backward", "round": 0, "block": 0, "label": "A", "sample": 7, "ms": 56.63056182861328}
{"event": "sample", "n": 1024, "mode": "backward", "round": 0, "block": 0, "label": "A", "sample": 8, "ms": 56.639102935791016}
{"event": "sample", "n": 1024, "mode": "backward", "round": 0, "block": 0, "label": "A", "sample": 9, "ms": 56.630401611328125}
{"event": "sample", "n": 1024, "mode": "backward", "round": 0, "block": 1, "label": "B", "sample": 0, "ms": 41.103328704833984}
{"event": "sample", "n": 1024, "mode": "backward", "round": 0, "block": 1, "label": "B", "sample": 1, "ms": 41.005470275878906}
{"event": "sample", "n": 1024, "mode": "backward", "round": 0, "block": 1, "label": "B", "sample": 2, "ms": 41.015647888183594}
{"event": "sample", "n": 1024, "mode": "backward", "round": 0, "block": 1, "label": "B", "sample": 3, "ms": 40.98726272583008}
{"event": "sample", "n": 1024, "mode": "backward", "round": 0, "block": 1, "label": "B", "sample": 4, "ms": 40.983455657958984}
{"event": "sample", "n": 1024, "mode": "backward", "round": 0, "block": 1, "label": "B", "sample": 5, "ms": 40.97030258178711}
{"event": "sample", "n": 1024, "mode": "backward", "round": 0, "block": 1, "label": "B", "sample": 6, "ms": 41.023902893066406}
{"event": "sample", "n": 1024, "mode": "backward", "round": 0, "block": 1, "label": "B", "sample": 7, "ms": 41.027103424072266}
{"event": "sample", "n": 1024, "mode": "backward", "round": 0, "block": 1, "label": "B", "sample": 8, "ms": 40.97955322265625}
{"event": "sample", "n": 1024, "mode": "backward", "round": 0, "block": 1, "label": "B", "sample": 9, "ms": 40.92915344238281}
{"event": "sample", "n": 1024, "mode": "backward", "round": 0, "block": 2, "label": "B", "sample": 0, "ms": 41.11423873901367}
{"event": "sample", "n": 1024, "mode": "backward", "round": 0, "block": 2, "label": "B", "sample": 1, "ms": 41.00864028930664}
{"event": "sample", "n": 1024, "mode": "backward", "round": 0, "block": 2, "label": "B", "sample": 2, "ms": 40.998783111572266}
{"event": "sample", "n": 1024, "mode": "backward", "round": 0, "block": 2, "label": "B", "sample": 3, "ms": 40.94764709472656}
{"event": "sample", "n": 1024, "mode": "backward", "round": 0, "block": 2, "label": "B", "sample": 4, "ms": 40.95606231689453}
{"event": "sample", "n": 1024, "mode": "backward", "round": 0, "block": 2, "label": "B", "sample": 5, "ms": 40.96675109863281}
{"event": "sample", "n": 1024, "mode": "backward", "round": 0, "block": 2, "label": "B", "sample": 6, "ms": 41.005313873291016}
{"event": "sample", "n": 1024, "mode": "backward", "round": 0, "block": 2, "label": "B", "sample": 7, "ms": 41.016448974609375}
{"event": "sample", "n": 1024, "mode": "backward", "round": 0, "block": 2, "label": "B", "sample": 8, "ms": 40.94102478027344}
{"event": "sample", "n": 1024, "mode": "backward", "round": 0, "block": 2, "label": "B", "sample": 9, "ms": 40.92652893066406}
{"event": "sample", "n": 1024, "mode": "backward", "round": 0, "block": 3, "label": "A", "sample": 0, "ms": 57.00191879272461}
{"event": "sample", "n": 1024, "mode": "backward", "round": 0, "block": 3, "label": "A", "sample": 1, "ms": 56.7110710144043}
{"event": "sample", "n": 1024, "mode": "backward", "round": 0, "block": 3, "label": "A", "sample": 2, "ms": 56.718017578125}
{"event": "sample", "n": 1024, "mode": "backward", "round": 0, "block": 3, "label": "A", "sample": 3, "ms": 56.70524978637695}
{"event": "sample", "n": 1024, "mode": "backward", "round": 0, "block": 3, "label": "A", "sample": 4, "ms": 56.63302230834961}
{"event": "sample", "n": 1024, "mode": "backward", "round": 0, "block": 3, "label": "A", "sample": 5, "ms": 56.639102935791016}
{"event": "sample", "n": 1024, "mode": "backward", "round": 0, "block": 3, "label": "A", "sample": 6, "ms": 56.63142395019531}
{"event": "sample", "n": 1024, "mode": "backward", "round": 0, "block": 3, "label": "A", "sample": 7, "ms": 56.682559967041016}
{"event": "sample", "n": 1024, "mode": "backward", "round": 0, "block": 3, "label": "A", "sample": 8, "ms": 56.7184944152832}
{"event": "sample", "n": 1024, "mode": "backward", "round": 0, "block": 3, "label": "A", "sample": 9, "ms": 56.71046447753906}
{"event": "sample", "n": 1024, "mode": "backward", "round": 1, "block": 0, "label": "A", "sample": 0, "ms": 57.3469123840332}
{"event": "sample", "n": 1024, "mode": "backward", "round": 1, "block": 0, "label": "A", "sample": 1, "ms": 56.62790298461914}
{"event": "sample", "n": 1024, "mode": "backward", "round": 1, "block": 0, "label": "A", "sample": 2, "ms": 56.63151931762695}
{"event": "sample", "n": 1024, "mode": "backward", "round": 1, "block": 0, "label": "A", "sample": 3, "ms": 56.63347244262695}
{"event": "sample", "n": 1024, "mode": "backward", "round": 1, "block": 0, "label": "A", "sample": 4, "ms": 56.631553649902344}
{"event": "sample", "n": 1024, "mode": "backward", "round": 1, "block": 0, "label": "A", "sample": 5, "ms": 56.62838363647461}
{"event": "sample", "n": 1024, "mode": "backward", "round": 1, "block": 0, "label": "A", "sample": 6, "ms": 56.631744384765625}
{"event": "sample", "n": 1024, "mode": "backward", "round": 1, "block": 0, "label": "A", "sample": 7, "ms": 56.632225036621094}
{"event": "sample", "n": 1024, "mode": "backward", "round": 1, "block": 0, "label": "A", "sample": 8, "ms": 56.63510513305664}
{"event": "sample", "n": 1024, "mode": "backward", "round": 1, "block": 0, "label": "A", "sample": 9, "ms": 56.636478424072266}
{"event": "sample", "n": 1024, "mode": "backward", "round": 1, "block": 1, "label": "B", "sample": 0, "ms": 41.17958450317383}
{"event": "sample", "n": 1024, "mode": "backward", "round": 1, "block": 1, "label": "B", "sample": 1, "ms": 40.97455978393555}
{"event": "sample", "n": 1024, "mode": "backward", "round": 1, "block": 1, "label": "B", "sample": 2, "ms": 41.034271240234375}
{"event": "sample", "n": 1024, "mode": "backward", "round": 1, "block": 1, "label": "B", "sample": 3, "ms": 41.00831985473633}
{"event": "sample", "n": 1024, "mode": "backward", "round": 1, "block": 1, "label": "B", "sample": 4, "ms": 40.97340774536133}
{"event": "sample", "n": 1024, "mode": "backward", "round": 1, "block": 1, "label": "B", "sample": 5, "ms": 40.96384048461914}
{"event": "sample", "n": 1024, "mode": "backward", "round": 1, "block": 1, "label": "B", "sample": 6, "ms": 40.94847869873047}
{"event": "sample", "n": 1024, "mode": "backward", "round": 1, "block": 1, "label": "B", "sample": 7, "ms": 40.99001693725586}
{"event": "sample", "n": 1024, "mode": "backward", "round": 1, "block": 1, "label": "B", "sample": 8, "ms": 41.02540969848633}
{"event": "sample", "n": 1024, "mode": "backward", "round": 1, "block": 1, "label": "B", "sample": 9, "ms": 40.951454162597656}
{"event": "sample", "n": 1024, "mode": "backward", "round": 1, "block": 2, "label": "B", "sample": 0, "ms": 41.06700897216797}
{"event": "sample", "n": 1024, "mode": "backward", "round": 1, "block": 2, "label": "B", "sample": 1, "ms": 40.962398529052734}
{"event": "sample", "n": 1024, "mode": "backward", "round": 1, "block": 2, "label": "B", "sample": 2, "ms": 41.00227355957031}
{"event": "sample", "n": 1024, "mode": "backward", "round": 1, "block": 2, "label": "B", "sample": 3, "ms": 40.99212646484375}
{"event": "sample", "n": 1024, "mode": "backward", "round": 1, "block": 2, "label": "B", "sample": 4, "ms": 40.959808349609375}
{"event": "sample", "n": 1024, "mode": "backward", "round": 1, "block": 2, "label": "B", "sample": 5, "ms": 40.95439910888672}
{"event": "sample", "n": 1024, "mode": "backward", "round": 1, "block": 2, "label": "B", "sample": 6, "ms": 40.96793746948242}
{"event": "sample", "n": 1024, "mode": "backward", "round": 1, "block": 2, "label": "B", "sample": 7, "ms": 41.013824462890625}
{"event": "sample", "n": 1024, "mode": "backward", "round": 1, "block": 2, "label": "B", "sample": 8, "ms": 41.016639709472656}
{"event": "sample", "n": 1024, "mode": "backward", "round": 1, "block": 2, "label": "B", "sample": 9, "ms": 40.95849609375}
{"event": "sample", "n": 1024, "mode": "backward", "round": 1, "block": 3, "label": "A", "sample": 0, "ms": 56.911582946777344}
{"event": "sample", "n": 1024, "mode": "backward", "round": 1, "block": 3, "label": "A", "sample": 1, "ms": 56.70729446411133}
{"event": "sample", "n": 1024, "mode": "backward", "round": 1, "block": 3, "label": "A", "sample": 2, "ms": 56.719486236572266}
{"event": "sample", "n": 1024, "mode": "backward", "round": 1, "block": 3, "label": "A", "sample": 3, "ms": 56.707679748535156}
{"event": "sample", "n": 1024, "mode": "backward", "round": 1, "block": 3, "label": "A", "sample": 4, "ms": 56.70502471923828}
{"event": "sample", "n": 1024, "mode": "backward", "round": 1, "block": 3, "label": "A", "sample": 5, "ms": 56.71491241455078}
{"event": "sample", "n": 1024, "mode": "backward", "round": 1, "block": 3, "label": "A", "sample": 6, "ms": 56.711456298828125}
{"event": "sample", "n": 1024, "mode": "backward", "round": 1, "block": 3, "label": "A", "sample": 7, "ms": 56.70265579223633}
{"event": "sample", "n": 1024, "mode": "backward", "round": 1, "block": 3, "label": "A", "sample": 8, "ms": 56.70131301879883}
{"event": "sample", "n": 1024, "mode": "backward", "round": 1, "block": 3, "label": "A", "sample": 9, "ms": 56.71452713012695}
{"event": "sample", "n": 1024, "mode": "backward", "round": 2, "block": 0, "label": "A", "sample": 0, "ms": 57.0926399230957}
{"event": "sample", "n": 1024, "mode": "backward", "round": 2, "block": 0, "label": "A", "sample": 1, "ms": 56.787681579589844}
{"event": "sample", "n": 1024, "mode": "backward", "round": 2, "block": 0, "label": "A", "sample": 2, "ms": 56.70710372924805}
{"event": "sample", "n": 1024, "mode": "backward", "round": 2, "block": 0, "label": "A", "sample": 3, "ms": 56.67264175415039}
{"event": "sample", "n": 1024, "mode": "backward", "round": 2, "block": 0, "label": "A", "sample": 4, "ms": 56.633697509765625}
{"event": "sample", "n": 1024, "mode": "backward", "round": 2, "block": 0, "label": "A", "sample": 5, "ms": 56.630367279052734}
{"event": "sample", "n": 1024, "mode": "backward", "round": 2, "block": 0, "label": "A", "sample": 6, "ms": 56.631553649902344}
{"event": "sample", "n": 1024, "mode": "backward", "round": 2, "block": 0, "label": "A", "sample": 7, "ms": 56.63142395019531}
{"event": "sample", "n": 1024, "mode": "backward", "round": 2, "block": 0, "label": "A", "sample": 8, "ms": 56.65635299682617}
{"event": "sample", "n": 1024, "mode": "backward", "round": 2, "block": 0, "label": "A", "sample": 9, "ms": 56.70934295654297}
{"event": "sample", "n": 1024, "mode": "backward", "round": 2, "block": 1, "label": "B", "sample": 0, "ms": 41.139102935791016}
{"event": "sample", "n": 1024, "mode": "backward", "round": 2, "block": 1, "label": "B", "sample": 1, "ms": 41.03744125366211}
{"event": "sample", "n": 1024, "mode": "backward", "round": 2, "block": 1, "label": "B", "sample": 2, "ms": 41.0010871887207}
{"event": "sample", "n": 1024, "mode": "backward", "round": 2, "block": 1, "label": "B", "sample": 3, "ms": 40.96995162963867}
{"event": "sample", "n": 1024, "mode": "backward", "round": 2, "block": 1, "label": "B", "sample": 4, "ms": 40.984352111816406}
{"event": "sample", "n": 1024, "mode": "backward", "round": 2, "block": 1, "label": "B", "sample": 5, "ms": 40.98102569580078}
{"event": "sample", "n": 1024, "mode": "backward", "round": 2, "block": 1, "label": "B", "sample": 6, "ms": 40.9422721862793}
{"event": "sample", "n": 1024, "mode": "backward", "round": 2, "block": 1, "label": "B", "sample": 7, "ms": 40.96031951904297}
{"event": "sample", "n": 1024, "mode": "backward", "round": 2, "block": 1, "label": "B", "sample": 8, "ms": 41.00028610229492}
{"event": "sample", "n": 1024, "mode": "backward", "round": 2, "block": 1, "label": "B", "sample": 9, "ms": 41.01174545288086}
{"event": "sample", "n": 1024, "mode": "backward", "round": 2, "block": 2, "label": "B", "sample": 0, "ms": 41.1187858581543}
{"event": "sample", "n": 1024, "mode": "backward", "round": 2, "block": 2, "label": "B", "sample": 1, "ms": 40.951969146728516}
{"event": "sample", "n": 1024, "mode": "backward", "round": 2, "block": 2, "label": "B", "sample": 2, "ms": 40.94960021972656}
{"event": "sample", "n": 1024, "mode": "backward", "round": 2, "block": 2, "label": "B", "sample": 3, "ms": 41.00364685058594}
{"event": "sample", "n": 1024, "mode": "backward", "round": 2, "block": 2, "label": "B", "sample": 4, "ms": 40.996768951416016}
{"event": "sample", "n": 1024, "mode": "backward", "round": 2, "block": 2, "label": "B", "sample": 5, "ms": 40.94972610473633}
{"event": "sample", "n": 1024, "mode": "backward", "round": 2, "block": 2, "label": "B", "sample": 6, "ms": 40.92256164550781}
{"event": "sample", "n": 1024, "mode": "backward", "round": 2, "block": 2, "label": "B", "sample": 7, "ms": 40.975486755371094}
{"event": "sample", "n": 1024, "mode": "backward", "round": 2, "block": 2, "label": "B", "sample": 8, "ms": 41.00668716430664}
{"event": "sample", "n": 1024, "mode": "backward", "round": 2, "block": 2, "label": "B", "sample": 9, "ms": 41.019775390625}
{"event": "sample", "n": 1024, "mode": "backward", "round": 2, "block": 3, "label": "A", "sample": 0, "ms": 56.92745590209961}
{"event": "sample", "n": 1024, "mode": "backward", "round": 2, "block": 3, "label": "A", "sample": 1, "ms": 56.64857482910156}
{"event": "sample", "n": 1024, "mode": "backward", "round": 2, "block": 3, "label": "A", "sample": 2, "ms": 56.714080810546875}
{"event": "sample", "n": 1024, "mode": "backward", "round": 2, "block": 3, "label": "A", "sample": 3, "ms": 56.712158203125}
{"event": "sample", "n": 1024, "mode": "backward", "round": 2, "block": 3, "label": "A", "sample": 4, "ms": 56.71414566040039}
{"event": "sample", "n": 1024, "mode": "backward", "round": 2, "block": 3, "label": "A", "sample": 5, "ms": 56.658912658691406}
{"event": "sample", "n": 1024, "mode": "backward", "round": 2, "block": 3, "label": "A", "sample": 6, "ms": 56.6374397277832}
{"event": "sample", "n": 1024, "mode": "backward", "round": 2, "block": 3, "label": "A", "sample": 7, "ms": 56.69916915893555}
{"event": "sample", "n": 1024, "mode": "backward", "round": 2, "block": 3, "label": "A", "sample": 8, "ms": 56.704383850097656}
{"event": "sample", "n": 1024, "mode": "backward", "round": 2, "block": 3, "label": "A", "sample": 9, "ms": 56.714622497558594}
{"event": "summary", "n": 1024, "mode": "backward", "median_ms": {"A": 56.70024108886719, "B": 40.98863983154297}, "speedup": 1.3833159949170426, "samples_per_label": 60}
{"event": "sample", "n": 1024, "mode": "forward_backward", "round": 0, "block": 0, "label": "A", "sample": 0, "ms": 67.65773010253906}
{"event": "sample", "n": 1024, "mode": "forward_backward", "round": 0, "block": 0, "label": "A", "sample": 1, "ms": 67.42729949951172}
{"event": "sample", "n": 1024, "mode": "forward_backward", "round": 0, "block": 0, "label": "A", "sample": 2, "ms": 67.44009399414062}
{"event": "sample", "n": 1024, "mode": "forward_backward", "round": 0, "block": 0, "label": "A", "sample": 3, "ms": 67.4233627319336}
{"event": "sample", "n": 1024, "mode": "forward_backward", "round": 0, "block": 0, "label": "A", "sample": 4, "ms": 67.35020446777344}
{"event": "sample", "n": 1024, "mode": "forward_backward", "round": 0, "block": 0, "label": "A", "sample": 5, "ms": 67.33033752441406}
{"event": "sample", "n": 1024, "mode": "forward_backward", "round": 0, "block": 0, "label": "A", "sample": 6, "ms": 67.33580780029297}
{"event": "sample", "n": 1024, "mode": "forward_backward", "round": 0, "block": 0, "label": "A", "sample": 7, "ms": 67.33071899414062}
{"event": "sample", "n": 1024, "mode": "forward_backward", "round": 0, "block": 0, "label": "A", "sample": 8, "ms": 67.3372802734375}
{"event": "sample", "n": 1024, "mode": "forward_backward", "round": 0, "block": 0, "label": "A", "sample": 9, "ms": 67.33529663085938}
{"event": "sample", "n": 1024, "mode": "forward_backward", "round": 0, "block": 1, "label": "B", "sample": 0, "ms": 51.96540832519531}
{"event": "sample", "n": 1024, "mode": "forward_backward", "round": 0, "block": 1, "label": "B", "sample": 1, "ms": 51.5533447265625}
{"event": "sample", "n": 1024, "mode": "forward_backward", "round": 0, "block": 1, "label": "B", "sample": 2, "ms": 51.641441345214844}
{"event": "sample", "n": 1024, "mode": "forward_backward", "round": 0, "block": 1, "label": "B", "sample": 3, "ms": 51.65574264526367}
{"event": "sample", "n": 1024, "mode": "forward_backward", "round": 0, "block": 1, "label": "B", "sample": 4, "ms": 51.573856353759766}
{"event": "sample", "n": 1024, "mode": "forward_backward", "round": 0, "block": 1, "label": "B", "sample": 5, "ms": 51.60067367553711}
{"event": "sample", "n": 1024, "mode": "forward_backward", "round": 0, "block": 1, "label": "B", "sample": 6, "ms": 51.63056182861328}
{"event": "sample", "n": 1024, "mode": "forward_backward", "round": 0, "block": 1, "label": "B", "sample": 7, "ms": 51.59574508666992}
{"event": "sample", "n": 1024, "mode": "forward_backward", "round": 0, "block": 1, "label": "B", "sample": 8, "ms": 51.55958557128906}
{"event": "sample", "n": 1024, "mode": "forward_backward", "round": 0, "block": 1, "label": "B", "sample": 9, "ms": 51.56883239746094}
{"event": "sample", "n": 1024, "mode": "forward_backward", "round": 0, "block": 2, "label": "B", "sample": 0, "ms": 52.09721755981445}
{"event": "sample", "n": 1024, "mode": "forward_backward", "round": 0, "block": 2, "label": "B", "sample": 1, "ms": 51.62169647216797}
{"event": "sample", "n": 1024, "mode": "forward_backward", "round": 0, "block": 2, "label": "B", "sample": 2, "ms": 51.56025695800781}
{"event": "sample", "n": 1024, "mode": "forward_backward", "round": 0, "block": 2, "label": "B", "sample": 3, "ms": 51.61667251586914}
{"event": "sample", "n": 1024, "mode": "forward_backward", "round": 0, "block": 2, "label": "B", "sample": 4, "ms": 51.643550872802734}
{"event": "sample", "n": 1024, "mode": "forward_backward", "round": 0, "block": 2, "label": "B", "sample": 5, "ms": 51.58758544921875}
{"event": "sample", "n": 1024, "mode": "forward_backward", "round": 0, "block": 2, "label": "B", "sample": 6, "ms": 51.5714225769043}
{"event": "sample", "n": 1024, "mode": "forward_backward", "round": 0, "block": 2, "label": "B", "sample": 7, "ms": 51.619232177734375}
{"event": "sample", "n": 1024, "mode": "forward_backward", "round": 0, "block": 2, "label": "B", "sample": 8, "ms": 51.66815948486328}
{"event": "sample", "n": 1024, "mode": "forward_backward", "round": 0, "block": 2, "label": "B", "sample": 9, "ms": 51.61161422729492}
{"event": "sample", "n": 1024, "mode": "forward_backward", "round": 0, "block": 3, "label": "A", "sample": 0, "ms": 67.5745620727539}
{"event": "sample", "n": 1024, "mode": "forward_backward", "round": 0, "block": 3, "label": "A", "sample": 1, "ms": 67.41702270507812}
{"event": "sample", "n": 1024, "mode": "forward_backward", "round": 0, "block": 3, "label": "A", "sample": 2, "ms": 67.42562866210938}
{"event": "sample", "n": 1024, "mode": "forward_backward", "round": 0, "block": 3, "label": "A", "sample": 3, "ms": 67.4214096069336}
{"event": "sample", "n": 1024, "mode": "forward_backward", "round": 0, "block": 3, "label": "A", "sample": 4, "ms": 67.34028625488281}
{"event": "sample", "n": 1024, "mode": "forward_backward", "round": 0, "block": 3, "label": "A", "sample": 5, "ms": 67.33312225341797}
{"event": "sample", "n": 1024, "mode": "forward_backward", "round": 0, "block": 3, "label": "A", "sample": 6, "ms": 67.3399658203125}
{"event": "sample", "n": 1024, "mode": "forward_backward", "round": 0, "block": 3, "label": "A", "sample": 7, "ms": 67.33830261230469}
{"event": "sample", "n": 1024, "mode": "forward_backward", "round": 0, "block": 3, "label": "A", "sample": 8, "ms": 67.33452606201172}
{"event": "sample", "n": 1024, "mode": "forward_backward", "round": 0, "block": 3, "label": "A", "sample": 9, "ms": 67.33062744140625}
{"event": "sample", "n": 1024, "mode": "forward_backward", "round": 1, "block": 0, "label": "A", "sample": 0, "ms": 67.56172943115234}
{"event": "sample", "n": 1024, "mode": "forward_backward", "round": 1, "block": 0, "label": "A", "sample": 1, "ms": 67.32966613769531}
{"event": "sample", "n": 1024, "mode": "forward_backward", "round": 1, "block": 0, "label": "A", "sample": 2, "ms": 67.33523559570312}
{"event": "sample", "n": 1024, "mode": "forward_backward", "round": 1, "block": 0, "label": "A", "sample": 3, "ms": 67.33052825927734}
{"event": "sample", "n": 1024, "mode": "forward_backward", "round": 1, "block": 0, "label": "A", "sample": 4, "ms": 67.33776092529297}
{"event": "sample", "n": 1024, "mode": "forward_backward", "round": 1, "block": 0, "label": "A", "sample": 5, "ms": 67.33475494384766}
{"event": "sample", "n": 1024, "mode": "forward_backward", "round": 1, "block": 0, "label": "A", "sample": 6, "ms": 67.33155059814453}
{"event": "sample", "n": 1024, "mode": "forward_backward", "round": 1, "block": 0, "label": "A", "sample": 7, "ms": 67.33519744873047}
{"event": "sample", "n": 1024, "mode": "forward_backward", "round": 1, "block": 0, "label": "A", "sample": 8, "ms": 67.33161926269531}
{"event": "sample", "n": 1024, "mode": "forward_backward", "round": 1, "block": 0, "label": "A", "sample": 9, "ms": 67.32943725585938}
{"event": "sample", "n": 1024, "mode": "forward_backward", "round": 1, "block": 1, "label": "B", "sample": 0, "ms": 52.011295318603516}
{"event": "sample", "n": 1024, "mode": "forward_backward", "round": 1, "block": 1, "label": "B", "sample": 1, "ms": 51.579551696777344}
{"event": "sample", "n": 1024, "mode": "forward_backward", "round": 1, "block": 1, "label": "B", "sample": 2, "ms": 51.64543914794922}
{"event": "sample", "n": 1024, "mode": "forward_backward", "round": 1, "block": 1, "label": "B", "sample": 3, "ms": 51.63516616821289}
{"event": "sample", "n": 1024, "mode": "forward_backward", "round": 1, "block": 1, "label": "B", "sample": 4, "ms": 51.53548812866211}
{"event": "sample", "n": 1024, "mode": "forward_backward", "round": 1, "block": 1, "label": "B", "sample": 5, "ms": 51.59651184082031}
{"event": "sample", "n": 1024, "mode": "forward_backward", "round": 1, "block": 1, "label": "B", "sample": 6, "ms": 51.62179183959961}
{"event": "sample", "n": 1024, "mode": "forward_backward", "round": 1, "block": 1, "label": "B", "sample": 7, "ms": 51.63129425048828}
{"event": "sample", "n": 1024, "mode": "forward_backward", "round": 1, "block": 1, "label": "B", "sample": 8, "ms": 51.565921783447266}
{"event": "sample", "n": 1024, "mode": "forward_backward", "round": 1, "block": 1, "label": "B", "sample": 9, "ms": 51.57183837890625}
{"event": "sample", "n": 1024, "mode": "forward_backward", "round": 1, "block": 2, "label": "B", "sample": 0, "ms": 52.017887115478516}
{"event": "sample", "n": 1024, "mode": "forward_backward", "round": 1, "block": 2, "label": "B", "sample": 1, "ms": 51.653472900390625}
{"event": "sample", "n": 1024, "mode": "forward_backward", "round": 1, "block": 2, "label": "B", "sample": 2, "ms": 51.555904388427734}
{"event": "sample", "n": 1024, "mode": "forward_backward", "round": 1, "block": 2, "label": "B", "sample": 3, "ms": 51.595489501953125}
{"event": "sample", "n": 1024, "mode": "forward_backward", "round": 1, "block": 2, "label": "B", "sample": 4, "ms": 51.62441635131836}
{"event": "sample", "n": 1024, "mode": "forward_backward", "round": 1, "block": 2, "label": "B", "sample": 5, "ms": 51.61004638671875}
{"event": "sample", "n": 1024, "mode": "forward_backward", "round": 1, "block": 2, "label": "B", "sample": 6, "ms": 51.60432052612305}
{"event": "sample", "n": 1024, "mode": "forward_backward", "round": 1, "block": 2, "label": "B", "sample": 7, "ms": 51.610591888427734}
{"event": "sample", "n": 1024, "mode": "forward_backward", "round": 1, "block": 2, "label": "B", "sample": 8, "ms": 51.70499038696289}
{"event": "sample", "n": 1024, "mode": "forward_backward", "round": 1, "block": 2, "label": "B", "sample": 9, "ms": 51.60812759399414}
{"event": "sample", "n": 1024, "mode": "forward_backward", "round": 1, "block": 3, "label": "A", "sample": 0, "ms": 67.87808227539062}
{"event": "sample", "n": 1024, "mode": "forward_backward", "round": 1, "block": 3, "label": "A", "sample": 1, "ms": 67.40742492675781}
{"event": "sample", "n": 1024, "mode": "forward_backward", "round": 1, "block": 3, "label": "A", "sample": 2, "ms": 67.42585754394531}
{"event": "sample", "n": 1024, "mode": "forward_backward", "round": 1, "block": 3, "label": "A", "sample": 3, "ms": 67.42704010009766}
{"event": "sample", "n": 1024, "mode": "forward_backward", "round": 1, "block": 3, "label": "A", "sample": 4, "ms": 67.4271011352539}
{"event": "sample", "n": 1024, "mode": "forward_backward", "round": 1, "block": 3, "label": "A", "sample": 5, "ms": 67.41532897949219}
{"event": "sample", "n": 1024, "mode": "forward_backward", "round": 1, "block": 3, "label": "A", "sample": 6, "ms": 67.42371368408203}
{"event": "sample", "n": 1024, "mode": "forward_backward", "round": 1, "block": 3, "label": "A", "sample": 7, "ms": 67.4306869506836}
{"event": "sample", "n": 1024, "mode": "forward_backward", "round": 1, "block": 3, "label": "A", "sample": 8, "ms": 67.43222045898438}
{"event": "sample", "n": 1024, "mode": "forward_backward", "round": 1, "block": 3, "label": "A", "sample": 9, "ms": 67.42425537109375}
{"event": "sample", "n": 1024, "mode": "forward_backward", "round": 2, "block": 0, "label": "A", "sample": 0, "ms": 67.70098876953125}
{"event": "sample", "n": 1024, "mode": "forward_backward", "round": 2, "block": 0, "label": "A", "sample": 1, "ms": 67.42841339111328}
{"event": "sample", "n": 1024, "mode": "forward_backward", "round": 2, "block": 0, "label": "A", "sample": 2, "ms": 67.42463684082031}
{"event": "sample", "n": 1024, "mode": "forward_backward", "round": 2, "block": 0, "label": "A", "sample": 3, "ms": 67.41951751708984}
{"event": "sample", "n": 1024, "mode": "forward_backward", "round": 2, "block": 0, "label": "A", "sample": 4, "ms": 67.4260482788086}
{"event": "sample", "n": 1024, "mode": "forward_backward", "round": 2, "block": 0, "label": "A", "sample": 5, "ms": 67.41824340820312}
{"event": "sample", "n": 1024, "mode": "forward_backward", "round": 2, "block": 0, "label": "A", "sample": 6, "ms": 67.42092895507812}
{"event": "sample", "n": 1024, "mode": "forward_backward", "round": 2, "block": 0, "label": "A", "sample": 7, "ms": 67.41474914550781}
{"event": "sample", "n": 1024, "mode": "forward_backward", "round": 2, "block": 0, "label": "A", "sample": 8, "ms": 67.42137908935547}
{"event": "sample", "n": 1024, "mode": "forward_backward", "round": 2, "block": 0, "label": "A", "sample": 9, "ms": 67.42633819580078}
{"event": "sample", "n": 1024, "mode": "forward_backward", "round": 2, "block": 1, "label": "B", "sample": 0, "ms": 52.1550407409668}
{"event": "sample", "n": 1024, "mode": "forward_backward", "round": 2, "block": 1, "label": "B", "sample": 1, "ms": 51.774879455566406}
{"event": "sample", "n": 1024, "mode": "forward_backward", "round": 2, "block": 1, "label": "B", "sample": 2, "ms": 51.71974563598633}
{"event": "sample", "n": 1024, "mode": "forward_backward", "round": 2, "block": 1, "label": "B", "sample": 3, "ms": 51.68345642089844}
{"event": "sample", "n": 1024, "mode": "forward_backward", "round": 2, "block": 1, "label": "B", "sample": 4, "ms": 51.63593673706055}
{"event": "sample", "n": 1024, "mode": "forward_backward", "round": 2, "block": 1, "label": "B", "sample": 5, "ms": 51.61315155029297}
{"event": "sample", "n": 1024, "mode": "forward_backward", "round": 2, "block": 1, "label": "B", "sample": 6, "ms": 51.6064338684082}
{"event": "sample", "n": 1024, "mode": "forward_backward", "round": 2, "block": 1, "label": "B", "sample": 7, "ms": 51.53977584838867}
{"event": "sample", "n": 1024, "mode": "forward_backward", "round": 2, "block": 1, "label": "B", "sample": 8, "ms": 51.59689712524414}
{"event": "sample", "n": 1024, "mode": "forward_backward", "round": 2, "block": 1, "label": "B", "sample": 9, "ms": 51.66979217529297}
{"event": "sample", "n": 1024, "mode": "forward_backward", "round": 2, "block": 2, "label": "B", "sample": 0, "ms": 51.99862289428711}
{"event": "sample", "n": 1024, "mode": "forward_backward", "round": 2, "block": 2, "label": "B", "sample": 1, "ms": 51.58620834350586}
{"event": "sample", "n": 1024, "mode": "forward_backward", "round": 2, "block": 2, "label": "B", "sample": 2, "ms": 51.664127349853516}
{"event": "sample", "n": 1024, "mode": "forward_backward", "round": 2, "block": 2, "label": "B", "sample": 3, "ms": 51.66022491455078}
{"event": "sample", "n": 1024, "mode": "forward_backward", "round": 2, "block": 2, "label": "B", "sample": 4, "ms": 51.565216064453125}
{"event": "sample", "n": 1024, "mode": "forward_backward", "round": 2, "block": 2, "label": "B", "sample": 5, "ms": 51.59321594238281}
{"event": "sample", "n": 1024, "mode": "forward_backward", "round": 2, "block": 2, "label": "B", "sample": 6, "ms": 51.64585494995117}
{"event": "sample", "n": 1024, "mode": "forward_backward", "round": 2, "block": 2, "label": "B", "sample": 7, "ms": 51.646751403808594}
{"event": "sample", "n": 1024, "mode": "forward_backward", "round": 2, "block": 2, "label": "B", "sample": 8, "ms": 51.578590393066406}
{"event": "sample", "n": 1024, "mode": "forward_backward", "round": 2, "block": 2, "label": "B", "sample": 9, "ms": 51.56492614746094}
{"event": "sample", "n": 1024, "mode": "forward_backward", "round": 2, "block": 3, "label": "A", "sample": 0, "ms": 67.6365737915039}
{"event": "sample", "n": 1024, "mode": "forward_backward", "round": 2, "block": 3, "label": "A", "sample": 1, "ms": 67.42857360839844}
{"event": "sample", "n": 1024, "mode": "forward_backward", "round": 2, "block": 3, "label": "A", "sample": 2, "ms": 67.4261474609375}
{"event": "sample", "n": 1024, "mode": "forward_backward", "round": 2, "block": 3, "label": "A", "sample": 3, "ms": 67.42076873779297}
{"event": "sample", "n": 1024, "mode": "forward_backward", "round": 2, "block": 3, "label": "A", "sample": 4, "ms": 67.42626953125}
{"event": "sample", "n": 1024, "mode": "forward_backward", "round": 2, "block": 3, "label": "A", "sample": 5, "ms": 67.42095947265625}
{"event": "sample", "n": 1024, "mode": "forward_backward", "round": 2, "block": 3, "label": "A", "sample": 6, "ms": 67.42092895507812}
{"event": "sample", "n": 1024, "mode": "forward_backward", "round": 2, "block": 3, "label": "A", "sample": 7, "ms": 67.42652893066406}
{"event": "sample", "n": 1024, "mode": "forward_backward", "round": 2, "block": 3, "label": "A", "sample": 8, "ms": 67.42835235595703}
{"event": "sample", "n": 1024, "mode": "forward_backward", "round": 2, "block": 3, "label": "A", "sample": 9, "ms": 67.41974639892578}
{"event": "summary", "n": 1024, "mode": "forward_backward", "median_ms": {"A": 67.42092895507812, "B": 51.614912033081055}, "speedup": 1.3062296592090803, "samples_per_label": 60}
{"event": "complete"}
