{"event": "environment", "args": {"shapes": "500,512,513,640,768,800,1024", "dtype": "bf16", "batch": 1, "heads": 8, "dim": 32, "rounds": 3, "samples": 10, "warmup": 3, "baseline": "original", "candidate": "low-memory", "chunk_i": 128, "noncontiguous_do": false, "modes": "forward,backward,forward_backward"}, "torch": "2.13.0a0+9186a08b2c.nv26.07", "triton": "3.7.1", "gpu": "NVIDIA H20-3e", "capability": [9, 0], "revision": "4b832dee1e34b5303d5b39f9435cc83117064136", "sources": {"scripts/bench_fused.py": "92e5d0f74278b4fd329c2d07e2651f4c39152ed9b9fa79e1696ad75b27a1a5a8", "src/trifast/__init__.py": "7991e4899fe05dabd35c0ba453c516f9a22a7f1b7d7b6937441d202bf1fc8caf", "src/trifast/_fused_backward.py": "fdcd722a80b298d3700833946c8b16ff6ed8a70db2046768e44df2cc8d4df0e8", "src/trifast/_fused_chunked.py": "07bb4debb8a37943bbd89aeac8e632b27481d5d8982722428b97f7eb26a2095d", "src/trifast/_fused_dispatch.py": "3b3378a917455e066f42e43d07fa34eeaef7330a1e82cf020f9a7bb47cb95cfa", "src/trifast/_fused_forward.py": "a44e96aa9c3a82c6cbe330b1edbe707be1a89e1591b96e0e18bdec4d9a9a0113", "src/trifast/_fused_forward_tma.py": "efc15ab503ed6045f89ad47b4cf245523a039e52811fc76e81cb9dd902768053", "src/trifast/autotune.py": "0909cf562b06259aae34986a5d826e4c8fb2860816689b6b6ba56be3a44595b9", "src/trifast/autotune_helpers.py": "8bfc1a3c2ec06c001188766b6231523cb767466c22d6fbcae2089f2a410e9b9a", "src/trifast/equiv.py": "d8b293f80a605d4912704ae35e9b60b8dbe18c83e81c8be85657afc58a197097", "src/trifast/fused_api.py": "474ad68aecc5e4d29ced3daee8b88dee021dde75335c4ceb459a58463a723343", "src/trifast/fused_low_memory_api.py": "3f4d3035d569d4717951ca6651f1af01d448c461a933d4d6d4933cdf01c1e92e", "src/trifast/torch.py": "ccbd6dabc51f89132b4f0ce17506376a83484a5430f210b5bd7b23ef02641d72", "src/trifast/triton.py": "e71e3f7493e10235efd9b4a63ba5e4940f8e27bd84b5959d51dda2964e1849a9", "src/trifast/tune.py": "e960cf5e0074c8481211d754d8db24831b6b7d9f75fcab589b7bbe73c361e132", "src/trifast/utils.py": "59be46971a782cae0ade81747b553ce7b4669879890d023e0caf0f3852dcf212"}, "labels": {"A": "original", "B": "low-memory"}, "mask_probability": 0.2, "timing": "CUDA event per iteration; warm ABBA; no CUDA graphs"}
{"event": "parity", "n": 500, "checks": {"output": {"relative_l2": 0.0, "baseline_zero_max_abs_diagnostic": 0.0, "passed": true}, "dq": {"relative_l2": 5.091252023703419e-05, "baseline_zero_max_abs_diagnostic": 0.0, "passed": true}, "dk": {"relative_l2": 0.0, "baseline_zero_max_abs_diagnostic": 0.0, "passed": true}, "dv": {"relative_l2": 0.0, "baseline_zero_max_abs_diagnostic": 0.0, "passed": true}, "db": {"relative_l2": 1.7361162463203073e-05, "baseline_zero_max_abs_diagnostic": 0.0, "passed": true}}, "independent_reference": false}
{"event": "memory", "n": 500, "measurements": {"A": {"peak_increment_bytes": 566193152, "retained_increment_bytes": 516971520}, "B": {"peak_increment_bytes": 620007424, "retained_increment_bytes": 516000256}}}
{"event": "sample", "n": 500, "mode": "forward", "round": 0, "block": 0, "label": "A", "sample": 0, "ms": 1.991104006767273}
{"event": "sample", "n": 500, "mode": "forward", "round": 0, "block": 0, "label": "A", "sample": 1, "ms": 1.7075519561767578}
{"event": "sample", "n": 500, "mode": "forward", "round": 0, "block": 0, "label": "A", "sample": 2, "ms": 1.7073919773101807}
{"event": "sample", "n": 500, "mode": "forward", "round": 0, "block": 0, "label": "A", "sample": 3, "ms": 1.7080960273742676}
{"event": "sample", "n": 500, "mode": "forward", "round": 0, "block": 0, "label": "A", "sample": 4, "ms": 1.7089279890060425}
{"event": "sample", "n": 500, "mode": "forward", "round": 0, "block": 0, "label": "A", "sample": 5, "ms": 1.709920048713684}
{"event": "sample", "n": 500, "mode": "forward", "round": 0, "block": 0, "label": "A", "sample": 6, "ms": 1.7074240446090698}
{"event": "sample", "n": 500, "mode": "forward", "round": 0, "block": 0, "label": "A", "sample": 7, "ms": 1.7095680236816406}
{"event": "sample", "n": 500, "mode": "forward", "round": 0, "block": 0, "label": "A", "sample": 8, "ms": 1.7087359428405762}
{"event": "sample", "n": 500, "mode": "forward", "round": 0, "block": 0, "label": "A", "sample": 9, "ms": 1.7094080448150635}
{"event": "sample", "n": 500, "mode": "forward", "round": 0, "block": 1, "label": "B", "sample": 0, "ms": 1.960576057434082}
{"event": "sample", "n": 500, "mode": "forward", "round": 0, "block": 1, "label": "B", "sample": 1, "ms": 1.5921599864959717}
{"event": "sample", "n": 500, "mode": "forward", "round": 0, "block": 1, "label": "B", "sample": 2, "ms": 1.592128038406372}
{"event": "sample", "n": 500, "mode": "forward", "round": 0, "block": 1, "label": "B", "sample": 3, "ms": 1.5921599864959717}
{"event": "sample", "n": 500, "mode": "forward", "round": 0, "block": 1, "label": "B", "sample": 4, "ms": 1.5919040441513062}
{"event": "sample", "n": 500, "mode": "forward", "round": 0, "block": 1, "label": "B", "sample": 5, "ms": 1.59334397315979}
{"event": "sample", "n": 500, "mode": "forward", "round": 0, "block": 1, "label": "B", "sample": 6, "ms": 1.592736005783081}
{"event": "sample", "n": 500, "mode": "forward", "round": 0, "block": 1, "label": "B", "sample": 7, "ms": 1.5934079885482788}
{"event": "sample", "n": 500, "mode": "forward", "round": 0, "block": 1, "label": "B", "sample": 8, "ms": 1.592128038406372}
{"event": "sample", "n": 500, "mode": "forward", "round": 0, "block": 1, "label": "B", "sample": 9, "ms": 1.5920000076293945}
{"event": "sample", "n": 500, "mode": "forward", "round": 0, "block": 2, "label": "B", "sample": 0, "ms": 1.9623359441757202}
{"event": "sample", "n": 500, "mode": "forward", "round": 0, "block": 2, "label": "B", "sample": 1, "ms": 1.592128038406372}
{"event": "sample", "n": 500, "mode": "forward", "round": 0, "block": 2, "label": "B", "sample": 2, "ms": 1.5917439460754395}
{"event": "sample", "n": 500, "mode": "forward", "round": 0, "block": 2, "label": "B", "sample": 3, "ms": 1.593727946281433}
{"event": "sample", "n": 500, "mode": "forward", "round": 0, "block": 2, "label": "B", "sample": 4, "ms": 1.5926719903945923}
{"event": "sample", "n": 500, "mode": "forward", "round": 0, "block": 2, "label": "B", "sample": 5, "ms": 1.5932159423828125}
{"event": "sample", "n": 500, "mode": "forward", "round": 0, "block": 2, "label": "B", "sample": 6, "ms": 1.5915839672088623}
{"event": "sample", "n": 500, "mode": "forward", "round": 0, "block": 2, "label": "B", "sample": 7, "ms": 1.5932799577713013}
{"event": "sample", "n": 500, "mode": "forward", "round": 0, "block": 2, "label": "B", "sample": 8, "ms": 1.5918400287628174}
{"event": "sample", "n": 500, "mode": "forward", "round": 0, "block": 2, "label": "B", "sample": 9, "ms": 1.5944960117340088}
{"event": "sample", "n": 500, "mode": "forward", "round": 0, "block": 3, "label": "A", "sample": 0, "ms": 1.9896320104599}
{"event": "sample", "n": 500, "mode": "forward", "round": 0, "block": 3, "label": "A", "sample": 1, "ms": 1.7075200080871582}
{"event": "sample", "n": 500, "mode": "forward", "round": 0, "block": 3, "label": "A", "sample": 2, "ms": 1.7077759504318237}
{"event": "sample", "n": 500, "mode": "forward", "round": 0, "block": 3, "label": "A", "sample": 3, "ms": 1.710368037223816}
{"event": "sample", "n": 500, "mode": "forward", "round": 0, "block": 3, "label": "A", "sample": 4, "ms": 1.7076159715652466}
{"event": "sample", "n": 500, "mode": "forward", "round": 0, "block": 3, "label": "A", "sample": 5, "ms": 1.7090239524841309}
{"event": "sample", "n": 500, "mode": "forward", "round": 0, "block": 3, "label": "A", "sample": 6, "ms": 1.7087039947509766}
{"event": "sample", "n": 500, "mode": "forward", "round": 0, "block": 3, "label": "A", "sample": 7, "ms": 1.7079999446868896}
{"event": "sample", "n": 500, "mode": "forward", "round": 0, "block": 3, "label": "A", "sample": 8, "ms": 1.7072960138320923}
{"event": "sample", "n": 500, "mode": "forward", "round": 0, "block": 3, "label": "A", "sample": 9, "ms": 1.7097920179367065}
{"event": "sample", "n": 500, "mode": "forward", "round": 1, "block": 0, "label": "A", "sample": 0, "ms": 1.986143946647644}
{"event": "sample", "n": 500, "mode": "forward", "round": 1, "block": 0, "label": "A", "sample": 1, "ms": 1.7083840370178223}
{"event": "sample", "n": 500, "mode": "forward", "round": 1, "block": 0, "label": "A", "sample": 2, "ms": 1.7080320119857788}
{"event": "sample", "n": 500, "mode": "forward", "round": 1, "block": 0, "label": "A", "sample": 3, "ms": 1.709887981414795}
{"event": "sample", "n": 500, "mode": "forward", "round": 1, "block": 0, "label": "A", "sample": 4, "ms": 1.7087039947509766}
{"event": "sample", "n": 500, "mode": "forward", "round": 1, "block": 0, "label": "A", "sample": 5, "ms": 1.709439992904663}
{"event": "sample", "n": 500, "mode": "forward", "round": 1, "block": 0, "label": "A", "sample": 6, "ms": 1.7079360485076904}
{"event": "sample", "n": 500, "mode": "forward", "round": 1, "block": 0, "label": "A", "sample": 7, "ms": 1.711840033531189}
{"event": "sample", "n": 500, "mode": "forward", "round": 1, "block": 0, "label": "A", "sample": 8, "ms": 1.7123839855194092}
{"event": "sample", "n": 500, "mode": "forward", "round": 1, "block": 0, "label": "A", "sample": 9, "ms": 1.7121920585632324}
{"event": "sample", "n": 500, "mode": "forward", "round": 1, "block": 1, "label": "B", "sample": 0, "ms": 1.9890880584716797}
{"event": "sample", "n": 500, "mode": "forward", "round": 1, "block": 1, "label": "B", "sample": 1, "ms": 1.5948799848556519}
{"event": "sample", "n": 500, "mode": "forward", "round": 1, "block": 1, "label": "B", "sample": 2, "ms": 1.5944960117340088}
{"event": "sample", "n": 500, "mode": "forward", "round": 1, "block": 1, "label": "B", "sample": 3, "ms": 1.5953279733657837}
{"event": "sample", "n": 500, "mode": "forward", "round": 1, "block": 1, "label": "B", "sample": 4, "ms": 1.5944960117340088}
{"event": "sample", "n": 500, "mode": "forward", "round": 1, "block": 1, "label": "B", "sample": 5, "ms": 1.595136046409607}
{"event": "sample", "n": 500, "mode": "forward", "round": 1, "block": 1, "label": "B", "sample": 6, "ms": 1.5944000482559204}
{"event": "sample", "n": 500, "mode": "forward", "round": 1, "block": 1, "label": "B", "sample": 7, "ms": 1.5966720581054688}
{"event": "sample", "n": 500, "mode": "forward", "round": 1, "block": 1, "label": "B", "sample": 8, "ms": 1.5943360328674316}
{"event": "sample", "n": 500, "mode": "forward", "round": 1, "block": 1, "label": "B", "sample": 9, "ms": 1.596511960029602}
{"event": "sample", "n": 500, "mode": "forward", "round": 1, "block": 2, "label": "B", "sample": 0, "ms": 1.9190080165863037}
{"event": "sample", "n": 500, "mode": "forward", "round": 1, "block": 2, "label": "B", "sample": 1, "ms": 1.5942720174789429}
{"event": "sample", "n": 500, "mode": "forward", "round": 1, "block": 2, "label": "B", "sample": 2, "ms": 1.5945919752120972}
{"event": "sample", "n": 500, "mode": "forward", "round": 1, "block": 2, "label": "B", "sample": 3, "ms": 1.5954240560531616}
{"event": "sample", "n": 500, "mode": "forward", "round": 1, "block": 2, "label": "B", "sample": 4, "ms": 1.5951039791107178}
{"event": "sample", "n": 500, "mode": "forward", "round": 1, "block": 2, "label": "B", "sample": 5, "ms": 1.5951039791107178}
{"event": "sample", "n": 500, "mode": "forward", "round": 1, "block": 2, "label": "B", "sample": 6, "ms": 1.594688057899475}
{"event": "sample", "n": 500, "mode": "forward", "round": 1, "block": 2, "label": "B", "sample": 7, "ms": 1.594912052154541}
{"event": "sample", "n": 500, "mode": "forward", "round": 1, "block": 2, "label": "B", "sample": 8, "ms": 1.5938880443572998}
{"event": "sample", "n": 500, "mode": "forward", "round": 1, "block": 2, "label": "B", "sample": 9, "ms": 1.5954240560531616}
{"event": "sample", "n": 500, "mode": "forward", "round": 1, "block": 3, "label": "A", "sample": 0, "ms": 2.0274240970611572}
{"event": "sample", "n": 500, "mode": "forward", "round": 1, "block": 3, "label": "A", "sample": 1, "ms": 1.7115199565887451}
{"event": "sample", "n": 500, "mode": "forward", "round": 1, "block": 3, "label": "A", "sample": 2, "ms": 1.7112959623336792}
{"event": "sample", "n": 500, "mode": "forward", "round": 1, "block": 3, "label": "A", "sample": 3, "ms": 1.7121599912643433}
{"event": "sample", "n": 500, "mode": "forward", "round": 1, "block": 3, "label": "A", "sample": 4, "ms": 1.7106879949569702}
{"event": "sample", "n": 500, "mode": "forward", "round": 1, "block": 3, "label": "A", "sample": 5, "ms": 1.7122559547424316}
{"event": "sample", "n": 500, "mode": "forward", "round": 1, "block": 3, "label": "A", "sample": 6, "ms": 1.7114880084991455}
{"event": "sample", "n": 500, "mode": "forward", "round": 1, "block": 3, "label": "A", "sample": 7, "ms": 1.711616039276123}
{"event": "sample", "n": 500, "mode": "forward", "round": 1, "block": 3, "label": "A", "sample": 8, "ms": 1.7118079662322998}
{"event": "sample", "n": 500, "mode": "forward", "round": 1, "block": 3, "label": "A", "sample": 9, "ms": 1.7125120162963867}
{"event": "sample", "n": 500, "mode": "forward", "round": 2, "block": 0, "label": "A", "sample": 0, "ms": 1.9855040311813354}
{"event": "sample", "n": 500, "mode": "forward", "round": 2, "block": 0, "label": "A", "sample": 1, "ms": 1.7103999853134155}
{"event": "sample", "n": 500, "mode": "forward", "round": 2, "block": 0, "label": "A", "sample": 2, "ms": 1.7110719680786133}
{"event": "sample", "n": 500, "mode": "forward", "round": 2, "block": 0, "label": "A", "sample": 3, "ms": 1.7107199430465698}
{"event": "sample", "n": 500, "mode": "forward", "round": 2, "block": 0, "label": "A", "sample": 4, "ms": 1.7111999988555908}
{"event": "sample", "n": 500, "mode": "forward", "round": 2, "block": 0, "label": "A", "sample": 5, "ms": 1.7114559412002563}
{"event": "sample", "n": 500, "mode": "forward", "round": 2, "block": 0, "label": "A", "sample": 6, "ms": 1.7103999853134155}
{"event": "sample", "n": 500, "mode": "forward", "round": 2, "block": 0, "label": "A", "sample": 7, "ms": 1.7105920314788818}
{"event": "sample", "n": 500, "mode": "forward", "round": 2, "block": 0, "label": "A", "sample": 8, "ms": 1.7120319604873657}
{"event": "sample", "n": 500, "mode": "forward", "round": 2, "block": 0, "label": "A", "sample": 9, "ms": 1.7116800546646118}
{"event": "sample", "n": 500, "mode": "forward", "round": 2, "block": 1, "label": "B", "sample": 0, "ms": 1.9706560373306274}
{"event": "sample", "n": 500, "mode": "forward", "round": 2, "block": 1, "label": "B", "sample": 1, "ms": 1.5945600271224976}
{"event": "sample", "n": 500, "mode": "forward", "round": 2, "block": 1, "label": "B", "sample": 2, "ms": 1.5945600271224976}
{"event": "sample", "n": 500, "mode": "forward", "round": 2, "block": 1, "label": "B", "sample": 3, "ms": 1.5959359407424927}
{"event": "sample", "n": 500, "mode": "forward", "round": 2, "block": 1, "label": "B", "sample": 4, "ms": 1.5937600135803223}
{"event": "sample", "n": 500, "mode": "forward", "round": 2, "block": 1, "label": "B", "sample": 5, "ms": 1.5941120386123657}
{"event": "sample", "n": 500, "mode": "forward", "round": 2, "block": 1, "label": "B", "sample": 6, "ms": 1.5943679809570312}
{"event": "sample", "n": 500, "mode": "forward", "round": 2, "block": 1, "label": "B", "sample": 7, "ms": 1.5959999561309814}
{"event": "sample", "n": 500, "mode": "forward", "round": 2, "block": 1, "label": "B", "sample": 8, "ms": 1.5936000347137451}
{"event": "sample", "n": 500, "mode": "forward", "round": 2, "block": 1, "label": "B", "sample": 9, "ms": 1.5941760540008545}
{"event": "sample", "n": 500, "mode": "forward", "round": 2, "block": 2, "label": "B", "sample": 0, "ms": 1.9040000438690186}
{"event": "sample", "n": 500, "mode": "forward", "round": 2, "block": 2, "label": "B", "sample": 1, "ms": 1.5939840078353882}
{"event": "sample", "n": 500, "mode": "forward", "round": 2, "block": 2, "label": "B", "sample": 2, "ms": 1.5933760404586792}
{"event": "sample", "n": 500, "mode": "forward", "round": 2, "block": 2, "label": "B", "sample": 3, "ms": 1.5942720174789429}
{"event": "sample", "n": 500, "mode": "forward", "round": 2, "block": 2, "label": "B", "sample": 4, "ms": 1.594912052154541}
{"event": "sample", "n": 500, "mode": "forward", "round": 2, "block": 2, "label": "B", "sample": 5, "ms": 1.59443199634552}
{"event": "sample", "n": 500, "mode": "forward", "round": 2, "block": 2, "label": "B", "sample": 6, "ms": 1.5942720174789429}
{"event": "sample", "n": 500, "mode": "forward", "round": 2, "block": 2, "label": "B", "sample": 7, "ms": 1.5955840349197388}
{"event": "sample", "n": 500, "mode": "forward", "round": 2, "block": 2, "label": "B", "sample": 8, "ms": 1.5936959981918335}
{"event": "sample", "n": 500, "mode": "forward", "round": 2, "block": 2, "label": "B", "sample": 9, "ms": 1.5944000482559204}
{"event": "sample", "n": 500, "mode": "forward", "round": 2, "block": 3, "label": "A", "sample": 0, "ms": 1.9991040229797363}
{"event": "sample", "n": 500, "mode": "forward", "round": 2, "block": 3, "label": "A", "sample": 1, "ms": 1.7106879949569702}
{"event": "sample", "n": 500, "mode": "forward", "round": 2, "block": 3, "label": "A", "sample": 2, "ms": 1.7110400199890137}
{"event": "sample", "n": 500, "mode": "forward", "round": 2, "block": 3, "label": "A", "sample": 3, "ms": 1.7107199430465698}
{"event": "sample", "n": 500, "mode": "forward", "round": 2, "block": 3, "label": "A", "sample": 4, "ms": 1.7095680236816406}
{"event": "sample", "n": 500, "mode": "forward", "round": 2, "block": 3, "label": "A", "sample": 5, "ms": 1.7108800411224365}
{"event": "sample", "n": 500, "mode": "forward", "round": 2, "block": 3, "label": "A", "sample": 6, "ms": 1.7107199430465698}
{"event": "sample", "n": 500, "mode": "forward", "round": 2, "block": 3, "label": "A", "sample": 7, "ms": 1.7116800546646118}
{"event": "sample", "n": 500, "mode": "forward", "round": 2, "block": 3, "label": "A", "sample": 8, "ms": 1.7100800275802612}
{"event": "sample", "n": 500, "mode": "forward", "round": 2, "block": 3, "label": "A", "sample": 9, "ms": 1.710528016090393}
{"event": "summary", "n": 500, "mode": "forward", "median_ms": {"A": 1.710640013217926, "B": 1.5943840146064758}, "speedup": 1.0729159333927119, "samples_per_label": 60}
{"event": "sample", "n": 500, "mode": "backward", "round": 0, "block": 0, "label": "A", "sample": 0, "ms": 12.977888107299805}
{"event": "sample", "n": 500, "mode": "backward", "round": 0, "block": 0, "label": "A", "sample": 1, "ms": 12.703231811523438}
{"event": "sample", "n": 500, "mode": "backward", "round": 0, "block": 0, "label": "A", "sample": 2, "ms": 12.69273567199707}
{"event": "sample", "n": 500, "mode": "backward", "round": 0, "block": 0, "label": "A", "sample": 3, "ms": 12.696352005004883}
{"event": "sample", "n": 500, "mode": "backward", "round": 0, "block": 0, "label": "A", "sample": 4, "ms": 12.706015586853027}
{"event": "sample", "n": 500, "mode": "backward", "round": 0, "block": 0, "label": "A", "sample": 5, "ms": 12.700223922729492}
{"event": "sample", "n": 500, "mode": "backward", "round": 0, "block": 0, "label": "A", "sample": 6, "ms": 12.700575828552246}
{"event": "sample", "n": 500, "mode": "backward", "round": 0, "block": 0, "label": "A", "sample": 7, "ms": 12.695584297180176}
{"event": "sample", "n": 500, "mode": "backward", "round": 0, "block": 0, "label": "A", "sample": 8, "ms": 12.68832015991211}
{"event": "sample", "n": 500, "mode": "backward", "round": 0, "block": 0, "label": "A", "sample": 9, "ms": 12.669407844543457}
{"event": "sample", "n": 500, "mode": "backward", "round": 0, "block": 1, "label": "B", "sample": 0, "ms": 6.6808319091796875}
{"event": "sample", "n": 500, "mode": "backward", "round": 0, "block": 1, "label": "B", "sample": 1, "ms": 6.495488166809082}
{"event": "sample", "n": 500, "mode": "backward", "round": 0, "block": 1, "label": "B", "sample": 2, "ms": 6.499872207641602}
{"event": "sample", "n": 500, "mode": "backward", "round": 0, "block": 1, "label": "B", "sample": 3, "ms": 6.484511852264404}
{"event": "sample", "n": 500, "mode": "backward", "round": 0, "block": 1, "label": "B", "sample": 4, "ms": 6.4917120933532715}
{"event": "sample", "n": 500, "mode": "backward", "round": 0, "block": 1, "label": "B", "sample": 5, "ms": 6.48576021194458}
{"event": "sample", "n": 500, "mode": "backward", "round": 0, "block": 1, "label": "B", "sample": 6, "ms": 6.4884161949157715}
{"event": "sample", "n": 500, "mode": "backward", "round": 0, "block": 1, "label": "B", "sample": 7, "ms": 6.5041279792785645}
{"event": "sample", "n": 500, "mode": "backward", "round": 0, "block": 1, "label": "B", "sample": 8, "ms": 6.500703811645508}
{"event": "sample", "n": 500, "mode": "backward", "round": 0, "block": 1, "label": "B", "sample": 9, "ms": 6.492191791534424}
{"event": "sample", "n": 500, "mode": "backward", "round": 0, "block": 2, "label": "B", "sample": 0, "ms": 6.6148481369018555}
{"event": "sample", "n": 500, "mode": "backward", "round": 0, "block": 2, "label": "B", "sample": 1, "ms": 6.506175994873047}
{"event": "sample", "n": 500, "mode": "backward", "round": 0, "block": 2, "label": "B", "sample": 2, "ms": 6.492608070373535}
{"event": "sample", "n": 500, "mode": "backward", "round": 0, "block": 2, "label": "B", "sample": 3, "ms": 6.485119819641113}
{"event": "sample", "n": 500, "mode": "backward", "round": 0, "block": 2, "label": "B", "sample": 4, "ms": 6.498623847961426}
{"event": "sample", "n": 500, "mode": "backward", "round": 0, "block": 2, "label": "B", "sample": 5, "ms": 6.482560157775879}
{"event": "sample", "n": 500, "mode": "backward", "round": 0, "block": 2, "label": "B", "sample": 6, "ms": 6.484288215637207}
{"event": "sample", "n": 500, "mode": "backward", "round": 0, "block": 2, "label": "B", "sample": 7, "ms": 6.486432075500488}
{"event": "sample", "n": 500, "mode": "backward", "round": 0, "block": 2, "label": "B", "sample": 8, "ms": 6.493760108947754}
{"event": "sample", "n": 500, "mode": "backward", "round": 0, "block": 2, "label": "B", "sample": 9, "ms": 6.476416110992432}
{"event": "sample", "n": 500, "mode": "backward", "round": 0, "block": 3, "label": "A", "sample": 0, "ms": 12.956480026245117}
{"event": "sample", "n": 500, "mode": "backward", "round": 0, "block": 3, "label": "A", "sample": 1, "ms": 12.656831741333008}
{"event": "sample", "n": 500, "mode": "backward", "round": 0, "block": 3, "label": "A", "sample": 2, "ms": 12.649632453918457}
{"event": "sample", "n": 500, "mode": "backward", "round": 0, "block": 3, "label": "A", "sample": 3, "ms": 12.658720016479492}
{"event": "sample", "n": 500, "mode": "backward", "round": 0, "block": 3, "label": "A", "sample": 4, "ms": 12.673248291015625}
{"event": "sample", "n": 500, "mode": "backward", "round": 0, "block": 3, "label": "A", "sample": 5, "ms": 12.664480209350586}
{"event": "sample", "n": 500, "mode": "backward", "round": 0, "block": 3, "label": "A", "sample": 6, "ms": 12.65932846069336}
{"event": "sample", "n": 500, "mode": "backward", "round": 0, "block": 3, "label": "A", "sample": 7, "ms": 12.667648315429688}
{"event": "sample", "n": 500, "mode": "backward", "round": 0, "block": 3, "label": "A", "sample": 8, "ms": 12.675359725952148}
{"event": "sample", "n": 500, "mode": "backward", "round": 0, "block": 3, "label": "A", "sample": 9, "ms": 12.675935745239258}
{"event": "sample", "n": 500, "mode": "backward", "round": 1, "block": 0, "label": "A", "sample": 0, "ms": 12.902751922607422}
{"event": "sample", "n": 500, "mode": "backward", "round": 1, "block": 0, "label": "A", "sample": 1, "ms": 12.671263694763184}
{"event": "sample", "n": 500, "mode": "backward", "round": 1, "block": 0, "label": "A", "sample": 2, "ms": 12.665568351745605}
{"event": "sample", "n": 500, "mode": "backward", "round": 1, "block": 0, "label": "A", "sample": 3, "ms": 12.678336143493652}
{"event": "sample", "n": 500, "mode": "backward", "round": 1, "block": 0, "label": "A", "sample": 4, "ms": 12.667903900146484}
{"event": "sample", "n": 500, "mode": "backward", "round": 1, "block": 0, "label": "A", "sample": 5, "ms": 12.670975685119629}
{"event": "sample", "n": 500, "mode": "backward", "round": 1, "block": 0, "label": "A", "sample": 6, "ms": 12.664159774780273}
{"event": "sample", "n": 500, "mode": "backward", "round": 1, "block": 0, "label": "A", "sample": 7, "ms": 12.674592018127441}
{"event": "sample", "n": 500, "mode": "backward", "round": 1, "block": 0, "label": "A", "sample": 8, "ms": 12.664992332458496}
{"event": "sample", "n": 500, "mode": "backward", "round": 1, "block": 0, "label": "A", "sample": 9, "ms": 12.665023803710938}
{"event": "sample", "n": 500, "mode": "backward", "round": 1, "block": 1, "label": "B", "sample": 0, "ms": 6.658368110656738}
{"event": "sample", "n": 500, "mode": "backward", "round": 1, "block": 1, "label": "B", "sample": 1, "ms": 6.4934401512146}
{"event": "sample", "n": 500, "mode": "backward", "round": 1, "block": 1, "label": "B", "sample": 2, "ms": 6.489920139312744}
{"event": "sample", "n": 500, "mode": "backward", "round": 1, "block": 1, "label": "B", "sample": 3, "ms": 6.490719795227051}
{"event": "sample", "n": 500, "mode": "backward", "round": 1, "block": 1, "label": "B", "sample": 4, "ms": 6.499199867248535}
{"event": "sample", "n": 500, "mode": "backward", "round": 1, "block": 1, "label": "B", "sample": 5, "ms": 6.491136074066162}
{"event": "sample", "n": 500, "mode": "backward", "round": 1, "block": 1, "label": "B", "sample": 6, "ms": 6.497056007385254}
{"event": "sample", "n": 500, "mode": "backward", "round": 1, "block": 1, "label": "B", "sample": 7, "ms": 6.490911960601807}
{"event": "sample", "n": 500, "mode": "backward", "round": 1, "block": 1, "label": "B", "sample": 8, "ms": 6.4967041015625}
{"event": "sample", "n": 500, "mode": "backward", "round": 1, "block": 1, "label": "B", "sample": 9, "ms": 6.494112014770508}
{"event": "sample", "n": 500, "mode": "backward", "round": 1, "block": 2, "label": "B", "sample": 0, "ms": 6.615392208099365}
{"event": "sample", "n": 500, "mode": "backward", "round": 1, "block": 2, "label": "B", "sample": 1, "ms": 6.496863842010498}
{"event": "sample", "n": 500, "mode": "backward", "round": 1, "block": 2, "label": "B", "sample": 2, "ms": 6.4892802238464355}
{"event": "sample", "n": 500, "mode": "backward", "round": 1, "block": 2, "label": "B", "sample": 3, "ms": 6.499584197998047}
{"event": "sample", "n": 500, "mode": "backward", "round": 1, "block": 2, "label": "B", "sample": 4, "ms": 6.496960163116455}
{"event": "sample", "n": 500, "mode": "backward", "round": 1, "block": 2, "label": "B", "sample": 5, "ms": 6.488768100738525}
{"event": "sample", "n": 500, "mode": "backward", "round": 1, "block": 2, "label": "B", "sample": 6, "ms": 6.494495868682861}
{"event": "sample", "n": 500, "mode": "backward", "round": 1, "block": 2, "label": "B", "sample": 7, "ms": 6.49945592880249}
{"event": "sample", "n": 500, "mode": "backward", "round": 1, "block": 2, "label": "B", "sample": 8, "ms": 6.481823921203613}
{"event": "sample", "n": 500, "mode": "backward", "round": 1, "block": 2, "label": "B", "sample": 9, "ms": 6.48576021194458}
{"event": "sample", "n": 500, "mode": "backward", "round": 1, "block": 3, "label": "A", "sample": 0, "ms": 12.953215599060059}
{"event": "sample", "n": 500, "mode": "backward", "round": 1, "block": 3, "label": "A", "sample": 1, "ms": 12.66528034210205}
{"event": "sample", "n": 500, "mode": "backward", "round": 1, "block": 3, "label": "A", "sample": 2, "ms": 12.659775733947754}
{"event": "sample", "n": 500, "mode": "backward", "round": 1, "block": 3, "label": "A", "sample": 3, "ms": 12.656319618225098}
{"event": "sample", "n": 500, "mode": "backward", "round": 1, "block": 3, "label": "A", "sample": 4, "ms": 12.66540813446045}
{"event": "sample", "n": 500, "mode": "backward", "round": 1, "block": 3, "label": "A", "sample": 5, "ms": 12.674752235412598}
{"event": "sample", "n": 500, "mode": "backward", "round": 1, "block": 3, "label": "A", "sample": 6, "ms": 12.671456336975098}
{"event": "sample", "n": 500, "mode": "backward", "round": 1, "block": 3, "label": "A", "sample": 7, "ms": 12.663519859313965}
{"event": "sample", "n": 500, "mode": "backward", "round": 1, "block": 3, "label": "A", "sample": 8, "ms": 12.671232223510742}
{"event": "sample", "n": 500, "mode": "backward", "round": 1, "block": 3, "label": "A", "sample": 9, "ms": 12.669792175292969}
{"event": "sample", "n": 500, "mode": "backward", "round": 2, "block": 0, "label": "A", "sample": 0, "ms": 12.897760391235352}
{"event": "sample", "n": 500, "mode": "backward", "round": 2, "block": 0, "label": "A", "sample": 1, "ms": 12.666080474853516}
{"event": "sample", "n": 500, "mode": "backward", "round": 2, "block": 0, "label": "A", "sample": 2, "ms": 12.671327590942383}
{"event": "sample", "n": 500, "mode": "backward", "round": 2, "block": 0, "label": "A", "sample": 3, "ms": 12.673567771911621}
{"event": "sample", "n": 500, "mode": "backward", "round": 2, "block": 0, "label": "A", "sample": 4, "ms": 12.665311813354492}
{"event": "sample", "n": 500, "mode": "backward", "round": 2, "block": 0, "label": "A", "sample": 5, "ms": 12.66755199432373}
{"event": "sample", "n": 500, "mode": "backward", "round": 2, "block": 0, "label": "A", "sample": 6, "ms": 12.668992042541504}
{"event": "sample", "n": 500, "mode": "backward", "round": 2, "block": 0, "label": "A", "sample": 7, "ms": 12.665023803710938}
{"event": "sample", "n": 500, "mode": "backward", "round": 2, "block": 0, "label": "A", "sample": 8, "ms": 12.663488388061523}
{"event": "sample", "n": 500, "mode": "backward", "round": 2, "block": 0, "label": "A", "sample": 9, "ms": 12.66921615600586}
{"event": "sample", "n": 500, "mode": "backward", "round": 2, "block": 1, "label": "B", "sample": 0, "ms": 6.694911956787109}
{"event": "sample", "n": 500, "mode": "backward", "round": 2, "block": 1, "label": "B", "sample": 1, "ms": 6.4991679191589355}
{"event": "sample", "n": 500, "mode": "backward", "round": 2, "block": 1, "label": "B", "sample": 2, "ms": 6.492447853088379}
{"event": "sample", "n": 500, "mode": "backward", "round": 2, "block": 1, "label": "B", "sample": 3, "ms": 6.49513578414917}
{"event": "sample", "n": 500, "mode": "backward", "round": 2, "block": 1, "label": "B", "sample": 4, "ms": 6.493247985839844}
{"event": "sample", "n": 500, "mode": "backward", "round": 2, "block": 1, "label": "B", "sample": 5, "ms": 6.505248069763184}
{"event": "sample", "n": 500, "mode": "backward", "round": 2, "block": 1, "label": "B", "sample": 6, "ms": 6.4890241622924805}
{"event": "sample", "n": 500, "mode": "backward", "round": 2, "block": 1, "label": "B", "sample": 7, "ms": 6.4937920570373535}
{"event": "sample", "n": 500, "mode": "backward", "round": 2, "block": 1, "label": "B", "sample": 8, "ms": 6.498591899871826}
{"event": "sample", "n": 500, "mode": "backward", "round": 2, "block": 1, "label": "B", "sample": 9, "ms": 6.498655796051025}
{"event": "sample", "n": 500, "mode": "backward", "round": 2, "block": 2, "label": "B", "sample": 0, "ms": 6.613344192504883}
{"event": "sample", "n": 500, "mode": "backward", "round": 2, "block": 2, "label": "B", "sample": 1, "ms": 6.492063999176025}
{"event": "sample", "n": 500, "mode": "backward", "round": 2, "block": 2, "label": "B", "sample": 2, "ms": 6.48473596572876}
{"event": "sample", "n": 500, "mode": "backward", "round": 2, "block": 2, "label": "B", "sample": 3, "ms": 6.5041279792785645}
{"event": "sample", "n": 500, "mode": "backward", "round": 2, "block": 2, "label": "B", "sample": 4, "ms": 6.513792037963867}
{"event": "sample", "n": 500, "mode": "backward", "round": 2, "block": 2, "label": "B", "sample": 5, "ms": 6.507808208465576}
{"event": "sample", "n": 500, "mode": "backward", "round": 2, "block": 2, "label": "B", "sample": 6, "ms": 6.501728057861328}
{"event": "sample", "n": 500, "mode": "backward", "round": 2, "block": 2, "label": "B", "sample": 7, "ms": 6.5033278465271}
{"event": "sample", "n": 500, "mode": "backward", "round": 2, "block": 2, "label": "B", "sample": 8, "ms": 6.51577615737915}
{"event": "sample", "n": 500, "mode": "backward", "round": 2, "block": 2, "label": "B", "sample": 9, "ms": 6.485184192657471}
{"event": "sample", "n": 500, "mode": "backward", "round": 2, "block": 3, "label": "A", "sample": 0, "ms": 12.969696044921875}
{"event": "sample", "n": 500, "mode": "backward", "round": 2, "block": 3, "label": "A", "sample": 1, "ms": 12.666912078857422}
{"event": "sample", "n": 500, "mode": "backward", "round": 2, "block": 3, "label": "A", "sample": 2, "ms": 12.680383682250977}
{"event": "sample", "n": 500, "mode": "backward", "round": 2, "block": 3, "label": "A", "sample": 3, "ms": 12.678624153137207}
{"event": "sample", "n": 500, "mode": "backward", "round": 2, "block": 3, "label": "A", "sample": 4, "ms": 12.677023887634277}
{"event": "sample", "n": 500, "mode": "backward", "round": 2, "block": 3, "label": "A", "sample": 5, "ms": 12.670944213867188}
{"event": "sample", "n": 500, "mode": "backward", "round": 2, "block": 3, "label": "A", "sample": 6, "ms": 12.654175758361816}
{"event": "sample", "n": 500, "mode": "backward", "round": 2, "block": 3, "label": "A", "sample": 7, "ms": 12.659008026123047}
{"event": "sample", "n": 500, "mode": "backward", "round": 2, "block": 3, "label": "A", "sample": 8, "ms": 12.660191535949707}
{"event": "sample", "n": 500, "mode": "backward", "round": 2, "block": 3, "label": "A", "sample": 9, "ms": 12.661824226379395}
{"event": "summary", "n": 500, "mode": "backward", "median_ms": {"A": 12.670368194580078, "B": 6.494815826416016}, "speedup": 1.9508433392439812, "samples_per_label": 60}
{"event": "sample", "n": 500, "mode": "forward_backward", "round": 0, "block": 0, "label": "A", "sample": 0, "ms": 14.675583839416504}
{"event": "sample", "n": 500, "mode": "forward_backward", "round": 0, "block": 0, "label": "A", "sample": 1, "ms": 14.379743576049805}
{"event": "sample", "n": 500, "mode": "forward_backward", "round": 0, "block": 0, "label": "A", "sample": 2, "ms": 14.37775993347168}
{"event": "sample", "n": 500, "mode": "forward_backward", "round": 0, "block": 0, "label": "A", "sample": 3, "ms": 14.39577579498291}
{"event": "sample", "n": 500, "mode": "forward_backward", "round": 0, "block": 0, "label": "A", "sample": 4, "ms": 14.383711814880371}
{"event": "sample", "n": 500, "mode": "forward_backward", "round": 0, "block": 0, "label": "A", "sample": 5, "ms": 14.384832382202148}
{"event": "sample", "n": 500, "mode": "forward_backward", "round": 0, "block": 0, "label": "A", "sample": 6, "ms": 14.381024360656738}
{"event": "sample", "n": 500, "mode": "forward_backward", "round": 0, "block": 0, "label": "A", "sample": 7, "ms": 14.376864433288574}
{"event": "sample", "n": 500, "mode": "forward_backward", "round": 0, "block": 0, "label": "A", "sample": 8, "ms": 14.37343978881836}
{"event": "sample", "n": 500, "mode": "forward_backward", "round": 0, "block": 0, "label": "A", "sample": 9, "ms": 14.370752334594727}
{"event": "sample", "n": 500, "mode": "forward_backward", "round": 0, "block": 1, "label": "B", "sample": 0, "ms": 8.506143569946289}
{"event": "sample", "n": 500, "mode": "forward_backward", "round": 0, "block": 1, "label": "B", "sample": 1, "ms": 8.086048126220703}
{"event": "sample", "n": 500, "mode": "forward_backward", "round": 0, "block": 1, "label": "B", "sample": 2, "ms": 8.076800346374512}
{"event": "sample", "n": 500, "mode": "forward_backward", "round": 0, "block": 1, "label": "B", "sample": 3, "ms": 8.089280128479004}
{"event": "sample", "n": 500, "mode": "forward_backward", "round": 0, "block": 1, "label": "B", "sample": 4, "ms": 8.11081600189209}
{"event": "sample", "n": 500, "mode": "forward_backward", "round": 0, "block": 1, "label": "B", "sample": 5, "ms": 8.104607582092285}
{"event": "sample", "n": 500, "mode": "forward_backward", "round": 0, "block": 1, "label": "B", "sample": 6, "ms": 8.091327667236328}
{"event": "sample", "n": 500, "mode": "forward_backward", "round": 0, "block": 1, "label": "B", "sample": 7, "ms": 8.105440139770508}
{"event": "sample", "n": 500, "mode": "forward_backward", "round": 0, "block": 1, "label": "B", "sample": 8, "ms": 8.122495651245117}
{"event": "sample", "n": 500, "mode": "forward_backward", "round": 0, "block": 1, "label": "B", "sample": 9, "ms": 8.10860824584961}
{"event": "sample", "n": 500, "mode": "forward_backward", "round": 0, "block": 2, "label": "B", "sample": 0, "ms": 8.483424186706543}
{"event": "sample", "n": 500, "mode": "forward_backward", "round": 0, "block": 2, "label": "B", "sample": 1, "ms": 8.095647811889648}
{"event": "sample", "n": 500, "mode": "forward_backward", "round": 0, "block": 2, "label": "B", "sample": 2, "ms": 8.10524845123291}
{"event": "sample", "n": 500, "mode": "forward_backward", "round": 0, "block": 2, "label": "B", "sample": 3, "ms": 8.099103927612305}
{"event": "sample", "n": 500, "mode": "forward_backward", "round": 0, "block": 2, "label": "B", "sample": 4, "ms": 8.095840454101562}
{"event": "sample", "n": 500, "mode": "forward_backward", "round": 0, "block": 2, "label": "B", "sample": 5, "ms": 8.114591598510742}
{"event": "sample", "n": 500, "mode": "forward_backward", "round": 0, "block": 2, "label": "B", "sample": 6, "ms": 8.078271865844727}
{"event": "sample", "n": 500, "mode": "forward_backward", "round": 0, "block": 2, "label": "B", "sample": 7, "ms": 8.089568138122559}
{"event": "sample", "n": 500, "mode": "forward_backward", "round": 0, "block": 2, "label": "B", "sample": 8, "ms": 8.09347152709961}
{"event": "sample", "n": 500, "mode": "forward_backward", "round": 0, "block": 2, "label": "B", "sample": 9, "ms": 8.083200454711914}
{"event": "sample", "n": 500, "mode": "forward_backward", "round": 0, "block": 3, "label": "A", "sample": 0, "ms": 15.220895767211914}
{"event": "sample", "n": 500, "mode": "forward_backward", "round": 0, "block": 3, "label": "A", "sample": 1, "ms": 14.383872032165527}
{"event": "sample", "n": 500, "mode": "forward_backward", "round": 0, "block": 3, "label": "A", "sample": 2, "ms": 14.386528015136719}
{"event": "sample", "n": 500, "mode": "forward_backward", "round": 0, "block": 3, "label": "A", "sample": 3, "ms": 14.389151573181152}
{"event": "sample", "n": 500, "mode": "forward_backward", "round": 0, "block": 3, "label": "A", "sample": 4, "ms": 14.387904167175293}
{"event": "sample", "n": 500, "mode": "forward_backward", "round": 0, "block": 3, "label": "A", "sample": 5, "ms": 14.379743576049805}
{"event": "sample", "n": 500, "mode": "forward_backward", "round": 0, "block": 3, "label": "A", "sample": 6, "ms": 14.379008293151855}
{"event": "sample", "n": 500, "mode": "forward_backward", "round": 0, "block": 3, "label": "A", "sample": 7, "ms": 14.373408317565918}
{"event": "sample", "n": 500, "mode": "forward_backward", "round": 0, "block": 3, "label": "A", "sample": 8, "ms": 14.387231826782227}
{"event": "sample", "n": 500, "mode": "forward_backward", "round": 0, "block": 3, "label": "A", "sample": 9, "ms": 14.387264251708984}
{"event": "sample", "n": 500, "mode": "forward_backward", "round": 1, "block": 0, "label": "A", "sample": 0, "ms": 14.742560386657715}
{"event": "sample", "n": 500, "mode": "forward_backward", "round": 1, "block": 0, "label": "A", "sample": 1, "ms": 14.37183952331543}
{"event": "sample", "n": 500, "mode": "forward_backward", "round": 1, "block": 0, "label": "A", "sample": 2, "ms": 14.37667179107666}
{"event": "sample", "n": 500, "mode": "forward_backward", "round": 1, "block": 0, "label": "A", "sample": 3, "ms": 14.376704216003418}
{"event": "sample", "n": 500, "mode": "forward_backward", "round": 1, "block": 0, "label": "A", "sample": 4, "ms": 14.385760307312012}
{"event": "sample", "n": 500, "mode": "forward_backward", "round": 1, "block": 0, "label": "A", "sample": 5, "ms": 14.383392333984375}
{"event": "sample", "n": 500, "mode": "forward_backward", "round": 1, "block": 0, "label": "A", "sample": 6, "ms": 14.380512237548828}
{"event": "sample", "n": 500, "mode": "forward_backward", "round": 1, "block": 0, "label": "A", "sample": 7, "ms": 14.384703636169434}
{"event": "sample", "n": 500, "mode": "forward_backward", "round": 1, "block": 0, "label": "A", "sample": 8, "ms": 14.402079582214355}
{"event": "sample", "n": 500, "mode": "forward_backward", "round": 1, "block": 0, "label": "A", "sample": 9, "ms": 14.406911849975586}
{"event": "sample", "n": 500, "mode": "forward_backward", "round": 1, "block": 1, "label": "B", "sample": 0, "ms": 8.530400276184082}
{"event": "sample", "n": 500, "mode": "forward_backward", "round": 1, "block": 1, "label": "B", "sample": 1, "ms": 8.106271743774414}
{"event": "sample", "n": 500, "mode": "forward_backward", "round": 1, "block": 1, "label": "B", "sample": 2, "ms": 8.105024337768555}
{"event": "sample", "n": 500, "mode": "forward_backward", "round": 1, "block": 1, "label": "B", "sample": 3, "ms": 8.106687545776367}
{"event": "sample", "n": 500, "mode": "forward_backward", "round": 1, "block": 1, "label": "B", "sample": 4, "ms": 8.098560333251953}
{"event": "sample", "n": 500, "mode": "forward_backward", "round": 1, "block": 1, "label": "B", "sample": 5, "ms": 8.101696014404297}
{"event": "sample", "n": 500, "mode": "forward_backward", "round": 1, "block": 1, "label": "B", "sample": 6, "ms": 8.105952262878418}
{"event": "sample", "n": 500, "mode": "forward_backward", "round": 1, "block": 1, "label": "B", "sample": 7, "ms": 8.095264434814453}
{"event": "sample", "n": 500, "mode": "forward_backward", "round": 1, "block": 1, "label": "B", "sample": 8, "ms": 8.097248077392578}
{"event": "sample", "n": 500, "mode": "forward_backward", "round": 1, "block": 1, "label": "B", "sample": 9, "ms": 8.092672348022461}
{"event": "sample", "n": 500, "mode": "forward_backward", "round": 1, "block": 2, "label": "B", "sample": 0, "ms": 8.514047622680664}
{"event": "sample", "n": 500, "mode": "forward_backward", "round": 1, "block": 2, "label": "B", "sample": 1, "ms": 8.082464218139648}
{"event": "sample", "n": 500, "mode": "forward_backward", "round": 1, "block": 2, "label": "B", "sample": 2, "ms": 8.094719886779785}
{"event": "sample", "n": 500, "mode": "forward_backward", "round": 1, "block": 2, "label": "B", "sample": 3, "ms": 8.077759742736816}
{"event": "sample", "n": 500, "mode": "forward_backward", "round": 1, "block": 2, "label": "B", "sample": 4, "ms": 8.079168319702148}
{"event": "sample", "n": 500, "mode": "forward_backward", "round": 1, "block": 2, "label": "B", "sample": 5, "ms": 8.082592010498047}
{"event": "sample", "n": 500, "mode": "forward_backward", "round": 1, "block": 2, "label": "B", "sample": 6, "ms": 8.070143699645996}
{"event": "sample", "n": 500, "mode": "forward_backward", "round": 1, "block": 2, "label": "B", "sample": 7, "ms": 8.07759952545166}
{"event": "sample", "n": 500, "mode": "forward_backward", "round": 1, "block": 2, "label": "B", "sample": 8, "ms": 8.085151672363281}
{"event": "sample", "n": 500, "mode": "forward_backward", "round": 1, "block": 2, "label": "B", "sample": 9, "ms": 8.087103843688965}
{"event": "sample", "n": 500, "mode": "forward_backward", "round": 1, "block": 3, "label": "A", "sample": 0, "ms": 14.74227237701416}
{"event": "sample", "n": 500, "mode": "forward_backward", "round": 1, "block": 3, "label": "A", "sample": 1, "ms": 14.389216423034668}
{"event": "sample", "n": 500, "mode": "forward_backward", "round": 1, "block": 3, "label": "A", "sample": 2, "ms": 14.388863563537598}
{"event": "sample", "n": 500, "mode": "forward_backward", "round": 1, "block": 3, "label": "A", "sample": 3, "ms": 14.391551971435547}
{"event": "sample", "n": 500, "mode": "forward_backward", "round": 1, "block": 3, "label": "A", "sample": 4, "ms": 14.382399559020996}
{"event": "sample", "n": 500, "mode": "forward_backward", "round": 1, "block": 3, "label": "A", "sample": 5, "ms": 14.381152153015137}
{"event": "sample", "n": 500, "mode": "forward_backward", "round": 1, "block": 3, "label": "A", "sample": 6, "ms": 14.388863563537598}
{"event": "sample", "n": 500, "mode": "forward_backward", "round": 1, "block": 3, "label": "A", "sample": 7, "ms": 14.38428783416748}
{"event": "sample", "n": 500, "mode": "forward_backward", "round": 1, "block": 3, "label": "A", "sample": 8, "ms": 14.388192176818848}
{"event": "sample", "n": 500, "mode": "forward_backward", "round": 1, "block": 3, "label": "A", "sample": 9, "ms": 14.391936302185059}
{"event": "sample", "n": 500, "mode": "forward_backward", "round": 2, "block": 0, "label": "A", "sample": 0, "ms": 14.730688095092773}
{"event": "sample", "n": 500, "mode": "forward_backward", "round": 2, "block": 0, "label": "A", "sample": 1, "ms": 14.381407737731934}
{"event": "sample", "n": 500, "mode": "forward_backward", "round": 2, "block": 0, "label": "A", "sample": 2, "ms": 14.377823829650879}
{"event": "sample", "n": 500, "mode": "forward_backward", "round": 2, "block": 0, "label": "A", "sample": 3, "ms": 14.391424179077148}
{"event": "sample", "n": 500, "mode": "forward_backward", "round": 2, "block": 0, "label": "A", "sample": 4, "ms": 14.382207870483398}
{"event": "sample", "n": 500, "mode": "forward_backward", "round": 2, "block": 0, "label": "A", "sample": 5, "ms": 14.3755521774292}
{"event": "sample", "n": 500, "mode": "forward_backward", "round": 2, "block": 0, "label": "A", "sample": 6, "ms": 14.377535820007324}
{"event": "sample", "n": 500, "mode": "forward_backward", "round": 2, "block": 0, "label": "A", "sample": 7, "ms": 14.376480102539062}
{"event": "sample", "n": 500, "mode": "forward_backward", "round": 2, "block": 0, "label": "A", "sample": 8, "ms": 14.376959800720215}
{"event": "sample", "n": 500, "mode": "forward_backward", "round": 2, "block": 0, "label": "A", "sample": 9, "ms": 14.37507152557373}
{"event": "sample", "n": 500, "mode": "forward_backward", "round": 2, "block": 1, "label": "B", "sample": 0, "ms": 8.514816284179688}
{"event": "sample", "n": 500, "mode": "forward_backward", "round": 2, "block": 1, "label": "B", "sample": 1, "ms": 8.099200248718262}
{"event": "sample", "n": 500, "mode": "forward_backward", "round": 2, "block": 1, "label": "B", "sample": 2, "ms": 8.075488090515137}
{"event": "sample", "n": 500, "mode": "forward_backward", "round": 2, "block": 1, "label": "B", "sample": 3, "ms": 8.085824012756348}
{"event": "sample", "n": 500, "mode": "forward_backward", "round": 2, "block": 1, "label": "B", "sample": 4, "ms": 8.07260799407959}
{"event": "sample", "n": 500, "mode": "forward_backward", "round": 2, "block": 1, "label": "B", "sample": 5, "ms": 8.095680236816406}
{"event": "sample", "n": 500, "mode": "forward_backward", "round": 2, "block": 1, "label": "B", "sample": 6, "ms": 8.079968452453613}
{"event": "sample", "n": 500, "mode": "forward_backward", "round": 2, "block": 1, "label": "B", "sample": 7, "ms": 8.087103843688965}
{"event": "sample", "n": 500, "mode": "forward_backward", "round": 2, "block": 1, "label": "B", "sample": 8, "ms": 8.09164810180664}
{"event": "sample", "n": 500, "mode": "forward_backward", "round": 2, "block": 1, "label": "B", "sample": 9, "ms": 8.10159969329834}
{"event": "sample", "n": 500, "mode": "forward_backward", "round": 2, "block": 2, "label": "B", "sample": 0, "ms": 8.490655899047852}
{"event": "sample", "n": 500, "mode": "forward_backward", "round": 2, "block": 2, "label": "B", "sample": 1, "ms": 8.074784278869629}
{"event": "sample", "n": 500, "mode": "forward_backward", "round": 2, "block": 2, "label": "B", "sample": 2, "ms": 8.078207969665527}
{"event": "sample", "n": 500, "mode": "forward_backward", "round": 2, "block": 2, "label": "B", "sample": 3, "ms": 8.081088066101074}
{"event": "sample", "n": 500, "mode": "forward_backward", "round": 2, "block": 2, "label": "B", "sample": 4, "ms": 8.073568344116211}
{"event": "sample", "n": 500, "mode": "forward_backward", "round": 2, "block": 2, "label": "B", "sample": 5, "ms": 8.073439598083496}
{"event": "sample", "n": 500, "mode": "forward_backward", "round": 2, "block": 2, "label": "B", "sample": 6, "ms": 8.06991958618164}
{"event": "sample", "n": 500, "mode": "forward_backward", "round": 2, "block": 2, "label": "B", "sample": 7, "ms": 8.07795238494873}
{"event": "sample", "n": 500, "mode": "forward_backward", "round": 2, "block": 2, "label": "B", "sample": 8, "ms": 8.077631950378418}
{"event": "sample", "n": 500, "mode": "forward_backward", "round": 2, "block": 2, "label": "B", "sample": 9, "ms": 8.067904472351074}
{"event": "sample", "n": 500, "mode": "forward_backward", "round": 2, "block": 3, "label": "A", "sample": 0, "ms": 15.077631950378418}
{"event": "sample", "n": 500, "mode": "forward_backward", "round": 2, "block": 3, "label": "A", "sample": 1, "ms": 14.372544288635254}
{"event": "sample", "n": 500, "mode": "forward_backward", "round": 2, "block": 3, "label": "A", "sample": 2, "ms": 14.375295639038086}
{"event": "sample", "n": 500, "mode": "forward_backward", "round": 2, "block": 3, "label": "A", "sample": 3, "ms": 14.371423721313477}
{"event": "sample", "n": 500, "mode": "forward_backward", "round": 2, "block": 3, "label": "A", "sample": 4, "ms": 14.382207870483398}
{"event": "sample", "n": 500, "mode": "forward_backward", "round": 2, "block": 3, "label": "A", "sample": 5, "ms": 14.389056205749512}
{"event": "sample", "n": 500, "mode": "forward_backward", "round": 2, "block": 3, "label": "A", "sample": 6, "ms": 14.384927749633789}
{"event": "sample", "n": 500, "mode": "forward_backward", "round": 2, "block": 3, "label": "A", "sample": 7, "ms": 14.385408401489258}
{"event": "sample", "n": 500, "mode": "forward_backward", "round": 2, "block": 3, "label": "A", "sample": 8, "ms": 14.390048027038574}
{"event": "sample", "n": 500, "mode": "forward_backward", "round": 2, "block": 3, "label": "A", "sample": 9, "ms": 14.383487701416016}
{"event": "summary", "n": 500, "mode": "forward_backward", "median_ms": {"A": 14.38379192352295, "B": 8.09216022491455}, "speedup": 1.777497173033896, "samples_per_label": 60}
{"event": "parity", "n": 512, "checks": {"output": {"relative_l2": 0.0, "baseline_zero_max_abs_diagnostic": 0.0, "passed": true}, "dq": {"relative_l2": 5.163458263268694e-05, "baseline_zero_max_abs_diagnostic": 0.0, "passed": true}, "dk": {"relative_l2": 0.0, "baseline_zero_max_abs_diagnostic": 0.0, "passed": true}, "dv": {"relative_l2": 0.0, "baseline_zero_max_abs_diagnostic": 0.0, "passed": true}, "db": {"relative_l2": 1.2160855476395227e-05, "baseline_zero_max_abs_diagnostic": 0.0, "passed": true}}, "independent_reference": false}
{"event": "memory", "n": 512, "measurements": {"A": {"peak_increment_bytes": 591659008, "retained_increment_bytes": 541065216}, "B": {"peak_increment_bytes": 642269184, "retained_increment_bytes": 541065216}}}
{"event": "sample", "n": 512, "mode": "forward", "round": 0, "block": 0, "label": "A", "sample": 0, "ms": 1.7659519910812378}
{"event": "sample", "n": 512, "mode": "forward", "round": 0, "block": 0, "label": "A", "sample": 1, "ms": 1.4924160242080688}
{"event": "sample", "n": 512, "mode": "forward", "round": 0, "block": 0, "label": "A", "sample": 2, "ms": 1.492319941520691}
{"event": "sample", "n": 512, "mode": "forward", "round": 0, "block": 0, "label": "A", "sample": 3, "ms": 1.4922560453414917}
{"event": "sample", "n": 512, "mode": "forward", "round": 0, "block": 0, "label": "A", "sample": 4, "ms": 1.493280053138733}
{"event": "sample", "n": 512, "mode": "forward", "round": 0, "block": 0, "label": "A", "sample": 5, "ms": 1.4930239915847778}
{"event": "sample", "n": 512, "mode": "forward", "round": 0, "block": 0, "label": "A", "sample": 6, "ms": 1.493280053138733}
{"event": "sample", "n": 512, "mode": "forward", "round": 0, "block": 0, "label": "A", "sample": 7, "ms": 1.493888020515442}
{"event": "sample", "n": 512, "mode": "forward", "round": 0, "block": 0, "label": "A", "sample": 8, "ms": 1.4933439493179321}
{"event": "sample", "n": 512, "mode": "forward", "round": 0, "block": 0, "label": "A", "sample": 9, "ms": 1.4932160377502441}
{"event": "sample", "n": 512, "mode": "forward", "round": 0, "block": 1, "label": "B", "sample": 0, "ms": 1.8260799646377563}
{"event": "sample", "n": 512, "mode": "forward", "round": 0, "block": 1, "label": "B", "sample": 1, "ms": 1.4451839923858643}
{"event": "sample", "n": 512, "mode": "forward", "round": 0, "block": 1, "label": "B", "sample": 2, "ms": 1.445024013519287}
{"event": "sample", "n": 512, "mode": "forward", "round": 0, "block": 1, "label": "B", "sample": 3, "ms": 1.4445120096206665}
{"event": "sample", "n": 512, "mode": "forward", "round": 0, "block": 1, "label": "B", "sample": 4, "ms": 1.4430079460144043}
{"event": "sample", "n": 512, "mode": "forward", "round": 0, "block": 1, "label": "B", "sample": 5, "ms": 1.4444160461425781}
{"event": "sample", "n": 512, "mode": "forward", "round": 0, "block": 1, "label": "B", "sample": 6, "ms": 1.443168044090271}
{"event": "sample", "n": 512, "mode": "forward", "round": 0, "block": 1, "label": "B", "sample": 7, "ms": 1.4440959692001343}
{"event": "sample", "n": 512, "mode": "forward", "round": 0, "block": 1, "label": "B", "sample": 8, "ms": 1.4442880153656006}
{"event": "sample", "n": 512, "mode": "forward", "round": 0, "block": 1, "label": "B", "sample": 9, "ms": 1.4439359903335571}
{"event": "sample", "n": 512, "mode": "forward", "round": 0, "block": 2, "label": "B", "sample": 0, "ms": 1.778272032737732}
{"event": "sample", "n": 512, "mode": "forward", "round": 0, "block": 2, "label": "B", "sample": 1, "ms": 1.4455679655075073}
{"event": "sample", "n": 512, "mode": "forward", "round": 0, "block": 2, "label": "B", "sample": 2, "ms": 1.444991946220398}
{"event": "sample", "n": 512, "mode": "forward", "round": 0, "block": 2, "label": "B", "sample": 3, "ms": 1.4440319538116455}
{"event": "sample", "n": 512, "mode": "forward", "round": 0, "block": 2, "label": "B", "sample": 4, "ms": 1.4444479942321777}
{"event": "sample", "n": 512, "mode": "forward", "round": 0, "block": 2, "label": "B", "sample": 5, "ms": 1.4438719749450684}
{"event": "sample", "n": 512, "mode": "forward", "round": 0, "block": 2, "label": "B", "sample": 6, "ms": 1.4438079595565796}
{"event": "sample", "n": 512, "mode": "forward", "round": 0, "block": 2, "label": "B", "sample": 7, "ms": 1.444640040397644}
{"event": "sample", "n": 512, "mode": "forward", "round": 0, "block": 2, "label": "B", "sample": 8, "ms": 1.443552017211914}
{"event": "sample", "n": 512, "mode": "forward", "round": 0, "block": 2, "label": "B", "sample": 9, "ms": 1.4446079730987549}
{"event": "sample", "n": 512, "mode": "forward", "round": 0, "block": 3, "label": "A", "sample": 0, "ms": 1.8029760122299194}
{"event": "sample", "n": 512, "mode": "forward", "round": 0, "block": 3, "label": "A", "sample": 1, "ms": 1.493407964706421}
{"event": "sample", "n": 512, "mode": "forward", "round": 0, "block": 3, "label": "A", "sample": 2, "ms": 1.4927680492401123}
{"event": "sample", "n": 512, "mode": "forward", "round": 0, "block": 3, "label": "A", "sample": 3, "ms": 1.4936000108718872}
{"event": "sample", "n": 512, "mode": "forward", "round": 0, "block": 3, "label": "A", "sample": 4, "ms": 1.4932479858398438}
{"event": "sample", "n": 512, "mode": "forward", "round": 0, "block": 3, "label": "A", "sample": 5, "ms": 1.4937280416488647}
{"event": "sample", "n": 512, "mode": "forward", "round": 0, "block": 3, "label": "A", "sample": 6, "ms": 1.4929280281066895}
{"event": "sample", "n": 512, "mode": "forward", "round": 0, "block": 3, "label": "A", "sample": 7, "ms": 1.4926719665527344}
{"event": "sample", "n": 512, "mode": "forward", "round": 0, "block": 3, "label": "A", "sample": 8, "ms": 1.4936959743499756}
{"event": "sample", "n": 512, "mode": "forward", "round": 0, "block": 3, "label": "A", "sample": 9, "ms": 1.4937920570373535}
{"event": "sample", "n": 512, "mode": "forward", "round": 1, "block": 0, "label": "A", "sample": 0, "ms": 1.7568960189819336}
{"event": "sample", "n": 512, "mode": "forward", "round": 1, "block": 0, "label": "A", "sample": 1, "ms": 1.493056058883667}
{"event": "sample", "n": 512, "mode": "forward", "round": 1, "block": 0, "label": "A", "sample": 2, "ms": 1.4927040338516235}
{"event": "sample", "n": 512, "mode": "forward", "round": 1, "block": 0, "label": "A", "sample": 3, "ms": 1.4941760301589966}
{"event": "sample", "n": 512, "mode": "forward", "round": 1, "block": 0, "label": "A", "sample": 4, "ms": 1.4934719800949097}
{"event": "sample", "n": 512, "mode": "forward", "round": 1, "block": 0, "label": "A", "sample": 5, "ms": 1.493280053138733}
{"event": "sample", "n": 512, "mode": "forward", "round": 1, "block": 0, "label": "A", "sample": 6, "ms": 1.492959976196289}
{"event": "sample", "n": 512, "mode": "forward", "round": 1, "block": 0, "label": "A", "sample": 7, "ms": 1.4931199550628662}
{"event": "sample", "n": 512, "mode": "forward", "round": 1, "block": 0, "label": "A", "sample": 8, "ms": 1.4932479858398438}
{"event": "sample", "n": 512, "mode": "forward", "round": 1, "block": 0, "label": "A", "sample": 9, "ms": 1.4950400590896606}
{"event": "sample", "n": 512, "mode": "forward", "round": 1, "block": 1, "label": "B", "sample": 0, "ms": 1.8180160522460938}
{"event": "sample", "n": 512, "mode": "forward", "round": 1, "block": 1, "label": "B", "sample": 1, "ms": 1.4456959962844849}
{"event": "sample", "n": 512, "mode": "forward", "round": 1, "block": 1, "label": "B", "sample": 2, "ms": 1.4450880289077759}
{"event": "sample", "n": 512, "mode": "forward", "round": 1, "block": 1, "label": "B", "sample": 3, "ms": 1.4442239999771118}
{"event": "sample", "n": 512, "mode": "forward", "round": 1, "block": 1, "label": "B", "sample": 4, "ms": 1.4436800479888916}
{"event": "sample", "n": 512, "mode": "forward", "round": 1, "block": 1, "label": "B", "sample": 5, "ms": 1.4444479942321777}
{"event": "sample", "n": 512, "mode": "forward", "round": 1, "block": 1, "label": "B", "sample": 6, "ms": 1.4437119960784912}
{"event": "sample", "n": 512, "mode": "forward", "round": 1, "block": 1, "label": "B", "sample": 7, "ms": 1.4439359903335571}
{"event": "sample", "n": 512, "mode": "forward", "round": 1, "block": 1, "label": "B", "sample": 8, "ms": 1.4434560537338257}
{"event": "sample", "n": 512, "mode": "forward", "round": 1, "block": 1, "label": "B", "sample": 9, "ms": 1.4445760250091553}
{"event": "sample", "n": 512, "mode": "forward", "round": 1, "block": 2, "label": "B", "sample": 0, "ms": 1.761855959892273}
{"event": "sample", "n": 512, "mode": "forward", "round": 1, "block": 2, "label": "B", "sample": 1, "ms": 1.4455679655075073}
{"event": "sample", "n": 512, "mode": "forward", "round": 1, "block": 2, "label": "B", "sample": 2, "ms": 1.4447040557861328}
{"event": "sample", "n": 512, "mode": "forward", "round": 1, "block": 2, "label": "B", "sample": 3, "ms": 1.4442559480667114}
{"event": "sample", "n": 512, "mode": "forward", "round": 1, "block": 2, "label": "B", "sample": 4, "ms": 1.4443520307540894}
{"event": "sample", "n": 512, "mode": "forward", "round": 1, "block": 2, "label": "B", "sample": 5, "ms": 1.4437439441680908}
{"event": "sample", "n": 512, "mode": "forward", "round": 1, "block": 2, "label": "B", "sample": 6, "ms": 1.4437439441680908}
{"event": "sample", "n": 512, "mode": "forward", "round": 1, "block": 2, "label": "B", "sample": 7, "ms": 1.4438400268554688}
{"event": "sample", "n": 512, "mode": "forward", "round": 1, "block": 2, "label": "B", "sample": 8, "ms": 1.4436160326004028}
{"event": "sample", "n": 512, "mode": "forward", "round": 1, "block": 2, "label": "B", "sample": 9, "ms": 1.4444160461425781}
{"event": "sample", "n": 512, "mode": "forward", "round": 1, "block": 3, "label": "A", "sample": 0, "ms": 1.7942399978637695}
{"event": "sample", "n": 512, "mode": "forward", "round": 1, "block": 3, "label": "A", "sample": 1, "ms": 1.4936959743499756}
{"event": "sample", "n": 512, "mode": "forward", "round": 1, "block": 3, "label": "A", "sample": 2, "ms": 1.4932160377502441}
{"event": "sample", "n": 512, "mode": "forward", "round": 1, "block": 3, "label": "A", "sample": 3, "ms": 1.492799997329712}
{"event": "sample", "n": 512, "mode": "forward", "round": 1, "block": 3, "label": "A", "sample": 4, "ms": 1.4935359954833984}
{"event": "sample", "n": 512, "mode": "forward", "round": 1, "block": 3, "label": "A", "sample": 5, "ms": 1.49235200881958}
{"event": "sample", "n": 512, "mode": "forward", "round": 1, "block": 3, "label": "A", "sample": 6, "ms": 1.493056058883667}
{"event": "sample", "n": 512, "mode": "forward", "round": 1, "block": 3, "label": "A", "sample": 7, "ms": 1.493056058883667}
{"event": "sample", "n": 512, "mode": "forward", "round": 1, "block": 3, "label": "A", "sample": 8, "ms": 1.4933760166168213}
{"event": "sample", "n": 512, "mode": "forward", "round": 1, "block": 3, "label": "A", "sample": 9, "ms": 1.4945600032806396}
{"event": "sample", "n": 512, "mode": "forward", "round": 2, "block": 0, "label": "A", "sample": 0, "ms": 1.776703953742981}
{"event": "sample", "n": 512, "mode": "forward", "round": 2, "block": 0, "label": "A", "sample": 1, "ms": 1.493407964706421}
{"event": "sample", "n": 512, "mode": "forward", "round": 2, "block": 0, "label": "A", "sample": 2, "ms": 1.4975680112838745}
{"event": "sample", "n": 512, "mode": "forward", "round": 2, "block": 0, "label": "A", "sample": 3, "ms": 1.4966399669647217}
{"event": "sample", "n": 512, "mode": "forward", "round": 2, "block": 0, "label": "A", "sample": 4, "ms": 1.4967360496520996}
{"event": "sample", "n": 512, "mode": "forward", "round": 2, "block": 0, "label": "A", "sample": 5, "ms": 1.4977600574493408}
{"event": "sample", "n": 512, "mode": "forward", "round": 2, "block": 0, "label": "A", "sample": 6, "ms": 1.4980159997940063}
{"event": "sample", "n": 512, "mode": "forward", "round": 2, "block": 0, "label": "A", "sample": 7, "ms": 1.4970879554748535}
{"event": "sample", "n": 512, "mode": "forward", "round": 2, "block": 0, "label": "A", "sample": 8, "ms": 1.4971840381622314}
{"event": "sample", "n": 512, "mode": "forward", "round": 2, "block": 0, "label": "A", "sample": 9, "ms": 1.4977920055389404}
{"event": "sample", "n": 512, "mode": "forward", "round": 2, "block": 1, "label": "B", "sample": 0, "ms": 1.802623987197876}
{"event": "sample", "n": 512, "mode": "forward", "round": 2, "block": 1, "label": "B", "sample": 1, "ms": 1.4487040042877197}
{"event": "sample", "n": 512, "mode": "forward", "round": 2, "block": 1, "label": "B", "sample": 2, "ms": 1.4483200311660767}
{"event": "sample", "n": 512, "mode": "forward", "round": 2, "block": 1, "label": "B", "sample": 3, "ms": 1.4479999542236328}
{"event": "sample", "n": 512, "mode": "forward", "round": 2, "block": 1, "label": "B", "sample": 4, "ms": 1.4489279985427856}
{"event": "sample", "n": 512, "mode": "forward", "round": 2, "block": 1, "label": "B", "sample": 5, "ms": 1.4477119445800781}
{"event": "sample", "n": 512, "mode": "forward", "round": 2, "block": 1, "label": "B", "sample": 6, "ms": 1.4481279850006104}
{"event": "sample", "n": 512, "mode": "forward", "round": 2, "block": 1, "label": "B", "sample": 7, "ms": 1.447424054145813}
{"event": "sample", "n": 512, "mode": "forward", "round": 2, "block": 1, "label": "B", "sample": 8, "ms": 1.447424054145813}
{"event": "sample", "n": 512, "mode": "forward", "round": 2, "block": 1, "label": "B", "sample": 9, "ms": 1.448256015777588}
{"event": "sample", "n": 512, "mode": "forward", "round": 2, "block": 2, "label": "B", "sample": 0, "ms": 1.7955199480056763}
{"event": "sample", "n": 512, "mode": "forward", "round": 2, "block": 2, "label": "B", "sample": 1, "ms": 1.4489599466323853}
{"event": "sample", "n": 512, "mode": "forward", "round": 2, "block": 2, "label": "B", "sample": 2, "ms": 1.4483840465545654}
{"event": "sample", "n": 512, "mode": "forward", "round": 2, "block": 2, "label": "B", "sample": 3, "ms": 1.447648048400879}
{"event": "sample", "n": 512, "mode": "forward", "round": 2, "block": 2, "label": "B", "sample": 4, "ms": 1.4480960369110107}
{"event": "sample", "n": 512, "mode": "forward", "round": 2, "block": 2, "label": "B", "sample": 5, "ms": 1.4480639696121216}
{"event": "sample", "n": 512, "mode": "forward", "round": 2, "block": 2, "label": "B", "sample": 6, "ms": 1.4466240406036377}
{"event": "sample", "n": 512, "mode": "forward", "round": 2, "block": 2, "label": "B", "sample": 7, "ms": 1.4480960369110107}
{"event": "sample", "n": 512, "mode": "forward", "round": 2, "block": 2, "label": "B", "sample": 8, "ms": 1.4469120502471924}
{"event": "sample", "n": 512, "mode": "forward", "round": 2, "block": 2, "label": "B", "sample": 9, "ms": 1.4472960233688354}
{"event": "sample", "n": 512, "mode": "forward", "round": 2, "block": 3, "label": "A", "sample": 0, "ms": 1.8025599718093872}
{"event": "sample", "n": 512, "mode": "forward", "round": 2, "block": 3, "label": "A", "sample": 1, "ms": 1.4960960149765015}
{"event": "sample", "n": 512, "mode": "forward", "round": 2, "block": 3, "label": "A", "sample": 2, "ms": 1.4969919919967651}
{"event": "sample", "n": 512, "mode": "forward", "round": 2, "block": 3, "label": "A", "sample": 3, "ms": 1.4961919784545898}
{"event": "sample", "n": 512, "mode": "forward", "round": 2, "block": 3, "label": "A", "sample": 4, "ms": 1.4965120553970337}
{"event": "sample", "n": 512, "mode": "forward", "round": 2, "block": 3, "label": "A", "sample": 5, "ms": 1.4968639612197876}
{"event": "sample", "n": 512, "mode": "forward", "round": 2, "block": 3, "label": "A", "sample": 6, "ms": 1.4965440034866333}
{"event": "sample", "n": 512, "mode": "forward", "round": 2, "block": 3, "label": "A", "sample": 7, "ms": 1.4959360361099243}
{"event": "sample", "n": 512, "mode": "forward", "round": 2, "block": 3, "label": "A", "sample": 8, "ms": 1.4958399534225464}
{"event": "sample", "n": 512, "mode": "forward", "round": 2, "block": 3, "label": "A", "sample": 9, "ms": 1.4965120553970337}
{"event": "summary", "n": 512, "mode": "forward", "median_ms": {"A": 1.4936959743499756, "B": 1.4450079798698425}, "speedup": 1.033693927755692, "samples_per_label": 60}
{"event": "sample", "n": 512, "mode": "backward", "round": 0, "block": 0, "label": "A", "sample": 0, "ms": 7.837728023529053}
{"event": "sample", "n": 512, "mode": "backward", "round": 0, "block": 0, "label": "A", "sample": 1, "ms": 7.557472229003906}
{"event": "sample", "n": 512, "mode": "backward", "round": 0, "block": 0, "label": "A", "sample": 2, "ms": 7.562399864196777}
{"event": "sample", "n": 512, "mode": "backward", "round": 0, "block": 0, "label": "A", "sample": 3, "ms": 7.55785608291626}
{"event": "sample", "n": 512, "mode": "backward", "round": 0, "block": 0, "label": "A", "sample": 4, "ms": 7.557631969451904}
{"event": "sample", "n": 512, "mode": "backward", "round": 0, "block": 0, "label": "A", "sample": 5, "ms": 7.5608320236206055}
{"event": "sample", "n": 512, "mode": "backward", "round": 0, "block": 0, "label": "A", "sample": 6, "ms": 7.556191921234131}
{"event": "sample", "n": 512, "mode": "backward", "round": 0, "block": 0, "label": "A", "sample": 7, "ms": 7.555103778839111}
{"event": "sample", "n": 512, "mode": "backward", "round": 0, "block": 0, "label": "A", "sample": 8, "ms": 7.56063985824585}
{"event": "sample", "n": 512, "mode": "backward", "round": 0, "block": 0, "label": "A", "sample": 9, "ms": 7.562655925750732}
{"event": "sample", "n": 512, "mode": "backward", "round": 0, "block": 1, "label": "B", "sample": 0, "ms": 5.6572160720825195}
{"event": "sample", "n": 512, "mode": "backward", "round": 0, "block": 1, "label": "B", "sample": 1, "ms": 5.523808002471924}
{"event": "sample", "n": 512, "mode": "backward", "round": 0, "block": 1, "label": "B", "sample": 2, "ms": 5.5386881828308105}
{"event": "sample", "n": 512, "mode": "backward", "round": 0, "block": 1, "label": "B", "sample": 3, "ms": 5.535391807556152}
{"event": "sample", "n": 512, "mode": "backward", "round": 0, "block": 1, "label": "B", "sample": 4, "ms": 5.536128044128418}
{"event": "sample", "n": 512, "mode": "backward", "round": 0, "block": 1, "label": "B", "sample": 5, "ms": 5.556672096252441}
{"event": "sample", "n": 512, "mode": "backward", "round": 0, "block": 1, "label": "B", "sample": 6, "ms": 5.544896125793457}
{"event": "sample", "n": 512, "mode": "backward", "round": 0, "block": 1, "label": "B", "sample": 7, "ms": 5.553599834442139}
{"event": "sample", "n": 512, "mode": "backward", "round": 0, "block": 1, "label": "B", "sample": 8, "ms": 5.530335903167725}
{"event": "sample", "n": 512, "mode": "backward", "round": 0, "block": 1, "label": "B", "sample": 9, "ms": 5.537024021148682}
{"event": "sample", "n": 512, "mode": "backward", "round": 0, "block": 2, "label": "B", "sample": 0, "ms": 5.659552097320557}
{"event": "sample", "n": 512, "mode": "backward", "round": 0, "block": 2, "label": "B", "sample": 1, "ms": 5.529600143432617}
{"event": "sample", "n": 512, "mode": "backward", "round": 0, "block": 2, "label": "B", "sample": 2, "ms": 5.534976005554199}
{"event": "sample", "n": 512, "mode": "backward", "round": 0, "block": 2, "label": "B", "sample": 3, "ms": 5.53769588470459}
{"event": "sample", "n": 512, "mode": "backward", "round": 0, "block": 2, "label": "B", "sample": 4, "ms": 5.532320022583008}
{"event": "sample", "n": 512, "mode": "backward", "round": 0, "block": 2, "label": "B", "sample": 5, "ms": 5.532479763031006}
{"event": "sample", "n": 512, "mode": "backward", "round": 0, "block": 2, "label": "B", "sample": 6, "ms": 5.5300798416137695}
{"event": "sample", "n": 512, "mode": "backward", "round": 0, "block": 2, "label": "B", "sample": 7, "ms": 5.5377278327941895}
{"event": "sample", "n": 512, "mode": "backward", "round": 0, "block": 2, "label": "B", "sample": 8, "ms": 5.548287868499756}
{"event": "sample", "n": 512, "mode": "backward", "round": 0, "block": 2, "label": "B", "sample": 9, "ms": 5.537792205810547}
{"event": "sample", "n": 512, "mode": "backward", "round": 0, "block": 3, "label": "A", "sample": 0, "ms": 7.841248035430908}
{"event": "sample", "n": 512, "mode": "backward", "round": 0, "block": 3, "label": "A", "sample": 1, "ms": 7.562143802642822}
{"event": "sample", "n": 512, "mode": "backward", "round": 0, "block": 3, "label": "A", "sample": 2, "ms": 7.559391975402832}
{"event": "sample", "n": 512, "mode": "backward", "round": 0, "block": 3, "label": "A", "sample": 3, "ms": 7.555776119232178}
{"event": "sample", "n": 512, "mode": "backward", "round": 0, "block": 3, "label": "A", "sample": 4, "ms": 7.556000232696533}
{"event": "sample", "n": 512, "mode": "backward", "round": 0, "block": 3, "label": "A", "sample": 5, "ms": 7.560287952423096}
{"event": "sample", "n": 512, "mode": "backward", "round": 0, "block": 3, "label": "A", "sample": 6, "ms": 7.566976070404053}
{"event": "sample", "n": 512, "mode": "backward", "round": 0, "block": 3, "label": "A", "sample": 7, "ms": 7.561376094818115}
{"event": "sample", "n": 512, "mode": "backward", "round": 0, "block": 3, "label": "A", "sample": 8, "ms": 7.555359840393066}
{"event": "sample", "n": 512, "mode": "backward", "round": 0, "block": 3, "label": "A", "sample": 9, "ms": 7.56057596206665}
{"event": "sample", "n": 512, "mode": "backward", "round": 1, "block": 0, "label": "A", "sample": 0, "ms": 7.778048038482666}
{"event": "sample", "n": 512, "mode": "backward", "round": 1, "block": 0, "label": "A", "sample": 1, "ms": 7.557759761810303}
{"event": "sample", "n": 512, "mode": "backward", "round": 1, "block": 0, "label": "A", "sample": 2, "ms": 7.559679985046387}
{"event": "sample", "n": 512, "mode": "backward", "round": 1, "block": 0, "label": "A", "sample": 3, "ms": 7.570720195770264}
{"event": "sample", "n": 512, "mode": "backward", "round": 1, "block": 0, "label": "A", "sample": 4, "ms": 7.576608180999756}
{"event": "sample", "n": 512, "mode": "backward", "round": 1, "block": 0, "label": "A", "sample": 5, "ms": 7.573472023010254}
{"event": "sample", "n": 512, "mode": "backward", "round": 1, "block": 0, "label": "A", "sample": 6, "ms": 7.578303813934326}
{"event": "sample", "n": 512, "mode": "backward", "round": 1, "block": 0, "label": "A", "sample": 7, "ms": 7.57696008682251}
{"event": "sample", "n": 512, "mode": "backward", "round": 1, "block": 0, "label": "A", "sample": 8, "ms": 7.578048229217529}
{"event": "sample", "n": 512, "mode": "backward", "round": 1, "block": 0, "label": "A", "sample": 9, "ms": 7.5755839347839355}
{"event": "sample", "n": 512, "mode": "backward", "round": 1, "block": 1, "label": "B", "sample": 0, "ms": 5.677855968475342}
{"event": "sample", "n": 512, "mode": "backward", "round": 1, "block": 1, "label": "B", "sample": 1, "ms": 5.534719944000244}
{"event": "sample", "n": 512, "mode": "backward", "round": 1, "block": 1, "label": "B", "sample": 2, "ms": 5.539872169494629}
{"event": "sample", "n": 512, "mode": "backward", "round": 1, "block": 1, "label": "B", "sample": 3, "ms": 5.532415866851807}
{"event": "sample", "n": 512, "mode": "backward", "round": 1, "block": 1, "label": "B", "sample": 4, "ms": 5.530720233917236}
{"event": "sample", "n": 512, "mode": "backward", "round": 1, "block": 1, "label": "B", "sample": 5, "ms": 5.546688079833984}
{"event": "sample", "n": 512, "mode": "backward", "round": 1, "block": 1, "label": "B", "sample": 6, "ms": 5.5463361740112305}
{"event": "sample", "n": 512, "mode": "backward", "round": 1, "block": 1, "label": "B", "sample": 7, "ms": 5.543392181396484}
{"event": "sample", "n": 512, "mode": "backward", "round": 1, "block": 1, "label": "B", "sample": 8, "ms": 5.557759761810303}
{"event": "sample", "n": 512, "mode": "backward", "round": 1, "block": 1, "label": "B", "sample": 9, "ms": 5.524735927581787}
{"event": "sample", "n": 512, "mode": "backward", "round": 1, "block": 2, "label": "B", "sample": 0, "ms": 5.632768154144287}
{"event": "sample", "n": 512, "mode": "backward", "round": 1, "block": 2, "label": "B", "sample": 1, "ms": 5.525760173797607}
{"event": "sample", "n": 512, "mode": "backward", "round": 1, "block": 2, "label": "B", "sample": 2, "ms": 5.51859188079834}
{"event": "sample", "n": 512, "mode": "backward", "round": 1, "block": 2, "label": "B", "sample": 3, "ms": 5.527455806732178}
{"event": "sample", "n": 512, "mode": "backward", "round": 1, "block": 2, "label": "B", "sample": 4, "ms": 5.529376029968262}
{"event": "sample", "n": 512, "mode": "backward", "round": 1, "block": 2, "label": "B", "sample": 5, "ms": 5.528736114501953}
{"event": "sample", "n": 512, "mode": "backward", "round": 1, "block": 2, "label": "B", "sample": 6, "ms": 5.521024227142334}
{"event": "sample", "n": 512, "mode": "backward", "round": 1, "block": 2, "label": "B", "sample": 7, "ms": 5.520959854125977}
{"event": "sample", "n": 512, "mode": "backward", "round": 1, "block": 2, "label": "B", "sample": 8, "ms": 5.531583786010742}
{"event": "sample", "n": 512, "mode": "backward", "round": 1, "block": 2, "label": "B", "sample": 9, "ms": 5.5346879959106445}
{"event": "sample", "n": 512, "mode": "backward", "round": 1, "block": 3, "label": "A", "sample": 0, "ms": 8.216544151306152}
{"event": "sample", "n": 512, "mode": "backward", "round": 1, "block": 3, "label": "A", "sample": 1, "ms": 7.561279773712158}
{"event": "sample", "n": 512, "mode": "backward", "round": 1, "block": 3, "label": "A", "sample": 2, "ms": 7.5623040199279785}
{"event": "sample", "n": 512, "mode": "backward", "round": 1, "block": 3, "label": "A", "sample": 3, "ms": 7.561791896820068}
{"event": "sample", "n": 512, "mode": "backward", "round": 1, "block": 3, "label": "A", "sample": 4, "ms": 7.561535835266113}
{"event": "sample", "n": 512, "mode": "backward", "round": 1, "block": 3, "label": "A", "sample": 5, "ms": 7.578335762023926}
{"event": "sample", "n": 512, "mode": "backward", "round": 1, "block": 3, "label": "A", "sample": 6, "ms": 7.576064109802246}
{"event": "sample", "n": 512, "mode": "backward", "round": 1, "block": 3, "label": "A", "sample": 7, "ms": 7.5731201171875}
{"event": "sample", "n": 512, "mode": "backward", "round": 1, "block": 3, "label": "A", "sample": 8, "ms": 7.5755839347839355}
{"event": "sample", "n": 512, "mode": "backward", "round": 1, "block": 3, "label": "A", "sample": 9, "ms": 7.578688144683838}
{"event": "sample", "n": 512, "mode": "backward", "round": 2, "block": 0, "label": "A", "sample": 0, "ms": 7.8089280128479}
{"event": "sample", "n": 512, "mode": "backward", "round": 2, "block": 0, "label": "A", "sample": 1, "ms": 7.569375991821289}
{"event": "sample", "n": 512, "mode": "backward", "round": 2, "block": 0, "label": "A", "sample": 2, "ms": 7.574143886566162}
{"event": "sample", "n": 512, "mode": "backward", "round": 2, "block": 0, "label": "A", "sample": 3, "ms": 7.579904079437256}
{"event": "sample", "n": 512, "mode": "backward", "round": 2, "block": 0, "label": "A", "sample": 4, "ms": 7.573567867279053}
{"event": "sample", "n": 512, "mode": "backward", "round": 2, "block": 0, "label": "A", "sample": 5, "ms": 7.575551986694336}
{"event": "sample", "n": 512, "mode": "backward", "round": 2, "block": 0, "label": "A", "sample": 6, "ms": 7.574272155761719}
{"event": "sample", "n": 512, "mode": "backward", "round": 2, "block": 0, "label": "A", "sample": 7, "ms": 7.574495792388916}
{"event": "sample", "n": 512, "mode": "backward", "round": 2, "block": 0, "label": "A", "sample": 8, "ms": 7.561183929443359}
{"event": "sample", "n": 512, "mode": "backward", "round": 2, "block": 0, "label": "A", "sample": 9, "ms": 7.555647850036621}
{"event": "sample", "n": 512, "mode": "backward", "round": 2, "block": 1, "label": "B", "sample": 0, "ms": 5.761536121368408}
{"event": "sample", "n": 512, "mode": "backward", "round": 2, "block": 1, "label": "B", "sample": 1, "ms": 5.525631904602051}
{"event": "sample", "n": 512, "mode": "backward", "round": 2, "block": 1, "label": "B", "sample": 2, "ms": 5.536543846130371}
{"event": "sample", "n": 512, "mode": "backward", "round": 2, "block": 1, "label": "B", "sample": 3, "ms": 5.517727851867676}
{"event": "sample", "n": 512, "mode": "backward", "round": 2, "block": 1, "label": "B", "sample": 4, "ms": 5.529632091522217}
{"event": "sample", "n": 512, "mode": "backward", "round": 2, "block": 1, "label": "B", "sample": 5, "ms": 5.523935794830322}
{"event": "sample", "n": 512, "mode": "backward", "round": 2, "block": 1, "label": "B", "sample": 6, "ms": 5.526559829711914}
{"event": "sample", "n": 512, "mode": "backward", "round": 2, "block": 1, "label": "B", "sample": 7, "ms": 5.531455993652344}
{"event": "sample", "n": 512, "mode": "backward", "round": 2, "block": 1, "label": "B", "sample": 8, "ms": 5.522975921630859}
{"event": "sample", "n": 512, "mode": "backward", "round": 2, "block": 1, "label": "B", "sample": 9, "ms": 5.535264015197754}
{"event": "sample", "n": 512, "mode": "backward", "round": 2, "block": 2, "label": "B", "sample": 0, "ms": 5.647327899932861}
{"event": "sample", "n": 512, "mode": "backward", "round": 2, "block": 2, "label": "B", "sample": 1, "ms": 5.524511814117432}
{"event": "sample", "n": 512, "mode": "backward", "round": 2, "block": 2, "label": "B", "sample": 2, "ms": 5.5240960121154785}
{"event": "sample", "n": 512, "mode": "backward", "round": 2, "block": 2, "label": "B", "sample": 3, "ms": 5.5332159996032715}
{"event": "sample", "n": 512, "mode": "backward", "round": 2, "block": 2, "label": "B", "sample": 4, "ms": 5.531712055206299}
{"event": "sample", "n": 512, "mode": "backward", "round": 2, "block": 2, "label": "B", "sample": 5, "ms": 5.51961612701416}
{"event": "sample", "n": 512, "mode": "backward", "round": 2, "block": 2, "label": "B", "sample": 6, "ms": 5.535647869110107}
{"event": "sample", "n": 512, "mode": "backward", "round": 2, "block": 2, "label": "B", "sample": 7, "ms": 5.525760173797607}
{"event": "sample", "n": 512, "mode": "backward", "round": 2, "block": 2, "label": "B", "sample": 8, "ms": 5.531040191650391}
{"event": "sample", "n": 512, "mode": "backward", "round": 2, "block": 2, "label": "B", "sample": 9, "ms": 5.5195841789245605}
{"event": "sample", "n": 512, "mode": "backward", "round": 2, "block": 3, "label": "A", "sample": 0, "ms": 7.839295864105225}
{"event": "sample", "n": 512, "mode": "backward", "round": 2, "block": 3, "label": "A", "sample": 1, "ms": 7.560160160064697}
{"event": "sample", "n": 512, "mode": "backward", "round": 2, "block": 3, "label": "A", "sample": 2, "ms": 7.564767837524414}
{"event": "sample", "n": 512, "mode": "backward", "round": 2, "block": 3, "label": "A", "sample": 3, "ms": 7.555424213409424}
{"event": "sample", "n": 512, "mode": "backward", "round": 2, "block": 3, "label": "A", "sample": 4, "ms": 7.554463863372803}
{"event": "sample", "n": 512, "mode": "backward", "round": 2, "block": 3, "label": "A", "sample": 5, "ms": 7.563776016235352}
{"event": "sample", "n": 512, "mode": "backward", "round": 2, "block": 3, "label": "A", "sample": 6, "ms": 7.564576148986816}
{"event": "sample", "n": 512, "mode": "backward", "round": 2, "block": 3, "label": "A", "sample": 7, "ms": 7.557888031005859}
{"event": "sample", "n": 512, "mode": "backward", "round": 2, "block": 3, "label": "A", "sample": 8, "ms": 7.56220817565918}
{"event": "sample", "n": 512, "mode": "backward", "round": 2, "block": 3, "label": "A", "sample": 9, "ms": 7.560192108154297}
{"event": "summary", "n": 512, "mode": "backward", "median_ms": {"A": 7.562527894973755, "B": 5.532447814941406}, "speedup": 1.3669406649529958, "samples_per_label": 60}
{"event": "sample", "n": 512, "mode": "forward_backward", "round": 0, "block": 0, "label": "A", "sample": 0, "ms": 9.349791526794434}
{"event": "sample", "n": 512, "mode": "forward_backward", "round": 0, "block": 0, "label": "A", "sample": 1, "ms": 9.05078411102295}
{"event": "sample", "n": 512, "mode": "forward_backward", "round": 0, "block": 0, "label": "A", "sample": 2, "ms": 9.046815872192383}
{"event": "sample", "n": 512, "mode": "forward_backward", "round": 0, "block": 0, "label": "A", "sample": 3, "ms": 9.053024291992188}
{"event": "sample", "n": 512, "mode": "forward_backward", "round": 0, "block": 0, "label": "A", "sample": 4, "ms": 9.053791999816895}
{"event": "sample", "n": 512, "mode": "forward_backward", "round": 0, "block": 0, "label": "A", "sample": 5, "ms": 9.073792457580566}
{"event": "sample", "n": 512, "mode": "forward_backward", "round": 0, "block": 0, "label": "A", "sample": 6, "ms": 9.069375991821289}
{"event": "sample", "n": 512, "mode": "forward_backward", "round": 0, "block": 0, "label": "A", "sample": 7, "ms": 9.076383590698242}
{"event": "sample", "n": 512, "mode": "forward_backward", "round": 0, "block": 0, "label": "A", "sample": 8, "ms": 9.072896003723145}
{"event": "sample", "n": 512, "mode": "forward_backward", "round": 0, "block": 0, "label": "A", "sample": 9, "ms": 9.069791793823242}
{"event": "sample", "n": 512, "mode": "forward_backward", "round": 0, "block": 1, "label": "B", "sample": 0, "ms": 7.397600173950195}
{"event": "sample", "n": 512, "mode": "forward_backward", "round": 0, "block": 1, "label": "B", "sample": 1, "ms": 6.978367805480957}
{"event": "sample", "n": 512, "mode": "forward_backward", "round": 0, "block": 1, "label": "B", "sample": 2, "ms": 6.981599807739258}
{"event": "sample", "n": 512, "mode": "forward_backward", "round": 0, "block": 1, "label": "B", "sample": 3, "ms": 6.982272148132324}
{"event": "sample", "n": 512, "mode": "forward_backward", "round": 0, "block": 1, "label": "B", "sample": 4, "ms": 6.979360103607178}
{"event": "sample", "n": 512, "mode": "forward_backward", "round": 0, "block": 1, "label": "B", "sample": 5, "ms": 6.989503860473633}
{"event": "sample", "n": 512, "mode": "forward_backward", "round": 0, "block": 1, "label": "B", "sample": 6, "ms": 6.979392051696777}
{"event": "sample", "n": 512, "mode": "forward_backward", "round": 0, "block": 1, "label": "B", "sample": 7, "ms": 6.975679874420166}
{"event": "sample", "n": 512, "mode": "forward_backward", "round": 0, "block": 1, "label": "B", "sample": 8, "ms": 6.976928234100342}
{"event": "sample", "n": 512, "mode": "forward_backward", "round": 0, "block": 1, "label": "B", "sample": 9, "ms": 6.9640960693359375}
{"event": "sample", "n": 512, "mode": "forward_backward", "round": 0, "block": 2, "label": "B", "sample": 0, "ms": 7.370207786560059}
{"event": "sample", "n": 512, "mode": "forward_backward", "round": 0, "block": 2, "label": "B", "sample": 1, "ms": 6.967936038970947}
{"event": "sample", "n": 512, "mode": "forward_backward", "round": 0, "block": 2, "label": "B", "sample": 2, "ms": 6.979775905609131}
{"event": "sample", "n": 512, "mode": "forward_backward", "round": 0, "block": 2, "label": "B", "sample": 3, "ms": 6.964735984802246}
{"event": "sample", "n": 512, "mode": "forward_backward", "round": 0, "block": 2, "label": "B", "sample": 4, "ms": 6.966432094573975}
{"event": "sample", "n": 512, "mode": "forward_backward", "round": 0, "block": 2, "label": "B", "sample": 5, "ms": 6.962431907653809}
{"event": "sample", "n": 512, "mode": "forward_backward", "round": 0, "block": 2, "label": "B", "sample": 6, "ms": 6.967967987060547}
{"event": "sample", "n": 512, "mode": "forward_backward", "round": 0, "block": 2, "label": "B", "sample": 7, "ms": 6.957056045532227}
{"event": "sample", "n": 512, "mode": "forward_backward", "round": 0, "block": 2, "label": "B", "sample": 8, "ms": 6.970431804656982}
{"event": "sample", "n": 512, "mode": "forward_backward", "round": 0, "block": 2, "label": "B", "sample": 9, "ms": 6.960544109344482}
{"event": "sample", "n": 512, "mode": "forward_backward", "round": 0, "block": 3, "label": "A", "sample": 0, "ms": 9.40118408203125}
{"event": "sample", "n": 512, "mode": "forward_backward", "round": 0, "block": 3, "label": "A", "sample": 1, "ms": 9.071968078613281}
{"event": "sample", "n": 512, "mode": "forward_backward", "round": 0, "block": 3, "label": "A", "sample": 2, "ms": 9.07209587097168}
{"event": "sample", "n": 512, "mode": "forward_backward", "round": 0, "block": 3, "label": "A", "sample": 3, "ms": 9.071231842041016}
{"event": "sample", "n": 512, "mode": "forward_backward", "round": 0, "block": 3, "label": "A", "sample": 4, "ms": 9.065600395202637}
{"event": "sample", "n": 512, "mode": "forward_backward", "round": 0, "block": 3, "label": "A", "sample": 5, "ms": 9.066431999206543}
{"event": "sample", "n": 512, "mode": "forward_backward", "round": 0, "block": 3, "label": "A", "sample": 6, "ms": 9.070207595825195}
{"event": "sample", "n": 512, "mode": "forward_backward", "round": 0, "block": 3, "label": "A", "sample": 7, "ms": 9.068639755249023}
{"event": "sample", "n": 512, "mode": "forward_backward", "round": 0, "block": 3, "label": "A", "sample": 8, "ms": 9.066720008850098}
{"event": "sample", "n": 512, "mode": "forward_backward", "round": 0, "block": 3, "label": "A", "sample": 9, "ms": 9.066240310668945}
{"event": "sample", "n": 512, "mode": "forward_backward", "round": 1, "block": 0, "label": "A", "sample": 0, "ms": 9.40454387664795}
{"event": "sample", "n": 512, "mode": "forward_backward", "round": 1, "block": 0, "label": "A", "sample": 1, "ms": 9.066911697387695}
{"event": "sample", "n": 512, "mode": "forward_backward", "round": 1, "block": 0, "label": "A", "sample": 2, "ms": 9.046976089477539}
{"event": "sample", "n": 512, "mode": "forward_backward", "round": 1, "block": 0, "label": "A", "sample": 3, "ms": 9.046784400939941}
{"event": "sample", "n": 512, "mode": "forward_backward", "round": 1, "block": 0, "label": "A", "sample": 4, "ms": 9.042688369750977}
{"event": "sample", "n": 512, "mode": "forward_backward", "round": 1, "block": 0, "label": "A", "sample": 5, "ms": 9.047679901123047}
{"event": "sample", "n": 512, "mode": "forward_backward", "round": 1, "block": 0, "label": "A", "sample": 6, "ms": 9.05180835723877}
{"event": "sample", "n": 512, "mode": "forward_backward", "round": 1, "block": 0, "label": "A", "sample": 7, "ms": 9.047743797302246}
{"event": "sample", "n": 512, "mode": "forward_backward", "round": 1, "block": 0, "label": "A", "sample": 8, "ms": 9.043744087219238}
{"event": "sample", "n": 512, "mode": "forward_backward", "round": 1, "block": 0, "label": "A", "sample": 9, "ms": 9.047200202941895}
{"event": "sample", "n": 512, "mode": "forward_backward", "round": 1, "block": 1, "label": "B", "sample": 0, "ms": 7.358784198760986}
{"event": "sample", "n": 512, "mode": "forward_backward", "round": 1, "block": 1, "label": "B", "sample": 1, "ms": 6.970880031585693}
{"event": "sample", "n": 512, "mode": "forward_backward", "round": 1, "block": 1, "label": "B", "sample": 2, "ms": 6.962751865386963}
{"event": "sample", "n": 512, "mode": "forward_backward", "round": 1, "block": 1, "label": "B", "sample": 3, "ms": 6.978240013122559}
{"event": "sample", "n": 512, "mode": "forward_backward", "round": 1, "block": 1, "label": "B", "sample": 4, "ms": 6.987423896789551}
{"event": "sample", "n": 512, "mode": "forward_backward", "round": 1, "block": 1, "label": "B", "sample": 5, "ms": 6.986815929412842}
{"event": "sample", "n": 512, "mode": "forward_backward", "round": 1, "block": 1, "label": "B", "sample": 6, "ms": 6.982048034667969}
{"event": "sample", "n": 512, "mode": "forward_backward", "round": 1, "block": 1, "label": "B", "sample": 7, "ms": 6.98367977142334}
{"event": "sample", "n": 512, "mode": "forward_backward", "round": 1, "block": 1, "label": "B", "sample": 8, "ms": 6.984799861907959}
{"event": "sample", "n": 512, "mode": "forward_backward", "round": 1, "block": 1, "label": "B", "sample": 9, "ms": 6.978400230407715}
{"event": "sample", "n": 512, "mode": "forward_backward", "round": 1, "block": 2, "label": "B", "sample": 0, "ms": 7.346848011016846}
{"event": "sample", "n": 512, "mode": "forward_backward", "round": 1, "block": 2, "label": "B", "sample": 1, "ms": 6.985055923461914}
{"event": "sample", "n": 512, "mode": "forward_backward", "round": 1, "block": 2, "label": "B", "sample": 2, "ms": 6.98038387298584}
{"event": "sample", "n": 512, "mode": "forward_backward", "round": 1, "block": 2, "label": "B", "sample": 3, "ms": 6.989920139312744}
{"event": "sample", "n": 512, "mode": "forward_backward", "round": 1, "block": 2, "label": "B", "sample": 4, "ms": 6.982816219329834}
{"event": "sample", "n": 512, "mode": "forward_backward", "round": 1, "block": 2, "label": "B", "sample": 5, "ms": 6.982560157775879}
{"event": "sample", "n": 512, "mode": "forward_backward", "round": 1, "block": 2, "label": "B", "sample": 6, "ms": 6.980160236358643}
{"event": "sample", "n": 512, "mode": "forward_backward", "round": 1, "block": 2, "label": "B", "sample": 7, "ms": 6.980095863342285}
{"event": "sample", "n": 512, "mode": "forward_backward", "round": 1, "block": 2, "label": "B", "sample": 8, "ms": 6.964608192443848}
{"event": "sample", "n": 512, "mode": "forward_backward", "round": 1, "block": 2, "label": "B", "sample": 9, "ms": 6.966400146484375}
{"event": "sample", "n": 512, "mode": "forward_backward", "round": 1, "block": 3, "label": "A", "sample": 0, "ms": 9.706591606140137}
{"event": "sample", "n": 512, "mode": "forward_backward", "round": 1, "block": 3, "label": "A", "sample": 1, "ms": 9.049375534057617}
{"event": "sample", "n": 512, "mode": "forward_backward", "round": 1, "block": 3, "label": "A", "sample": 2, "ms": 9.043583869934082}
{"event": "sample", "n": 512, "mode": "forward_backward", "round": 1, "block": 3, "label": "A", "sample": 3, "ms": 9.046272277832031}
{"event": "sample", "n": 512, "mode": "forward_backward", "round": 1, "block": 3, "label": "A", "sample": 4, "ms": 9.049375534057617}
{"event": "sample", "n": 512, "mode": "forward_backward", "round": 1, "block": 3, "label": "A", "sample": 5, "ms": 9.051039695739746}
{"event": "sample", "n": 512, "mode": "forward_backward", "round": 1, "block": 3, "label": "A", "sample": 6, "ms": 9.047072410583496}
{"event": "sample", "n": 512, "mode": "forward_backward", "round": 1, "block": 3, "label": "A", "sample": 7, "ms": 9.04691219329834}
{"event": "sample", "n": 512, "mode": "forward_backward", "round": 1, "block": 3, "label": "A", "sample": 8, "ms": 9.044095993041992}
{"event": "sample", "n": 512, "mode": "forward_backward", "round": 1, "block": 3, "label": "A", "sample": 9, "ms": 9.082688331604004}
{"event": "sample", "n": 512, "mode": "forward_backward", "round": 2, "block": 0, "label": "A", "sample": 0, "ms": 9.439519882202148}
{"event": "sample", "n": 512, "mode": "forward_backward", "round": 2, "block": 0, "label": "A", "sample": 1, "ms": 9.073792457580566}
{"event": "sample", "n": 512, "mode": "forward_backward", "round": 2, "block": 0, "label": "A", "sample": 2, "ms": 9.073280334472656}
{"event": "sample", "n": 512, "mode": "forward_backward", "round": 2, "block": 0, "label": "A", "sample": 3, "ms": 9.06380844116211}
{"event": "sample", "n": 512, "mode": "forward_backward", "round": 2, "block": 0, "label": "A", "sample": 4, "ms": 9.071999549865723}
{"event": "sample", "n": 512, "mode": "forward_backward", "round": 2, "block": 0, "label": "A", "sample": 5, "ms": 9.06924819946289}
{"event": "sample", "n": 512, "mode": "forward_backward", "round": 2, "block": 0, "label": "A", "sample": 6, "ms": 9.06822395324707}
{"event": "sample", "n": 512, "mode": "forward_backward", "round": 2, "block": 0, "label": "A", "sample": 7, "ms": 9.06710433959961}
{"event": "sample", "n": 512, "mode": "forward_backward", "round": 2, "block": 0, "label": "A", "sample": 8, "ms": 9.065567970275879}
{"event": "sample", "n": 512, "mode": "forward_backward", "round": 2, "block": 0, "label": "A", "sample": 9, "ms": 9.07043170928955}
{"event": "sample", "n": 512, "mode": "forward_backward", "round": 2, "block": 1, "label": "B", "sample": 0, "ms": 7.388160228729248}
{"event": "sample", "n": 512, "mode": "forward_backward", "round": 2, "block": 1, "label": "B", "sample": 1, "ms": 6.96889591217041}
{"event": "sample", "n": 512, "mode": "forward_backward", "round": 2, "block": 1, "label": "B", "sample": 2, "ms": 6.963840007781982}
{"event": "sample", "n": 512, "mode": "forward_backward", "round": 2, "block": 1, "label": "B", "sample": 3, "ms": 6.964672088623047}
{"event": "sample", "n": 512, "mode": "forward_backward", "round": 2, "block": 1, "label": "B", "sample": 4, "ms": 6.961984157562256}
{"event": "sample", "n": 512, "mode": "forward_backward", "round": 2, "block": 1, "label": "B", "sample": 5, "ms": 6.97603178024292}
{"event": "sample", "n": 512, "mode": "forward_backward", "round": 2, "block": 1, "label": "B", "sample": 6, "ms": 6.974720001220703}
{"event": "sample", "n": 512, "mode": "forward_backward", "round": 2, "block": 1, "label": "B", "sample": 7, "ms": 6.965343952178955}
{"event": "sample", "n": 512, "mode": "forward_backward", "round": 2, "block": 1, "label": "B", "sample": 8, "ms": 6.964159965515137}
{"event": "sample", "n": 512, "mode": "forward_backward", "round": 2, "block": 1, "label": "B", "sample": 9, "ms": 6.960896015167236}
{"event": "sample", "n": 512, "mode": "forward_backward", "round": 2, "block": 2, "label": "B", "sample": 0, "ms": 7.329567909240723}
{"event": "sample", "n": 512, "mode": "forward_backward", "round": 2, "block": 2, "label": "B", "sample": 1, "ms": 6.962048053741455}
{"event": "sample", "n": 512, "mode": "forward_backward", "round": 2, "block": 2, "label": "B", "sample": 2, "ms": 6.96281623840332}
{"event": "sample", "n": 512, "mode": "forward_backward", "round": 2, "block": 2, "label": "B", "sample": 3, "ms": 6.964000225067139}
{"event": "sample", "n": 512, "mode": "forward_backward", "round": 2, "block": 2, "label": "B", "sample": 4, "ms": 6.988607883453369}
{"event": "sample", "n": 512, "mode": "forward_backward", "round": 2, "block": 2, "label": "B", "sample": 5, "ms": 6.988895893096924}
{"event": "sample", "n": 512, "mode": "forward_backward", "round": 2, "block": 2, "label": "B", "sample": 6, "ms": 7.002624034881592}
{"event": "sample", "n": 512, "mode": "forward_backward", "round": 2, "block": 2, "label": "B", "sample": 7, "ms": 6.984799861907959}
{"event": "sample", "n": 512, "mode": "forward_backward", "round": 2, "block": 2, "label": "B", "sample": 8, "ms": 6.985055923461914}
{"event": "sample", "n": 512, "mode": "forward_backward", "round": 2, "block": 2, "label": "B", "sample": 9, "ms": 6.981760025024414}
{"event": "sample", "n": 512, "mode": "forward_backward", "round": 2, "block": 3, "label": "A", "sample": 0, "ms": 9.4269437789917}
{"event": "sample", "n": 512, "mode": "forward_backward", "round": 2, "block": 3, "label": "A", "sample": 1, "ms": 9.06777572631836}
{"event": "sample", "n": 512, "mode": "forward_backward", "round": 2, "block": 3, "label": "A", "sample": 2, "ms": 9.07100772857666}
{"event": "sample", "n": 512, "mode": "forward_backward", "round": 2, "block": 3, "label": "A", "sample": 3, "ms": 9.065376281738281}
{"event": "sample", "n": 512, "mode": "forward_backward", "round": 2, "block": 3, "label": "A", "sample": 4, "ms": 9.071616172790527}
{"event": "sample", "n": 512, "mode": "forward_backward", "round": 2, "block": 3, "label": "A", "sample": 5, "ms": 9.06499195098877}
{"event": "sample", "n": 512, "mode": "forward_backward", "round": 2, "block": 3, "label": "A", "sample": 6, "ms": 9.056447982788086}
{"event": "sample", "n": 512, "mode": "forward_backward", "round": 2, "block": 3, "label": "A", "sample": 7, "ms": 9.046367645263672}
{"event": "sample", "n": 512, "mode": "forward_backward", "round": 2, "block": 3, "label": "A", "sample": 8, "ms": 9.046303749084473}
{"event": "sample", "n": 512, "mode": "forward_backward", "round": 2, "block": 3, "label": "A", "sample": 9, "ms": 9.04684829711914}
{"event": "summary", "n": 512, "mode": "forward_backward", "median_ms": {"A": 9.066336154937744, "B": 6.978880167007446}, "speedup": 1.2991104500975263, "samples_per_label": 60}
{"event": "parity", "n": 513, "checks": {"output": {"relative_l2": 0.0, "baseline_zero_max_abs_diagnostic": 0.0, "passed": true}, "dq": {"relative_l2": 5.259951649350114e-05, "baseline_zero_max_abs_diagnostic": 0.0, "passed": true}, "dk": {"relative_l2": 0.0, "baseline_zero_max_abs_diagnostic": 0.0, "passed": true}, "dv": {"relative_l2": 0.0, "baseline_zero_max_abs_diagnostic": 0.0, "passed": true}, "db": {"relative_l2": 1.2140711078245658e-05, "baseline_zero_max_abs_diagnostic": 0.0, "passed": true}}, "independent_reference": false}
{"event": "memory", "n": 513, "measurements": {"A": {"peak_increment_bytes": 593976320, "retained_increment_bytes": 543181312}, "B": {"peak_increment_bytes": 661444096, "retained_increment_bytes": 543181312}}}
{"event": "sample", "n": 513, "mode": "forward", "round": 0, "block": 0, "label": "A", "sample": 0, "ms": 2.4005119800567627}
{"event": "sample", "n": 513, "mode": "forward", "round": 0, "block": 0, "label": "A", "sample": 1, "ms": 2.1360960006713867}
{"event": "sample", "n": 513, "mode": "forward", "round": 0, "block": 0, "label": "A", "sample": 2, "ms": 2.136512041091919}
{"event": "sample", "n": 513, "mode": "forward", "round": 0, "block": 0, "label": "A", "sample": 3, "ms": 2.134335994720459}
{"event": "sample", "n": 513, "mode": "forward", "round": 0, "block": 0, "label": "A", "sample": 4, "ms": 2.13590407371521}
{"event": "sample", "n": 513, "mode": "forward", "round": 0, "block": 0, "label": "A", "sample": 5, "ms": 2.136255979537964}
{"event": "sample", "n": 513, "mode": "forward", "round": 0, "block": 0, "label": "A", "sample": 6, "ms": 2.1346559524536133}
{"event": "sample", "n": 513, "mode": "forward", "round": 0, "block": 0, "label": "A", "sample": 7, "ms": 2.1358399391174316}
{"event": "sample", "n": 513, "mode": "forward", "round": 0, "block": 0, "label": "A", "sample": 8, "ms": 2.1367359161376953}
{"event": "sample", "n": 513, "mode": "forward", "round": 0, "block": 0, "label": "A", "sample": 9, "ms": 2.136064052581787}
{"event": "sample", "n": 513, "mode": "forward", "round": 0, "block": 1, "label": "B", "sample": 0, "ms": 2.37609601020813}
{"event": "sample", "n": 513, "mode": "forward", "round": 0, "block": 1, "label": "B", "sample": 1, "ms": 2.0005440711975098}
{"event": "sample", "n": 513, "mode": "forward", "round": 0, "block": 1, "label": "B", "sample": 2, "ms": 2.000351905822754}
{"event": "sample", "n": 513, "mode": "forward", "round": 0, "block": 1, "label": "B", "sample": 3, "ms": 2.0002241134643555}
{"event": "sample", "n": 513, "mode": "forward", "round": 0, "block": 1, "label": "B", "sample": 4, "ms": 1.9994239807128906}
{"event": "sample", "n": 513, "mode": "forward", "round": 0, "block": 1, "label": "B", "sample": 5, "ms": 2.0003840923309326}
{"event": "sample", "n": 513, "mode": "forward", "round": 0, "block": 1, "label": "B", "sample": 6, "ms": 1.999168038368225}
{"event": "sample", "n": 513, "mode": "forward", "round": 0, "block": 1, "label": "B", "sample": 7, "ms": 1.9996800422668457}
{"event": "sample", "n": 513, "mode": "forward", "round": 0, "block": 1, "label": "B", "sample": 8, "ms": 1.9991999864578247}
{"event": "sample", "n": 513, "mode": "forward", "round": 0, "block": 1, "label": "B", "sample": 9, "ms": 1.9952000379562378}
{"event": "sample", "n": 513, "mode": "forward", "round": 0, "block": 2, "label": "B", "sample": 0, "ms": 2.3413119316101074}
{"event": "sample", "n": 513, "mode": "forward", "round": 0, "block": 2, "label": "B", "sample": 1, "ms": 1.9962879419326782}
{"event": "sample", "n": 513, "mode": "forward", "round": 0, "block": 2, "label": "B", "sample": 2, "ms": 1.9944959878921509}
{"event": "sample", "n": 513, "mode": "forward", "round": 0, "block": 2, "label": "B", "sample": 3, "ms": 1.995519995689392}
{"event": "sample", "n": 513, "mode": "forward", "round": 0, "block": 2, "label": "B", "sample": 4, "ms": 1.9952319860458374}
{"event": "sample", "n": 513, "mode": "forward", "round": 0, "block": 2, "label": "B", "sample": 5, "ms": 1.996127963066101}
{"event": "sample", "n": 513, "mode": "forward", "round": 0, "block": 2, "label": "B", "sample": 6, "ms": 1.9960639476776123}
{"event": "sample", "n": 513, "mode": "forward", "round": 0, "block": 2, "label": "B", "sample": 7, "ms": 1.9951679706573486}
{"event": "sample", "n": 513, "mode": "forward", "round": 0, "block": 2, "label": "B", "sample": 8, "ms": 1.9942400455474854}
{"event": "sample", "n": 513, "mode": "forward", "round": 0, "block": 2, "label": "B", "sample": 9, "ms": 1.9949439764022827}
{"event": "sample", "n": 513, "mode": "forward", "round": 0, "block": 3, "label": "A", "sample": 0, "ms": 2.406303882598877}
{"event": "sample", "n": 513, "mode": "forward", "round": 0, "block": 3, "label": "A", "sample": 1, "ms": 2.129983901977539}
{"event": "sample", "n": 513, "mode": "forward", "round": 0, "block": 3, "label": "A", "sample": 2, "ms": 2.1320960521698}
{"event": "sample", "n": 513, "mode": "forward", "round": 0, "block": 3, "label": "A", "sample": 3, "ms": 2.131903886795044}
{"event": "sample", "n": 513, "mode": "forward", "round": 0, "block": 3, "label": "A", "sample": 4, "ms": 2.1303999423980713}
{"event": "sample", "n": 513, "mode": "forward", "round": 0, "block": 3, "label": "A", "sample": 5, "ms": 2.1316161155700684}
{"event": "sample", "n": 513, "mode": "forward", "round": 0, "block": 3, "label": "A", "sample": 6, "ms": 2.1296639442443848}
{"event": "sample", "n": 513, "mode": "forward", "round": 0, "block": 3, "label": "A", "sample": 7, "ms": 2.1296639442443848}
{"event": "sample", "n": 513, "mode": "forward", "round": 0, "block": 3, "label": "A", "sample": 8, "ms": 2.129728078842163}
{"event": "sample", "n": 513, "mode": "forward", "round": 0, "block": 3, "label": "A", "sample": 9, "ms": 2.131392002105713}
{"event": "sample", "n": 513, "mode": "forward", "round": 1, "block": 0, "label": "A", "sample": 0, "ms": 2.4369919300079346}
{"event": "sample", "n": 513, "mode": "forward", "round": 1, "block": 0, "label": "A", "sample": 1, "ms": 2.1318719387054443}
{"event": "sample", "n": 513, "mode": "forward", "round": 1, "block": 0, "label": "A", "sample": 2, "ms": 2.1312320232391357}
{"event": "sample", "n": 513, "mode": "forward", "round": 1, "block": 0, "label": "A", "sample": 3, "ms": 2.132352113723755}
{"event": "sample", "n": 513, "mode": "forward", "round": 1, "block": 0, "label": "A", "sample": 4, "ms": 2.131488084793091}
{"event": "sample", "n": 513, "mode": "forward", "round": 1, "block": 0, "label": "A", "sample": 5, "ms": 2.1325440406799316}
{"event": "sample", "n": 513, "mode": "forward", "round": 1, "block": 0, "label": "A", "sample": 6, "ms": 2.1299519538879395}
{"event": "sample", "n": 513, "mode": "forward", "round": 1, "block": 0, "label": "A", "sample": 7, "ms": 2.130527973175049}
{"event": "sample", "n": 513, "mode": "forward", "round": 1, "block": 0, "label": "A", "sample": 8, "ms": 2.129472017288208}
{"event": "sample", "n": 513, "mode": "forward", "round": 1, "block": 0, "label": "A", "sample": 9, "ms": 2.1313600540161133}
{"event": "sample", "n": 513, "mode": "forward", "round": 1, "block": 1, "label": "B", "sample": 0, "ms": 2.362368106842041}
{"event": "sample", "n": 513, "mode": "forward", "round": 1, "block": 1, "label": "B", "sample": 1, "ms": 1.9961919784545898}
{"event": "sample", "n": 513, "mode": "forward", "round": 1, "block": 1, "label": "B", "sample": 2, "ms": 1.9942400455474854}
{"event": "sample", "n": 513, "mode": "forward", "round": 1, "block": 1, "label": "B", "sample": 3, "ms": 1.9954240322113037}
{"event": "sample", "n": 513, "mode": "forward", "round": 1, "block": 1, "label": "B", "sample": 4, "ms": 1.9946880340576172}
{"event": "sample", "n": 513, "mode": "forward", "round": 1, "block": 1, "label": "B", "sample": 5, "ms": 1.9961600303649902}
{"event": "sample", "n": 513, "mode": "forward", "round": 1, "block": 1, "label": "B", "sample": 6, "ms": 1.9956159591674805}
{"event": "sample", "n": 513, "mode": "forward", "round": 1, "block": 1, "label": "B", "sample": 7, "ms": 1.9955519437789917}
{"event": "sample", "n": 513, "mode": "forward", "round": 1, "block": 1, "label": "B", "sample": 8, "ms": 1.9947839975357056}
{"event": "sample", "n": 513, "mode": "forward", "round": 1, "block": 1, "label": "B", "sample": 9, "ms": 1.9961600303649902}
{"event": "sample", "n": 513, "mode": "forward", "round": 1, "block": 2, "label": "B", "sample": 0, "ms": 2.3223040103912354}
{"event": "sample", "n": 513, "mode": "forward", "round": 1, "block": 2, "label": "B", "sample": 1, "ms": 1.9954559803009033}
{"event": "sample", "n": 513, "mode": "forward", "round": 1, "block": 2, "label": "B", "sample": 2, "ms": 1.9941439628601074}
{"event": "sample", "n": 513, "mode": "forward", "round": 1, "block": 2, "label": "B", "sample": 3, "ms": 1.995743989944458}
{"event": "sample", "n": 513, "mode": "forward", "round": 1, "block": 2, "label": "B", "sample": 4, "ms": 1.9982719421386719}
{"event": "sample", "n": 513, "mode": "forward", "round": 1, "block": 2, "label": "B", "sample": 5, "ms": 2.0012478828430176}
{"event": "sample", "n": 513, "mode": "forward", "round": 1, "block": 2, "label": "B", "sample": 6, "ms": 2.0005440711975098}
{"event": "sample", "n": 513, "mode": "forward", "round": 1, "block": 2, "label": "B", "sample": 7, "ms": 2.0009920597076416}
{"event": "sample", "n": 513, "mode": "forward", "round": 1, "block": 2, "label": "B", "sample": 8, "ms": 2.0005440711975098}
{"event": "sample", "n": 513, "mode": "forward", "round": 1, "block": 2, "label": "B", "sample": 9, "ms": 2.0003199577331543}
{"event": "sample", "n": 513, "mode": "forward", "round": 1, "block": 3, "label": "A", "sample": 0, "ms": 2.4564480781555176}
{"event": "sample", "n": 513, "mode": "forward", "round": 1, "block": 3, "label": "A", "sample": 1, "ms": 2.135456085205078}
{"event": "sample", "n": 513, "mode": "forward", "round": 1, "block": 3, "label": "A", "sample": 2, "ms": 2.136960029602051}
{"event": "sample", "n": 513, "mode": "forward", "round": 1, "block": 3, "label": "A", "sample": 3, "ms": 2.1368958950042725}
{"event": "sample", "n": 513, "mode": "forward", "round": 1, "block": 3, "label": "A", "sample": 4, "ms": 2.134687900543213}
{"event": "sample", "n": 513, "mode": "forward", "round": 1, "block": 3, "label": "A", "sample": 5, "ms": 2.1366400718688965}
{"event": "sample", "n": 513, "mode": "forward", "round": 1, "block": 3, "label": "A", "sample": 6, "ms": 2.1361279487609863}
{"event": "sample", "n": 513, "mode": "forward", "round": 1, "block": 3, "label": "A", "sample": 7, "ms": 2.1367359161376953}
{"event": "sample", "n": 513, "mode": "forward", "round": 1, "block": 3, "label": "A", "sample": 8, "ms": 2.1366078853607178}
{"event": "sample", "n": 513, "mode": "forward", "round": 1, "block": 3, "label": "A", "sample": 9, "ms": 2.135648012161255}
{"event": "sample", "n": 513, "mode": "forward", "round": 2, "block": 0, "label": "A", "sample": 0, "ms": 2.403359889984131}
{"event": "sample", "n": 513, "mode": "forward", "round": 2, "block": 0, "label": "A", "sample": 1, "ms": 2.133888006210327}
{"event": "sample", "n": 513, "mode": "forward", "round": 2, "block": 0, "label": "A", "sample": 2, "ms": 2.1353280544281006}
{"event": "sample", "n": 513, "mode": "forward", "round": 2, "block": 0, "label": "A", "sample": 3, "ms": 2.136512041091919}
{"event": "sample", "n": 513, "mode": "forward", "round": 2, "block": 0, "label": "A", "sample": 4, "ms": 2.133984088897705}
{"event": "sample", "n": 513, "mode": "forward", "round": 2, "block": 0, "label": "A", "sample": 5, "ms": 2.136159896850586}
{"event": "sample", "n": 513, "mode": "forward", "round": 2, "block": 0, "label": "A", "sample": 6, "ms": 2.1355199813842773}
{"event": "sample", "n": 513, "mode": "forward", "round": 2, "block": 0, "label": "A", "sample": 7, "ms": 2.134495973587036}
{"event": "sample", "n": 513, "mode": "forward", "round": 2, "block": 0, "label": "A", "sample": 8, "ms": 2.1346240043640137}
{"event": "sample", "n": 513, "mode": "forward", "round": 2, "block": 0, "label": "A", "sample": 9, "ms": 2.13590407371521}
{"event": "sample", "n": 513, "mode": "forward", "round": 2, "block": 1, "label": "B", "sample": 0, "ms": 2.3735361099243164}
{"event": "sample", "n": 513, "mode": "forward", "round": 2, "block": 1, "label": "B", "sample": 1, "ms": 1.9994879961013794}
{"event": "sample", "n": 513, "mode": "forward", "round": 2, "block": 1, "label": "B", "sample": 2, "ms": 1.999295949935913}
{"event": "sample", "n": 513, "mode": "forward", "round": 2, "block": 1, "label": "B", "sample": 3, "ms": 2.0008320808410645}
{"event": "sample", "n": 513, "mode": "forward", "round": 2, "block": 1, "label": "B", "sample": 4, "ms": 1.9999040365219116}
{"event": "sample", "n": 513, "mode": "forward", "round": 2, "block": 1, "label": "B", "sample": 5, "ms": 2.0002880096435547}
{"event": "sample", "n": 513, "mode": "forward", "round": 2, "block": 1, "label": "B", "sample": 6, "ms": 2.000704050064087}
{"event": "sample", "n": 513, "mode": "forward", "round": 2, "block": 1, "label": "B", "sample": 7, "ms": 2.0004160404205322}
{"event": "sample", "n": 513, "mode": "forward", "round": 2, "block": 1, "label": "B", "sample": 8, "ms": 1.9986239671707153}
{"event": "sample", "n": 513, "mode": "forward", "round": 2, "block": 1, "label": "B", "sample": 9, "ms": 1.9997440576553345}
{"event": "sample", "n": 513, "mode": "forward", "round": 2, "block": 2, "label": "B", "sample": 0, "ms": 2.33187198638916}
{"event": "sample", "n": 513, "mode": "forward", "round": 2, "block": 2, "label": "B", "sample": 1, "ms": 1.9999040365219116}
{"event": "sample", "n": 513, "mode": "forward", "round": 2, "block": 2, "label": "B", "sample": 2, "ms": 1.9998400211334229}
{"event": "sample", "n": 513, "mode": "forward", "round": 2, "block": 2, "label": "B", "sample": 3, "ms": 1.999776005744934}
{"event": "sample", "n": 513, "mode": "forward", "round": 2, "block": 2, "label": "B", "sample": 4, "ms": 1.9994879961013794}
{"event": "sample", "n": 513, "mode": "forward", "round": 2, "block": 2, "label": "B", "sample": 5, "ms": 2.0002241134643555}
{"event": "sample", "n": 513, "mode": "forward", "round": 2, "block": 2, "label": "B", "sample": 6, "ms": 2.000351905822754}
{"event": "sample", "n": 513, "mode": "forward", "round": 2, "block": 2, "label": "B", "sample": 7, "ms": 2.0004799365997314}
{"event": "sample", "n": 513, "mode": "forward", "round": 2, "block": 2, "label": "B", "sample": 8, "ms": 1.9994879961013794}
{"event": "sample", "n": 513, "mode": "forward", "round": 2, "block": 2, "label": "B", "sample": 9, "ms": 2.001919984817505}
{"event": "sample", "n": 513, "mode": "forward", "round": 2, "block": 3, "label": "A", "sample": 0, "ms": 2.4265599250793457}
{"event": "sample", "n": 513, "mode": "forward", "round": 2, "block": 3, "label": "A", "sample": 1, "ms": 2.1318719387054443}
{"event": "sample", "n": 513, "mode": "forward", "round": 2, "block": 3, "label": "A", "sample": 2, "ms": 2.132863998413086}
{"event": "sample", "n": 513, "mode": "forward", "round": 2, "block": 3, "label": "A", "sample": 3, "ms": 2.1320641040802}
{"event": "sample", "n": 513, "mode": "forward", "round": 2, "block": 3, "label": "A", "sample": 4, "ms": 2.130592107772827}
{"event": "sample", "n": 513, "mode": "forward", "round": 2, "block": 3, "label": "A", "sample": 5, "ms": 2.130880117416382}
{"event": "sample", "n": 513, "mode": "forward", "round": 2, "block": 3, "label": "A", "sample": 6, "ms": 2.130944013595581}
{"event": "sample", "n": 513, "mode": "forward", "round": 2, "block": 3, "label": "A", "sample": 7, "ms": 2.1306240558624268}
{"event": "sample", "n": 513, "mode": "forward", "round": 2, "block": 3, "label": "A", "sample": 8, "ms": 2.130527973175049}
{"event": "sample", "n": 513, "mode": "forward", "round": 2, "block": 3, "label": "A", "sample": 9, "ms": 2.1324479579925537}
{"event": "summary", "n": 513, "mode": "forward", "median_ms": {"A": 2.1344159841537476, "B": 1.9994879961013794}, "speedup": 1.067481269362683, "samples_per_label": 60}
{"event": "sample", "n": 513, "mode": "backward", "round": 0, "block": 0, "label": "A", "sample": 0, "ms": 15.938400268554688}
{"event": "sample", "n": 513, "mode": "backward", "round": 0, "block": 0, "label": "A", "sample": 1, "ms": 15.65283203125}
{"event": "sample", "n": 513, "mode": "backward", "round": 0, "block": 0, "label": "A", "sample": 2, "ms": 15.65385627746582}
{"event": "sample", "n": 513, "mode": "backward", "round": 0, "block": 0, "label": "A", "sample": 3, "ms": 15.650591850280762}
{"event": "sample", "n": 513, "mode": "backward", "round": 0, "block": 0, "label": "A", "sample": 4, "ms": 15.652352333068848}
{"event": "sample", "n": 513, "mode": "backward", "round": 0, "block": 0, "label": "A", "sample": 5, "ms": 15.650208473205566}
{"event": "sample", "n": 513, "mode": "backward", "round": 0, "block": 0, "label": "A", "sample": 6, "ms": 15.632287979125977}
{"event": "sample", "n": 513, "mode": "backward", "round": 0, "block": 0, "label": "A", "sample": 7, "ms": 15.614208221435547}
{"event": "sample", "n": 513, "mode": "backward", "round": 0, "block": 0, "label": "A", "sample": 8, "ms": 15.616095542907715}
{"event": "sample", "n": 513, "mode": "backward", "round": 0, "block": 0, "label": "A", "sample": 9, "ms": 15.617088317871094}
{"event": "sample", "n": 513, "mode": "backward", "round": 0, "block": 1, "label": "B", "sample": 0, "ms": 7.87116813659668}
{"event": "sample", "n": 513, "mode": "backward", "round": 0, "block": 1, "label": "B", "sample": 1, "ms": 7.6844801902771}
{"event": "sample", "n": 513, "mode": "backward", "round": 0, "block": 1, "label": "B", "sample": 2, "ms": 7.683551788330078}
{"event": "sample", "n": 513, "mode": "backward", "round": 0, "block": 1, "label": "B", "sample": 3, "ms": 7.677855968475342}
{"event": "sample", "n": 513, "mode": "backward", "round": 0, "block": 1, "label": "B", "sample": 4, "ms": 7.683328151702881}
{"event": "sample", "n": 513, "mode": "backward", "round": 0, "block": 1, "label": "B", "sample": 5, "ms": 7.695487976074219}
{"event": "sample", "n": 513, "mode": "backward", "round": 0, "block": 1, "label": "B", "sample": 6, "ms": 7.69001579284668}
{"event": "sample", "n": 513, "mode": "backward", "round": 0, "block": 1, "label": "B", "sample": 7, "ms": 7.684351921081543}
{"event": "sample", "n": 513, "mode": "backward", "round": 0, "block": 1, "label": "B", "sample": 8, "ms": 7.688320159912109}
{"event": "sample", "n": 513, "mode": "backward", "round": 0, "block": 1, "label": "B", "sample": 9, "ms": 7.683551788330078}
{"event": "sample", "n": 513, "mode": "backward", "round": 0, "block": 2, "label": "B", "sample": 0, "ms": 7.859583854675293}
{"event": "sample", "n": 513, "mode": "backward", "round": 0, "block": 2, "label": "B", "sample": 1, "ms": 7.681759834289551}
{"event": "sample", "n": 513, "mode": "backward", "round": 0, "block": 2, "label": "B", "sample": 2, "ms": 7.696991920471191}
{"event": "sample", "n": 513, "mode": "backward", "round": 0, "block": 2, "label": "B", "sample": 3, "ms": 7.686399936676025}
{"event": "sample", "n": 513, "mode": "backward", "round": 0, "block": 2, "label": "B", "sample": 4, "ms": 7.688032150268555}
{"event": "sample", "n": 513, "mode": "backward", "round": 0, "block": 2, "label": "B", "sample": 5, "ms": 7.696191787719727}
{"event": "sample", "n": 513, "mode": "backward", "round": 0, "block": 2, "label": "B", "sample": 6, "ms": 7.685887813568115}
{"event": "sample", "n": 513, "mode": "backward", "round": 0, "block": 2, "label": "B", "sample": 7, "ms": 7.6921281814575195}
{"event": "sample", "n": 513, "mode": "backward", "round": 0, "block": 2, "label": "B", "sample": 8, "ms": 7.682528018951416}
{"event": "sample", "n": 513, "mode": "backward", "round": 0, "block": 2, "label": "B", "sample": 9, "ms": 7.688352108001709}
{"event": "sample", "n": 513, "mode": "backward", "round": 0, "block": 3, "label": "A", "sample": 0, "ms": 16.200607299804688}
{"event": "sample", "n": 513, "mode": "backward", "round": 0, "block": 3, "label": "A", "sample": 1, "ms": 15.616991996765137}
{"event": "sample", "n": 513, "mode": "backward", "round": 0, "block": 3, "label": "A", "sample": 2, "ms": 15.616512298583984}
{"event": "sample", "n": 513, "mode": "backward", "round": 0, "block": 3, "label": "A", "sample": 3, "ms": 15.62393569946289}
{"event": "sample", "n": 513, "mode": "backward", "round": 0, "block": 3, "label": "A", "sample": 4, "ms": 15.615936279296875}
{"event": "sample", "n": 513, "mode": "backward", "round": 0, "block": 3, "label": "A", "sample": 5, "ms": 15.61638355255127}
{"event": "sample", "n": 513, "mode": "backward", "round": 0, "block": 3, "label": "A", "sample": 6, "ms": 15.621567726135254}
{"event": "sample", "n": 513, "mode": "backward", "round": 0, "block": 3, "label": "A", "sample": 7, "ms": 15.616288185119629}
{"event": "sample", "n": 513, "mode": "backward", "round": 0, "block": 3, "label": "A", "sample": 8, "ms": 15.61616039276123}
{"event": "sample", "n": 513, "mode": "backward", "round": 0, "block": 3, "label": "A", "sample": 9, "ms": 15.613887786865234}
{"event": "sample", "n": 513, "mode": "backward", "round": 1, "block": 0, "label": "A", "sample": 0, "ms": 15.857760429382324}
{"event": "sample", "n": 513, "mode": "backward", "round": 1, "block": 0, "label": "A", "sample": 1, "ms": 15.6145601272583}
{"event": "sample", "n": 513, "mode": "backward", "round": 1, "block": 0, "label": "A", "sample": 2, "ms": 15.614272117614746}
{"event": "sample", "n": 513, "mode": "backward", "round": 1, "block": 0, "label": "A", "sample": 3, "ms": 15.61683177947998}
{"event": "sample", "n": 513, "mode": "backward", "round": 1, "block": 0, "label": "A", "sample": 4, "ms": 15.617055892944336}
{"event": "sample", "n": 513, "mode": "backward", "round": 1, "block": 0, "label": "A", "sample": 5, "ms": 15.616479873657227}
{"event": "sample", "n": 513, "mode": "backward", "round": 1, "block": 0, "label": "A", "sample": 6, "ms": 15.61564826965332}
{"event": "sample", "n": 513, "mode": "backward", "round": 1, "block": 0, "label": "A", "sample": 7, "ms": 15.610879898071289}
{"event": "sample", "n": 513, "mode": "backward", "round": 1, "block": 0, "label": "A", "sample": 8, "ms": 15.615424156188965}
{"event": "sample", "n": 513, "mode": "backward", "round": 1, "block": 0, "label": "A", "sample": 9, "ms": 15.616703987121582}
{"event": "sample", "n": 513, "mode": "backward", "round": 1, "block": 1, "label": "B", "sample": 0, "ms": 7.920767784118652}
{"event": "sample", "n": 513, "mode": "backward", "round": 1, "block": 1, "label": "B", "sample": 1, "ms": 7.6763200759887695}
{"event": "sample", "n": 513, "mode": "backward", "round": 1, "block": 1, "label": "B", "sample": 2, "ms": 7.692512035369873}
{"event": "sample", "n": 513, "mode": "backward", "round": 1, "block": 1, "label": "B", "sample": 3, "ms": 7.693056106567383}
{"event": "sample", "n": 513, "mode": "backward", "round": 1, "block": 1, "label": "B", "sample": 4, "ms": 7.684639930725098}
{"event": "sample", "n": 513, "mode": "backward", "round": 1, "block": 1, "label": "B", "sample": 5, "ms": 7.676191806793213}
{"event": "sample", "n": 513, "mode": "backward", "round": 1, "block": 1, "label": "B", "sample": 6, "ms": 7.683872222900391}
{"event": "sample", "n": 513, "mode": "backward", "round": 1, "block": 1, "label": "B", "sample": 7, "ms": 7.677696228027344}
{"event": "sample", "n": 513, "mode": "backward", "round": 1, "block": 1, "label": "B", "sample": 8, "ms": 7.681087970733643}
{"event": "sample", "n": 513, "mode": "backward", "round": 1, "block": 1, "label": "B", "sample": 9, "ms": 7.689216136932373}
{"event": "sample", "n": 513, "mode": "backward", "round": 1, "block": 2, "label": "B", "sample": 0, "ms": 7.825471878051758}
{"event": "sample", "n": 513, "mode": "backward", "round": 1, "block": 2, "label": "B", "sample": 1, "ms": 7.677824020385742}
{"event": "sample", "n": 513, "mode": "backward", "round": 1, "block": 2, "label": "B", "sample": 2, "ms": 7.670688152313232}
{"event": "sample", "n": 513, "mode": "backward", "round": 1, "block": 2, "label": "B", "sample": 3, "ms": 7.678976058959961}
{"event": "sample", "n": 513, "mode": "backward", "round": 1, "block": 2, "label": "B", "sample": 4, "ms": 7.681568145751953}
{"event": "sample", "n": 513, "mode": "backward", "round": 1, "block": 2, "label": "B", "sample": 5, "ms": 7.684991836547852}
{"event": "sample", "n": 513, "mode": "backward", "round": 1, "block": 2, "label": "B", "sample": 6, "ms": 7.683712005615234}
{"event": "sample", "n": 513, "mode": "backward", "round": 1, "block": 2, "label": "B", "sample": 7, "ms": 7.6757121086120605}
{"event": "sample", "n": 513, "mode": "backward", "round": 1, "block": 2, "label": "B", "sample": 8, "ms": 7.678336143493652}
{"event": "sample", "n": 513, "mode": "backward", "round": 1, "block": 2, "label": "B", "sample": 9, "ms": 7.6862077713012695}
{"event": "sample", "n": 513, "mode": "backward", "round": 1, "block": 3, "label": "A", "sample": 0, "ms": 15.919296264648438}
{"event": "sample", "n": 513, "mode": "backward", "round": 1, "block": 3, "label": "A", "sample": 1, "ms": 15.615327835083008}
{"event": "sample", "n": 513, "mode": "backward", "round": 1, "block": 3, "label": "A", "sample": 2, "ms": 15.613984107971191}
{"event": "sample", "n": 513, "mode": "backward", "round": 1, "block": 3, "label": "A", "sample": 3, "ms": 15.617088317871094}
{"event": "sample", "n": 513, "mode": "backward", "round": 1, "block": 3, "label": "A", "sample": 4, "ms": 15.615008354187012}
{"event": "sample", "n": 513, "mode": "backward", "round": 1, "block": 3, "label": "A", "sample": 5, "ms": 15.619711875915527}
{"event": "sample", "n": 513, "mode": "backward", "round": 1, "block": 3, "label": "A", "sample": 6, "ms": 15.608927726745605}
{"event": "sample", "n": 513, "mode": "backward", "round": 1, "block": 3, "label": "A", "sample": 7, "ms": 15.613792419433594}
{"event": "sample", "n": 513, "mode": "backward", "round": 1, "block": 3, "label": "A", "sample": 8, "ms": 15.612959861755371}
{"event": "sample", "n": 513, "mode": "backward", "round": 1, "block": 3, "label": "A", "sample": 9, "ms": 15.614879608154297}
{"event": "sample", "n": 513, "mode": "backward", "round": 2, "block": 0, "label": "A", "sample": 0, "ms": 15.844863891601562}
{"event": "sample", "n": 513, "mode": "backward", "round": 2, "block": 0, "label": "A", "sample": 1, "ms": 15.614144325256348}
{"event": "sample", "n": 513, "mode": "backward", "round": 2, "block": 0, "label": "A", "sample": 2, "ms": 15.61564826965332}
{"event": "sample", "n": 513, "mode": "backward", "round": 2, "block": 0, "label": "A", "sample": 3, "ms": 15.615072250366211}
{"event": "sample", "n": 513, "mode": "backward", "round": 2, "block": 0, "label": "A", "sample": 4, "ms": 15.614239692687988}
{"event": "sample", "n": 513, "mode": "backward", "round": 2, "block": 0, "label": "A", "sample": 5, "ms": 15.62275218963623}
{"event": "sample", "n": 513, "mode": "backward", "round": 2, "block": 0, "label": "A", "sample": 6, "ms": 15.615455627441406}
{"event": "sample", "n": 513, "mode": "backward", "round": 2, "block": 0, "label": "A", "sample": 7, "ms": 15.613344192504883}
{"event": "sample", "n": 513, "mode": "backward", "round": 2, "block": 0, "label": "A", "sample": 8, "ms": 15.617952346801758}
{"event": "sample", "n": 513, "mode": "backward", "round": 2, "block": 0, "label": "A", "sample": 9, "ms": 15.62063980102539}
{"event": "sample", "n": 513, "mode": "backward", "round": 2, "block": 1, "label": "B", "sample": 0, "ms": 7.867904186248779}
{"event": "sample", "n": 513, "mode": "backward", "round": 2, "block": 1, "label": "B", "sample": 1, "ms": 7.723296165466309}
{"event": "sample", "n": 513, "mode": "backward", "round": 2, "block": 1, "label": "B", "sample": 2, "ms": 7.715167999267578}
{"event": "sample", "n": 513, "mode": "backward", "round": 2, "block": 1, "label": "B", "sample": 3, "ms": 7.723968029022217}
{"event": "sample", "n": 513, "mode": "backward", "round": 2, "block": 1, "label": "B", "sample": 4, "ms": 7.72489595413208}
{"event": "sample", "n": 513, "mode": "backward", "round": 2, "block": 1, "label": "B", "sample": 5, "ms": 7.703968048095703}
{"event": "sample", "n": 513, "mode": "backward", "round": 2, "block": 1, "label": "B", "sample": 6, "ms": 7.723904132843018}
{"event": "sample", "n": 513, "mode": "backward", "round": 2, "block": 1, "label": "B", "sample": 7, "ms": 7.6976637840271}
{"event": "sample", "n": 513, "mode": "backward", "round": 2, "block": 1, "label": "B", "sample": 8, "ms": 7.699999809265137}
{"event": "sample", "n": 513, "mode": "backward", "round": 2, "block": 1, "label": "B", "sample": 9, "ms": 7.708032131195068}
{"event": "sample", "n": 513, "mode": "backward", "round": 2, "block": 2, "label": "B", "sample": 0, "ms": 7.841119766235352}
{"event": "sample", "n": 513, "mode": "backward", "round": 2, "block": 2, "label": "B", "sample": 1, "ms": 7.707776069641113}
{"event": "sample", "n": 513, "mode": "backward", "round": 2, "block": 2, "label": "B", "sample": 2, "ms": 7.705632209777832}
{"event": "sample", "n": 513, "mode": "backward", "round": 2, "block": 2, "label": "B", "sample": 3, "ms": 7.701920032501221}
{"event": "sample", "n": 513, "mode": "backward", "round": 2, "block": 2, "label": "B", "sample": 4, "ms": 7.681087970733643}
{"event": "sample", "n": 513, "mode": "backward", "round": 2, "block": 2, "label": "B", "sample": 5, "ms": 7.690176010131836}
{"event": "sample", "n": 513, "mode": "backward", "round": 2, "block": 2, "label": "B", "sample": 6, "ms": 7.677951812744141}
{"event": "sample", "n": 513, "mode": "backward", "round": 2, "block": 2, "label": "B", "sample": 7, "ms": 7.693439960479736}
{"event": "sample", "n": 513, "mode": "backward", "round": 2, "block": 2, "label": "B", "sample": 8, "ms": 7.677279949188232}
{"event": "sample", "n": 513, "mode": "backward", "round": 2, "block": 2, "label": "B", "sample": 9, "ms": 7.695680141448975}
{"event": "sample", "n": 513, "mode": "backward", "round": 2, "block": 3, "label": "A", "sample": 0, "ms": 15.9235200881958}
{"event": "sample", "n": 513, "mode": "backward", "round": 2, "block": 3, "label": "A", "sample": 1, "ms": 15.61564826965332}
{"event": "sample", "n": 513, "mode": "backward", "round": 2, "block": 3, "label": "A", "sample": 2, "ms": 15.61734390258789}
{"event": "sample", "n": 513, "mode": "backward", "round": 2, "block": 3, "label": "A", "sample": 3, "ms": 15.65334415435791}
{"event": "sample", "n": 513, "mode": "backward", "round": 2, "block": 3, "label": "A", "sample": 4, "ms": 15.655200004577637}
{"event": "sample", "n": 513, "mode": "backward", "round": 2, "block": 3, "label": "A", "sample": 5, "ms": 15.647232055664062}
{"event": "sample", "n": 513, "mode": "backward", "round": 2, "block": 3, "label": "A", "sample": 6, "ms": 15.650176048278809}
{"event": "sample", "n": 513, "mode": "backward", "round": 2, "block": 3, "label": "A", "sample": 7, "ms": 15.645279884338379}
{"event": "sample", "n": 513, "mode": "backward", "round": 2, "block": 3, "label": "A", "sample": 8, "ms": 15.647071838378906}
{"event": "sample", "n": 513, "mode": "backward", "round": 2, "block": 3, "label": "A", "sample": 9, "ms": 15.62889575958252}
{"event": "summary", "n": 513, "mode": "backward", "median_ms": {"A": 15.616911888122559, "B": 7.688336133956909}, "speedup": 2.0312472836804933, "samples_per_label": 60}
{"event": "sample", "n": 513, "mode": "forward_backward", "round": 0, "block": 0, "label": "A", "sample": 0, "ms": 18.06870460510254}
{"event": "sample", "n": 513, "mode": "forward_backward", "round": 0, "block": 0, "label": "A", "sample": 1, "ms": 17.754304885864258}
{"event": "sample", "n": 513, "mode": "forward_backward", "round": 0, "block": 0, "label": "A", "sample": 2, "ms": 17.763263702392578}
{"event": "sample", "n": 513, "mode": "forward_backward", "round": 0, "block": 0, "label": "A", "sample": 3, "ms": 17.75472068786621}
{"event": "sample", "n": 513, "mode": "forward_backward", "round": 0, "block": 0, "label": "A", "sample": 4, "ms": 17.766944885253906}
{"event": "sample", "n": 513, "mode": "forward_backward", "round": 0, "block": 0, "label": "A", "sample": 5, "ms": 17.754304885864258}
{"event": "sample", "n": 513, "mode": "forward_backward", "round": 0, "block": 0, "label": "A", "sample": 6, "ms": 17.75632095336914}
{"event": "sample", "n": 513, "mode": "forward_backward", "round": 0, "block": 0, "label": "A", "sample": 7, "ms": 17.756383895874023}
{"event": "sample", "n": 513, "mode": "forward_backward", "round": 0, "block": 0, "label": "A", "sample": 8, "ms": 17.764768600463867}
{"event": "sample", "n": 513, "mode": "forward_backward", "round": 0, "block": 0, "label": "A", "sample": 9, "ms": 17.764768600463867}
{"event": "sample", "n": 513, "mode": "forward_backward", "round": 0, "block": 1, "label": "B", "sample": 0, "ms": 10.145248413085938}
{"event": "sample", "n": 513, "mode": "forward_backward", "round": 0, "block": 1, "label": "B", "sample": 1, "ms": 9.669568061828613}
{"event": "sample", "n": 513, "mode": "forward_backward", "round": 0, "block": 1, "label": "B", "sample": 2, "ms": 9.6909761428833}
{"event": "sample", "n": 513, "mode": "forward_backward", "round": 0, "block": 1, "label": "B", "sample": 3, "ms": 9.713184356689453}
{"event": "sample", "n": 513, "mode": "forward_backward", "round": 0, "block": 1, "label": "B", "sample": 4, "ms": 9.694656372070312}
{"event": "sample", "n": 513, "mode": "forward_backward", "round": 0, "block": 1, "label": "B", "sample": 5, "ms": 9.703424453735352}
{"event": "sample", "n": 513, "mode": "forward_backward", "round": 0, "block": 1, "label": "B", "sample": 6, "ms": 9.701120376586914}
{"event": "sample", "n": 513, "mode": "forward_backward", "round": 0, "block": 1, "label": "B", "sample": 7, "ms": 9.689023971557617}
{"event": "sample", "n": 513, "mode": "forward_backward", "round": 0, "block": 1, "label": "B", "sample": 8, "ms": 9.686304092407227}
{"event": "sample", "n": 513, "mode": "forward_backward", "round": 0, "block": 1, "label": "B", "sample": 9, "ms": 9.701279640197754}
{"event": "sample", "n": 513, "mode": "forward_backward", "round": 0, "block": 2, "label": "B", "sample": 0, "ms": 10.122048377990723}
{"event": "sample", "n": 513, "mode": "forward_backward", "round": 0, "block": 2, "label": "B", "sample": 1, "ms": 9.690879821777344}
{"event": "sample", "n": 513, "mode": "forward_backward", "round": 0, "block": 2, "label": "B", "sample": 2, "ms": 9.697440147399902}
{"event": "sample", "n": 513, "mode": "forward_backward", "round": 0, "block": 2, "label": "B", "sample": 3, "ms": 9.678943634033203}
{"event": "sample", "n": 513, "mode": "forward_backward", "round": 0, "block": 2, "label": "B", "sample": 4, "ms": 9.66972827911377}
{"event": "sample", "n": 513, "mode": "forward_backward", "round": 0, "block": 2, "label": "B", "sample": 5, "ms": 9.66483211517334}
{"event": "sample", "n": 513, "mode": "forward_backward", "round": 0, "block": 2, "label": "B", "sample": 6, "ms": 9.66755199432373}
{"event": "sample", "n": 513, "mode": "forward_backward", "round": 0, "block": 2, "label": "B", "sample": 7, "ms": 9.667360305786133}
{"event": "sample", "n": 513, "mode": "forward_backward", "round": 0, "block": 2, "label": "B", "sample": 8, "ms": 9.676416397094727}
{"event": "sample", "n": 513, "mode": "forward_backward", "round": 0, "block": 2, "label": "B", "sample": 9, "ms": 9.688799858093262}
{"event": "sample", "n": 513, "mode": "forward_backward", "round": 0, "block": 3, "label": "A", "sample": 0, "ms": 18.10598373413086}
{"event": "sample", "n": 513, "mode": "forward_backward", "round": 0, "block": 3, "label": "A", "sample": 1, "ms": 17.759872436523438}
{"event": "sample", "n": 513, "mode": "forward_backward", "round": 0, "block": 3, "label": "A", "sample": 2, "ms": 17.796031951904297}
{"event": "sample", "n": 513, "mode": "forward_backward", "round": 0, "block": 3, "label": "A", "sample": 3, "ms": 17.787904739379883}
{"event": "sample", "n": 513, "mode": "forward_backward", "round": 0, "block": 3, "label": "A", "sample": 4, "ms": 17.788000106811523}
{"event": "sample", "n": 513, "mode": "forward_backward", "round": 0, "block": 3, "label": "A", "sample": 5, "ms": 17.79372787475586}
{"event": "sample", "n": 513, "mode": "forward_backward", "round": 0, "block": 3, "label": "A", "sample": 6, "ms": 17.79167938232422}
{"event": "sample", "n": 513, "mode": "forward_backward", "round": 0, "block": 3, "label": "A", "sample": 7, "ms": 17.77350425720215}
{"event": "sample", "n": 513, "mode": "forward_backward", "round": 0, "block": 3, "label": "A", "sample": 8, "ms": 17.759199142456055}
{"event": "sample", "n": 513, "mode": "forward_backward", "round": 0, "block": 3, "label": "A", "sample": 9, "ms": 17.751039505004883}
{"event": "sample", "n": 513, "mode": "forward_backward", "round": 1, "block": 0, "label": "A", "sample": 0, "ms": 18.07676887512207}
{"event": "sample", "n": 513, "mode": "forward_backward", "round": 1, "block": 0, "label": "A", "sample": 1, "ms": 17.760831832885742}
{"event": "sample", "n": 513, "mode": "forward_backward", "round": 1, "block": 0, "label": "A", "sample": 2, "ms": 17.75935935974121}
{"event": "sample", "n": 513, "mode": "forward_backward", "round": 1, "block": 0, "label": "A", "sample": 3, "ms": 17.759552001953125}
{"event": "sample", "n": 513, "mode": "forward_backward", "round": 1, "block": 0, "label": "A", "sample": 4, "ms": 17.754240036010742}
{"event": "sample", "n": 513, "mode": "forward_backward", "round": 1, "block": 0, "label": "A", "sample": 5, "ms": 17.756351470947266}
{"event": "sample", "n": 513, "mode": "forward_backward", "round": 1, "block": 0, "label": "A", "sample": 6, "ms": 17.76134490966797}
{"event": "sample", "n": 513, "mode": "forward_backward", "round": 1, "block": 0, "label": "A", "sample": 7, "ms": 17.757823944091797}
{"event": "sample", "n": 513, "mode": "forward_backward", "round": 1, "block": 0, "label": "A", "sample": 8, "ms": 17.75699234008789}
{"event": "sample", "n": 513, "mode": "forward_backward", "round": 1, "block": 0, "label": "A", "sample": 9, "ms": 17.754432678222656}
{"event": "sample", "n": 513, "mode": "forward_backward", "round": 1, "block": 1, "label": "B", "sample": 0, "ms": 10.082304000854492}
{"event": "sample", "n": 513, "mode": "forward_backward", "round": 1, "block": 1, "label": "B", "sample": 1, "ms": 9.684351921081543}
{"event": "sample", "n": 513, "mode": "forward_backward", "round": 1, "block": 1, "label": "B", "sample": 2, "ms": 9.664416313171387}
{"event": "sample", "n": 513, "mode": "forward_backward", "round": 1, "block": 1, "label": "B", "sample": 3, "ms": 9.674943923950195}
{"event": "sample", "n": 513, "mode": "forward_backward", "round": 1, "block": 1, "label": "B", "sample": 4, "ms": 9.67574405670166}
{"event": "sample", "n": 513, "mode": "forward_backward", "round": 1, "block": 1, "label": "B", "sample": 5, "ms": 9.66592025756836}
{"event": "sample", "n": 513, "mode": "forward_backward", "round": 1, "block": 1, "label": "B", "sample": 6, "ms": 9.667872428894043}
{"event": "sample", "n": 513, "mode": "forward_backward", "round": 1, "block": 1, "label": "B", "sample": 7, "ms": 9.673952102661133}
{"event": "sample", "n": 513, "mode": "forward_backward", "round": 1, "block": 1, "label": "B", "sample": 8, "ms": 9.670304298400879}
{"event": "sample", "n": 513, "mode": "forward_backward", "round": 1, "block": 1, "label": "B", "sample": 9, "ms": 9.67750358581543}
{"event": "sample", "n": 513, "mode": "forward_backward", "round": 1, "block": 2, "label": "B", "sample": 0, "ms": 10.087103843688965}
{"event": "sample", "n": 513, "mode": "forward_backward", "round": 1, "block": 2, "label": "B", "sample": 1, "ms": 9.671968460083008}
{"event": "sample", "n": 513, "mode": "forward_backward", "round": 1, "block": 2, "label": "B", "sample": 2, "ms": 9.663999557495117}
{"event": "sample", "n": 513, "mode": "forward_backward", "round": 1, "block": 2, "label": "B", "sample": 3, "ms": 9.673600196838379}
{"event": "sample", "n": 513, "mode": "forward_backward", "round": 1, "block": 2, "label": "B", "sample": 4, "ms": 9.673919677734375}
{"event": "sample", "n": 513, "mode": "forward_backward", "round": 1, "block": 2, "label": "B", "sample": 5, "ms": 9.676799774169922}
{"event": "sample", "n": 513, "mode": "forward_backward", "round": 1, "block": 2, "label": "B", "sample": 6, "ms": 9.675328254699707}
{"event": "sample", "n": 513, "mode": "forward_backward", "round": 1, "block": 2, "label": "B", "sample": 7, "ms": 9.67404842376709}
{"event": "sample", "n": 513, "mode": "forward_backward", "round": 1, "block": 2, "label": "B", "sample": 8, "ms": 9.65436840057373}
{"event": "sample", "n": 513, "mode": "forward_backward", "round": 1, "block": 2, "label": "B", "sample": 9, "ms": 9.662336349487305}
{"event": "sample", "n": 513, "mode": "forward_backward", "round": 1, "block": 3, "label": "A", "sample": 0, "ms": 18.08451271057129}
{"event": "sample", "n": 513, "mode": "forward_backward", "round": 1, "block": 3, "label": "A", "sample": 1, "ms": 17.75116729736328}
{"event": "sample", "n": 513, "mode": "forward_backward", "round": 1, "block": 3, "label": "A", "sample": 2, "ms": 17.745664596557617}
{"event": "sample", "n": 513, "mode": "forward_backward", "round": 1, "block": 3, "label": "A", "sample": 3, "ms": 17.74844741821289}
{"event": "sample", "n": 513, "mode": "forward_backward", "round": 1, "block": 3, "label": "A", "sample": 4, "ms": 17.755199432373047}
{"event": "sample", "n": 513, "mode": "forward_backward", "round": 1, "block": 3, "label": "A", "sample": 5, "ms": 17.75484848022461}
{"event": "sample", "n": 513, "mode": "forward_backward", "round": 1, "block": 3, "label": "A", "sample": 6, "ms": 17.76108741760254}
{"event": "sample", "n": 513, "mode": "forward_backward", "round": 1, "block": 3, "label": "A", "sample": 7, "ms": 17.761760711669922}
{"event": "sample", "n": 513, "mode": "forward_backward", "round": 1, "block": 3, "label": "A", "sample": 8, "ms": 17.763071060180664}
{"event": "sample", "n": 513, "mode": "forward_backward", "round": 1, "block": 3, "label": "A", "sample": 9, "ms": 17.757535934448242}
{"event": "sample", "n": 513, "mode": "forward_backward", "round": 2, "block": 0, "label": "A", "sample": 0, "ms": 18.19331169128418}
{"event": "sample", "n": 513, "mode": "forward_backward", "round": 2, "block": 0, "label": "A", "sample": 1, "ms": 17.760704040527344}
{"event": "sample", "n": 513, "mode": "forward_backward", "round": 2, "block": 0, "label": "A", "sample": 2, "ms": 17.765056610107422}
{"event": "sample", "n": 513, "mode": "forward_backward", "round": 2, "block": 0, "label": "A", "sample": 3, "ms": 17.764192581176758}
{"event": "sample", "n": 513, "mode": "forward_backward", "round": 2, "block": 0, "label": "A", "sample": 4, "ms": 17.765920639038086}
{"event": "sample", "n": 513, "mode": "forward_backward", "round": 2, "block": 0, "label": "A", "sample": 5, "ms": 17.758943557739258}
{"event": "sample", "n": 513, "mode": "forward_backward", "round": 2, "block": 0, "label": "A", "sample": 6, "ms": 17.75312042236328}
{"event": "sample", "n": 513, "mode": "forward_backward", "round": 2, "block": 0, "label": "A", "sample": 7, "ms": 17.757535934448242}
{"event": "sample", "n": 513, "mode": "forward_backward", "round": 2, "block": 0, "label": "A", "sample": 8, "ms": 17.76211166381836}
{"event": "sample", "n": 513, "mode": "forward_backward", "round": 2, "block": 0, "label": "A", "sample": 9, "ms": 17.762752532958984}
{"event": "sample", "n": 513, "mode": "forward_backward", "round": 2, "block": 1, "label": "B", "sample": 0, "ms": 10.084383964538574}
{"event": "sample", "n": 513, "mode": "forward_backward", "round": 2, "block": 1, "label": "B", "sample": 1, "ms": 9.665120124816895}
{"event": "sample", "n": 513, "mode": "forward_backward", "round": 2, "block": 1, "label": "B", "sample": 2, "ms": 9.70406436920166}
{"event": "sample", "n": 513, "mode": "forward_backward", "round": 2, "block": 1, "label": "B", "sample": 3, "ms": 9.693375587463379}
{"event": "sample", "n": 513, "mode": "forward_backward", "round": 2, "block": 1, "label": "B", "sample": 4, "ms": 9.693535804748535}
{"event": "sample", "n": 513, "mode": "forward_backward", "round": 2, "block": 1, "label": "B", "sample": 5, "ms": 9.701184272766113}
{"event": "sample", "n": 513, "mode": "forward_backward", "round": 2, "block": 1, "label": "B", "sample": 6, "ms": 9.687199592590332}
{"event": "sample", "n": 513, "mode": "forward_backward", "round": 2, "block": 1, "label": "B", "sample": 7, "ms": 9.69206428527832}
{"event": "sample", "n": 513, "mode": "forward_backward", "round": 2, "block": 1, "label": "B", "sample": 8, "ms": 9.694975852966309}
{"event": "sample", "n": 513, "mode": "forward_backward", "round": 2, "block": 1, "label": "B", "sample": 9, "ms": 9.696352005004883}
{"event": "sample", "n": 513, "mode": "forward_backward", "round": 2, "block": 2, "label": "B", "sample": 0, "ms": 10.0863676071167}
{"event": "sample", "n": 513, "mode": "forward_backward", "round": 2, "block": 2, "label": "B", "sample": 1, "ms": 9.699392318725586}
{"event": "sample", "n": 513, "mode": "forward_backward", "round": 2, "block": 2, "label": "B", "sample": 2, "ms": 9.67750358581543}
{"event": "sample", "n": 513, "mode": "forward_backward", "round": 2, "block": 2, "label": "B", "sample": 3, "ms": 9.668543815612793}
{"event": "sample", "n": 513, "mode": "forward_backward", "round": 2, "block": 2, "label": "B", "sample": 4, "ms": 9.670944213867188}
{"event": "sample", "n": 513, "mode": "forward_backward", "round": 2, "block": 2, "label": "B", "sample": 5, "ms": 9.67910385131836}
{"event": "sample", "n": 513, "mode": "forward_backward", "round": 2, "block": 2, "label": "B", "sample": 6, "ms": 9.675968170166016}
{"event": "sample", "n": 513, "mode": "forward_backward", "round": 2, "block": 2, "label": "B", "sample": 7, "ms": 9.675680160522461}
{"event": "sample", "n": 513, "mode": "forward_backward", "round": 2, "block": 2, "label": "B", "sample": 8, "ms": 9.675264358520508}
{"event": "sample", "n": 513, "mode": "forward_backward", "round": 2, "block": 2, "label": "B", "sample": 9, "ms": 9.672767639160156}
{"event": "sample", "n": 513, "mode": "forward_backward", "round": 2, "block": 3, "label": "A", "sample": 0, "ms": 18.092927932739258}
{"event": "sample", "n": 513, "mode": "forward_backward", "round": 2, "block": 3, "label": "A", "sample": 1, "ms": 17.790048599243164}
{"event": "sample", "n": 513, "mode": "forward_backward", "round": 2, "block": 3, "label": "A", "sample": 2, "ms": 17.802175521850586}
{"event": "sample", "n": 513, "mode": "forward_backward", "round": 2, "block": 3, "label": "A", "sample": 3, "ms": 17.797344207763672}
{"event": "sample", "n": 513, "mode": "forward_backward", "round": 2, "block": 3, "label": "A", "sample": 4, "ms": 17.793983459472656}
{"event": "sample", "n": 513, "mode": "forward_backward", "round": 2, "block": 3, "label": "A", "sample": 5, "ms": 17.788000106811523}
{"event": "sample", "n": 513, "mode": "forward_backward", "round": 2, "block": 3, "label": "A", "sample": 6, "ms": 17.796512603759766}
{"event": "sample", "n": 513, "mode": "forward_backward", "round": 2, "block": 3, "label": "A", "sample": 7, "ms": 17.75119972229004}
{"event": "sample", "n": 513, "mode": "forward_backward", "round": 2, "block": 3, "label": "A", "sample": 8, "ms": 17.753664016723633}
{"event": "sample", "n": 513, "mode": "forward_backward", "round": 2, "block": 3, "label": "A", "sample": 9, "ms": 17.754783630371094}
{"event": "summary", "n": 513, "mode": "forward_backward", "median_ms": {"A": 17.761216163635254, "B": 9.67750358581543}, "speedup": 1.8353096959497213, "samples_per_label": 60}
{"event": "parity", "n": 640, "checks": {"output": {"relative_l2": 0.0, "baseline_zero_max_abs_diagnostic": 0.0, "passed": true}, "dq": {"relative_l2": 5.8006095059681684e-05, "baseline_zero_max_abs_diagnostic": 3.725290298461914e-09, "passed": true}, "dk": {"relative_l2": 0.0, "baseline_zero_max_abs_diagnostic": 0.0, "passed": true}, "dv": {"relative_l2": 0.0, "baseline_zero_max_abs_diagnostic": 0.0, "passed": true}, "db": {"relative_l2": 8.557615728932433e-06, "baseline_zero_max_abs_diagnostic": 0.0, "passed": true}}, "independent_reference": false}
{"event": "memory", "n": 640, "measurements": {"A": {"peak_increment_bytes": 924467200, "retained_increment_bytes": 845414400}, "B": {"peak_increment_bytes": 1000755200, "retained_increment_bytes": 845414400}}}
{"event": "sample", "n": 640, "mode": "forward", "round": 0, "block": 0, "label": "A", "sample": 0, "ms": 3.0633599758148193}
{"event": "sample", "n": 640, "mode": "forward", "round": 0, "block": 0, "label": "A", "sample": 1, "ms": 2.819456100463867}
{"event": "sample", "n": 640, "mode": "forward", "round": 0, "block": 0, "label": "A", "sample": 2, "ms": 2.8290560245513916}
{"event": "sample", "n": 640, "mode": "forward", "round": 0, "block": 0, "label": "A", "sample": 3, "ms": 2.829632043838501}
{"event": "sample", "n": 640, "mode": "forward", "round": 0, "block": 0, "label": "A", "sample": 4, "ms": 2.8309760093688965}
{"event": "sample", "n": 640, "mode": "forward", "round": 0, "block": 0, "label": "A", "sample": 5, "ms": 2.8313920497894287}
{"event": "sample", "n": 640, "mode": "forward", "round": 0, "block": 0, "label": "A", "sample": 6, "ms": 2.828768014907837}
{"event": "sample", "n": 640, "mode": "forward", "round": 0, "block": 0, "label": "A", "sample": 7, "ms": 2.8298559188842773}
{"event": "sample", "n": 640, "mode": "forward", "round": 0, "block": 0, "label": "A", "sample": 8, "ms": 2.8298559188842773}
{"event": "sample", "n": 640, "mode": "forward", "round": 0, "block": 0, "label": "A", "sample": 9, "ms": 2.830080032348633}
{"event": "sample", "n": 640, "mode": "forward", "round": 0, "block": 1, "label": "B", "sample": 0, "ms": 3.0979840755462646}
{"event": "sample", "n": 640, "mode": "forward", "round": 0, "block": 1, "label": "B", "sample": 1, "ms": 2.7333760261535645}
{"event": "sample", "n": 640, "mode": "forward", "round": 0, "block": 1, "label": "B", "sample": 2, "ms": 2.7350080013275146}
{"event": "sample", "n": 640, "mode": "forward", "round": 0, "block": 1, "label": "B", "sample": 3, "ms": 2.736032009124756}
{"event": "sample", "n": 640, "mode": "forward", "round": 0, "block": 1, "label": "B", "sample": 4, "ms": 2.7352640628814697}
{"event": "sample", "n": 640, "mode": "forward", "round": 0, "block": 1, "label": "B", "sample": 5, "ms": 2.7334721088409424}
{"event": "sample", "n": 640, "mode": "forward", "round": 0, "block": 1, "label": "B", "sample": 6, "ms": 2.733599901199341}
{"event": "sample", "n": 640, "mode": "forward", "round": 0, "block": 1, "label": "B", "sample": 7, "ms": 2.7339839935302734}
{"event": "sample", "n": 640, "mode": "forward", "round": 0, "block": 1, "label": "B", "sample": 8, "ms": 2.733920097351074}
{"event": "sample", "n": 640, "mode": "forward", "round": 0, "block": 1, "label": "B", "sample": 9, "ms": 2.734879970550537}
{"event": "sample", "n": 640, "mode": "forward", "round": 0, "block": 2, "label": "B", "sample": 0, "ms": 3.0859200954437256}
{"event": "sample", "n": 640, "mode": "forward", "round": 0, "block": 2, "label": "B", "sample": 1, "ms": 2.731872081756592}
{"event": "sample", "n": 640, "mode": "forward", "round": 0, "block": 2, "label": "B", "sample": 2, "ms": 2.7332160472869873}
{"event": "sample", "n": 640, "mode": "forward", "round": 0, "block": 2, "label": "B", "sample": 3, "ms": 2.73417592048645}
{"event": "sample", "n": 640, "mode": "forward", "round": 0, "block": 2, "label": "B", "sample": 4, "ms": 2.734208106994629}
{"event": "sample", "n": 640, "mode": "forward", "round": 0, "block": 2, "label": "B", "sample": 5, "ms": 2.733567953109741}
{"event": "sample", "n": 640, "mode": "forward", "round": 0, "block": 2, "label": "B", "sample": 6, "ms": 2.73471999168396}
{"event": "sample", "n": 640, "mode": "forward", "round": 0, "block": 2, "label": "B", "sample": 7, "ms": 2.7342400550842285}
{"event": "sample", "n": 640, "mode": "forward", "round": 0, "block": 2, "label": "B", "sample": 8, "ms": 2.7350399494171143}
{"event": "sample", "n": 640, "mode": "forward", "round": 0, "block": 2, "label": "B", "sample": 9, "ms": 2.73305606842041}
{"event": "sample", "n": 640, "mode": "forward", "round": 0, "block": 3, "label": "A", "sample": 0, "ms": 3.101088047027588}
{"event": "sample", "n": 640, "mode": "forward", "round": 0, "block": 3, "label": "A", "sample": 1, "ms": 2.826751947402954}
{"event": "sample", "n": 640, "mode": "forward", "round": 0, "block": 3, "label": "A", "sample": 2, "ms": 2.82694411277771}
{"event": "sample", "n": 640, "mode": "forward", "round": 0, "block": 3, "label": "A", "sample": 3, "ms": 2.8323841094970703}
{"event": "sample", "n": 640, "mode": "forward", "round": 0, "block": 3, "label": "A", "sample": 4, "ms": 2.830143928527832}
{"event": "sample", "n": 640, "mode": "forward", "round": 0, "block": 3, "label": "A", "sample": 5, "ms": 2.8304319381713867}
{"event": "sample", "n": 640, "mode": "forward", "round": 0, "block": 3, "label": "A", "sample": 6, "ms": 2.8287360668182373}
{"event": "sample", "n": 640, "mode": "forward", "round": 0, "block": 3, "label": "A", "sample": 7, "ms": 2.8301119804382324}
{"event": "sample", "n": 640, "mode": "forward", "round": 0, "block": 3, "label": "A", "sample": 8, "ms": 2.8293440341949463}
{"event": "sample", "n": 640, "mode": "forward", "round": 0, "block": 3, "label": "A", "sample": 9, "ms": 2.825119972229004}
{"event": "sample", "n": 640, "mode": "forward", "round": 1, "block": 0, "label": "A", "sample": 0, "ms": 3.0931520462036133}
{"event": "sample", "n": 640, "mode": "forward", "round": 1, "block": 0, "label": "A", "sample": 1, "ms": 2.819200038909912}
{"event": "sample", "n": 640, "mode": "forward", "round": 1, "block": 0, "label": "A", "sample": 2, "ms": 2.8233280181884766}
{"event": "sample", "n": 640, "mode": "forward", "round": 1, "block": 0, "label": "A", "sample": 3, "ms": 2.8225600719451904}
{"event": "sample", "n": 640, "mode": "forward", "round": 1, "block": 0, "label": "A", "sample": 4, "ms": 2.8224000930786133}
{"event": "sample", "n": 640, "mode": "forward", "round": 1, "block": 0, "label": "A", "sample": 5, "ms": 2.822432041168213}
{"event": "sample", "n": 640, "mode": "forward", "round": 1, "block": 0, "label": "A", "sample": 6, "ms": 2.8219521045684814}
{"event": "sample", "n": 640, "mode": "forward", "round": 1, "block": 0, "label": "A", "sample": 7, "ms": 2.8230719566345215}
{"event": "sample", "n": 640, "mode": "forward", "round": 1, "block": 0, "label": "A", "sample": 8, "ms": 2.820352077484131}
{"event": "sample", "n": 640, "mode": "forward", "round": 1, "block": 0, "label": "A", "sample": 9, "ms": 2.82041597366333}
{"event": "sample", "n": 640, "mode": "forward", "round": 1, "block": 1, "label": "B", "sample": 0, "ms": 3.084928035736084}
{"event": "sample", "n": 640, "mode": "forward", "round": 1, "block": 1, "label": "B", "sample": 1, "ms": 2.7261440753936768}
{"event": "sample", "n": 640, "mode": "forward", "round": 1, "block": 1, "label": "B", "sample": 2, "ms": 2.7279679775238037}
{"event": "sample", "n": 640, "mode": "forward", "round": 1, "block": 1, "label": "B", "sample": 3, "ms": 2.7263360023498535}
{"event": "sample", "n": 640, "mode": "forward", "round": 1, "block": 1, "label": "B", "sample": 4, "ms": 2.727519989013672}
{"event": "sample", "n": 640, "mode": "forward", "round": 1, "block": 1, "label": "B", "sample": 5, "ms": 2.727328062057495}
{"event": "sample", "n": 640, "mode": "forward", "round": 1, "block": 1, "label": "B", "sample": 6, "ms": 2.728287935256958}
{"event": "sample", "n": 640, "mode": "forward", "round": 1, "block": 1, "label": "B", "sample": 7, "ms": 2.7273600101470947}
{"event": "sample", "n": 640, "mode": "forward", "round": 1, "block": 1, "label": "B", "sample": 8, "ms": 2.7277119159698486}
{"event": "sample", "n": 640, "mode": "forward", "round": 1, "block": 1, "label": "B", "sample": 9, "ms": 2.7279040813446045}
{"event": "sample", "n": 640, "mode": "forward", "round": 1, "block": 2, "label": "B", "sample": 0, "ms": 3.0464959144592285}
{"event": "sample", "n": 640, "mode": "forward", "round": 1, "block": 2, "label": "B", "sample": 1, "ms": 2.725696086883545}
{"event": "sample", "n": 640, "mode": "forward", "round": 1, "block": 2, "label": "B", "sample": 2, "ms": 2.7267839908599854}
{"event": "sample", "n": 640, "mode": "forward", "round": 1, "block": 2, "label": "B", "sample": 3, "ms": 2.726655960083008}
{"event": "sample", "n": 640, "mode": "forward", "round": 1, "block": 2, "label": "B", "sample": 4, "ms": 2.7288320064544678}
{"event": "sample", "n": 640, "mode": "forward", "round": 1, "block": 2, "label": "B", "sample": 5, "ms": 2.727168083190918}
{"event": "sample", "n": 640, "mode": "forward", "round": 1, "block": 2, "label": "B", "sample": 6, "ms": 2.7273919582366943}
{"event": "sample", "n": 640, "mode": "forward", "round": 1, "block": 2, "label": "B", "sample": 7, "ms": 2.726624011993408}
{"event": "sample", "n": 640, "mode": "forward", "round": 1, "block": 2, "label": "B", "sample": 8, "ms": 2.7280960083007812}
{"event": "sample", "n": 640, "mode": "forward", "round": 1, "block": 2, "label": "B", "sample": 9, "ms": 2.7286720275878906}
{"event": "sample", "n": 640, "mode": "forward", "round": 1, "block": 3, "label": "A", "sample": 0, "ms": 3.1001598834991455}
{"event": "sample", "n": 640, "mode": "forward", "round": 1, "block": 3, "label": "A", "sample": 1, "ms": 2.824415922164917}
{"event": "sample", "n": 640, "mode": "forward", "round": 1, "block": 3, "label": "A", "sample": 2, "ms": 2.8282558917999268}
{"event": "sample", "n": 640, "mode": "forward", "round": 1, "block": 3, "label": "A", "sample": 3, "ms": 2.829632043838501}
{"event": "sample", "n": 640, "mode": "forward", "round": 1, "block": 3, "label": "A", "sample": 4, "ms": 2.8297278881073}
{"event": "sample", "n": 640, "mode": "forward", "round": 1, "block": 3, "label": "A", "sample": 5, "ms": 2.8272318840026855}
{"event": "sample", "n": 640, "mode": "forward", "round": 1, "block": 3, "label": "A", "sample": 6, "ms": 2.8304319381713867}
{"event": "sample", "n": 640, "mode": "forward", "round": 1, "block": 3, "label": "A", "sample": 7, "ms": 2.8268799781799316}
{"event": "sample", "n": 640, "mode": "forward", "round": 1, "block": 3, "label": "A", "sample": 8, "ms": 2.8294079303741455}
{"event": "sample", "n": 640, "mode": "forward", "round": 1, "block": 3, "label": "A", "sample": 9, "ms": 2.8287041187286377}
{"event": "sample", "n": 640, "mode": "forward", "round": 2, "block": 0, "label": "A", "sample": 0, "ms": 3.0973119735717773}
{"event": "sample", "n": 640, "mode": "forward", "round": 2, "block": 0, "label": "A", "sample": 1, "ms": 2.8274240493774414}
{"event": "sample", "n": 640, "mode": "forward", "round": 2, "block": 0, "label": "A", "sample": 2, "ms": 2.8286399841308594}
{"event": "sample", "n": 640, "mode": "forward", "round": 2, "block": 0, "label": "A", "sample": 3, "ms": 2.829087972640991}
{"event": "sample", "n": 640, "mode": "forward", "round": 2, "block": 0, "label": "A", "sample": 4, "ms": 2.8293120861053467}
{"event": "sample", "n": 640, "mode": "forward", "round": 2, "block": 0, "label": "A", "sample": 5, "ms": 2.826848030090332}
{"event": "sample", "n": 640, "mode": "forward", "round": 2, "block": 0, "label": "A", "sample": 6, "ms": 2.8288960456848145}
{"event": "sample", "n": 640, "mode": "forward", "round": 2, "block": 0, "label": "A", "sample": 7, "ms": 2.829279899597168}
{"event": "sample", "n": 640, "mode": "forward", "round": 2, "block": 0, "label": "A", "sample": 8, "ms": 2.827807903289795}
{"event": "sample", "n": 640, "mode": "forward", "round": 2, "block": 0, "label": "A", "sample": 9, "ms": 2.827455997467041}
{"event": "sample", "n": 640, "mode": "forward", "round": 2, "block": 1, "label": "B", "sample": 0, "ms": 3.102207899093628}
{"event": "sample", "n": 640, "mode": "forward", "round": 2, "block": 1, "label": "B", "sample": 1, "ms": 2.731872081756592}
{"event": "sample", "n": 640, "mode": "forward", "round": 2, "block": 1, "label": "B", "sample": 2, "ms": 2.733599901199341}
{"event": "sample", "n": 640, "mode": "forward", "round": 2, "block": 1, "label": "B", "sample": 3, "ms": 2.7332799434661865}
{"event": "sample", "n": 640, "mode": "forward", "round": 2, "block": 1, "label": "B", "sample": 4, "ms": 2.735167980194092}
{"event": "sample", "n": 640, "mode": "forward", "round": 2, "block": 1, "label": "B", "sample": 5, "ms": 2.7334721088409424}
{"event": "sample", "n": 640, "mode": "forward", "round": 2, "block": 1, "label": "B", "sample": 6, "ms": 2.7336959838867188}
{"event": "sample", "n": 640, "mode": "forward", "round": 2, "block": 1, "label": "B", "sample": 7, "ms": 2.733855962753296}
{"event": "sample", "n": 640, "mode": "forward", "round": 2, "block": 1, "label": "B", "sample": 8, "ms": 2.7332799434661865}
{"event": "sample", "n": 640, "mode": "forward", "round": 2, "block": 1, "label": "B", "sample": 9, "ms": 2.734272003173828}
{"event": "sample", "n": 640, "mode": "forward", "round": 2, "block": 2, "label": "B", "sample": 0, "ms": 3.0516159534454346}
{"event": "sample", "n": 640, "mode": "forward", "round": 2, "block": 2, "label": "B", "sample": 1, "ms": 2.7324159145355225}
{"event": "sample", "n": 640, "mode": "forward", "round": 2, "block": 2, "label": "B", "sample": 2, "ms": 2.734208106994629}
{"event": "sample", "n": 640, "mode": "forward", "round": 2, "block": 2, "label": "B", "sample": 3, "ms": 2.733311891555786}
{"event": "sample", "n": 640, "mode": "forward", "round": 2, "block": 2, "label": "B", "sample": 4, "ms": 2.733567953109741}
{"event": "sample", "n": 640, "mode": "forward", "round": 2, "block": 2, "label": "B", "sample": 5, "ms": 2.733311891555786}
{"event": "sample", "n": 640, "mode": "forward", "round": 2, "block": 2, "label": "B", "sample": 6, "ms": 2.727839946746826}
{"event": "sample", "n": 640, "mode": "forward", "round": 2, "block": 2, "label": "B", "sample": 7, "ms": 2.7273600101470947}
{"event": "sample", "n": 640, "mode": "forward", "round": 2, "block": 2, "label": "B", "sample": 8, "ms": 2.727008104324341}
{"event": "sample", "n": 640, "mode": "forward", "round": 2, "block": 2, "label": "B", "sample": 9, "ms": 2.727231979370117}
{"event": "sample", "n": 640, "mode": "forward", "round": 2, "block": 3, "label": "A", "sample": 0, "ms": 3.0863358974456787}
{"event": "sample", "n": 640, "mode": "forward", "round": 2, "block": 3, "label": "A", "sample": 1, "ms": 2.8208959102630615}
{"event": "sample", "n": 640, "mode": "forward", "round": 2, "block": 3, "label": "A", "sample": 2, "ms": 2.821023941040039}
{"event": "sample", "n": 640, "mode": "forward", "round": 2, "block": 3, "label": "A", "sample": 3, "ms": 2.8218560218811035}
{"event": "sample", "n": 640, "mode": "forward", "round": 2, "block": 3, "label": "A", "sample": 4, "ms": 2.8227200508117676}
{"event": "sample", "n": 640, "mode": "forward", "round": 2, "block": 3, "label": "A", "sample": 5, "ms": 2.8227200508117676}
{"event": "sample", "n": 640, "mode": "forward", "round": 2, "block": 3, "label": "A", "sample": 6, "ms": 2.822688102722168}
{"event": "sample", "n": 640, "mode": "forward", "round": 2, "block": 3, "label": "A", "sample": 7, "ms": 2.821631908416748}
{"event": "sample", "n": 640, "mode": "forward", "round": 2, "block": 3, "label": "A", "sample": 8, "ms": 2.8220479488372803}
{"event": "sample", "n": 640, "mode": "forward", "round": 2, "block": 3, "label": "A", "sample": 9, "ms": 2.8231360912323}
{"event": "summary", "n": 640, "mode": "forward", "median_ms": {"A": 2.828447937965393, "B": 2.733311891555786}, "speedup": 1.0348061436762916, "samples_per_label": 60}
{"event": "sample", "n": 640, "mode": "backward", "round": 0, "block": 0, "label": "A", "sample": 0, "ms": 14.673376083374023}
{"event": "sample", "n": 640, "mode": "backward", "round": 0, "block": 0, "label": "A", "sample": 1, "ms": 14.397184371948242}
{"event": "sample", "n": 640, "mode": "backward", "round": 0, "block": 0, "label": "A", "sample": 2, "ms": 14.405695915222168}
{"event": "sample", "n": 640, "mode": "backward", "round": 0, "block": 0, "label": "A", "sample": 3, "ms": 14.400927543640137}
{"event": "sample", "n": 640, "mode": "backward", "round": 0, "block": 0, "label": "A", "sample": 4, "ms": 14.400704383850098}
{"event": "sample", "n": 640, "mode": "backward", "round": 0, "block": 0, "label": "A", "sample": 5, "ms": 14.388192176818848}
{"event": "sample", "n": 640, "mode": "backward", "round": 0, "block": 0, "label": "A", "sample": 6, "ms": 14.365920066833496}
{"event": "sample", "n": 640, "mode": "backward", "round": 0, "block": 0, "label": "A", "sample": 7, "ms": 14.374239921569824}
{"event": "sample", "n": 640, "mode": "backward", "round": 0, "block": 0, "label": "A", "sample": 8, "ms": 14.376255989074707}
{"event": "sample", "n": 640, "mode": "backward", "round": 0, "block": 0, "label": "A", "sample": 9, "ms": 14.37606430053711}
{"event": "sample", "n": 640, "mode": "backward", "round": 0, "block": 1, "label": "B", "sample": 0, "ms": 10.740127563476562}
{"event": "sample", "n": 640, "mode": "backward", "round": 0, "block": 1, "label": "B", "sample": 1, "ms": 10.582079887390137}
{"event": "sample", "n": 640, "mode": "backward", "round": 0, "block": 1, "label": "B", "sample": 2, "ms": 10.57811164855957}
{"event": "sample", "n": 640, "mode": "backward", "round": 0, "block": 1, "label": "B", "sample": 3, "ms": 10.616543769836426}
{"event": "sample", "n": 640, "mode": "backward", "round": 0, "block": 1, "label": "B", "sample": 4, "ms": 10.613663673400879}
{"event": "sample", "n": 640, "mode": "backward", "round": 0, "block": 1, "label": "B", "sample": 5, "ms": 10.60159969329834}
{"event": "sample", "n": 640, "mode": "backward", "round": 0, "block": 1, "label": "B", "sample": 6, "ms": 10.605119705200195}
{"event": "sample", "n": 640, "mode": "backward", "round": 0, "block": 1, "label": "B", "sample": 7, "ms": 10.603008270263672}
{"event": "sample", "n": 640, "mode": "backward", "round": 0, "block": 1, "label": "B", "sample": 8, "ms": 10.597951889038086}
{"event": "sample", "n": 640, "mode": "backward", "round": 0, "block": 1, "label": "B", "sample": 9, "ms": 10.60927963256836}
{"event": "sample", "n": 640, "mode": "backward", "round": 0, "block": 2, "label": "B", "sample": 0, "ms": 10.734335899353027}
{"event": "sample", "n": 640, "mode": "backward", "round": 0, "block": 2, "label": "B", "sample": 1, "ms": 10.602208137512207}
{"event": "sample", "n": 640, "mode": "backward", "round": 0, "block": 2, "label": "B", "sample": 2, "ms": 10.579968452453613}
{"event": "sample", "n": 640, "mode": "backward", "round": 0, "block": 2, "label": "B", "sample": 3, "ms": 10.571423530578613}
{"event": "sample", "n": 640, "mode": "backward", "round": 0, "block": 2, "label": "B", "sample": 4, "ms": 10.59443187713623}
{"event": "sample", "n": 640, "mode": "backward", "round": 0, "block": 2, "label": "B", "sample": 5, "ms": 10.58198356628418}
{"event": "sample", "n": 640, "mode": "backward", "round": 0, "block": 2, "label": "B", "sample": 6, "ms": 10.590559959411621}
{"event": "sample", "n": 640, "mode": "backward", "round": 0, "block": 2, "label": "B", "sample": 7, "ms": 10.588255882263184}
{"event": "sample", "n": 640, "mode": "backward", "round": 0, "block": 2, "label": "B", "sample": 8, "ms": 10.596639633178711}
{"event": "sample", "n": 640, "mode": "backward", "round": 0, "block": 2, "label": "B", "sample": 9, "ms": 10.583359718322754}
{"event": "sample", "n": 640, "mode": "backward", "round": 0, "block": 3, "label": "A", "sample": 0, "ms": 14.934304237365723}
{"event": "sample", "n": 640, "mode": "backward", "round": 0, "block": 3, "label": "A", "sample": 1, "ms": 14.399423599243164}
{"event": "sample", "n": 640, "mode": "backward", "round": 0, "block": 3, "label": "A", "sample": 2, "ms": 14.409503936767578}
{"event": "sample", "n": 640, "mode": "backward", "round": 0, "block": 3, "label": "A", "sample": 3, "ms": 14.398207664489746}
{"event": "sample", "n": 640, "mode": "backward", "round": 0, "block": 3, "label": "A", "sample": 4, "ms": 14.401023864746094}
{"event": "sample", "n": 640, "mode": "backward", "round": 0, "block": 3, "label": "A", "sample": 5, "ms": 14.401887893676758}
{"event": "sample", "n": 640, "mode": "backward", "round": 0, "block": 3, "label": "A", "sample": 6, "ms": 14.402400016784668}
{"event": "sample", "n": 640, "mode": "backward", "round": 0, "block": 3, "label": "A", "sample": 7, "ms": 14.407008171081543}
{"event": "sample", "n": 640, "mode": "backward", "round": 0, "block": 3, "label": "A", "sample": 8, "ms": 14.37161636352539}
{"event": "sample", "n": 640, "mode": "backward", "round": 0, "block": 3, "label": "A", "sample": 9, "ms": 14.375040054321289}
{"event": "sample", "n": 640, "mode": "backward", "round": 1, "block": 0, "label": "A", "sample": 0, "ms": 14.599424362182617}
{"event": "sample", "n": 640, "mode": "backward", "round": 1, "block": 0, "label": "A", "sample": 1, "ms": 14.368191719055176}
{"event": "sample", "n": 640, "mode": "backward", "round": 1, "block": 0, "label": "A", "sample": 2, "ms": 14.367903709411621}
{"event": "sample", "n": 640, "mode": "backward", "round": 1, "block": 0, "label": "A", "sample": 3, "ms": 14.367263793945312}
{"event": "sample", "n": 640, "mode": "backward", "round": 1, "block": 0, "label": "A", "sample": 4, "ms": 14.373791694641113}
{"event": "sample", "n": 640, "mode": "backward", "round": 1, "block": 0, "label": "A", "sample": 5, "ms": 14.369183540344238}
{"event": "sample", "n": 640, "mode": "backward", "round": 1, "block": 0, "label": "A", "sample": 6, "ms": 14.372511863708496}
{"event": "sample", "n": 640, "mode": "backward", "round": 1, "block": 0, "label": "A", "sample": 7, "ms": 14.365920066833496}
{"event": "sample", "n": 640, "mode": "backward", "round": 1, "block": 0, "label": "A", "sample": 8, "ms": 14.368864059448242}
{"event": "sample", "n": 640, "mode": "backward", "round": 1, "block": 0, "label": "A", "sample": 9, "ms": 14.372960090637207}
{"event": "sample", "n": 640, "mode": "backward", "round": 1, "block": 1, "label": "B", "sample": 0, "ms": 10.821855545043945}
{"event": "sample", "n": 640, "mode": "backward", "round": 1, "block": 1, "label": "B", "sample": 1, "ms": 10.589344024658203}
{"event": "sample", "n": 640, "mode": "backward", "round": 1, "block": 1, "label": "B", "sample": 2, "ms": 10.572896003723145}
{"event": "sample", "n": 640, "mode": "backward", "round": 1, "block": 1, "label": "B", "sample": 3, "ms": 10.591456413269043}
{"event": "sample", "n": 640, "mode": "backward", "round": 1, "block": 1, "label": "B", "sample": 4, "ms": 10.59609603881836}
{"event": "sample", "n": 640, "mode": "backward", "round": 1, "block": 1, "label": "B", "sample": 5, "ms": 10.594719886779785}
{"event": "sample", "n": 640, "mode": "backward", "round": 1, "block": 1, "label": "B", "sample": 6, "ms": 10.59119987487793}
{"event": "sample", "n": 640, "mode": "backward", "round": 1, "block": 1, "label": "B", "sample": 7, "ms": 10.585599899291992}
{"event": "sample", "n": 640, "mode": "backward", "round": 1, "block": 1, "label": "B", "sample": 8, "ms": 10.595775604248047}
{"event": "sample", "n": 640, "mode": "backward", "round": 1, "block": 1, "label": "B", "sample": 9, "ms": 10.584223747253418}
{"event": "sample", "n": 640, "mode": "backward", "round": 1, "block": 2, "label": "B", "sample": 0, "ms": 10.736607551574707}
{"event": "sample", "n": 640, "mode": "backward", "round": 1, "block": 2, "label": "B", "sample": 1, "ms": 10.579071998596191}
{"event": "sample", "n": 640, "mode": "backward", "round": 1, "block": 2, "label": "B", "sample": 2, "ms": 10.63913631439209}
{"event": "sample", "n": 640, "mode": "backward", "round": 1, "block": 2, "label": "B", "sample": 3, "ms": 10.6178560256958}
{"event": "sample", "n": 640, "mode": "backward", "round": 1, "block": 2, "label": "B", "sample": 4, "ms": 10.632927894592285}
{"event": "sample", "n": 640, "mode": "backward", "round": 1, "block": 2, "label": "B", "sample": 5, "ms": 10.617183685302734}
{"event": "sample", "n": 640, "mode": "backward", "round": 1, "block": 2, "label": "B", "sample": 6, "ms": 10.60905647277832}
{"event": "sample", "n": 640, "mode": "backward", "round": 1, "block": 2, "label": "B", "sample": 7, "ms": 10.622112274169922}
{"event": "sample", "n": 640, "mode": "backward", "round": 1, "block": 2, "label": "B", "sample": 8, "ms": 10.619199752807617}
{"event": "sample", "n": 640, "mode": "backward", "round": 1, "block": 2, "label": "B", "sample": 9, "ms": 10.619039535522461}
{"event": "sample", "n": 640, "mode": "backward", "round": 1, "block": 3, "label": "A", "sample": 0, "ms": 14.691712379455566}
{"event": "sample", "n": 640, "mode": "backward", "round": 1, "block": 3, "label": "A", "sample": 1, "ms": 14.364895820617676}
{"event": "sample", "n": 640, "mode": "backward", "round": 1, "block": 3, "label": "A", "sample": 2, "ms": 14.37279987335205}
{"event": "sample", "n": 640, "mode": "backward", "round": 1, "block": 3, "label": "A", "sample": 3, "ms": 14.376255989074707}
{"event": "sample", "n": 640, "mode": "backward", "round": 1, "block": 3, "label": "A", "sample": 4, "ms": 14.37059211730957}
{"event": "sample", "n": 640, "mode": "backward", "round": 1, "block": 3, "label": "A", "sample": 5, "ms": 14.371583938598633}
{"event": "sample", "n": 640, "mode": "backward", "round": 1, "block": 3, "label": "A", "sample": 6, "ms": 14.373279571533203}
{"event": "sample", "n": 640, "mode": "backward", "round": 1, "block": 3, "label": "A", "sample": 7, "ms": 14.370752334594727}
{"event": "sample", "n": 640, "mode": "backward", "round": 1, "block": 3, "label": "A", "sample": 8, "ms": 14.407360076904297}
{"event": "sample", "n": 640, "mode": "backward", "round": 1, "block": 3, "label": "A", "sample": 9, "ms": 14.39897632598877}
{"event": "sample", "n": 640, "mode": "backward", "round": 2, "block": 0, "label": "A", "sample": 0, "ms": 14.628607749938965}
{"event": "sample", "n": 640, "mode": "backward", "round": 2, "block": 0, "label": "A", "sample": 1, "ms": 14.396608352661133}
{"event": "sample", "n": 640, "mode": "backward", "round": 2, "block": 0, "label": "A", "sample": 2, "ms": 14.399904251098633}
{"event": "sample", "n": 640, "mode": "backward", "round": 2, "block": 0, "label": "A", "sample": 3, "ms": 14.404224395751953}
{"event": "sample", "n": 640, "mode": "backward", "round": 2, "block": 0, "label": "A", "sample": 4, "ms": 14.393888473510742}
{"event": "sample", "n": 640, "mode": "backward", "round": 2, "block": 0, "label": "A", "sample": 5, "ms": 14.36684799194336}
{"event": "sample", "n": 640, "mode": "backward", "round": 2, "block": 0, "label": "A", "sample": 6, "ms": 14.368831634521484}
{"event": "sample", "n": 640, "mode": "backward", "round": 2, "block": 0, "label": "A", "sample": 7, "ms": 14.370752334594727}
{"event": "sample", "n": 640, "mode": "backward", "round": 2, "block": 0, "label": "A", "sample": 8, "ms": 14.381119728088379}
{"event": "sample", "n": 640, "mode": "backward", "round": 2, "block": 0, "label": "A", "sample": 9, "ms": 14.376992225646973}
{"event": "sample", "n": 640, "mode": "backward", "round": 2, "block": 1, "label": "B", "sample": 0, "ms": 10.755743980407715}
{"event": "sample", "n": 640, "mode": "backward", "round": 2, "block": 1, "label": "B", "sample": 1, "ms": 10.58784008026123}
{"event": "sample", "n": 640, "mode": "backward", "round": 2, "block": 1, "label": "B", "sample": 2, "ms": 10.584799766540527}
{"event": "sample", "n": 640, "mode": "backward", "round": 2, "block": 1, "label": "B", "sample": 3, "ms": 10.574272155761719}
{"event": "sample", "n": 640, "mode": "backward", "round": 2, "block": 1, "label": "B", "sample": 4, "ms": 10.58080005645752}
{"event": "sample", "n": 640, "mode": "backward", "round": 2, "block": 1, "label": "B", "sample": 5, "ms": 10.583231925964355}
{"event": "sample", "n": 640, "mode": "backward", "round": 2, "block": 1, "label": "B", "sample": 6, "ms": 10.573311805725098}
{"event": "sample", "n": 640, "mode": "backward", "round": 2, "block": 1, "label": "B", "sample": 7, "ms": 10.587743759155273}
{"event": "sample", "n": 640, "mode": "backward", "round": 2, "block": 1, "label": "B", "sample": 8, "ms": 10.581184387207031}
{"event": "sample", "n": 640, "mode": "backward", "round": 2, "block": 1, "label": "B", "sample": 9, "ms": 10.56982421875}
{"event": "sample", "n": 640, "mode": "backward", "round": 2, "block": 2, "label": "B", "sample": 0, "ms": 10.704768180847168}
{"event": "sample", "n": 640, "mode": "backward", "round": 2, "block": 2, "label": "B", "sample": 1, "ms": 10.600895881652832}
{"event": "sample", "n": 640, "mode": "backward", "round": 2, "block": 2, "label": "B", "sample": 2, "ms": 10.615903854370117}
{"event": "sample", "n": 640, "mode": "backward", "round": 2, "block": 2, "label": "B", "sample": 3, "ms": 10.619423866271973}
{"event": "sample", "n": 640, "mode": "backward", "round": 2, "block": 2, "label": "B", "sample": 4, "ms": 10.602208137512207}
{"event": "sample", "n": 640, "mode": "backward", "round": 2, "block": 2, "label": "B", "sample": 5, "ms": 10.6112642288208}
{"event": "sample", "n": 640, "mode": "backward", "round": 2, "block": 2, "label": "B", "sample": 6, "ms": 10.607232093811035}
{"event": "sample", "n": 640, "mode": "backward", "round": 2, "block": 2, "label": "B", "sample": 7, "ms": 10.60912036895752}
{"event": "sample", "n": 640, "mode": "backward", "round": 2, "block": 2, "label": "B", "sample": 8, "ms": 10.618016242980957}
{"event": "sample", "n": 640, "mode": "backward", "round": 2, "block": 2, "label": "B", "sample": 9, "ms": 10.608384132385254}
{"event": "sample", "n": 640, "mode": "backward", "round": 2, "block": 3, "label": "A", "sample": 0, "ms": 14.696479797363281}
{"event": "sample", "n": 640, "mode": "backward", "round": 2, "block": 3, "label": "A", "sample": 1, "ms": 14.372032165527344}
{"event": "sample", "n": 640, "mode": "backward", "round": 2, "block": 3, "label": "A", "sample": 2, "ms": 14.37007999420166}
{"event": "sample", "n": 640, "mode": "backward", "round": 2, "block": 3, "label": "A", "sample": 3, "ms": 14.376959800720215}
{"event": "sample", "n": 640, "mode": "backward", "round": 2, "block": 3, "label": "A", "sample": 4, "ms": 14.362560272216797}
{"event": "sample", "n": 640, "mode": "backward", "round": 2, "block": 3, "label": "A", "sample": 5, "ms": 14.373855590820312}
{"event": "sample", "n": 640, "mode": "backward", "round": 2, "block": 3, "label": "A", "sample": 6, "ms": 14.369791984558105}
{"event": "sample", "n": 640, "mode": "backward", "round": 2, "block": 3, "label": "A", "sample": 7, "ms": 14.378239631652832}
{"event": "sample", "n": 640, "mode": "backward", "round": 2, "block": 3, "label": "A", "sample": 8, "ms": 14.406656265258789}
{"event": "sample", "n": 640, "mode": "backward", "round": 2, "block": 3, "label": "A", "sample": 9, "ms": 14.394495964050293}
{"event": "summary", "n": 640, "mode": "backward", "median_ms": {"A": 14.376607894897461, "B": 10.599423885345459}, "speedup": 1.3563574822943214, "samples_per_label": 60}
{"event": "sample", "n": 640, "mode": "forward_backward", "round": 0, "block": 0, "label": "A", "sample": 0, "ms": 17.490272521972656}
{"event": "sample", "n": 640, "mode": "forward_backward", "round": 0, "block": 0, "label": "A", "sample": 1, "ms": 17.197216033935547}
{"event": "sample", "n": 640, "mode": "forward_backward", "round": 0, "block": 0, "label": "A", "sample": 2, "ms": 17.19772720336914}
{"event": "sample", "n": 640, "mode": "forward_backward", "round": 0, "block": 0, "label": "A", "sample": 3, "ms": 17.202367782592773}
{"event": "sample", "n": 640, "mode": "forward_backward", "round": 0, "block": 0, "label": "A", "sample": 4, "ms": 17.218656539916992}
{"event": "sample", "n": 640, "mode": "forward_backward", "round": 0, "block": 0, "label": "A", "sample": 5, "ms": 17.237760543823242}
{"event": "sample", "n": 640, "mode": "forward_backward", "round": 0, "block": 0, "label": "A", "sample": 6, "ms": 17.235231399536133}
{"event": "sample", "n": 640, "mode": "forward_backward", "round": 0, "block": 0, "label": "A", "sample": 7, "ms": 17.235776901245117}
{"event": "sample", "n": 640, "mode": "forward_backward", "round": 0, "block": 0, "label": "A", "sample": 8, "ms": 17.224512100219727}
{"event": "sample", "n": 640, "mode": "forward_backward", "round": 0, "block": 0, "label": "A", "sample": 9, "ms": 17.23369598388672}
{"event": "sample", "n": 640, "mode": "forward_backward", "round": 0, "block": 1, "label": "B", "sample": 0, "ms": 13.693696022033691}
{"event": "sample", "n": 640, "mode": "forward_backward", "round": 0, "block": 1, "label": "B", "sample": 1, "ms": 13.305536270141602}
{"event": "sample", "n": 640, "mode": "forward_backward", "round": 0, "block": 1, "label": "B", "sample": 2, "ms": 13.27558422088623}
{"event": "sample", "n": 640, "mode": "forward_backward", "round": 0, "block": 1, "label": "B", "sample": 3, "ms": 13.295392036437988}
{"event": "sample", "n": 640, "mode": "forward_backward", "round": 0, "block": 1, "label": "B", "sample": 4, "ms": 13.308032035827637}
{"event": "sample", "n": 640, "mode": "forward_backward", "round": 0, "block": 1, "label": "B", "sample": 5, "ms": 13.305791854858398}
{"event": "sample", "n": 640, "mode": "forward_backward", "round": 0, "block": 1, "label": "B", "sample": 6, "ms": 13.319168090820312}
{"event": "sample", "n": 640, "mode": "forward_backward", "round": 0, "block": 1, "label": "B", "sample": 7, "ms": 13.28335952758789}
{"event": "sample", "n": 640, "mode": "forward_backward", "round": 0, "block": 1, "label": "B", "sample": 8, "ms": 13.30844783782959}
{"event": "sample", "n": 640, "mode": "forward_backward", "round": 0, "block": 1, "label": "B", "sample": 9, "ms": 13.293919563293457}
{"event": "sample", "n": 640, "mode": "forward_backward", "round": 0, "block": 2, "label": "B", "sample": 0, "ms": 14.281439781188965}
{"event": "sample", "n": 640, "mode": "forward_backward", "round": 0, "block": 2, "label": "B", "sample": 1, "ms": 13.29651165008545}
{"event": "sample", "n": 640, "mode": "forward_backward", "round": 0, "block": 2, "label": "B", "sample": 2, "ms": 13.319711685180664}
{"event": "sample", "n": 640, "mode": "forward_backward", "round": 0, "block": 2, "label": "B", "sample": 3, "ms": 13.313599586486816}
{"event": "sample", "n": 640, "mode": "forward_backward", "round": 0, "block": 2, "label": "B", "sample": 4, "ms": 13.34607982635498}
{"event": "sample", "n": 640, "mode": "forward_backward", "round": 0, "block": 2, "label": "B", "sample": 5, "ms": 13.37491226196289}
{"event": "sample", "n": 640, "mode": "forward_backward", "round": 0, "block": 2, "label": "B", "sample": 6, "ms": 13.386431694030762}
{"event": "sample", "n": 640, "mode": "forward_backward", "round": 0, "block": 2, "label": "B", "sample": 7, "ms": 13.359456062316895}
{"event": "sample", "n": 640, "mode": "forward_backward", "round": 0, "block": 2, "label": "B", "sample": 8, "ms": 13.364319801330566}
{"event": "sample", "n": 640, "mode": "forward_backward", "round": 0, "block": 2, "label": "B", "sample": 9, "ms": 13.404191970825195}
{"event": "sample", "n": 640, "mode": "forward_backward", "round": 0, "block": 3, "label": "A", "sample": 0, "ms": 17.610015869140625}
{"event": "sample", "n": 640, "mode": "forward_backward", "round": 0, "block": 3, "label": "A", "sample": 1, "ms": 17.22697639465332}
{"event": "sample", "n": 640, "mode": "forward_backward", "round": 0, "block": 3, "label": "A", "sample": 2, "ms": 17.192832946777344}
{"event": "sample", "n": 640, "mode": "forward_backward", "round": 0, "block": 3, "label": "A", "sample": 3, "ms": 17.186431884765625}
{"event": "sample", "n": 640, "mode": "forward_backward", "round": 0, "block": 3, "label": "A", "sample": 4, "ms": 17.188735961914062}
{"event": "sample", "n": 640, "mode": "forward_backward", "round": 0, "block": 3, "label": "A", "sample": 5, "ms": 17.19865608215332}
{"event": "sample", "n": 640, "mode": "forward_backward", "round": 0, "block": 3, "label": "A", "sample": 6, "ms": 17.188735961914062}
{"event": "sample", "n": 640, "mode": "forward_backward", "round": 0, "block": 3, "label": "A", "sample": 7, "ms": 17.19856071472168}
{"event": "sample", "n": 640, "mode": "forward_backward", "round": 0, "block": 3, "label": "A", "sample": 8, "ms": 17.200639724731445}
{"event": "sample", "n": 640, "mode": "forward_backward", "round": 0, "block": 3, "label": "A", "sample": 9, "ms": 17.188064575195312}
{"event": "sample", "n": 640, "mode": "forward_backward", "round": 1, "block": 0, "label": "A", "sample": 0, "ms": 17.504735946655273}
{"event": "sample", "n": 640, "mode": "forward_backward", "round": 1, "block": 0, "label": "A", "sample": 1, "ms": 17.18832015991211}
{"event": "sample", "n": 640, "mode": "forward_backward", "round": 1, "block": 0, "label": "A", "sample": 2, "ms": 17.20243263244629}
{"event": "sample", "n": 640, "mode": "forward_backward", "round": 1, "block": 0, "label": "A", "sample": 3, "ms": 17.198400497436523}
{"event": "sample", "n": 640, "mode": "forward_backward", "round": 1, "block": 0, "label": "A", "sample": 4, "ms": 17.189695358276367}
{"event": "sample", "n": 640, "mode": "forward_backward", "round": 1, "block": 0, "label": "A", "sample": 5, "ms": 17.195392608642578}
{"event": "sample", "n": 640, "mode": "forward_backward", "round": 1, "block": 0, "label": "A", "sample": 6, "ms": 17.200511932373047}
{"event": "sample", "n": 640, "mode": "forward_backward", "round": 1, "block": 0, "label": "A", "sample": 7, "ms": 17.20070457458496}
{"event": "sample", "n": 640, "mode": "forward_backward", "round": 1, "block": 0, "label": "A", "sample": 8, "ms": 17.20035171508789}
{"event": "sample", "n": 640, "mode": "forward_backward", "round": 1, "block": 0, "label": "A", "sample": 9, "ms": 17.196640014648438}
{"event": "sample", "n": 640, "mode": "forward_backward", "round": 1, "block": 1, "label": "B", "sample": 0, "ms": 13.712320327758789}
{"event": "sample", "n": 640, "mode": "forward_backward", "round": 1, "block": 1, "label": "B", "sample": 1, "ms": 13.3189115524292}
{"event": "sample", "n": 640, "mode": "forward_backward", "round": 1, "block": 1, "label": "B", "sample": 2, "ms": 13.327584266662598}
{"event": "sample", "n": 640, "mode": "forward_backward", "round": 1, "block": 1, "label": "B", "sample": 3, "ms": 13.310400009155273}
{"event": "sample", "n": 640, "mode": "forward_backward", "round": 1, "block": 1, "label": "B", "sample": 4, "ms": 13.315808296203613}
{"event": "sample", "n": 640, "mode": "forward_backward", "round": 1, "block": 1, "label": "B", "sample": 5, "ms": 13.271583557128906}
{"event": "sample", "n": 640, "mode": "forward_backward", "round": 1, "block": 1, "label": "B", "sample": 6, "ms": 13.34825611114502}
{"event": "sample", "n": 640, "mode": "forward_backward", "round": 1, "block": 1, "label": "B", "sample": 7, "ms": 13.350720405578613}
{"event": "sample", "n": 640, "mode": "forward_backward", "round": 1, "block": 1, "label": "B", "sample": 8, "ms": 13.345376014709473}
{"event": "sample", "n": 640, "mode": "forward_backward", "round": 1, "block": 1, "label": "B", "sample": 9, "ms": 13.332159996032715}
{"event": "sample", "n": 640, "mode": "forward_backward", "round": 1, "block": 2, "label": "B", "sample": 0, "ms": 13.740575790405273}
{"event": "sample", "n": 640, "mode": "forward_backward", "round": 1, "block": 2, "label": "B", "sample": 1, "ms": 13.330623626708984}
{"event": "sample", "n": 640, "mode": "forward_backward", "round": 1, "block": 2, "label": "B", "sample": 2, "ms": 13.306912422180176}
{"event": "sample", "n": 640, "mode": "forward_backward", "round": 1, "block": 2, "label": "B", "sample": 3, "ms": 13.3155517578125}
{"event": "sample", "n": 640, "mode": "forward_backward", "round": 1, "block": 2, "label": "B", "sample": 4, "ms": 13.26796817779541}
{"event": "sample", "n": 640, "mode": "forward_backward", "round": 1, "block": 2, "label": "B", "sample": 5, "ms": 13.304896354675293}
{"event": "sample", "n": 640, "mode": "forward_backward", "round": 1, "block": 2, "label": "B", "sample": 6, "ms": 13.274208068847656}
{"event": "sample", "n": 640, "mode": "forward_backward", "round": 1, "block": 2, "label": "B", "sample": 7, "ms": 13.263039588928223}
{"event": "sample", "n": 640, "mode": "forward_backward", "round": 1, "block": 2, "label": "B", "sample": 8, "ms": 13.25926399230957}
{"event": "sample", "n": 640, "mode": "forward_backward", "round": 1, "block": 2, "label": "B", "sample": 9, "ms": 13.305472373962402}
{"event": "sample", "n": 640, "mode": "forward_backward", "round": 1, "block": 3, "label": "A", "sample": 0, "ms": 17.51318359375}
{"event": "sample", "n": 640, "mode": "forward_backward", "round": 1, "block": 3, "label": "A", "sample": 1, "ms": 17.23744010925293}
{"event": "sample", "n": 640, "mode": "forward_backward", "round": 1, "block": 3, "label": "A", "sample": 2, "ms": 17.231712341308594}
{"event": "sample", "n": 640, "mode": "forward_backward", "round": 1, "block": 3, "label": "A", "sample": 3, "ms": 17.229183197021484}
{"event": "sample", "n": 640, "mode": "forward_backward", "round": 1, "block": 3, "label": "A", "sample": 4, "ms": 17.23209571838379}
{"event": "sample", "n": 640, "mode": "forward_backward", "round": 1, "block": 3, "label": "A", "sample": 5, "ms": 17.234880447387695}
{"event": "sample", "n": 640, "mode": "forward_backward", "round": 1, "block": 3, "label": "A", "sample": 6, "ms": 17.21980857849121}
{"event": "sample", "n": 640, "mode": "forward_backward", "round": 1, "block": 3, "label": "A", "sample": 7, "ms": 17.1889591217041}
{"event": "sample", "n": 640, "mode": "forward_backward", "round": 1, "block": 3, "label": "A", "sample": 8, "ms": 17.192703247070312}
{"event": "sample", "n": 640, "mode": "forward_backward", "round": 1, "block": 3, "label": "A", "sample": 9, "ms": 17.193344116210938}
{"event": "sample", "n": 640, "mode": "forward_backward", "round": 2, "block": 0, "label": "A", "sample": 0, "ms": 17.50761604309082}
{"event": "sample", "n": 640, "mode": "forward_backward", "round": 2, "block": 0, "label": "A", "sample": 1, "ms": 17.20070457458496}
{"event": "sample", "n": 640, "mode": "forward_backward", "round": 2, "block": 0, "label": "A", "sample": 2, "ms": 17.205856323242188}
{"event": "sample", "n": 640, "mode": "forward_backward", "round": 2, "block": 0, "label": "A", "sample": 3, "ms": 17.196256637573242}
{"event": "sample", "n": 640, "mode": "forward_backward", "round": 2, "block": 0, "label": "A", "sample": 4, "ms": 17.198144912719727}
{"event": "sample", "n": 640, "mode": "forward_backward", "round": 2, "block": 0, "label": "A", "sample": 5, "ms": 17.19318389892578}
{"event": "sample", "n": 640, "mode": "forward_backward", "round": 2, "block": 0, "label": "A", "sample": 6, "ms": 17.201343536376953}
{"event": "sample", "n": 640, "mode": "forward_backward", "round": 2, "block": 0, "label": "A", "sample": 7, "ms": 17.19718360900879}
{"event": "sample", "n": 640, "mode": "forward_backward", "round": 2, "block": 0, "label": "A", "sample": 8, "ms": 17.18889617919922}
{"event": "sample", "n": 640, "mode": "forward_backward", "round": 2, "block": 0, "label": "A", "sample": 9, "ms": 17.200895309448242}
{"event": "sample", "n": 640, "mode": "forward_backward", "round": 2, "block": 1, "label": "B", "sample": 0, "ms": 13.700287818908691}
{"event": "sample", "n": 640, "mode": "forward_backward", "round": 2, "block": 1, "label": "B", "sample": 1, "ms": 13.315168380737305}
{"event": "sample", "n": 640, "mode": "forward_backward", "round": 2, "block": 1, "label": "B", "sample": 2, "ms": 13.296287536621094}
{"event": "sample", "n": 640, "mode": "forward_backward", "round": 2, "block": 1, "label": "B", "sample": 3, "ms": 13.282560348510742}
{"event": "sample", "n": 640, "mode": "forward_backward", "round": 2, "block": 1, "label": "B", "sample": 4, "ms": 13.295167922973633}
{"event": "sample", "n": 640, "mode": "forward_backward", "round": 2, "block": 1, "label": "B", "sample": 5, "ms": 13.30720043182373}
{"event": "sample", "n": 640, "mode": "forward_backward", "round": 2, "block": 1, "label": "B", "sample": 6, "ms": 13.316991806030273}
{"event": "sample", "n": 640, "mode": "forward_backward", "round": 2, "block": 1, "label": "B", "sample": 7, "ms": 13.317760467529297}
{"event": "sample", "n": 640, "mode": "forward_backward", "round": 2, "block": 1, "label": "B", "sample": 8, "ms": 13.312159538269043}
{"event": "sample", "n": 640, "mode": "forward_backward", "round": 2, "block": 1, "label": "B", "sample": 9, "ms": 13.321023941040039}
{"event": "sample", "n": 640, "mode": "forward_backward", "round": 2, "block": 2, "label": "B", "sample": 0, "ms": 13.76956844329834}
{"event": "sample", "n": 640, "mode": "forward_backward", "round": 2, "block": 2, "label": "B", "sample": 1, "ms": 13.313952445983887}
{"event": "sample", "n": 640, "mode": "forward_backward", "round": 2, "block": 2, "label": "B", "sample": 2, "ms": 13.32265567779541}
{"event": "sample", "n": 640, "mode": "forward_backward", "round": 2, "block": 2, "label": "B", "sample": 3, "ms": 13.35257625579834}
{"event": "sample", "n": 640, "mode": "forward_backward", "round": 2, "block": 2, "label": "B", "sample": 4, "ms": 13.347647666931152}
{"event": "sample", "n": 640, "mode": "forward_backward", "round": 2, "block": 2, "label": "B", "sample": 5, "ms": 13.306079864501953}
{"event": "sample", "n": 640, "mode": "forward_backward", "round": 2, "block": 2, "label": "B", "sample": 6, "ms": 13.301440238952637}
{"event": "sample", "n": 640, "mode": "forward_backward", "round": 2, "block": 2, "label": "B", "sample": 7, "ms": 13.33465576171875}
{"event": "sample", "n": 640, "mode": "forward_backward", "round": 2, "block": 2, "label": "B", "sample": 8, "ms": 13.330240249633789}
{"event": "sample", "n": 640, "mode": "forward_backward", "round": 2, "block": 2, "label": "B", "sample": 9, "ms": 13.364704132080078}
{"event": "sample", "n": 640, "mode": "forward_backward", "round": 2, "block": 3, "label": "A", "sample": 0, "ms": 17.508224487304688}
{"event": "sample", "n": 640, "mode": "forward_backward", "round": 2, "block": 3, "label": "A", "sample": 1, "ms": 17.186431884765625}
{"event": "sample", "n": 640, "mode": "forward_backward", "round": 2, "block": 3, "label": "A", "sample": 2, "ms": 17.192768096923828}
{"event": "sample", "n": 640, "mode": "forward_backward", "round": 2, "block": 3, "label": "A", "sample": 3, "ms": 17.199296951293945}
{"event": "sample", "n": 640, "mode": "forward_backward", "round": 2, "block": 3, "label": "A", "sample": 4, "ms": 17.20038414001465}
{"event": "sample", "n": 640, "mode": "forward_backward", "round": 2, "block": 3, "label": "A", "sample": 5, "ms": 17.198720932006836}
{"event": "sample", "n": 640, "mode": "forward_backward", "round": 2, "block": 3, "label": "A", "sample": 6, "ms": 17.2346248626709}
{"event": "sample", "n": 640, "mode": "forward_backward", "round": 2, "block": 3, "label": "A", "sample": 7, "ms": 17.225120544433594}
{"event": "sample", "n": 640, "mode": "forward_backward", "round": 2, "block": 3, "label": "A", "sample": 8, "ms": 17.236831665039062}
{"event": "sample", "n": 640, "mode": "forward_backward", "round": 2, "block": 3, "label": "A", "sample": 9, "ms": 17.238304138183594}
{"event": "summary", "n": 640, "mode": "forward_backward", "median_ms": {"A": 17.200672149658203, "B": 13.316400051116943}, "speedup": 1.2916908536564624, "samples_per_label": 60}
{"event": "parity", "n": 768, "checks": {"output": {"relative_l2": 0.0, "baseline_zero_max_abs_diagnostic": 0.0, "passed": true}, "dq": {"relative_l2": 6.507267971755937e-05, "baseline_zero_max_abs_diagnostic": 0.0, "passed": true}, "dk": {"relative_l2": 0.0, "baseline_zero_max_abs_diagnostic": 0.0, "passed": true}, "dv": {"relative_l2": 0.0, "baseline_zero_max_abs_diagnostic": 0.0, "passed": true}, "db": {"relative_l2": 1.975179839064367e-05, "baseline_zero_max_abs_diagnostic": 0.0, "passed": true}}, "independent_reference": false}
{"event": "memory", "n": 768, "measurements": {"A": {"peak_increment_bytes": 1331232768, "retained_increment_bytes": 1217396736}, "B": {"peak_increment_bytes": 1413242880, "retained_increment_bytes": 1217396736}}}
{"event": "sample", "n": 768, "mode": "forward", "round": 0, "block": 0, "label": "A", "sample": 0, "ms": 4.944960117340088}
{"event": "sample", "n": 768, "mode": "forward", "round": 0, "block": 0, "label": "A", "sample": 1, "ms": 4.74294376373291}
{"event": "sample", "n": 768, "mode": "forward", "round": 0, "block": 0, "label": "A", "sample": 2, "ms": 4.7435197830200195}
{"event": "sample", "n": 768, "mode": "forward", "round": 0, "block": 0, "label": "A", "sample": 3, "ms": 4.742559909820557}
{"event": "sample", "n": 768, "mode": "forward", "round": 0, "block": 0, "label": "A", "sample": 4, "ms": 4.742496013641357}
{"event": "sample", "n": 768, "mode": "forward", "round": 0, "block": 0, "label": "A", "sample": 5, "ms": 4.743904113769531}
{"event": "sample", "n": 768, "mode": "forward", "round": 0, "block": 0, "label": "A", "sample": 6, "ms": 4.742400169372559}
{"event": "sample", "n": 768, "mode": "forward", "round": 0, "block": 0, "label": "A", "sample": 7, "ms": 4.741983890533447}
{"event": "sample", "n": 768, "mode": "forward", "round": 0, "block": 0, "label": "A", "sample": 8, "ms": 4.74073600769043}
{"event": "sample", "n": 768, "mode": "forward", "round": 0, "block": 0, "label": "A", "sample": 9, "ms": 4.741568088531494}
{"event": "sample", "n": 768, "mode": "forward", "round": 0, "block": 1, "label": "B", "sample": 0, "ms": 4.988895893096924}
{"event": "sample", "n": 768, "mode": "forward", "round": 0, "block": 1, "label": "B", "sample": 1, "ms": 4.617599964141846}
{"event": "sample", "n": 768, "mode": "forward", "round": 0, "block": 1, "label": "B", "sample": 2, "ms": 4.617440223693848}
{"event": "sample", "n": 768, "mode": "forward", "round": 0, "block": 1, "label": "B", "sample": 3, "ms": 4.617023944854736}
{"event": "sample", "n": 768, "mode": "forward", "round": 0, "block": 1, "label": "B", "sample": 4, "ms": 4.618207931518555}
{"event": "sample", "n": 768, "mode": "forward", "round": 0, "block": 1, "label": "B", "sample": 5, "ms": 4.617472171783447}
{"event": "sample", "n": 768, "mode": "forward", "round": 0, "block": 1, "label": "B", "sample": 6, "ms": 4.617599964141846}
{"event": "sample", "n": 768, "mode": "forward", "round": 0, "block": 1, "label": "B", "sample": 7, "ms": 4.617504119873047}
{"event": "sample", "n": 768, "mode": "forward", "round": 0, "block": 1, "label": "B", "sample": 8, "ms": 4.616896152496338}
{"event": "sample", "n": 768, "mode": "forward", "round": 0, "block": 1, "label": "B", "sample": 9, "ms": 4.617216110229492}
{"event": "sample", "n": 768, "mode": "forward", "round": 0, "block": 2, "label": "B", "sample": 0, "ms": 4.964672088623047}
{"event": "sample", "n": 768, "mode": "forward", "round": 0, "block": 2, "label": "B", "sample": 1, "ms": 4.613952159881592}
{"event": "sample", "n": 768, "mode": "forward", "round": 0, "block": 2, "label": "B", "sample": 2, "ms": 4.607039928436279}
{"event": "sample", "n": 768, "mode": "forward", "round": 0, "block": 2, "label": "B", "sample": 3, "ms": 4.605663776397705}
{"event": "sample", "n": 768, "mode": "forward", "round": 0, "block": 2, "label": "B", "sample": 4, "ms": 4.60537576675415}
{"event": "sample", "n": 768, "mode": "forward", "round": 0, "block": 2, "label": "B", "sample": 5, "ms": 4.606592178344727}
{"event": "sample", "n": 768, "mode": "forward", "round": 0, "block": 2, "label": "B", "sample": 6, "ms": 4.607071876525879}
{"event": "sample", "n": 768, "mode": "forward", "round": 0, "block": 2, "label": "B", "sample": 7, "ms": 4.606912136077881}
{"event": "sample", "n": 768, "mode": "forward", "round": 0, "block": 2, "label": "B", "sample": 8, "ms": 4.6064958572387695}
{"event": "sample", "n": 768, "mode": "forward", "round": 0, "block": 2, "label": "B", "sample": 9, "ms": 4.607776165008545}
{"event": "sample", "n": 768, "mode": "forward", "round": 0, "block": 3, "label": "A", "sample": 0, "ms": 4.964064121246338}
{"event": "sample", "n": 768, "mode": "forward", "round": 0, "block": 3, "label": "A", "sample": 1, "ms": 4.730976104736328}
{"event": "sample", "n": 768, "mode": "forward", "round": 0, "block": 3, "label": "A", "sample": 2, "ms": 4.732672214508057}
{"event": "sample", "n": 768, "mode": "forward", "round": 0, "block": 3, "label": "A", "sample": 3, "ms": 4.731232166290283}
{"event": "sample", "n": 768, "mode": "forward", "round": 0, "block": 3, "label": "A", "sample": 4, "ms": 4.7321600914001465}
{"event": "sample", "n": 768, "mode": "forward", "round": 0, "block": 3, "label": "A", "sample": 5, "ms": 4.73360013961792}
{"event": "sample", "n": 768, "mode": "forward", "round": 0, "block": 3, "label": "A", "sample": 6, "ms": 4.730495929718018}
{"event": "sample", "n": 768, "mode": "forward", "round": 0, "block": 3, "label": "A", "sample": 7, "ms": 4.7336320877075195}
{"event": "sample", "n": 768, "mode": "forward", "round": 0, "block": 3, "label": "A", "sample": 8, "ms": 4.73308801651001}
{"event": "sample", "n": 768, "mode": "forward", "round": 0, "block": 3, "label": "A", "sample": 9, "ms": 4.733759880065918}
{"event": "sample", "n": 768, "mode": "forward", "round": 1, "block": 0, "label": "A", "sample": 0, "ms": 4.981247901916504}
{"event": "sample", "n": 768, "mode": "forward", "round": 1, "block": 0, "label": "A", "sample": 1, "ms": 4.732384204864502}
{"event": "sample", "n": 768, "mode": "forward", "round": 1, "block": 0, "label": "A", "sample": 2, "ms": 4.734496116638184}
{"event": "sample", "n": 768, "mode": "forward", "round": 1, "block": 0, "label": "A", "sample": 3, "ms": 4.731840133666992}
{"event": "sample", "n": 768, "mode": "forward", "round": 1, "block": 0, "label": "A", "sample": 4, "ms": 4.732351779937744}
{"event": "sample", "n": 768, "mode": "forward", "round": 1, "block": 0, "label": "A", "sample": 5, "ms": 4.730976104736328}
{"event": "sample", "n": 768, "mode": "forward", "round": 1, "block": 0, "label": "A", "sample": 6, "ms": 4.73356819152832}
{"event": "sample", "n": 768, "mode": "forward", "round": 1, "block": 0, "label": "A", "sample": 7, "ms": 4.733759880065918}
{"event": "sample", "n": 768, "mode": "forward", "round": 1, "block": 0, "label": "A", "sample": 8, "ms": 4.7320637702941895}
{"event": "sample", "n": 768, "mode": "forward", "round": 1, "block": 0, "label": "A", "sample": 9, "ms": 4.7325439453125}
{"event": "sample", "n": 768, "mode": "forward", "round": 1, "block": 1, "label": "B", "sample": 0, "ms": 4.965248107910156}
{"event": "sample", "n": 768, "mode": "forward", "round": 1, "block": 1, "label": "B", "sample": 1, "ms": 4.607135772705078}
{"event": "sample", "n": 768, "mode": "forward", "round": 1, "block": 1, "label": "B", "sample": 2, "ms": 4.606527805328369}
{"event": "sample", "n": 768, "mode": "forward", "round": 1, "block": 1, "label": "B", "sample": 3, "ms": 4.607359886169434}
{"event": "sample", "n": 768, "mode": "forward", "round": 1, "block": 1, "label": "B", "sample": 4, "ms": 4.60697603225708}
{"event": "sample", "n": 768, "mode": "forward", "round": 1, "block": 1, "label": "B", "sample": 5, "ms": 4.606368064880371}
{"event": "sample", "n": 768, "mode": "forward", "round": 1, "block": 1, "label": "B", "sample": 6, "ms": 4.606272220611572}
{"event": "sample", "n": 768, "mode": "forward", "round": 1, "block": 1, "label": "B", "sample": 7, "ms": 4.606016159057617}
{"event": "sample", "n": 768, "mode": "forward", "round": 1, "block": 1, "label": "B", "sample": 8, "ms": 4.606624126434326}
{"event": "sample", "n": 768, "mode": "forward", "round": 1, "block": 1, "label": "B", "sample": 9, "ms": 4.606912136077881}
{"event": "sample", "n": 768, "mode": "forward", "round": 1, "block": 2, "label": "B", "sample": 0, "ms": 4.968448162078857}
{"event": "sample", "n": 768, "mode": "forward", "round": 1, "block": 2, "label": "B", "sample": 1, "ms": 4.607168197631836}
{"event": "sample", "n": 768, "mode": "forward", "round": 1, "block": 2, "label": "B", "sample": 2, "ms": 4.608255863189697}
{"event": "sample", "n": 768, "mode": "forward", "round": 1, "block": 2, "label": "B", "sample": 3, "ms": 4.614751815795898}
{"event": "sample", "n": 768, "mode": "forward", "round": 1, "block": 2, "label": "B", "sample": 4, "ms": 4.61897611618042}
{"event": "sample", "n": 768, "mode": "forward", "round": 1, "block": 2, "label": "B", "sample": 5, "ms": 4.619232177734375}
{"event": "sample", "n": 768, "mode": "forward", "round": 1, "block": 2, "label": "B", "sample": 6, "ms": 4.618368148803711}
{"event": "sample", "n": 768, "mode": "forward", "round": 1, "block": 2, "label": "B", "sample": 7, "ms": 4.618048191070557}
{"event": "sample", "n": 768, "mode": "forward", "round": 1, "block": 2, "label": "B", "sample": 8, "ms": 4.617728233337402}
{"event": "sample", "n": 768, "mode": "forward", "round": 1, "block": 2, "label": "B", "sample": 9, "ms": 4.617760181427002}
{"event": "sample", "n": 768, "mode": "forward", "round": 1, "block": 3, "label": "A", "sample": 0, "ms": 4.972864151000977}
{"event": "sample", "n": 768, "mode": "forward", "round": 1, "block": 3, "label": "A", "sample": 1, "ms": 4.73967981338501}
{"event": "sample", "n": 768, "mode": "forward", "round": 1, "block": 3, "label": "A", "sample": 2, "ms": 4.7409281730651855}
{"event": "sample", "n": 768, "mode": "forward", "round": 1, "block": 3, "label": "A", "sample": 3, "ms": 4.741856098175049}
{"event": "sample", "n": 768, "mode": "forward", "round": 1, "block": 3, "label": "A", "sample": 4, "ms": 4.742400169372559}
{"event": "sample", "n": 768, "mode": "forward", "round": 1, "block": 3, "label": "A", "sample": 5, "ms": 4.741568088531494}
{"event": "sample", "n": 768, "mode": "forward", "round": 1, "block": 3, "label": "A", "sample": 6, "ms": 4.741919994354248}
{"event": "sample", "n": 768, "mode": "forward", "round": 1, "block": 3, "label": "A", "sample": 7, "ms": 4.741312026977539}
{"event": "sample", "n": 768, "mode": "forward", "round": 1, "block": 3, "label": "A", "sample": 8, "ms": 4.742496013641357}
{"event": "sample", "n": 768, "mode": "forward", "round": 1, "block": 3, "label": "A", "sample": 9, "ms": 4.741663932800293}
{"event": "sample", "n": 768, "mode": "forward", "round": 2, "block": 0, "label": "A", "sample": 0, "ms": 4.955327987670898}
{"event": "sample", "n": 768, "mode": "forward", "round": 2, "block": 0, "label": "A", "sample": 1, "ms": 4.7415361404418945}
{"event": "sample", "n": 768, "mode": "forward", "round": 2, "block": 0, "label": "A", "sample": 2, "ms": 4.742527961730957}
{"event": "sample", "n": 768, "mode": "forward", "round": 2, "block": 0, "label": "A", "sample": 3, "ms": 4.741951942443848}
{"event": "sample", "n": 768, "mode": "forward", "round": 2, "block": 0, "label": "A", "sample": 4, "ms": 4.732223987579346}
{"event": "sample", "n": 768, "mode": "forward", "round": 2, "block": 0, "label": "A", "sample": 5, "ms": 4.7325758934021}
{"event": "sample", "n": 768, "mode": "forward", "round": 2, "block": 0, "label": "A", "sample": 6, "ms": 4.731743812561035}
{"event": "sample", "n": 768, "mode": "forward", "round": 2, "block": 0, "label": "A", "sample": 7, "ms": 4.731743812561035}
{"event": "sample", "n": 768, "mode": "forward", "round": 2, "block": 0, "label": "A", "sample": 8, "ms": 4.736159801483154}
{"event": "sample", "n": 768, "mode": "forward", "round": 2, "block": 0, "label": "A", "sample": 9, "ms": 4.7309441566467285}
{"event": "sample", "n": 768, "mode": "forward", "round": 2, "block": 1, "label": "B", "sample": 0, "ms": 4.943424224853516}
{"event": "sample", "n": 768, "mode": "forward", "round": 2, "block": 1, "label": "B", "sample": 1, "ms": 4.605247974395752}
{"event": "sample", "n": 768, "mode": "forward", "round": 2, "block": 1, "label": "B", "sample": 2, "ms": 4.60700798034668}
{"event": "sample", "n": 768, "mode": "forward", "round": 2, "block": 1, "label": "B", "sample": 3, "ms": 4.606880187988281}
{"event": "sample", "n": 768, "mode": "forward", "round": 2, "block": 1, "label": "B", "sample": 4, "ms": 4.606719970703125}
{"event": "sample", "n": 768, "mode": "forward", "round": 2, "block": 1, "label": "B", "sample": 5, "ms": 4.606751918792725}
{"event": "sample", "n": 768, "mode": "forward", "round": 2, "block": 1, "label": "B", "sample": 6, "ms": 4.606719970703125}
{"event": "sample", "n": 768, "mode": "forward", "round": 2, "block": 1, "label": "B", "sample": 7, "ms": 4.607135772705078}
{"event": "sample", "n": 768, "mode": "forward", "round": 2, "block": 1, "label": "B", "sample": 8, "ms": 4.60643196105957}
{"event": "sample", "n": 768, "mode": "forward", "round": 2, "block": 1, "label": "B", "sample": 9, "ms": 4.606175899505615}
{"event": "sample", "n": 768, "mode": "forward", "round": 2, "block": 2, "label": "B", "sample": 0, "ms": 4.956672191619873}
{"event": "sample", "n": 768, "mode": "forward", "round": 2, "block": 2, "label": "B", "sample": 1, "ms": 4.60700798034668}
{"event": "sample", "n": 768, "mode": "forward", "round": 2, "block": 2, "label": "B", "sample": 2, "ms": 4.607168197631836}
{"event": "sample", "n": 768, "mode": "forward", "round": 2, "block": 2, "label": "B", "sample": 3, "ms": 4.6069440841674805}
{"event": "sample", "n": 768, "mode": "forward", "round": 2, "block": 2, "label": "B", "sample": 4, "ms": 4.60752010345459}
{"event": "sample", "n": 768, "mode": "forward", "round": 2, "block": 2, "label": "B", "sample": 5, "ms": 4.618495941162109}
{"event": "sample", "n": 768, "mode": "forward", "round": 2, "block": 2, "label": "B", "sample": 6, "ms": 4.619904041290283}
{"event": "sample", "n": 768, "mode": "forward", "round": 2, "block": 2, "label": "B", "sample": 7, "ms": 4.618624210357666}
{"event": "sample", "n": 768, "mode": "forward", "round": 2, "block": 2, "label": "B", "sample": 8, "ms": 4.61846399307251}
{"event": "sample", "n": 768, "mode": "forward", "round": 2, "block": 2, "label": "B", "sample": 9, "ms": 4.61846399307251}
{"event": "sample", "n": 768, "mode": "forward", "round": 2, "block": 3, "label": "A", "sample": 0, "ms": 4.952608108520508}
{"event": "sample", "n": 768, "mode": "forward", "round": 2, "block": 3, "label": "A", "sample": 1, "ms": 4.742208003997803}
{"event": "sample", "n": 768, "mode": "forward", "round": 2, "block": 3, "label": "A", "sample": 2, "ms": 4.742208003997803}
{"event": "sample", "n": 768, "mode": "forward", "round": 2, "block": 3, "label": "A", "sample": 3, "ms": 4.745376110076904}
{"event": "sample", "n": 768, "mode": "forward", "round": 2, "block": 3, "label": "A", "sample": 4, "ms": 4.742559909820557}
{"event": "sample", "n": 768, "mode": "forward", "round": 2, "block": 3, "label": "A", "sample": 5, "ms": 4.742335796356201}
{"event": "sample", "n": 768, "mode": "forward", "round": 2, "block": 3, "label": "A", "sample": 6, "ms": 4.7427520751953125}
{"event": "sample", "n": 768, "mode": "forward", "round": 2, "block": 3, "label": "A", "sample": 7, "ms": 4.744480133056641}
{"event": "sample", "n": 768, "mode": "forward", "round": 2, "block": 3, "label": "A", "sample": 8, "ms": 4.742656230926514}
{"event": "sample", "n": 768, "mode": "forward", "round": 2, "block": 3, "label": "A", "sample": 9, "ms": 4.740255832672119}
{"event": "summary", "n": 768, "mode": "forward", "median_ms": {"A": 4.741552114486694, "B": 4.607648134231567}, "speedup": 1.0290612426023409, "samples_per_label": 60}
{"event": "sample", "n": 768, "mode": "backward", "round": 0, "block": 0, "label": "A", "sample": 0, "ms": 24.850080490112305}
{"event": "sample", "n": 768, "mode": "backward", "round": 0, "block": 0, "label": "A", "sample": 1, "ms": 24.54911994934082}
{"event": "sample", "n": 768, "mode": "backward", "round": 0, "block": 0, "label": "A", "sample": 2, "ms": 24.54854393005371}
{"event": "sample", "n": 768, "mode": "backward", "round": 0, "block": 0, "label": "A", "sample": 3, "ms": 24.53539276123047}
{"event": "sample", "n": 768, "mode": "backward", "round": 0, "block": 0, "label": "A", "sample": 4, "ms": 24.49113655090332}
{"event": "sample", "n": 768, "mode": "backward", "round": 0, "block": 0, "label": "A", "sample": 5, "ms": 24.489824295043945}
{"event": "sample", "n": 768, "mode": "backward", "round": 0, "block": 0, "label": "A", "sample": 6, "ms": 24.49955177307129}
{"event": "sample", "n": 768, "mode": "backward", "round": 0, "block": 0, "label": "A", "sample": 7, "ms": 24.492639541625977}
{"event": "sample", "n": 768, "mode": "backward", "round": 0, "block": 0, "label": "A", "sample": 8, "ms": 24.49158477783203}
{"event": "sample", "n": 768, "mode": "backward", "round": 0, "block": 0, "label": "A", "sample": 9, "ms": 24.492223739624023}
{"event": "sample", "n": 768, "mode": "backward", "round": 0, "block": 1, "label": "B", "sample": 0, "ms": 18.08995246887207}
{"event": "sample", "n": 768, "mode": "backward", "round": 0, "block": 1, "label": "B", "sample": 1, "ms": 17.904735565185547}
{"event": "sample", "n": 768, "mode": "backward", "round": 0, "block": 1, "label": "B", "sample": 2, "ms": 17.929471969604492}
{"event": "sample", "n": 768, "mode": "backward", "round": 0, "block": 1, "label": "B", "sample": 3, "ms": 17.942943572998047}
{"event": "sample", "n": 768, "mode": "backward", "round": 0, "block": 1, "label": "B", "sample": 4, "ms": 17.961280822753906}
{"event": "sample", "n": 768, "mode": "backward", "round": 0, "block": 1, "label": "B", "sample": 5, "ms": 17.95702362060547}
{"event": "sample", "n": 768, "mode": "backward", "round": 0, "block": 1, "label": "B", "sample": 6, "ms": 17.957311630249023}
{"event": "sample", "n": 768, "mode": "backward", "round": 0, "block": 1, "label": "B", "sample": 7, "ms": 17.942623138427734}
{"event": "sample", "n": 768, "mode": "backward", "round": 0, "block": 1, "label": "B", "sample": 8, "ms": 17.9071044921875}
{"event": "sample", "n": 768, "mode": "backward", "round": 0, "block": 1, "label": "B", "sample": 9, "ms": 17.898303985595703}
{"event": "sample", "n": 768, "mode": "backward", "round": 0, "block": 2, "label": "B", "sample": 0, "ms": 18.04003143310547}
{"event": "sample", "n": 768, "mode": "backward", "round": 0, "block": 2, "label": "B", "sample": 1, "ms": 17.90163230895996}
{"event": "sample", "n": 768, "mode": "backward", "round": 0, "block": 2, "label": "B", "sample": 2, "ms": 17.920927047729492}
{"event": "sample", "n": 768, "mode": "backward", "round": 0, "block": 2, "label": "B", "sample": 3, "ms": 17.93292808532715}
{"event": "sample", "n": 768, "mode": "backward", "round": 0, "block": 2, "label": "B", "sample": 4, "ms": 17.95849609375}
{"event": "sample", "n": 768, "mode": "backward", "round": 0, "block": 2, "label": "B", "sample": 5, "ms": 17.927936553955078}
{"event": "sample", "n": 768, "mode": "backward", "round": 0, "block": 2, "label": "B", "sample": 6, "ms": 17.94585609436035}
{"event": "sample", "n": 768, "mode": "backward", "round": 0, "block": 2, "label": "B", "sample": 7, "ms": 17.94476890563965}
{"event": "sample", "n": 768, "mode": "backward", "round": 0, "block": 2, "label": "B", "sample": 8, "ms": 17.960159301757812}
{"event": "sample", "n": 768, "mode": "backward", "round": 0, "block": 2, "label": "B", "sample": 9, "ms": 17.906688690185547}
{"event": "sample", "n": 768, "mode": "backward", "round": 0, "block": 3, "label": "A", "sample": 0, "ms": 24.77155113220215}
{"event": "sample", "n": 768, "mode": "backward", "round": 0, "block": 3, "label": "A", "sample": 1, "ms": 24.496000289916992}
{"event": "sample", "n": 768, "mode": "backward", "round": 0, "block": 3, "label": "A", "sample": 2, "ms": 24.497312545776367}
{"event": "sample", "n": 768, "mode": "backward", "round": 0, "block": 3, "label": "A", "sample": 3, "ms": 24.530879974365234}
{"event": "sample", "n": 768, "mode": "backward", "round": 0, "block": 3, "label": "A", "sample": 4, "ms": 24.55027198791504}
{"event": "sample", "n": 768, "mode": "backward", "round": 0, "block": 3, "label": "A", "sample": 5, "ms": 24.554847717285156}
{"event": "sample", "n": 768, "mode": "backward", "round": 0, "block": 3, "label": "A", "sample": 6, "ms": 24.534080505371094}
{"event": "sample", "n": 768, "mode": "backward", "round": 0, "block": 3, "label": "A", "sample": 7, "ms": 24.506240844726562}
{"event": "sample", "n": 768, "mode": "backward", "round": 0, "block": 3, "label": "A", "sample": 8, "ms": 24.49350357055664}
{"event": "sample", "n": 768, "mode": "backward", "round": 0, "block": 3, "label": "A", "sample": 9, "ms": 24.49692726135254}
{"event": "sample", "n": 768, "mode": "backward", "round": 1, "block": 0, "label": "A", "sample": 0, "ms": 24.740320205688477}
{"event": "sample", "n": 768, "mode": "backward", "round": 1, "block": 0, "label": "A", "sample": 1, "ms": 24.514816284179688}
{"event": "sample", "n": 768, "mode": "backward", "round": 1, "block": 0, "label": "A", "sample": 2, "ms": 24.5533447265625}
{"event": "sample", "n": 768, "mode": "backward", "round": 1, "block": 0, "label": "A", "sample": 3, "ms": 24.54595184326172}
{"event": "sample", "n": 768, "mode": "backward", "round": 1, "block": 0, "label": "A", "sample": 4, "ms": 24.5416316986084}
{"event": "sample", "n": 768, "mode": "backward", "round": 1, "block": 0, "label": "A", "sample": 5, "ms": 24.5262393951416}
{"event": "sample", "n": 768, "mode": "backward", "round": 1, "block": 0, "label": "A", "sample": 6, "ms": 24.497407913208008}
{"event": "sample", "n": 768, "mode": "backward", "round": 1, "block": 0, "label": "A", "sample": 7, "ms": 24.492639541625977}
{"event": "sample", "n": 768, "mode": "backward", "round": 1, "block": 0, "label": "A", "sample": 8, "ms": 24.493375778198242}
{"event": "sample", "n": 768, "mode": "backward", "round": 1, "block": 0, "label": "A", "sample": 9, "ms": 24.493696212768555}
{"event": "sample", "n": 768, "mode": "backward", "round": 1, "block": 1, "label": "B", "sample": 0, "ms": 18.323104858398438}
{"event": "sample", "n": 768, "mode": "backward", "round": 1, "block": 1, "label": "B", "sample": 1, "ms": 17.922719955444336}
{"event": "sample", "n": 768, "mode": "backward", "round": 1, "block": 1, "label": "B", "sample": 2, "ms": 17.93244743347168}
{"event": "sample", "n": 768, "mode": "backward", "round": 1, "block": 1, "label": "B", "sample": 3, "ms": 17.923551559448242}
{"event": "sample", "n": 768, "mode": "backward", "round": 1, "block": 1, "label": "B", "sample": 4, "ms": 17.904191970825195}
{"event": "sample", "n": 768, "mode": "backward", "round": 1, "block": 1, "label": "B", "sample": 5, "ms": 17.9421443939209}
{"event": "sample", "n": 768, "mode": "backward", "round": 1, "block": 1, "label": "B", "sample": 6, "ms": 17.952800750732422}
{"event": "sample", "n": 768, "mode": "backward", "round": 1, "block": 1, "label": "B", "sample": 7, "ms": 17.93721580505371}
{"event": "sample", "n": 768, "mode": "backward", "round": 1, "block": 1, "label": "B", "sample": 8, "ms": 17.95039939880371}
{"event": "sample", "n": 768, "mode": "backward", "round": 1, "block": 1, "label": "B", "sample": 9, "ms": 17.967519760131836}
{"event": "sample", "n": 768, "mode": "backward", "round": 1, "block": 2, "label": "B", "sample": 0, "ms": 18.048799514770508}
{"event": "sample", "n": 768, "mode": "backward", "round": 1, "block": 2, "label": "B", "sample": 1, "ms": 17.90332794189453}
{"event": "sample", "n": 768, "mode": "backward", "round": 1, "block": 2, "label": "B", "sample": 2, "ms": 17.89561653137207}
{"event": "sample", "n": 768, "mode": "backward", "round": 1, "block": 2, "label": "B", "sample": 3, "ms": 17.913728713989258}
{"event": "sample", "n": 768, "mode": "backward", "round": 1, "block": 2, "label": "B", "sample": 4, "ms": 17.92723274230957}
{"event": "sample", "n": 768, "mode": "backward", "round": 1, "block": 2, "label": "B", "sample": 5, "ms": 17.909727096557617}
{"event": "sample", "n": 768, "mode": "backward", "round": 1, "block": 2, "label": "B", "sample": 6, "ms": 17.955808639526367}
{"event": "sample", "n": 768, "mode": "backward", "round": 1, "block": 2, "label": "B", "sample": 7, "ms": 17.972511291503906}
{"event": "sample", "n": 768, "mode": "backward", "round": 1, "block": 2, "label": "B", "sample": 8, "ms": 17.943872451782227}
{"event": "sample", "n": 768, "mode": "backward", "round": 1, "block": 2, "label": "B", "sample": 9, "ms": 17.934207916259766}
{"event": "sample", "n": 768, "mode": "backward", "round": 1, "block": 3, "label": "A", "sample": 0, "ms": 24.8874568939209}
{"event": "sample", "n": 768, "mode": "backward", "round": 1, "block": 3, "label": "A", "sample": 1, "ms": 24.49884796142578}
{"event": "sample", "n": 768, "mode": "backward", "round": 1, "block": 3, "label": "A", "sample": 2, "ms": 24.49932861328125}
{"event": "sample", "n": 768, "mode": "backward", "round": 1, "block": 3, "label": "A", "sample": 3, "ms": 24.50441551208496}
{"event": "sample", "n": 768, "mode": "backward", "round": 1, "block": 3, "label": "A", "sample": 4, "ms": 24.48796844482422}
{"event": "sample", "n": 768, "mode": "backward", "round": 1, "block": 3, "label": "A", "sample": 5, "ms": 24.544544219970703}
{"event": "sample", "n": 768, "mode": "backward", "round": 1, "block": 3, "label": "A", "sample": 6, "ms": 24.549087524414062}
{"event": "sample", "n": 768, "mode": "backward", "round": 1, "block": 3, "label": "A", "sample": 7, "ms": 24.545055389404297}
{"event": "sample", "n": 768, "mode": "backward", "round": 1, "block": 3, "label": "A", "sample": 8, "ms": 24.5512638092041}
{"event": "sample", "n": 768, "mode": "backward", "round": 1, "block": 3, "label": "A", "sample": 9, "ms": 24.517215728759766}
{"event": "sample", "n": 768, "mode": "backward", "round": 2, "block": 0, "label": "A", "sample": 0, "ms": 24.727519989013672}
{"event": "sample", "n": 768, "mode": "backward", "round": 2, "block": 0, "label": "A", "sample": 1, "ms": 24.483999252319336}
{"event": "sample", "n": 768, "mode": "backward", "round": 2, "block": 0, "label": "A", "sample": 2, "ms": 24.485183715820312}
{"event": "sample", "n": 768, "mode": "backward", "round": 2, "block": 0, "label": "A", "sample": 3, "ms": 24.498592376708984}
{"event": "sample", "n": 768, "mode": "backward", "round": 2, "block": 0, "label": "A", "sample": 4, "ms": 24.497600555419922}
{"event": "sample", "n": 768, "mode": "backward", "round": 2, "block": 0, "label": "A", "sample": 5, "ms": 24.494047164916992}
{"event": "sample", "n": 768, "mode": "backward", "round": 2, "block": 0, "label": "A", "sample": 6, "ms": 24.49849510192871}
{"event": "sample", "n": 768, "mode": "backward", "round": 2, "block": 0, "label": "A", "sample": 7, "ms": 24.529312133789062}
{"event": "sample", "n": 768, "mode": "backward", "round": 2, "block": 0, "label": "A", "sample": 8, "ms": 24.552095413208008}
{"event": "sample", "n": 768, "mode": "backward", "round": 2, "block": 0, "label": "A", "sample": 9, "ms": 24.545087814331055}
{"event": "sample", "n": 768, "mode": "backward", "round": 2, "block": 1, "label": "B", "sample": 0, "ms": 18.140832901000977}
{"event": "sample", "n": 768, "mode": "backward", "round": 2, "block": 1, "label": "B", "sample": 1, "ms": 17.96828842163086}
{"event": "sample", "n": 768, "mode": "backward", "round": 2, "block": 1, "label": "B", "sample": 2, "ms": 17.918880462646484}
{"event": "sample", "n": 768, "mode": "backward", "round": 2, "block": 1, "label": "B", "sample": 3, "ms": 17.936031341552734}
{"event": "sample", "n": 768, "mode": "backward", "round": 2, "block": 1, "label": "B", "sample": 4, "ms": 17.941919326782227}
{"event": "sample", "n": 768, "mode": "backward", "round": 2, "block": 1, "label": "B", "sample": 5, "ms": 17.916608810424805}
{"event": "sample", "n": 768, "mode": "backward", "round": 2, "block": 1, "label": "B", "sample": 6, "ms": 17.918560028076172}
{"event": "sample", "n": 768, "mode": "backward", "round": 2, "block": 1, "label": "B", "sample": 7, "ms": 17.943679809570312}
{"event": "sample", "n": 768, "mode": "backward", "round": 2, "block": 1, "label": "B", "sample": 8, "ms": 17.965087890625}
{"event": "sample", "n": 768, "mode": "backward", "round": 2, "block": 1, "label": "B", "sample": 9, "ms": 17.963455200195312}
{"event": "sample", "n": 768, "mode": "backward", "round": 2, "block": 2, "label": "B", "sample": 0, "ms": 18.094240188598633}
{"event": "sample", "n": 768, "mode": "backward", "round": 2, "block": 2, "label": "B", "sample": 1, "ms": 17.97056007385254}
{"event": "sample", "n": 768, "mode": "backward", "round": 2, "block": 2, "label": "B", "sample": 2, "ms": 17.963743209838867}
{"event": "sample", "n": 768, "mode": "backward", "round": 2, "block": 2, "label": "B", "sample": 3, "ms": 17.907455444335938}
{"event": "sample", "n": 768, "mode": "backward", "round": 2, "block": 2, "label": "B", "sample": 4, "ms": 17.907615661621094}
{"event": "sample", "n": 768, "mode": "backward", "round": 2, "block": 2, "label": "B", "sample": 5, "ms": 17.9135684967041}
{"event": "sample", "n": 768, "mode": "backward", "round": 2, "block": 2, "label": "B", "sample": 6, "ms": 17.928255081176758}
{"event": "sample", "n": 768, "mode": "backward", "round": 2, "block": 2, "label": "B", "sample": 7, "ms": 17.924800872802734}
{"event": "sample", "n": 768, "mode": "backward", "round": 2, "block": 2, "label": "B", "sample": 8, "ms": 17.931360244750977}
{"event": "sample", "n": 768, "mode": "backward", "round": 2, "block": 2, "label": "B", "sample": 9, "ms": 17.961536407470703}
{"event": "sample", "n": 768, "mode": "backward", "round": 2, "block": 3, "label": "A", "sample": 0, "ms": 24.831104278564453}
{"event": "sample", "n": 768, "mode": "backward", "round": 2, "block": 3, "label": "A", "sample": 1, "ms": 24.549503326416016}
{"event": "sample", "n": 768, "mode": "backward", "round": 2, "block": 3, "label": "A", "sample": 2, "ms": 24.543615341186523}
{"event": "sample", "n": 768, "mode": "backward", "round": 2, "block": 3, "label": "A", "sample": 3, "ms": 24.494144439697266}
{"event": "sample", "n": 768, "mode": "backward", "round": 2, "block": 3, "label": "A", "sample": 4, "ms": 24.500160217285156}
{"event": "sample", "n": 768, "mode": "backward", "round": 2, "block": 3, "label": "A", "sample": 5, "ms": 24.495647430419922}
{"event": "sample", "n": 768, "mode": "backward", "round": 2, "block": 3, "label": "A", "sample": 6, "ms": 24.492223739624023}
{"event": "sample", "n": 768, "mode": "backward", "round": 2, "block": 3, "label": "A", "sample": 7, "ms": 24.545568466186523}
{"event": "sample", "n": 768, "mode": "backward", "round": 2, "block": 3, "label": "A", "sample": 8, "ms": 24.537120819091797}
{"event": "sample", "n": 768, "mode": "backward", "round": 2, "block": 3, "label": "A", "sample": 9, "ms": 24.54435157775879}
{"event": "summary", "n": 768, "mode": "backward", "median_ms": {"A": 24.516016006469727, "B": 17.93956756591797}, "speedup": 1.3665890170644837, "samples_per_label": 60}
{"event": "sample", "n": 768, "mode": "forward_backward", "round": 0, "block": 0, "label": "A", "sample": 0, "ms": 29.558528900146484}
{"event": "sample", "n": 768, "mode": "forward_backward", "round": 0, "block": 0, "label": "A", "sample": 1, "ms": 29.29635238647461}
{"event": "sample", "n": 768, "mode": "forward_backward", "round": 0, "block": 0, "label": "A", "sample": 2, "ms": 29.2587833404541}
{"event": "sample", "n": 768, "mode": "forward_backward", "round": 0, "block": 0, "label": "A", "sample": 3, "ms": 29.222944259643555}
{"event": "sample", "n": 768, "mode": "forward_backward", "round": 0, "block": 0, "label": "A", "sample": 4, "ms": 29.230432510375977}
{"event": "sample", "n": 768, "mode": "forward_backward", "round": 0, "block": 0, "label": "A", "sample": 5, "ms": 29.236831665039062}
{"event": "sample", "n": 768, "mode": "forward_backward", "round": 0, "block": 0, "label": "A", "sample": 6, "ms": 29.226335525512695}
{"event": "sample", "n": 768, "mode": "forward_backward", "round": 0, "block": 0, "label": "A", "sample": 7, "ms": 29.23276710510254}
{"event": "sample", "n": 768, "mode": "forward_backward", "round": 0, "block": 0, "label": "A", "sample": 8, "ms": 29.229215621948242}
{"event": "sample", "n": 768, "mode": "forward_backward", "round": 0, "block": 0, "label": "A", "sample": 9, "ms": 29.23017692565918}
{"event": "sample", "n": 768, "mode": "forward_backward", "round": 0, "block": 1, "label": "B", "sample": 0, "ms": 23.494304656982422}
{"event": "sample", "n": 768, "mode": "forward_backward", "round": 0, "block": 1, "label": "B", "sample": 1, "ms": 22.489215850830078}
{"event": "sample", "n": 768, "mode": "forward_backward", "round": 0, "block": 1, "label": "B", "sample": 2, "ms": 22.560991287231445}
{"event": "sample", "n": 768, "mode": "forward_backward", "round": 0, "block": 1, "label": "B", "sample": 3, "ms": 22.540672302246094}
{"event": "sample", "n": 768, "mode": "forward_backward", "round": 0, "block": 1, "label": "B", "sample": 4, "ms": 22.591232299804688}
{"event": "sample", "n": 768, "mode": "forward_backward", "round": 0, "block": 1, "label": "B", "sample": 5, "ms": 22.514623641967773}
{"event": "sample", "n": 768, "mode": "forward_backward", "round": 0, "block": 1, "label": "B", "sample": 6, "ms": 22.58086395263672}
{"event": "sample", "n": 768, "mode": "forward_backward", "round": 0, "block": 1, "label": "B", "sample": 7, "ms": 22.572383880615234}
{"event": "sample", "n": 768, "mode": "forward_backward", "round": 0, "block": 1, "label": "B", "sample": 8, "ms": 22.51628875732422}
{"event": "sample", "n": 768, "mode": "forward_backward", "round": 0, "block": 1, "label": "B", "sample": 9, "ms": 22.508544921875}
{"event": "sample", "n": 768, "mode": "forward_backward", "round": 0, "block": 2, "label": "B", "sample": 0, "ms": 22.87139129638672}
{"event": "sample", "n": 768, "mode": "forward_backward", "round": 0, "block": 2, "label": "B", "sample": 1, "ms": 22.554527282714844}
{"event": "sample", "n": 768, "mode": "forward_backward", "round": 0, "block": 2, "label": "B", "sample": 2, "ms": 22.522720336914062}
{"event": "sample", "n": 768, "mode": "forward_backward", "round": 0, "block": 2, "label": "B", "sample": 3, "ms": 22.605791091918945}
{"event": "sample", "n": 768, "mode": "forward_backward", "round": 0, "block": 2, "label": "B", "sample": 4, "ms": 22.523103713989258}
{"event": "sample", "n": 768, "mode": "forward_backward", "round": 0, "block": 2, "label": "B", "sample": 5, "ms": 22.574560165405273}
{"event": "sample", "n": 768, "mode": "forward_backward", "round": 0, "block": 2, "label": "B", "sample": 6, "ms": 22.60972785949707}
{"event": "sample", "n": 768, "mode": "forward_backward", "round": 0, "block": 2, "label": "B", "sample": 7, "ms": 22.48464012145996}
{"event": "sample", "n": 768, "mode": "forward_backward", "round": 0, "block": 2, "label": "B", "sample": 8, "ms": 22.519519805908203}
{"event": "sample", "n": 768, "mode": "forward_backward", "round": 0, "block": 2, "label": "B", "sample": 9, "ms": 22.513376235961914}
{"event": "sample", "n": 768, "mode": "forward_backward", "round": 0, "block": 3, "label": "A", "sample": 0, "ms": 29.58051109313965}
{"event": "sample", "n": 768, "mode": "forward_backward", "round": 0, "block": 3, "label": "A", "sample": 1, "ms": 29.303071975708008}
{"event": "sample", "n": 768, "mode": "forward_backward", "round": 0, "block": 3, "label": "A", "sample": 2, "ms": 29.299135208129883}
{"event": "sample", "n": 768, "mode": "forward_backward", "round": 0, "block": 3, "label": "A", "sample": 3, "ms": 29.29315185546875}
{"event": "sample", "n": 768, "mode": "forward_backward", "round": 0, "block": 3, "label": "A", "sample": 4, "ms": 29.244672775268555}
{"event": "sample", "n": 768, "mode": "forward_backward", "round": 0, "block": 3, "label": "A", "sample": 5, "ms": 29.227968215942383}
{"event": "sample", "n": 768, "mode": "forward_backward", "round": 0, "block": 3, "label": "A", "sample": 6, "ms": 29.233184814453125}
{"event": "sample", "n": 768, "mode": "forward_backward", "round": 0, "block": 3, "label": "A", "sample": 7, "ms": 29.2324161529541}
{"event": "sample", "n": 768, "mode": "forward_backward", "round": 0, "block": 3, "label": "A", "sample": 8, "ms": 29.23075294494629}
{"event": "sample", "n": 768, "mode": "forward_backward", "round": 0, "block": 3, "label": "A", "sample": 9, "ms": 29.227872848510742}
{"event": "sample", "n": 768, "mode": "forward_backward", "round": 1, "block": 0, "label": "A", "sample": 0, "ms": 29.56425666809082}
{"event": "sample", "n": 768, "mode": "forward_backward", "round": 1, "block": 0, "label": "A", "sample": 1, "ms": 29.231935501098633}
{"event": "sample", "n": 768, "mode": "forward_backward", "round": 1, "block": 0, "label": "A", "sample": 2, "ms": 29.227264404296875}
{"event": "sample", "n": 768, "mode": "forward_backward", "round": 1, "block": 0, "label": "A", "sample": 3, "ms": 29.231712341308594}
{"event": "sample", "n": 768, "mode": "forward_backward", "round": 1, "block": 0, "label": "A", "sample": 4, "ms": 29.23075294494629}
{"event": "sample", "n": 768, "mode": "forward_backward", "round": 1, "block": 0, "label": "A", "sample": 5, "ms": 29.230560302734375}
{"event": "sample", "n": 768, "mode": "forward_backward", "round": 1, "block": 0, "label": "A", "sample": 6, "ms": 29.223424911499023}
{"event": "sample", "n": 768, "mode": "forward_backward", "round": 1, "block": 0, "label": "A", "sample": 7, "ms": 29.226816177368164}
{"event": "sample", "n": 768, "mode": "forward_backward", "round": 1, "block": 0, "label": "A", "sample": 8, "ms": 29.2346248626709}
{"event": "sample", "n": 768, "mode": "forward_backward", "round": 1, "block": 0, "label": "A", "sample": 9, "ms": 29.230464935302734}
{"event": "sample", "n": 768, "mode": "forward_backward", "round": 1, "block": 1, "label": "B", "sample": 0, "ms": 22.89263916015625}
{"event": "sample", "n": 768, "mode": "forward_backward", "round": 1, "block": 1, "label": "B", "sample": 1, "ms": 22.5532169342041}
{"event": "sample", "n": 768, "mode": "forward_backward", "round": 1, "block": 1, "label": "B", "sample": 2, "ms": 22.545536041259766}
{"event": "sample", "n": 768, "mode": "forward_backward", "round": 1, "block": 1, "label": "B", "sample": 3, "ms": 22.57027244567871}
{"event": "sample", "n": 768, "mode": "forward_backward", "round": 1, "block": 1, "label": "B", "sample": 4, "ms": 22.520160675048828}
{"event": "sample", "n": 768, "mode": "forward_backward", "round": 1, "block": 1, "label": "B", "sample": 5, "ms": 22.569120407104492}
{"event": "sample", "n": 768, "mode": "forward_backward", "round": 1, "block": 1, "label": "B", "sample": 6, "ms": 22.48691177368164}
{"event": "sample", "n": 768, "mode": "forward_backward", "round": 1, "block": 1, "label": "B", "sample": 7, "ms": 22.515743255615234}
{"event": "sample", "n": 768, "mode": "forward_backward", "round": 1, "block": 1, "label": "B", "sample": 8, "ms": 22.497343063354492}
{"event": "sample", "n": 768, "mode": "forward_backward", "round": 1, "block": 1, "label": "B", "sample": 9, "ms": 22.4451847076416}
{"event": "sample", "n": 768, "mode": "forward_backward", "round": 1, "block": 2, "label": "B", "sample": 0, "ms": 22.911808013916016}
{"event": "sample", "n": 768, "mode": "forward_backward", "round": 1, "block": 2, "label": "B", "sample": 1, "ms": 22.541536331176758}
{"event": "sample", "n": 768, "mode": "forward_backward", "round": 1, "block": 2, "label": "B", "sample": 2, "ms": 22.512544631958008}
{"event": "sample", "n": 768, "mode": "forward_backward", "round": 1, "block": 2, "label": "B", "sample": 3, "ms": 22.51862335205078}
{"event": "sample", "n": 768, "mode": "forward_backward", "round": 1, "block": 2, "label": "B", "sample": 4, "ms": 22.490720748901367}
{"event": "sample", "n": 768, "mode": "forward_backward", "round": 1, "block": 2, "label": "B", "sample": 5, "ms": 22.466272354125977}
{"event": "sample", "n": 768, "mode": "forward_backward", "round": 1, "block": 2, "label": "B", "sample": 6, "ms": 22.470720291137695}
{"event": "sample", "n": 768, "mode": "forward_backward", "round": 1, "block": 2, "label": "B", "sample": 7, "ms": 22.497760772705078}
{"event": "sample", "n": 768, "mode": "forward_backward", "round": 1, "block": 2, "label": "B", "sample": 8, "ms": 22.472736358642578}
{"event": "sample", "n": 768, "mode": "forward_backward", "round": 1, "block": 2, "label": "B", "sample": 9, "ms": 22.545856475830078}
{"event": "sample", "n": 768, "mode": "forward_backward", "round": 1, "block": 3, "label": "A", "sample": 0, "ms": 29.598175048828125}
{"event": "sample", "n": 768, "mode": "forward_backward", "round": 1, "block": 3, "label": "A", "sample": 1, "ms": 29.29417610168457}
{"event": "sample", "n": 768, "mode": "forward_backward", "round": 1, "block": 3, "label": "A", "sample": 2, "ms": 29.2891845703125}
{"event": "sample", "n": 768, "mode": "forward_backward", "round": 1, "block": 3, "label": "A", "sample": 3, "ms": 29.226367950439453}
{"event": "sample", "n": 768, "mode": "forward_backward", "round": 1, "block": 3, "label": "A", "sample": 4, "ms": 29.21548843383789}
{"event": "sample", "n": 768, "mode": "forward_backward", "round": 1, "block": 3, "label": "A", "sample": 5, "ms": 29.228736877441406}
{"event": "sample", "n": 768, "mode": "forward_backward", "round": 1, "block": 3, "label": "A", "sample": 6, "ms": 29.237024307250977}
{"event": "sample", "n": 768, "mode": "forward_backward", "round": 1, "block": 3, "label": "A", "sample": 7, "ms": 29.228960037231445}
{"event": "sample", "n": 768, "mode": "forward_backward", "round": 1, "block": 3, "label": "A", "sample": 8, "ms": 29.224544525146484}
{"event": "sample", "n": 768, "mode": "forward_backward", "round": 1, "block": 3, "label": "A", "sample": 9, "ms": 29.22617530822754}
{"event": "sample", "n": 768, "mode": "forward_backward", "round": 2, "block": 0, "label": "A", "sample": 0, "ms": 29.622112274169922}
{"event": "sample", "n": 768, "mode": "forward_backward", "round": 2, "block": 0, "label": "A", "sample": 1, "ms": 29.22105598449707}
{"event": "sample", "n": 768, "mode": "forward_backward", "round": 2, "block": 0, "label": "A", "sample": 2, "ms": 29.22652816772461}
{"event": "sample", "n": 768, "mode": "forward_backward", "round": 2, "block": 0, "label": "A", "sample": 3, "ms": 29.23196792602539}
{"event": "sample", "n": 768, "mode": "forward_backward", "round": 2, "block": 0, "label": "A", "sample": 4, "ms": 29.233535766601562}
{"event": "sample", "n": 768, "mode": "forward_backward", "round": 2, "block": 0, "label": "A", "sample": 5, "ms": 29.230304718017578}
{"event": "sample", "n": 768, "mode": "forward_backward", "round": 2, "block": 0, "label": "A", "sample": 6, "ms": 29.219615936279297}
{"event": "sample", "n": 768, "mode": "forward_backward", "round": 2, "block": 0, "label": "A", "sample": 7, "ms": 29.22675132751465}
{"event": "sample", "n": 768, "mode": "forward_backward", "round": 2, "block": 0, "label": "A", "sample": 8, "ms": 29.227584838867188}
{"event": "sample", "n": 768, "mode": "forward_backward", "round": 2, "block": 0, "label": "A", "sample": 9, "ms": 29.237024307250977}
{"event": "sample", "n": 768, "mode": "forward_backward", "round": 2, "block": 1, "label": "B", "sample": 0, "ms": 22.93391990661621}
{"event": "sample", "n": 768, "mode": "forward_backward", "round": 2, "block": 1, "label": "B", "sample": 1, "ms": 22.492544174194336}
{"event": "sample", "n": 768, "mode": "forward_backward", "round": 2, "block": 1, "label": "B", "sample": 2, "ms": 22.45484733581543}
{"event": "sample", "n": 768, "mode": "forward_backward", "round": 2, "block": 1, "label": "B", "sample": 3, "ms": 22.4881591796875}
{"event": "sample", "n": 768, "mode": "forward_backward", "round": 2, "block": 1, "label": "B", "sample": 4, "ms": 22.5565128326416}
{"event": "sample", "n": 768, "mode": "forward_backward", "round": 2, "block": 1, "label": "B", "sample": 5, "ms": 22.548128128051758}
{"event": "sample", "n": 768, "mode": "forward_backward", "round": 2, "block": 1, "label": "B", "sample": 6, "ms": 22.510080337524414}
{"event": "sample", "n": 768, "mode": "forward_backward", "round": 2, "block": 1, "label": "B", "sample": 7, "ms": 22.575904846191406}
{"event": "sample", "n": 768, "mode": "forward_backward", "round": 2, "block": 1, "label": "B", "sample": 8, "ms": 22.525632858276367}
{"event": "sample", "n": 768, "mode": "forward_backward", "round": 2, "block": 1, "label": "B", "sample": 9, "ms": 22.533344268798828}
{"event": "sample", "n": 768, "mode": "forward_backward", "round": 2, "block": 2, "label": "B", "sample": 0, "ms": 22.885759353637695}
{"event": "sample", "n": 768, "mode": "forward_backward", "round": 2, "block": 2, "label": "B", "sample": 1, "ms": 22.507232666015625}
{"event": "sample", "n": 768, "mode": "forward_backward", "round": 2, "block": 2, "label": "B", "sample": 2, "ms": 22.5067195892334}
{"event": "sample", "n": 768, "mode": "forward_backward", "round": 2, "block": 2, "label": "B", "sample": 3, "ms": 22.523839950561523}
{"event": "sample", "n": 768, "mode": "forward_backward", "round": 2, "block": 2, "label": "B", "sample": 4, "ms": 22.553184509277344}
{"event": "sample", "n": 768, "mode": "forward_backward", "round": 2, "block": 2, "label": "B", "sample": 5, "ms": 22.5218563079834}
{"event": "sample", "n": 768, "mode": "forward_backward", "round": 2, "block": 2, "label": "B", "sample": 6, "ms": 22.548992156982422}
{"event": "sample", "n": 768, "mode": "forward_backward", "round": 2, "block": 2, "label": "B", "sample": 7, "ms": 22.547712326049805}
{"event": "sample", "n": 768, "mode": "forward_backward", "round": 2, "block": 2, "label": "B", "sample": 8, "ms": 22.474592208862305}
{"event": "sample", "n": 768, "mode": "forward_backward", "round": 2, "block": 2, "label": "B", "sample": 9, "ms": 22.485471725463867}
{"event": "sample", "n": 768, "mode": "forward_backward", "round": 2, "block": 3, "label": "A", "sample": 0, "ms": 29.49772834777832}
{"event": "sample", "n": 768, "mode": "forward_backward", "round": 2, "block": 3, "label": "A", "sample": 1, "ms": 29.25062370300293}
{"event": "sample", "n": 768, "mode": "forward_backward", "round": 2, "block": 3, "label": "A", "sample": 2, "ms": 29.29747200012207}
{"event": "sample", "n": 768, "mode": "forward_backward", "round": 2, "block": 3, "label": "A", "sample": 3, "ms": 29.289888381958008}
{"event": "sample", "n": 768, "mode": "forward_backward", "round": 2, "block": 3, "label": "A", "sample": 4, "ms": 29.286176681518555}
{"event": "sample", "n": 768, "mode": "forward_backward", "round": 2, "block": 3, "label": "A", "sample": 5, "ms": 29.224319458007812}
{"event": "sample", "n": 768, "mode": "forward_backward", "round": 2, "block": 3, "label": "A", "sample": 6, "ms": 29.227455139160156}
{"event": "sample", "n": 768, "mode": "forward_backward", "round": 2, "block": 3, "label": "A", "sample": 7, "ms": 29.23094367980957}
{"event": "sample", "n": 768, "mode": "forward_backward", "round": 2, "block": 3, "label": "A", "sample": 8, "ms": 29.2258243560791}
{"event": "sample", "n": 768, "mode": "forward_backward", "round": 2, "block": 3, "label": "A", "sample": 9, "ms": 29.23472023010254}
{"event": "summary", "n": 768, "mode": "forward_backward", "median_ms": {"A": 29.231328010559082, "B": 22.52347183227539}, "speedup": 1.2978162615530504, "samples_per_label": 60}
{"event": "parity", "n": 800, "checks": {"output": {"relative_l2": 0.0, "baseline_zero_max_abs_diagnostic": 0.0, "passed": true}, "dq": {"relative_l2": 6.541570473928005e-05, "baseline_zero_max_abs_diagnostic": 0.0, "passed": true}, "dk": {"relative_l2": 0.0, "baseline_zero_max_abs_diagnostic": 0.0, "passed": true}, "dv": {"relative_l2": 0.0, "baseline_zero_max_abs_diagnostic": 0.0, "passed": true}, "db": {"relative_l2": 1.0234742148895748e-05, "baseline_zero_max_abs_diagnostic": 0.0, "passed": true}}, "independent_reference": false}
{"event": "memory", "n": 800, "measurements": {"A": {"peak_increment_bytes": 1447920640, "retained_increment_bytes": 1321451520}, "B": {"peak_increment_bytes": 1530438656, "retained_increment_bytes": 1321451520}}}
{"event": "sample", "n": 800, "mode": "forward", "round": 0, "block": 0, "label": "A", "sample": 0, "ms": 6.147808074951172}
{"event": "sample", "n": 800, "mode": "forward", "round": 0, "block": 0, "label": "A", "sample": 1, "ms": 5.952928066253662}
{"event": "sample", "n": 800, "mode": "forward", "round": 0, "block": 0, "label": "A", "sample": 2, "ms": 5.956607818603516}
{"event": "sample", "n": 800, "mode": "forward", "round": 0, "block": 0, "label": "A", "sample": 3, "ms": 5.9552001953125}
{"event": "sample", "n": 800, "mode": "forward", "round": 0, "block": 0, "label": "A", "sample": 4, "ms": 5.951935768127441}
{"event": "sample", "n": 800, "mode": "forward", "round": 0, "block": 0, "label": "A", "sample": 5, "ms": 5.955711841583252}
{"event": "sample", "n": 800, "mode": "forward", "round": 0, "block": 0, "label": "A", "sample": 6, "ms": 5.955776214599609}
{"event": "sample", "n": 800, "mode": "forward", "round": 0, "block": 0, "label": "A", "sample": 7, "ms": 5.955488204956055}
{"event": "sample", "n": 800, "mode": "forward", "round": 0, "block": 0, "label": "A", "sample": 8, "ms": 5.953919887542725}
{"event": "sample", "n": 800, "mode": "forward", "round": 0, "block": 0, "label": "A", "sample": 9, "ms": 5.952703952789307}
{"event": "sample", "n": 800, "mode": "forward", "round": 0, "block": 1, "label": "B", "sample": 0, "ms": 6.314752101898193}
{"event": "sample", "n": 800, "mode": "forward", "round": 0, "block": 1, "label": "B", "sample": 1, "ms": 5.93177604675293}
{"event": "sample", "n": 800, "mode": "forward", "round": 0, "block": 1, "label": "B", "sample": 2, "ms": 5.924895763397217}
{"event": "sample", "n": 800, "mode": "forward", "round": 0, "block": 1, "label": "B", "sample": 3, "ms": 5.91868782043457}
{"event": "sample", "n": 800, "mode": "forward", "round": 0, "block": 1, "label": "B", "sample": 4, "ms": 5.917791843414307}
{"event": "sample", "n": 800, "mode": "forward", "round": 0, "block": 1, "label": "B", "sample": 5, "ms": 5.918784141540527}
{"event": "sample", "n": 800, "mode": "forward", "round": 0, "block": 1, "label": "B", "sample": 6, "ms": 5.916287899017334}
{"event": "sample", "n": 800, "mode": "forward", "round": 0, "block": 1, "label": "B", "sample": 7, "ms": 5.918272018432617}
{"event": "sample", "n": 800, "mode": "forward", "round": 0, "block": 1, "label": "B", "sample": 8, "ms": 5.91974401473999}
{"event": "sample", "n": 800, "mode": "forward", "round": 0, "block": 1, "label": "B", "sample": 9, "ms": 5.919328212738037}
{"event": "sample", "n": 800, "mode": "forward", "round": 0, "block": 2, "label": "B", "sample": 0, "ms": 6.269343852996826}
{"event": "sample", "n": 800, "mode": "forward", "round": 0, "block": 2, "label": "B", "sample": 1, "ms": 5.920032024383545}
{"event": "sample", "n": 800, "mode": "forward", "round": 0, "block": 2, "label": "B", "sample": 2, "ms": 5.9200639724731445}
{"event": "sample", "n": 800, "mode": "forward", "round": 0, "block": 2, "label": "B", "sample": 3, "ms": 5.918464183807373}
{"event": "sample", "n": 800, "mode": "forward", "round": 0, "block": 2, "label": "B", "sample": 4, "ms": 5.917888164520264}
{"event": "sample", "n": 800, "mode": "forward", "round": 0, "block": 2, "label": "B", "sample": 5, "ms": 5.91977596282959}
{"event": "sample", "n": 800, "mode": "forward", "round": 0, "block": 2, "label": "B", "sample": 6, "ms": 5.919136047363281}
{"event": "sample", "n": 800, "mode": "forward", "round": 0, "block": 2, "label": "B", "sample": 7, "ms": 5.918464183807373}
{"event": "sample", "n": 800, "mode": "forward", "round": 0, "block": 2, "label": "B", "sample": 8, "ms": 5.91644811630249}
{"event": "sample", "n": 800, "mode": "forward", "round": 0, "block": 2, "label": "B", "sample": 9, "ms": 5.919328212738037}
{"event": "sample", "n": 800, "mode": "forward", "round": 0, "block": 3, "label": "A", "sample": 0, "ms": 6.156832218170166}
{"event": "sample", "n": 800, "mode": "forward", "round": 0, "block": 3, "label": "A", "sample": 1, "ms": 5.940256118774414}
{"event": "sample", "n": 800, "mode": "forward", "round": 0, "block": 3, "label": "A", "sample": 2, "ms": 5.9415998458862305}
{"event": "sample", "n": 800, "mode": "forward", "round": 0, "block": 3, "label": "A", "sample": 3, "ms": 5.9436798095703125}
{"event": "sample", "n": 800, "mode": "forward", "round": 0, "block": 3, "label": "A", "sample": 4, "ms": 5.944672107696533}
{"event": "sample", "n": 800, "mode": "forward", "round": 0, "block": 3, "label": "A", "sample": 5, "ms": 5.945856094360352}
{"event": "sample", "n": 800, "mode": "forward", "round": 0, "block": 3, "label": "A", "sample": 6, "ms": 5.941823959350586}
{"event": "sample", "n": 800, "mode": "forward", "round": 0, "block": 3, "label": "A", "sample": 7, "ms": 5.944672107696533}
{"event": "sample", "n": 800, "mode": "forward", "round": 0, "block": 3, "label": "A", "sample": 8, "ms": 5.944159984588623}
{"event": "sample", "n": 800, "mode": "forward", "round": 0, "block": 3, "label": "A", "sample": 9, "ms": 5.944543838500977}
{"event": "sample", "n": 800, "mode": "forward", "round": 1, "block": 0, "label": "A", "sample": 0, "ms": 6.184895992279053}
{"event": "sample", "n": 800, "mode": "forward", "round": 1, "block": 0, "label": "A", "sample": 1, "ms": 5.944896221160889}
{"event": "sample", "n": 800, "mode": "forward", "round": 1, "block": 0, "label": "A", "sample": 2, "ms": 5.944096088409424}
{"event": "sample", "n": 800, "mode": "forward", "round": 1, "block": 0, "label": "A", "sample": 3, "ms": 5.9451518058776855}
{"event": "sample", "n": 800, "mode": "forward", "round": 1, "block": 0, "label": "A", "sample": 4, "ms": 5.942016124725342}
{"event": "sample", "n": 800, "mode": "forward", "round": 1, "block": 0, "label": "A", "sample": 5, "ms": 5.946784019470215}
{"event": "sample", "n": 800, "mode": "forward", "round": 1, "block": 0, "label": "A", "sample": 6, "ms": 5.944704055786133}
{"event": "sample", "n": 800, "mode": "forward", "round": 1, "block": 0, "label": "A", "sample": 7, "ms": 5.943488121032715}
{"event": "sample", "n": 800, "mode": "forward", "round": 1, "block": 0, "label": "A", "sample": 8, "ms": 5.941984176635742}
{"event": "sample", "n": 800, "mode": "forward", "round": 1, "block": 0, "label": "A", "sample": 9, "ms": 5.946847915649414}
{"event": "sample", "n": 800, "mode": "forward", "round": 1, "block": 1, "label": "B", "sample": 0, "ms": 6.2809600830078125}
{"event": "sample", "n": 800, "mode": "forward", "round": 1, "block": 1, "label": "B", "sample": 1, "ms": 5.917664051055908}
{"event": "sample", "n": 800, "mode": "forward", "round": 1, "block": 1, "label": "B", "sample": 2, "ms": 5.918560028076172}
{"event": "sample", "n": 800, "mode": "forward", "round": 1, "block": 1, "label": "B", "sample": 3, "ms": 5.9194560050964355}
{"event": "sample", "n": 800, "mode": "forward", "round": 1, "block": 1, "label": "B", "sample": 4, "ms": 5.91977596282959}
{"event": "sample", "n": 800, "mode": "forward", "round": 1, "block": 1, "label": "B", "sample": 5, "ms": 5.918399810791016}
{"event": "sample", "n": 800, "mode": "forward", "round": 1, "block": 1, "label": "B", "sample": 6, "ms": 5.917056083679199}
{"event": "sample", "n": 800, "mode": "forward", "round": 1, "block": 1, "label": "B", "sample": 7, "ms": 5.91923189163208}
{"event": "sample", "n": 800, "mode": "forward", "round": 1, "block": 1, "label": "B", "sample": 8, "ms": 5.9194560050964355}
{"event": "sample", "n": 800, "mode": "forward", "round": 1, "block": 1, "label": "B", "sample": 9, "ms": 5.9179840087890625}
{"event": "sample", "n": 800, "mode": "forward", "round": 1, "block": 2, "label": "B", "sample": 0, "ms": 6.271423816680908}
{"event": "sample", "n": 800, "mode": "forward", "round": 1, "block": 2, "label": "B", "sample": 1, "ms": 5.920191764831543}
{"event": "sample", "n": 800, "mode": "forward", "round": 1, "block": 2, "label": "B", "sample": 2, "ms": 5.919295787811279}
{"event": "sample", "n": 800, "mode": "forward", "round": 1, "block": 2, "label": "B", "sample": 3, "ms": 5.918655872344971}
{"event": "sample", "n": 800, "mode": "forward", "round": 1, "block": 2, "label": "B", "sample": 4, "ms": 5.917215824127197}
{"event": "sample", "n": 800, "mode": "forward", "round": 1, "block": 2, "label": "B", "sample": 5, "ms": 5.918943881988525}
{"event": "sample", "n": 800, "mode": "forward", "round": 1, "block": 2, "label": "B", "sample": 6, "ms": 5.918399810791016}
{"event": "sample", "n": 800, "mode": "forward", "round": 1, "block": 2, "label": "B", "sample": 7, "ms": 5.917759895324707}
{"event": "sample", "n": 800, "mode": "forward", "round": 1, "block": 2, "label": "B", "sample": 8, "ms": 5.917407989501953}
{"event": "sample", "n": 800, "mode": "forward", "round": 1, "block": 2, "label": "B", "sample": 9, "ms": 5.918943881988525}
{"event": "sample", "n": 800, "mode": "forward", "round": 1, "block": 3, "label": "A", "sample": 0, "ms": 6.169568061828613}
{"event": "sample", "n": 800, "mode": "forward", "round": 1, "block": 3, "label": "A", "sample": 1, "ms": 5.942272186279297}
{"event": "sample", "n": 800, "mode": "forward", "round": 1, "block": 3, "label": "A", "sample": 2, "ms": 5.939551830291748}
{"event": "sample", "n": 800, "mode": "forward", "round": 1, "block": 3, "label": "A", "sample": 3, "ms": 5.943327903747559}
{"event": "sample", "n": 800, "mode": "forward", "round": 1, "block": 3, "label": "A", "sample": 4, "ms": 5.942560195922852}
{"event": "sample", "n": 800, "mode": "forward", "round": 1, "block": 3, "label": "A", "sample": 5, "ms": 5.9424638748168945}
{"event": "sample", "n": 800, "mode": "forward", "round": 1, "block": 3, "label": "A", "sample": 6, "ms": 5.9470720291137695}
{"event": "sample", "n": 800, "mode": "forward", "round": 1, "block": 3, "label": "A", "sample": 7, "ms": 5.9442877769470215}
{"event": "sample", "n": 800, "mode": "forward", "round": 1, "block": 3, "label": "A", "sample": 8, "ms": 5.948607921600342}
{"event": "sample", "n": 800, "mode": "forward", "round": 1, "block": 3, "label": "A", "sample": 9, "ms": 5.957024097442627}
{"event": "sample", "n": 800, "mode": "forward", "round": 2, "block": 0, "label": "A", "sample": 0, "ms": 6.1976637840271}
{"event": "sample", "n": 800, "mode": "forward", "round": 2, "block": 0, "label": "A", "sample": 1, "ms": 5.9585280418396}
{"event": "sample", "n": 800, "mode": "forward", "round": 2, "block": 0, "label": "A", "sample": 2, "ms": 5.958176136016846}
{"event": "sample", "n": 800, "mode": "forward", "round": 2, "block": 0, "label": "A", "sample": 3, "ms": 5.95468807220459}
{"event": "sample", "n": 800, "mode": "forward", "round": 2, "block": 0, "label": "A", "sample": 4, "ms": 5.955264091491699}
{"event": "sample", "n": 800, "mode": "forward", "round": 2, "block": 0, "label": "A", "sample": 5, "ms": 5.955296039581299}
{"event": "sample", "n": 800, "mode": "forward", "round": 2, "block": 0, "label": "A", "sample": 6, "ms": 5.95465612411499}
{"event": "sample", "n": 800, "mode": "forward", "round": 2, "block": 0, "label": "A", "sample": 7, "ms": 5.95468807220459}
{"event": "sample", "n": 800, "mode": "forward", "round": 2, "block": 0, "label": "A", "sample": 8, "ms": 5.95359992980957}
{"event": "sample", "n": 800, "mode": "forward", "round": 2, "block": 0, "label": "A", "sample": 9, "ms": 5.95414400100708}
{"event": "sample", "n": 800, "mode": "forward", "round": 2, "block": 1, "label": "B", "sample": 0, "ms": 6.306367874145508}
{"event": "sample", "n": 800, "mode": "forward", "round": 2, "block": 1, "label": "B", "sample": 1, "ms": 5.930272102355957}
{"event": "sample", "n": 800, "mode": "forward", "round": 2, "block": 1, "label": "B", "sample": 2, "ms": 5.930272102355957}
{"event": "sample", "n": 800, "mode": "forward", "round": 2, "block": 1, "label": "B", "sample": 3, "ms": 5.931295871734619}
{"event": "sample", "n": 800, "mode": "forward", "round": 2, "block": 1, "label": "B", "sample": 4, "ms": 5.932159900665283}
{"event": "sample", "n": 800, "mode": "forward", "round": 2, "block": 1, "label": "B", "sample": 5, "ms": 5.919007778167725}
{"event": "sample", "n": 800, "mode": "forward", "round": 2, "block": 1, "label": "B", "sample": 6, "ms": 5.916607856750488}
{"event": "sample", "n": 800, "mode": "forward", "round": 2, "block": 1, "label": "B", "sample": 7, "ms": 5.916959762573242}
{"event": "sample", "n": 800, "mode": "forward", "round": 2, "block": 1, "label": "B", "sample": 8, "ms": 5.917791843414307}
{"event": "sample", "n": 800, "mode": "forward", "round": 2, "block": 1, "label": "B", "sample": 9, "ms": 5.917759895324707}
{"event": "sample", "n": 800, "mode": "forward", "round": 2, "block": 2, "label": "B", "sample": 0, "ms": 6.224319934844971}
{"event": "sample", "n": 800, "mode": "forward", "round": 2, "block": 2, "label": "B", "sample": 1, "ms": 5.919519901275635}
{"event": "sample", "n": 800, "mode": "forward", "round": 2, "block": 2, "label": "B", "sample": 2, "ms": 5.91871976852417}
{"event": "sample", "n": 800, "mode": "forward", "round": 2, "block": 2, "label": "B", "sample": 3, "ms": 5.918528079986572}
{"event": "sample", "n": 800, "mode": "forward", "round": 2, "block": 2, "label": "B", "sample": 4, "ms": 5.916255950927734}
{"event": "sample", "n": 800, "mode": "forward", "round": 2, "block": 2, "label": "B", "sample": 5, "ms": 5.918911933898926}
{"event": "sample", "n": 800, "mode": "forward", "round": 2, "block": 2, "label": "B", "sample": 6, "ms": 5.919072151184082}
{"event": "sample", "n": 800, "mode": "forward", "round": 2, "block": 2, "label": "B", "sample": 7, "ms": 5.917664051055908}
{"event": "sample", "n": 800, "mode": "forward", "round": 2, "block": 2, "label": "B", "sample": 8, "ms": 5.917503833770752}
{"event": "sample", "n": 800, "mode": "forward", "round": 2, "block": 2, "label": "B", "sample": 9, "ms": 5.919007778167725}
{"event": "sample", "n": 800, "mode": "forward", "round": 2, "block": 3, "label": "A", "sample": 0, "ms": 6.186240196228027}
{"event": "sample", "n": 800, "mode": "forward", "round": 2, "block": 3, "label": "A", "sample": 1, "ms": 5.9422078132629395}
{"event": "sample", "n": 800, "mode": "forward", "round": 2, "block": 3, "label": "A", "sample": 2, "ms": 5.9418559074401855}
{"event": "sample", "n": 800, "mode": "forward", "round": 2, "block": 3, "label": "A", "sample": 3, "ms": 5.9409918785095215}
{"event": "sample", "n": 800, "mode": "forward", "round": 2, "block": 3, "label": "A", "sample": 4, "ms": 5.940671920776367}
{"event": "sample", "n": 800, "mode": "forward", "round": 2, "block": 3, "label": "A", "sample": 5, "ms": 5.942495822906494}
{"event": "sample", "n": 800, "mode": "forward", "round": 2, "block": 3, "label": "A", "sample": 6, "ms": 5.940447807312012}
{"event": "sample", "n": 800, "mode": "forward", "round": 2, "block": 3, "label": "A", "sample": 7, "ms": 5.941215991973877}
{"event": "sample", "n": 800, "mode": "forward", "round": 2, "block": 3, "label": "A", "sample": 8, "ms": 5.941728115081787}
{"event": "sample", "n": 800, "mode": "forward", "round": 2, "block": 3, "label": "A", "sample": 9, "ms": 5.94595193862915}
{"event": "summary", "n": 800, "mode": "forward", "median_ms": {"A": 5.945904016494751, "B": 5.918943881988525}, "speedup": 1.0045548893592766, "samples_per_label": 60}
{"event": "sample", "n": 800, "mode": "backward", "round": 0, "block": 0, "label": "A", "sample": 0, "ms": 29.518720626831055}
{"event": "sample", "n": 800, "mode": "backward", "round": 0, "block": 0, "label": "A", "sample": 1, "ms": 29.250560760498047}
{"event": "sample", "n": 800, "mode": "backward", "round": 0, "block": 0, "label": "A", "sample": 2, "ms": 29.273088455200195}
{"event": "sample", "n": 800, "mode": "backward", "round": 0, "block": 0, "label": "A", "sample": 3, "ms": 29.31283187866211}
{"event": "sample", "n": 800, "mode": "backward", "round": 0, "block": 0, "label": "A", "sample": 4, "ms": 29.31158447265625}
{"event": "sample", "n": 800, "mode": "backward", "round": 0, "block": 0, "label": "A", "sample": 5, "ms": 29.31273651123047}
{"event": "sample", "n": 800, "mode": "backward", "round": 0, "block": 0, "label": "A", "sample": 6, "ms": 29.250783920288086}
{"event": "sample", "n": 800, "mode": "backward", "round": 0, "block": 0, "label": "A", "sample": 7, "ms": 29.242368698120117}
{"event": "sample", "n": 800, "mode": "backward", "round": 0, "block": 0, "label": "A", "sample": 8, "ms": 29.245023727416992}
{"event": "sample", "n": 800, "mode": "backward", "round": 0, "block": 0, "label": "A", "sample": 9, "ms": 29.2872314453125}
{"event": "sample", "n": 800, "mode": "backward", "round": 0, "block": 1, "label": "B", "sample": 0, "ms": 24.347135543823242}
{"event": "sample", "n": 800, "mode": "backward", "round": 0, "block": 1, "label": "B", "sample": 1, "ms": 23.947776794433594}
{"event": "sample", "n": 800, "mode": "backward", "round": 0, "block": 1, "label": "B", "sample": 2, "ms": 23.936960220336914}
{"event": "sample", "n": 800, "mode": "backward", "round": 0, "block": 1, "label": "B", "sample": 3, "ms": 23.89798355102539}
{"event": "sample", "n": 800, "mode": "backward", "round": 0, "block": 1, "label": "B", "sample": 4, "ms": 23.88492774963379}
{"event": "sample", "n": 800, "mode": "backward", "round": 0, "block": 1, "label": "B", "sample": 5, "ms": 23.892000198364258}
{"event": "sample", "n": 800, "mode": "backward", "round": 0, "block": 1, "label": "B", "sample": 6, "ms": 23.887296676635742}
{"event": "sample", "n": 800, "mode": "backward", "round": 0, "block": 1, "label": "B", "sample": 7, "ms": 23.853984832763672}
{"event": "sample", "n": 800, "mode": "backward", "round": 0, "block": 1, "label": "B", "sample": 8, "ms": 23.86742401123047}
{"event": "sample", "n": 800, "mode": "backward", "round": 0, "block": 1, "label": "B", "sample": 9, "ms": 23.889856338500977}
{"event": "sample", "n": 800, "mode": "backward", "round": 0, "block": 2, "label": "B", "sample": 0, "ms": 24.029216766357422}
{"event": "sample", "n": 800, "mode": "backward", "round": 0, "block": 2, "label": "B", "sample": 1, "ms": 23.8756160736084}
{"event": "sample", "n": 800, "mode": "backward", "round": 0, "block": 2, "label": "B", "sample": 2, "ms": 23.856191635131836}
{"event": "sample", "n": 800, "mode": "backward", "round": 0, "block": 2, "label": "B", "sample": 3, "ms": 23.86297607421875}
{"event": "sample", "n": 800, "mode": "backward", "round": 0, "block": 2, "label": "B", "sample": 4, "ms": 23.841888427734375}
{"event": "sample", "n": 800, "mode": "backward", "round": 0, "block": 2, "label": "B", "sample": 5, "ms": 23.844287872314453}
{"event": "sample", "n": 800, "mode": "backward", "round": 0, "block": 2, "label": "B", "sample": 6, "ms": 23.881919860839844}
{"event": "sample", "n": 800, "mode": "backward", "round": 0, "block": 2, "label": "B", "sample": 7, "ms": 23.891359329223633}
{"event": "sample", "n": 800, "mode": "backward", "round": 0, "block": 2, "label": "B", "sample": 8, "ms": 23.86947250366211}
{"event": "sample", "n": 800, "mode": "backward", "round": 0, "block": 2, "label": "B", "sample": 9, "ms": 23.862272262573242}
{"event": "sample", "n": 800, "mode": "backward", "round": 0, "block": 3, "label": "A", "sample": 0, "ms": 29.56073570251465}
{"event": "sample", "n": 800, "mode": "backward", "round": 0, "block": 3, "label": "A", "sample": 1, "ms": 29.210176467895508}
{"event": "sample", "n": 800, "mode": "backward", "round": 0, "block": 3, "label": "A", "sample": 2, "ms": 29.217824935913086}
{"event": "sample", "n": 800, "mode": "backward", "round": 0, "block": 3, "label": "A", "sample": 3, "ms": 29.214080810546875}
{"event": "sample", "n": 800, "mode": "backward", "round": 0, "block": 3, "label": "A", "sample": 4, "ms": 29.208927154541016}
{"event": "sample", "n": 800, "mode": "backward", "round": 0, "block": 3, "label": "A", "sample": 5, "ms": 29.20969581604004}
{"event": "sample", "n": 800, "mode": "backward", "round": 0, "block": 3, "label": "A", "sample": 6, "ms": 29.21785545349121}
{"event": "sample", "n": 800, "mode": "backward", "round": 0, "block": 3, "label": "A", "sample": 7, "ms": 29.3176326751709}
{"event": "sample", "n": 800, "mode": "backward", "round": 0, "block": 3, "label": "A", "sample": 8, "ms": 29.31702423095703}
{"event": "sample", "n": 800, "mode": "backward", "round": 0, "block": 3, "label": "A", "sample": 9, "ms": 29.3056640625}
{"event": "sample", "n": 800, "mode": "backward", "round": 1, "block": 0, "label": "A", "sample": 0, "ms": 29.519136428833008}
{"event": "sample", "n": 800, "mode": "backward", "round": 1, "block": 0, "label": "A", "sample": 1, "ms": 29.247968673706055}
{"event": "sample", "n": 800, "mode": "backward", "round": 1, "block": 0, "label": "A", "sample": 2, "ms": 29.245248794555664}
{"event": "sample", "n": 800, "mode": "backward", "round": 1, "block": 0, "label": "A", "sample": 3, "ms": 29.244991302490234}
{"event": "sample", "n": 800, "mode": "backward", "round": 1, "block": 0, "label": "A", "sample": 4, "ms": 29.24790382385254}
{"event": "sample", "n": 800, "mode": "backward", "round": 1, "block": 0, "label": "A", "sample": 5, "ms": 29.247392654418945}
{"event": "sample", "n": 800, "mode": "backward", "round": 1, "block": 0, "label": "A", "sample": 6, "ms": 29.248512268066406}
{"event": "sample", "n": 800, "mode": "backward", "round": 1, "block": 0, "label": "A", "sample": 7, "ms": 29.31590461730957}
{"event": "sample", "n": 800, "mode": "backward", "round": 1, "block": 0, "label": "A", "sample": 8, "ms": 29.308000564575195}
{"event": "sample", "n": 800, "mode": "backward", "round": 1, "block": 0, "label": "A", "sample": 9, "ms": 29.307519912719727}
{"event": "sample", "n": 800, "mode": "backward", "round": 1, "block": 1, "label": "B", "sample": 0, "ms": 24.05516815185547}
{"event": "sample", "n": 800, "mode": "backward", "round": 1, "block": 1, "label": "B", "sample": 1, "ms": 23.86319923400879}
{"event": "sample", "n": 800, "mode": "backward", "round": 1, "block": 1, "label": "B", "sample": 2, "ms": 23.8701114654541}
{"event": "sample", "n": 800, "mode": "backward", "round": 1, "block": 1, "label": "B", "sample": 3, "ms": 23.86524772644043}
{"event": "sample", "n": 800, "mode": "backward", "round": 1, "block": 1, "label": "B", "sample": 4, "ms": 23.86720085144043}
{"event": "sample", "n": 800, "mode": "backward", "round": 1, "block": 1, "label": "B", "sample": 5, "ms": 23.88617515563965}
{"event": "sample", "n": 800, "mode": "backward", "round": 1, "block": 1, "label": "B", "sample": 6, "ms": 23.864927291870117}
{"event": "sample", "n": 800, "mode": "backward", "round": 1, "block": 1, "label": "B", "sample": 7, "ms": 23.871807098388672}
{"event": "sample", "n": 800, "mode": "backward", "round": 1, "block": 1, "label": "B", "sample": 8, "ms": 23.883392333984375}
{"event": "sample", "n": 800, "mode": "backward", "round": 1, "block": 1, "label": "B", "sample": 9, "ms": 23.842655181884766}
{"event": "sample", "n": 800, "mode": "backward", "round": 1, "block": 2, "label": "B", "sample": 0, "ms": 23.989952087402344}
{"event": "sample", "n": 800, "mode": "backward", "round": 1, "block": 2, "label": "B", "sample": 1, "ms": 23.835744857788086}
{"event": "sample", "n": 800, "mode": "backward", "round": 1, "block": 2, "label": "B", "sample": 2, "ms": 23.839935302734375}
{"event": "sample", "n": 800, "mode": "backward", "round": 1, "block": 2, "label": "B", "sample": 3, "ms": 23.85206413269043}
{"event": "sample", "n": 800, "mode": "backward", "round": 1, "block": 2, "label": "B", "sample": 4, "ms": 23.872800827026367}
{"event": "sample", "n": 800, "mode": "backward", "round": 1, "block": 2, "label": "B", "sample": 5, "ms": 23.8656005859375}
{"event": "sample", "n": 800, "mode": "backward", "round": 1, "block": 2, "label": "B", "sample": 6, "ms": 23.861984252929688}
{"event": "sample", "n": 800, "mode": "backward", "round": 1, "block": 2, "label": "B", "sample": 7, "ms": 23.862112045288086}
{"event": "sample", "n": 800, "mode": "backward", "round": 1, "block": 2, "label": "B", "sample": 8, "ms": 23.834335327148438}
{"event": "sample", "n": 800, "mode": "backward", "round": 1, "block": 2, "label": "B", "sample": 9, "ms": 23.878623962402344}
{"event": "sample", "n": 800, "mode": "backward", "round": 1, "block": 3, "label": "A", "sample": 0, "ms": 29.545408248901367}
{"event": "sample", "n": 800, "mode": "backward", "round": 1, "block": 3, "label": "A", "sample": 1, "ms": 29.297439575195312}
{"event": "sample", "n": 800, "mode": "backward", "round": 1, "block": 3, "label": "A", "sample": 2, "ms": 29.309343338012695}
{"event": "sample", "n": 800, "mode": "backward", "round": 1, "block": 3, "label": "A", "sample": 3, "ms": 29.30620765686035}
{"event": "sample", "n": 800, "mode": "backward", "round": 1, "block": 3, "label": "A", "sample": 4, "ms": 29.289888381958008}
{"event": "sample", "n": 800, "mode": "backward", "round": 1, "block": 3, "label": "A", "sample": 5, "ms": 29.2412166595459}
{"event": "sample", "n": 800, "mode": "backward", "round": 1, "block": 3, "label": "A", "sample": 6, "ms": 29.24127960205078}
{"event": "sample", "n": 800, "mode": "backward", "round": 1, "block": 3, "label": "A", "sample": 7, "ms": 29.245952606201172}
{"event": "sample", "n": 800, "mode": "backward", "round": 1, "block": 3, "label": "A", "sample": 8, "ms": 29.24844741821289}
{"event": "sample", "n": 800, "mode": "backward", "round": 1, "block": 3, "label": "A", "sample": 9, "ms": 29.25049591064453}
{"event": "sample", "n": 800, "mode": "backward", "round": 2, "block": 0, "label": "A", "sample": 0, "ms": 29.48748779296875}
{"event": "sample", "n": 800, "mode": "backward", "round": 2, "block": 0, "label": "A", "sample": 1, "ms": 29.287935256958008}
{"event": "sample", "n": 800, "mode": "backward", "round": 2, "block": 0, "label": "A", "sample": 2, "ms": 29.314016342163086}
{"event": "sample", "n": 800, "mode": "backward", "round": 2, "block": 0, "label": "A", "sample": 3, "ms": 29.30975914001465}
{"event": "sample", "n": 800, "mode": "backward", "round": 2, "block": 0, "label": "A", "sample": 4, "ms": 29.302400588989258}
{"event": "sample", "n": 800, "mode": "backward", "round": 2, "block": 0, "label": "A", "sample": 5, "ms": 29.24710464477539}
{"event": "sample", "n": 800, "mode": "backward", "round": 2, "block": 0, "label": "A", "sample": 6, "ms": 29.250751495361328}
{"event": "sample", "n": 800, "mode": "backward", "round": 2, "block": 0, "label": "A", "sample": 7, "ms": 29.247135162353516}
{"event": "sample", "n": 800, "mode": "backward", "round": 2, "block": 0, "label": "A", "sample": 8, "ms": 29.245248794555664}
{"event": "sample", "n": 800, "mode": "backward", "round": 2, "block": 0, "label": "A", "sample": 9, "ms": 29.250303268432617}
{"event": "sample", "n": 800, "mode": "backward", "round": 2, "block": 1, "label": "B", "sample": 0, "ms": 24.026399612426758}
{"event": "sample", "n": 800, "mode": "backward", "round": 2, "block": 1, "label": "B", "sample": 1, "ms": 23.883487701416016}
{"event": "sample", "n": 800, "mode": "backward", "round": 2, "block": 1, "label": "B", "sample": 2, "ms": 23.924800872802734}
{"event": "sample", "n": 800, "mode": "backward", "round": 2, "block": 1, "label": "B", "sample": 3, "ms": 23.947296142578125}
{"event": "sample", "n": 800, "mode": "backward", "round": 2, "block": 1, "label": "B", "sample": 4, "ms": 23.908447265625}
{"event": "sample", "n": 800, "mode": "backward", "round": 2, "block": 1, "label": "B", "sample": 5, "ms": 23.928543090820312}
{"event": "sample", "n": 800, "mode": "backward", "round": 2, "block": 1, "label": "B", "sample": 6, "ms": 23.893056869506836}
{"event": "sample", "n": 800, "mode": "backward", "round": 2, "block": 1, "label": "B", "sample": 7, "ms": 23.859647750854492}
{"event": "sample", "n": 800, "mode": "backward", "round": 2, "block": 1, "label": "B", "sample": 8, "ms": 23.852384567260742}
{"event": "sample", "n": 800, "mode": "backward", "round": 2, "block": 1, "label": "B", "sample": 9, "ms": 23.862655639648438}
{"event": "sample", "n": 800, "mode": "backward", "round": 2, "block": 2, "label": "B", "sample": 0, "ms": 24.508480072021484}
{"event": "sample", "n": 800, "mode": "backward", "round": 2, "block": 2, "label": "B", "sample": 1, "ms": 23.8621768951416}
{"event": "sample", "n": 800, "mode": "backward", "round": 2, "block": 2, "label": "B", "sample": 2, "ms": 23.88332748413086}
{"event": "sample", "n": 800, "mode": "backward", "round": 2, "block": 2, "label": "B", "sample": 3, "ms": 23.86345672607422}
{"event": "sample", "n": 800, "mode": "backward", "round": 2, "block": 2, "label": "B", "sample": 4, "ms": 23.85424041748047}
{"event": "sample", "n": 800, "mode": "backward", "round": 2, "block": 2, "label": "B", "sample": 5, "ms": 23.846656799316406}
{"event": "sample", "n": 800, "mode": "backward", "round": 2, "block": 2, "label": "B", "sample": 6, "ms": 23.823360443115234}
{"event": "sample", "n": 800, "mode": "backward", "round": 2, "block": 2, "label": "B", "sample": 7, "ms": 23.83558464050293}
{"event": "sample", "n": 800, "mode": "backward", "round": 2, "block": 2, "label": "B", "sample": 8, "ms": 23.845184326171875}
{"event": "sample", "n": 800, "mode": "backward", "round": 2, "block": 2, "label": "B", "sample": 9, "ms": 23.87727928161621}
{"event": "sample", "n": 800, "mode": "backward", "round": 2, "block": 3, "label": "A", "sample": 0, "ms": 29.683551788330078}
{"event": "sample", "n": 800, "mode": "backward", "round": 2, "block": 3, "label": "A", "sample": 1, "ms": 29.246623992919922}
{"event": "sample", "n": 800, "mode": "backward", "round": 2, "block": 3, "label": "A", "sample": 2, "ms": 29.248640060424805}
{"event": "sample", "n": 800, "mode": "backward", "round": 2, "block": 3, "label": "A", "sample": 3, "ms": 29.250911712646484}
{"event": "sample", "n": 800, "mode": "backward", "round": 2, "block": 3, "label": "A", "sample": 4, "ms": 29.250751495361328}
{"event": "sample", "n": 800, "mode": "backward", "round": 2, "block": 3, "label": "A", "sample": 5, "ms": 29.245759963989258}
{"event": "sample", "n": 800, "mode": "backward", "round": 2, "block": 3, "label": "A", "sample": 6, "ms": 29.24515151977539}
{"event": "sample", "n": 800, "mode": "backward", "round": 2, "block": 3, "label": "A", "sample": 7, "ms": 29.253568649291992}
{"event": "sample", "n": 800, "mode": "backward", "round": 2, "block": 3, "label": "A", "sample": 8, "ms": 29.251903533935547}
{"event": "sample", "n": 800, "mode": "backward", "round": 2, "block": 3, "label": "A", "sample": 9, "ms": 29.249568939208984}
{"event": "summary", "n": 800, "mode": "backward", "median_ms": {"A": 29.250751495361328, "B": 23.869791984558105}, "speedup": 1.2254296775725688, "samples_per_label": 60}
{"event": "sample", "n": 800, "mode": "forward_backward", "round": 0, "block": 0, "label": "A", "sample": 0, "ms": 35.45836639404297}
{"event": "sample", "n": 800, "mode": "forward_backward", "round": 0, "block": 0, "label": "A", "sample": 1, "ms": 35.20697784423828}
{"event": "sample", "n": 800, "mode": "forward_backward", "round": 0, "block": 0, "label": "A", "sample": 2, "ms": 35.27590560913086}
{"event": "sample", "n": 800, "mode": "forward_backward", "round": 0, "block": 0, "label": "A", "sample": 3, "ms": 35.27756881713867}
{"event": "sample", "n": 800, "mode": "forward_backward", "round": 0, "block": 0, "label": "A", "sample": 4, "ms": 35.27552032470703}
{"event": "sample", "n": 800, "mode": "forward_backward", "round": 0, "block": 0, "label": "A", "sample": 5, "ms": 35.20742416381836}
{"event": "sample", "n": 800, "mode": "forward_backward", "round": 0, "block": 0, "label": "A", "sample": 6, "ms": 35.20207977294922}
{"event": "sample", "n": 800, "mode": "forward_backward", "round": 0, "block": 0, "label": "A", "sample": 7, "ms": 35.2022705078125}
{"event": "sample", "n": 800, "mode": "forward_backward", "round": 0, "block": 0, "label": "A", "sample": 8, "ms": 35.20671844482422}
{"event": "sample", "n": 800, "mode": "forward_backward", "round": 0, "block": 0, "label": "A", "sample": 9, "ms": 35.20627212524414}
{"event": "sample", "n": 800, "mode": "forward_backward", "round": 0, "block": 1, "label": "B", "sample": 0, "ms": 30.232128143310547}
{"event": "sample", "n": 800, "mode": "forward_backward", "round": 0, "block": 1, "label": "B", "sample": 1, "ms": 29.792896270751953}
{"event": "sample", "n": 800, "mode": "forward_backward", "round": 0, "block": 1, "label": "B", "sample": 2, "ms": 29.775104522705078}
{"event": "sample", "n": 800, "mode": "forward_backward", "round": 0, "block": 1, "label": "B", "sample": 3, "ms": 29.78335952758789}
{"event": "sample", "n": 800, "mode": "forward_backward", "round": 0, "block": 1, "label": "B", "sample": 4, "ms": 29.894784927368164}
{"event": "sample", "n": 800, "mode": "forward_backward", "round": 0, "block": 1, "label": "B", "sample": 5, "ms": 29.902111053466797}
{"event": "sample", "n": 800, "mode": "forward_backward", "round": 0, "block": 1, "label": "B", "sample": 6, "ms": 29.898591995239258}
{"event": "sample", "n": 800, "mode": "forward_backward", "round": 0, "block": 1, "label": "B", "sample": 7, "ms": 29.824703216552734}
{"event": "sample", "n": 800, "mode": "forward_backward", "round": 0, "block": 1, "label": "B", "sample": 8, "ms": 29.76406478881836}
{"event": "sample", "n": 800, "mode": "forward_backward", "round": 0, "block": 1, "label": "B", "sample": 9, "ms": 29.79327964782715}
{"event": "sample", "n": 800, "mode": "forward_backward", "round": 0, "block": 2, "label": "B", "sample": 0, "ms": 30.216703414916992}
{"event": "sample", "n": 800, "mode": "forward_backward", "round": 0, "block": 2, "label": "B", "sample": 1, "ms": 29.86614418029785}
{"event": "sample", "n": 800, "mode": "forward_backward", "round": 0, "block": 2, "label": "B", "sample": 2, "ms": 29.87820816040039}
{"event": "sample", "n": 800, "mode": "forward_backward", "round": 0, "block": 2, "label": "B", "sample": 3, "ms": 29.894432067871094}
{"event": "sample", "n": 800, "mode": "forward_backward", "round": 0, "block": 2, "label": "B", "sample": 4, "ms": 29.82793617248535}
{"event": "sample", "n": 800, "mode": "forward_backward", "round": 0, "block": 2, "label": "B", "sample": 5, "ms": 29.789663314819336}
{"event": "sample", "n": 800, "mode": "forward_backward", "round": 0, "block": 2, "label": "B", "sample": 6, "ms": 29.762399673461914}
{"event": "sample", "n": 800, "mode": "forward_backward", "round": 0, "block": 2, "label": "B", "sample": 7, "ms": 29.842815399169922}
{"event": "sample", "n": 800, "mode": "forward_backward", "round": 0, "block": 2, "label": "B", "sample": 8, "ms": 29.871328353881836}
{"event": "sample", "n": 800, "mode": "forward_backward", "round": 0, "block": 2, "label": "B", "sample": 9, "ms": 29.867328643798828}
{"event": "sample", "n": 800, "mode": "forward_backward", "round": 0, "block": 3, "label": "A", "sample": 0, "ms": 35.53910446166992}
{"event": "sample", "n": 800, "mode": "forward_backward", "round": 0, "block": 3, "label": "A", "sample": 1, "ms": 35.2083854675293}
{"event": "sample", "n": 800, "mode": "forward_backward", "round": 0, "block": 3, "label": "A", "sample": 2, "ms": 35.20393753051758}
{"event": "sample", "n": 800, "mode": "forward_backward", "round": 0, "block": 3, "label": "A", "sample": 3, "ms": 35.2077751159668}
{"event": "sample", "n": 800, "mode": "forward_backward", "round": 0, "block": 3, "label": "A", "sample": 4, "ms": 35.20780944824219}
{"event": "sample", "n": 800, "mode": "forward_backward", "round": 0, "block": 3, "label": "A", "sample": 5, "ms": 35.20908737182617}
{"event": "sample", "n": 800, "mode": "forward_backward", "round": 0, "block": 3, "label": "A", "sample": 6, "ms": 35.204830169677734}
{"event": "sample", "n": 800, "mode": "forward_backward", "round": 0, "block": 3, "label": "A", "sample": 7, "ms": 35.2072639465332}
{"event": "sample", "n": 800, "mode": "forward_backward", "round": 0, "block": 3, "label": "A", "sample": 8, "ms": 35.206207275390625}
{"event": "sample", "n": 800, "mode": "forward_backward", "round": 0, "block": 3, "label": "A", "sample": 9, "ms": 35.20671844482422}
{"event": "sample", "n": 800, "mode": "forward_backward", "round": 1, "block": 0, "label": "A", "sample": 0, "ms": 35.48310470581055}
{"event": "sample", "n": 800, "mode": "forward_backward", "round": 1, "block": 0, "label": "A", "sample": 1, "ms": 35.211360931396484}
{"event": "sample", "n": 800, "mode": "forward_backward", "round": 1, "block": 0, "label": "A", "sample": 2, "ms": 35.203487396240234}
{"event": "sample", "n": 800, "mode": "forward_backward", "round": 1, "block": 0, "label": "A", "sample": 3, "ms": 35.20515060424805}
{"event": "sample", "n": 800, "mode": "forward_backward", "round": 1, "block": 0, "label": "A", "sample": 4, "ms": 35.21091079711914}
{"event": "sample", "n": 800, "mode": "forward_backward", "round": 1, "block": 0, "label": "A", "sample": 5, "ms": 35.21353530883789}
{"event": "sample", "n": 800, "mode": "forward_backward", "round": 1, "block": 0, "label": "A", "sample": 6, "ms": 35.20182418823242}
{"event": "sample", "n": 800, "mode": "forward_backward", "round": 1, "block": 0, "label": "A", "sample": 7, "ms": 35.20537567138672}
{"event": "sample", "n": 800, "mode": "forward_backward", "round": 1, "block": 0, "label": "A", "sample": 8, "ms": 35.20729446411133}
{"event": "sample", "n": 800, "mode": "forward_backward", "round": 1, "block": 0, "label": "A", "sample": 9, "ms": 35.21334457397461}
{"event": "sample", "n": 800, "mode": "forward_backward", "round": 1, "block": 1, "label": "B", "sample": 0, "ms": 30.203807830810547}
{"event": "sample", "n": 800, "mode": "forward_backward", "round": 1, "block": 1, "label": "B", "sample": 1, "ms": 29.850208282470703}
{"event": "sample", "n": 800, "mode": "forward_backward", "round": 1, "block": 1, "label": "B", "sample": 2, "ms": 29.905664443969727}
{"event": "sample", "n": 800, "mode": "forward_backward", "round": 1, "block": 1, "label": "B", "sample": 3, "ms": 29.86934471130371}
{"event": "sample", "n": 800, "mode": "forward_backward", "round": 1, "block": 1, "label": "B", "sample": 4, "ms": 29.78188705444336}
{"event": "sample", "n": 800, "mode": "forward_backward", "round": 1, "block": 1, "label": "B", "sample": 5, "ms": 29.78950309753418}
{"event": "sample", "n": 800, "mode": "forward_backward", "round": 1, "block": 1, "label": "B", "sample": 6, "ms": 29.798559188842773}
{"event": "sample", "n": 800, "mode": "forward_backward", "round": 1, "block": 1, "label": "B", "sample": 7, "ms": 29.856672286987305}
{"event": "sample", "n": 800, "mode": "forward_backward", "round": 1, "block": 1, "label": "B", "sample": 8, "ms": 29.882848739624023}
{"event": "sample", "n": 800, "mode": "forward_backward", "round": 1, "block": 1, "label": "B", "sample": 9, "ms": 29.857887268066406}
{"event": "sample", "n": 800, "mode": "forward_backward", "round": 1, "block": 2, "label": "B", "sample": 0, "ms": 30.32489585876465}
{"event": "sample", "n": 800, "mode": "forward_backward", "round": 1, "block": 2, "label": "B", "sample": 1, "ms": 29.79007911682129}
{"event": "sample", "n": 800, "mode": "forward_backward", "round": 1, "block": 2, "label": "B", "sample": 2, "ms": 29.81158447265625}
{"event": "sample", "n": 800, "mode": "forward_backward", "round": 1, "block": 2, "label": "B", "sample": 3, "ms": 29.810239791870117}
{"event": "sample", "n": 800, "mode": "forward_backward", "round": 1, "block": 2, "label": "B", "sample": 4, "ms": 29.897024154663086}
{"event": "sample", "n": 800, "mode": "forward_backward", "round": 1, "block": 2, "label": "B", "sample": 5, "ms": 29.886432647705078}
{"event": "sample", "n": 800, "mode": "forward_backward", "round": 1, "block": 2, "label": "B", "sample": 6, "ms": 29.883647918701172}
{"event": "sample", "n": 800, "mode": "forward_backward", "round": 1, "block": 2, "label": "B", "sample": 7, "ms": 29.786048889160156}
{"event": "sample", "n": 800, "mode": "forward_backward", "round": 1, "block": 2, "label": "B", "sample": 8, "ms": 29.796064376831055}
{"event": "sample", "n": 800, "mode": "forward_backward", "round": 1, "block": 2, "label": "B", "sample": 9, "ms": 29.81279945373535}
{"event": "sample", "n": 800, "mode": "forward_backward", "round": 1, "block": 3, "label": "A", "sample": 0, "ms": 35.541534423828125}
{"event": "sample", "n": 800, "mode": "forward_backward", "round": 1, "block": 3, "label": "A", "sample": 1, "ms": 35.28281784057617}
{"event": "sample", "n": 800, "mode": "forward_backward", "round": 1, "block": 3, "label": "A", "sample": 2, "ms": 35.282752990722656}
{"event": "sample", "n": 800, "mode": "forward_backward", "round": 1, "block": 3, "label": "A", "sample": 3, "ms": 35.22617721557617}
{"event": "sample", "n": 800, "mode": "forward_backward", "round": 1, "block": 3, "label": "A", "sample": 4, "ms": 35.20083236694336}
{"event": "sample", "n": 800, "mode": "forward_backward", "round": 1, "block": 3, "label": "A", "sample": 5, "ms": 35.20608139038086}
{"event": "sample", "n": 800, "mode": "forward_backward", "round": 1, "block": 3, "label": "A", "sample": 6, "ms": 35.203487396240234}
{"event": "sample", "n": 800, "mode": "forward_backward", "round": 1, "block": 3, "label": "A", "sample": 7, "ms": 35.210655212402344}
{"event": "sample", "n": 800, "mode": "forward_backward", "round": 1, "block": 3, "label": "A", "sample": 8, "ms": 35.20729446411133}
{"event": "sample", "n": 800, "mode": "forward_backward", "round": 1, "block": 3, "label": "A", "sample": 9, "ms": 35.2072639465332}
{"event": "sample", "n": 800, "mode": "forward_backward", "round": 2, "block": 0, "label": "A", "sample": 0, "ms": 35.47123336791992}
{"event": "sample", "n": 800, "mode": "forward_backward", "round": 2, "block": 0, "label": "A", "sample": 1, "ms": 35.20537567138672}
{"event": "sample", "n": 800, "mode": "forward_backward", "round": 2, "block": 0, "label": "A", "sample": 2, "ms": 35.2026252746582}
{"event": "sample", "n": 800, "mode": "forward_backward", "round": 2, "block": 0, "label": "A", "sample": 3, "ms": 35.19968032836914}
{"event": "sample", "n": 800, "mode": "forward_backward", "round": 2, "block": 0, "label": "A", "sample": 4, "ms": 35.20588684082031}
{"event": "sample", "n": 800, "mode": "forward_backward", "round": 2, "block": 0, "label": "A", "sample": 5, "ms": 35.20588684082031}
{"event": "sample", "n": 800, "mode": "forward_backward", "round": 2, "block": 0, "label": "A", "sample": 6, "ms": 35.20124816894531}
{"event": "sample", "n": 800, "mode": "forward_backward", "round": 2, "block": 0, "label": "A", "sample": 7, "ms": 35.19753646850586}
{"event": "sample", "n": 800, "mode": "forward_backward", "round": 2, "block": 0, "label": "A", "sample": 8, "ms": 35.20665740966797}
{"event": "sample", "n": 800, "mode": "forward_backward", "round": 2, "block": 0, "label": "A", "sample": 9, "ms": 35.20755386352539}
{"event": "sample", "n": 800, "mode": "forward_backward", "round": 2, "block": 1, "label": "B", "sample": 0, "ms": 30.257471084594727}
{"event": "sample", "n": 800, "mode": "forward_backward", "round": 2, "block": 1, "label": "B", "sample": 1, "ms": 29.868192672729492}
{"event": "sample", "n": 800, "mode": "forward_backward", "round": 2, "block": 1, "label": "B", "sample": 2, "ms": 29.83776092529297}
{"event": "sample", "n": 800, "mode": "forward_backward", "round": 2, "block": 1, "label": "B", "sample": 3, "ms": 29.83670425415039}
{"event": "sample", "n": 800, "mode": "forward_backward", "round": 2, "block": 1, "label": "B", "sample": 4, "ms": 29.79155158996582}
{"event": "sample", "n": 800, "mode": "forward_backward", "round": 2, "block": 1, "label": "B", "sample": 5, "ms": 29.74652862548828}
{"event": "sample", "n": 800, "mode": "forward_backward", "round": 2, "block": 1, "label": "B", "sample": 6, "ms": 29.789119720458984}
{"event": "sample", "n": 800, "mode": "forward_backward", "round": 2, "block": 1, "label": "B", "sample": 7, "ms": 29.875072479248047}
{"event": "sample", "n": 800, "mode": "forward_backward", "round": 2, "block": 1, "label": "B", "sample": 8, "ms": 29.84160041809082}
{"event": "sample", "n": 800, "mode": "forward_backward", "round": 2, "block": 1, "label": "B", "sample": 9, "ms": 29.894304275512695}
{"event": "sample", "n": 800, "mode": "forward_backward", "round": 2, "block": 2, "label": "B", "sample": 0, "ms": 30.198144912719727}
{"event": "sample", "n": 800, "mode": "forward_backward", "round": 2, "block": 2, "label": "B", "sample": 1, "ms": 29.806943893432617}
{"event": "sample", "n": 800, "mode": "forward_backward", "round": 2, "block": 2, "label": "B", "sample": 2, "ms": 29.784223556518555}
{"event": "sample", "n": 800, "mode": "forward_backward", "round": 2, "block": 2, "label": "B", "sample": 3, "ms": 29.794591903686523}
{"event": "sample", "n": 800, "mode": "forward_backward", "round": 2, "block": 2, "label": "B", "sample": 4, "ms": 29.884864807128906}
{"event": "sample", "n": 800, "mode": "forward_backward", "round": 2, "block": 2, "label": "B", "sample": 5, "ms": 29.867584228515625}
{"event": "sample", "n": 800, "mode": "forward_backward", "round": 2, "block": 2, "label": "B", "sample": 6, "ms": 29.882591247558594}
{"event": "sample", "n": 800, "mode": "forward_backward", "round": 2, "block": 2, "label": "B", "sample": 7, "ms": 29.80124855041504}
{"event": "sample", "n": 800, "mode": "forward_backward", "round": 2, "block": 2, "label": "B", "sample": 8, "ms": 29.806655883789062}
{"event": "sample", "n": 800, "mode": "forward_backward", "round": 2, "block": 2, "label": "B", "sample": 9, "ms": 29.75939178466797}
{"event": "sample", "n": 800, "mode": "forward_backward", "round": 2, "block": 3, "label": "A", "sample": 0, "ms": 35.5145263671875}
{"event": "sample", "n": 800, "mode": "forward_backward", "round": 2, "block": 3, "label": "A", "sample": 1, "ms": 35.28236770629883}
{"event": "sample", "n": 800, "mode": "forward_backward", "round": 2, "block": 3, "label": "A", "sample": 2, "ms": 35.28179168701172}
{"event": "sample", "n": 800, "mode": "forward_backward", "round": 2, "block": 3, "label": "A", "sample": 3, "ms": 35.20646286010742}
{"event": "sample", "n": 800, "mode": "forward_backward", "round": 2, "block": 3, "label": "A", "sample": 4, "ms": 35.2050895690918}
{"event": "sample", "n": 800, "mode": "forward_backward", "round": 2, "block": 3, "label": "A", "sample": 5, "ms": 35.205631256103516}
{"event": "sample", "n": 800, "mode": "forward_backward", "round": 2, "block": 3, "label": "A", "sample": 6, "ms": 35.2011833190918}
{"event": "sample", "n": 800, "mode": "forward_backward", "round": 2, "block": 3, "label": "A", "sample": 7, "ms": 35.20332717895508}
{"event": "sample", "n": 800, "mode": "forward_backward", "round": 2, "block": 3, "label": "A", "sample": 8, "ms": 35.20790481567383}
{"event": "sample", "n": 800, "mode": "forward_backward", "round": 2, "block": 3, "label": "A", "sample": 9, "ms": 35.20793533325195}
{"event": "summary", "n": 800, "mode": "forward_backward", "median_ms": {"A": 35.2072639465332, "B": 29.84220790863037}, "speedup": 1.1797808008820707, "samples_per_label": 60}
{"event": "parity", "n": 1024, "checks": {"output": {"relative_l2": 0.0, "baseline_zero_max_abs_diagnostic": 0.0, "passed": true}, "dq": {"relative_l2": 7.511407602578402e-05, "baseline_zero_max_abs_diagnostic": 0.0, "passed": true}, "dk": {"relative_l2": 0.0, "baseline_zero_max_abs_diagnostic": 0.0, "passed": true}, "dv": {"relative_l2": 0.0, "baseline_zero_max_abs_diagnostic": 0.0, "passed": true}, "db": {"relative_l2": 1.2343257367319893e-05, "baseline_zero_max_abs_diagnostic": 0.0, "passed": true}}, "independent_reference": false}
{"event": "memory", "n": 1024, "measurements": {"A": {"peak_increment_bytes": 2366636032, "retained_increment_bytes": 2164260864}, "B": {"peak_increment_bytes": 2433777664, "retained_increment_bytes": 2164260864}}}
{"event": "sample", "n": 1024, "mode": "forward", "round": 0, "block": 0, "label": "A", "sample": 0, "ms": 10.954591751098633}
{"event": "sample", "n": 1024, "mode": "forward", "round": 0, "block": 0, "label": "A", "sample": 1, "ms": 10.814592361450195}
{"event": "sample", "n": 1024, "mode": "forward", "round": 0, "block": 0, "label": "A", "sample": 2, "ms": 10.81379222869873}
{"event": "sample", "n": 1024, "mode": "forward", "round": 0, "block": 0, "label": "A", "sample": 3, "ms": 10.81283187866211}
{"event": "sample", "n": 1024, "mode": "forward", "round": 0, "block": 0, "label": "A", "sample": 4, "ms": 10.8121919631958}
{"event": "sample", "n": 1024, "mode": "forward", "round": 0, "block": 0, "label": "A", "sample": 5, "ms": 10.81436824798584}
{"event": "sample", "n": 1024, "mode": "forward", "round": 0, "block": 0, "label": "A", "sample": 6, "ms": 10.810976028442383}
{"event": "sample", "n": 1024, "mode": "forward", "round": 0, "block": 0, "label": "A", "sample": 7, "ms": 10.789312362670898}
{"event": "sample", "n": 1024, "mode": "forward", "round": 0, "block": 0, "label": "A", "sample": 8, "ms": 10.790080070495605}
{"event": "sample", "n": 1024, "mode": "forward", "round": 0, "block": 0, "label": "A", "sample": 9, "ms": 10.792256355285645}
{"event": "sample", "n": 1024, "mode": "forward", "round": 0, "block": 1, "label": "B", "sample": 0, "ms": 11.02518367767334}
{"event": "sample", "n": 1024, "mode": "forward", "round": 0, "block": 1, "label": "B", "sample": 1, "ms": 10.638527870178223}
{"event": "sample", "n": 1024, "mode": "forward", "round": 0, "block": 1, "label": "B", "sample": 2, "ms": 10.638303756713867}
{"event": "sample", "n": 1024, "mode": "forward", "round": 0, "block": 1, "label": "B", "sample": 3, "ms": 10.637056350708008}
{"event": "sample", "n": 1024, "mode": "forward", "round": 0, "block": 1, "label": "B", "sample": 4, "ms": 10.637791633605957}
{"event": "sample", "n": 1024, "mode": "forward", "round": 0, "block": 1, "label": "B", "sample": 5, "ms": 10.63708782196045}
{"event": "sample", "n": 1024, "mode": "forward", "round": 0, "block": 1, "label": "B", "sample": 6, "ms": 10.63651180267334}
{"event": "sample", "n": 1024, "mode": "forward", "round": 0, "block": 1, "label": "B", "sample": 7, "ms": 10.63811206817627}
{"event": "sample", "n": 1024, "mode": "forward", "round": 0, "block": 1, "label": "B", "sample": 8, "ms": 10.636799812316895}
{"event": "sample", "n": 1024, "mode": "forward", "round": 0, "block": 1, "label": "B", "sample": 9, "ms": 10.636639595031738}
{"event": "sample", "n": 1024, "mode": "forward", "round": 0, "block": 2, "label": "B", "sample": 0, "ms": 10.960991859436035}
{"event": "sample", "n": 1024, "mode": "forward", "round": 0, "block": 2, "label": "B", "sample": 1, "ms": 10.638688087463379}
{"event": "sample", "n": 1024, "mode": "forward", "round": 0, "block": 2, "label": "B", "sample": 2, "ms": 10.638367652893066}
{"event": "sample", "n": 1024, "mode": "forward", "round": 0, "block": 2, "label": "B", "sample": 3, "ms": 10.636480331420898}
{"event": "sample", "n": 1024, "mode": "forward", "round": 0, "block": 2, "label": "B", "sample": 4, "ms": 10.636544227600098}
{"event": "sample", "n": 1024, "mode": "forward", "round": 0, "block": 2, "label": "B", "sample": 5, "ms": 10.637439727783203}
{"event": "sample", "n": 1024, "mode": "forward", "round": 0, "block": 2, "label": "B", "sample": 6, "ms": 10.636992454528809}
{"event": "sample", "n": 1024, "mode": "forward", "round": 0, "block": 2, "label": "B", "sample": 7, "ms": 10.63753604888916}
{"event": "sample", "n": 1024, "mode": "forward", "round": 0, "block": 2, "label": "B", "sample": 8, "ms": 10.636544227600098}
{"event": "sample", "n": 1024, "mode": "forward", "round": 0, "block": 2, "label": "B", "sample": 9, "ms": 10.636832237243652}
{"event": "sample", "n": 1024, "mode": "forward", "round": 0, "block": 3, "label": "A", "sample": 0, "ms": 10.954048156738281}
{"event": "sample", "n": 1024, "mode": "forward", "round": 0, "block": 3, "label": "A", "sample": 1, "ms": 10.789631843566895}
{"event": "sample", "n": 1024, "mode": "forward", "round": 0, "block": 3, "label": "A", "sample": 2, "ms": 10.790464401245117}
{"event": "sample", "n": 1024, "mode": "forward", "round": 0, "block": 3, "label": "A", "sample": 3, "ms": 10.78985595703125}
{"event": "sample", "n": 1024, "mode": "forward", "round": 0, "block": 3, "label": "A", "sample": 4, "ms": 10.793439865112305}
{"event": "sample", "n": 1024, "mode": "forward", "round": 0, "block": 3, "label": "A", "sample": 5, "ms": 10.789600372314453}
{"event": "sample", "n": 1024, "mode": "forward", "round": 0, "block": 3, "label": "A", "sample": 6, "ms": 10.78991985321045}
{"event": "sample", "n": 1024, "mode": "forward", "round": 0, "block": 3, "label": "A", "sample": 7, "ms": 10.789759635925293}
{"event": "sample", "n": 1024, "mode": "forward", "round": 0, "block": 3, "label": "A", "sample": 8, "ms": 10.791839599609375}
{"event": "sample", "n": 1024, "mode": "forward", "round": 0, "block": 3, "label": "A", "sample": 9, "ms": 10.792320251464844}
{"event": "sample", "n": 1024, "mode": "forward", "round": 1, "block": 0, "label": "A", "sample": 0, "ms": 10.962400436401367}
{"event": "sample", "n": 1024, "mode": "forward", "round": 1, "block": 0, "label": "A", "sample": 1, "ms": 10.791135787963867}
{"event": "sample", "n": 1024, "mode": "forward", "round": 1, "block": 0, "label": "A", "sample": 2, "ms": 10.791040420532227}
{"event": "sample", "n": 1024, "mode": "forward", "round": 1, "block": 0, "label": "A", "sample": 3, "ms": 10.789567947387695}
{"event": "sample", "n": 1024, "mode": "forward", "round": 1, "block": 0, "label": "A", "sample": 4, "ms": 10.791296005249023}
{"event": "sample", "n": 1024, "mode": "forward", "round": 1, "block": 0, "label": "A", "sample": 5, "ms": 10.787936210632324}
{"event": "sample", "n": 1024, "mode": "forward", "round": 1, "block": 0, "label": "A", "sample": 6, "ms": 10.789759635925293}
{"event": "sample", "n": 1024, "mode": "forward", "round": 1, "block": 0, "label": "A", "sample": 7, "ms": 10.789440155029297}
{"event": "sample", "n": 1024, "mode": "forward", "round": 1, "block": 0, "label": "A", "sample": 8, "ms": 10.790176391601562}
{"event": "sample", "n": 1024, "mode": "forward", "round": 1, "block": 0, "label": "A", "sample": 9, "ms": 10.792608261108398}
{"event": "sample", "n": 1024, "mode": "forward", "round": 1, "block": 1, "label": "B", "sample": 0, "ms": 11.292032241821289}
{"event": "sample", "n": 1024, "mode": "forward", "round": 1, "block": 1, "label": "B", "sample": 1, "ms": 10.637760162353516}
{"event": "sample", "n": 1024, "mode": "forward", "round": 1, "block": 1, "label": "B", "sample": 2, "ms": 10.637568473815918}
{"event": "sample", "n": 1024, "mode": "forward", "round": 1, "block": 1, "label": "B", "sample": 3, "ms": 10.6627836227417}
{"event": "sample", "n": 1024, "mode": "forward", "round": 1, "block": 1, "label": "B", "sample": 4, "ms": 10.663680076599121}
{"event": "sample", "n": 1024, "mode": "forward", "round": 1, "block": 1, "label": "B", "sample": 5, "ms": 10.66323184967041}
{"event": "sample", "n": 1024, "mode": "forward", "round": 1, "block": 1, "label": "B", "sample": 6, "ms": 10.661087989807129}
{"event": "sample", "n": 1024, "mode": "forward", "round": 1, "block": 1, "label": "B", "sample": 7, "ms": 10.660575866699219}
{"event": "sample", "n": 1024, "mode": "forward", "round": 1, "block": 1, "label": "B", "sample": 8, "ms": 10.65999984741211}
{"event": "sample", "n": 1024, "mode": "forward", "round": 1, "block": 1, "label": "B", "sample": 9, "ms": 10.661248207092285}
{"event": "sample", "n": 1024, "mode": "forward", "round": 1, "block": 2, "label": "B", "sample": 0, "ms": 11.022496223449707}
{"event": "sample", "n": 1024, "mode": "forward", "round": 1, "block": 2, "label": "B", "sample": 1, "ms": 10.660703659057617}
{"event": "sample", "n": 1024, "mode": "forward", "round": 1, "block": 2, "label": "B", "sample": 2, "ms": 10.64361572265625}
{"event": "sample", "n": 1024, "mode": "forward", "round": 1, "block": 2, "label": "B", "sample": 3, "ms": 10.634783744812012}
{"event": "sample", "n": 1024, "mode": "forward", "round": 1, "block": 2, "label": "B", "sample": 4, "ms": 10.635199546813965}
{"event": "sample", "n": 1024, "mode": "forward", "round": 1, "block": 2, "label": "B", "sample": 5, "ms": 10.63481616973877}
{"event": "sample", "n": 1024, "mode": "forward", "round": 1, "block": 2, "label": "B", "sample": 6, "ms": 10.63481616973877}
{"event": "sample", "n": 1024, "mode": "forward", "round": 1, "block": 2, "label": "B", "sample": 7, "ms": 10.63599967956543}
{"event": "sample", "n": 1024, "mode": "forward", "round": 1, "block": 2, "label": "B", "sample": 8, "ms": 10.637568473815918}
{"event": "sample", "n": 1024, "mode": "forward", "round": 1, "block": 2, "label": "B", "sample": 9, "ms": 10.636063575744629}
{"event": "sample", "n": 1024, "mode": "forward", "round": 1, "block": 3, "label": "A", "sample": 0, "ms": 11.002943992614746}
{"event": "sample", "n": 1024, "mode": "forward", "round": 1, "block": 3, "label": "A", "sample": 1, "ms": 10.78979206085205}
{"event": "sample", "n": 1024, "mode": "forward", "round": 1, "block": 3, "label": "A", "sample": 2, "ms": 10.792192459106445}
{"event": "sample", "n": 1024, "mode": "forward", "round": 1, "block": 3, "label": "A", "sample": 3, "ms": 10.789695739746094}
{"event": "sample", "n": 1024, "mode": "forward", "round": 1, "block": 3, "label": "A", "sample": 4, "ms": 10.789567947387695}
{"event": "sample", "n": 1024, "mode": "forward", "round": 1, "block": 3, "label": "A", "sample": 5, "ms": 10.788607597351074}
{"event": "sample", "n": 1024, "mode": "forward", "round": 1, "block": 3, "label": "A", "sample": 6, "ms": 10.789728164672852}
{"event": "sample", "n": 1024, "mode": "forward", "round": 1, "block": 3, "label": "A", "sample": 7, "ms": 10.790111541748047}
{"event": "sample", "n": 1024, "mode": "forward", "round": 1, "block": 3, "label": "A", "sample": 8, "ms": 10.789536476135254}
{"event": "sample", "n": 1024, "mode": "forward", "round": 1, "block": 3, "label": "A", "sample": 9, "ms": 10.78883171081543}
{"event": "sample", "n": 1024, "mode": "forward", "round": 2, "block": 0, "label": "A", "sample": 0, "ms": 10.952608108520508}
{"event": "sample", "n": 1024, "mode": "forward", "round": 2, "block": 0, "label": "A", "sample": 1, "ms": 10.789376258850098}
{"event": "sample", "n": 1024, "mode": "forward", "round": 2, "block": 0, "label": "A", "sample": 2, "ms": 10.789728164672852}
{"event": "sample", "n": 1024, "mode": "forward", "round": 2, "block": 0, "label": "A", "sample": 3, "ms": 10.793312072753906}
{"event": "sample", "n": 1024, "mode": "forward", "round": 2, "block": 0, "label": "A", "sample": 4, "ms": 10.788991928100586}
{"event": "sample", "n": 1024, "mode": "forward", "round": 2, "block": 0, "label": "A", "sample": 5, "ms": 10.789759635925293}
{"event": "sample", "n": 1024, "mode": "forward", "round": 2, "block": 0, "label": "A", "sample": 6, "ms": 10.790847778320312}
{"event": "sample", "n": 1024, "mode": "forward", "round": 2, "block": 0, "label": "A", "sample": 7, "ms": 10.791328430175781}
{"event": "sample", "n": 1024, "mode": "forward", "round": 2, "block": 0, "label": "A", "sample": 8, "ms": 10.790847778320312}
{"event": "sample", "n": 1024, "mode": "forward", "round": 2, "block": 0, "label": "A", "sample": 9, "ms": 10.789216041564941}
{"event": "sample", "n": 1024, "mode": "forward", "round": 2, "block": 1, "label": "B", "sample": 0, "ms": 11.017472267150879}
{"event": "sample", "n": 1024, "mode": "forward", "round": 2, "block": 1, "label": "B", "sample": 1, "ms": 10.638143539428711}
{"event": "sample", "n": 1024, "mode": "forward", "round": 2, "block": 1, "label": "B", "sample": 2, "ms": 10.637280464172363}
{"event": "sample", "n": 1024, "mode": "forward", "round": 2, "block": 1, "label": "B", "sample": 3, "ms": 10.63599967956543}
{"event": "sample", "n": 1024, "mode": "forward", "round": 2, "block": 1, "label": "B", "sample": 4, "ms": 10.6364164352417}
{"event": "sample", "n": 1024, "mode": "forward", "round": 2, "block": 1, "label": "B", "sample": 5, "ms": 10.63696002960205}
{"event": "sample", "n": 1024, "mode": "forward", "round": 2, "block": 1, "label": "B", "sample": 6, "ms": 10.635711669921875}
{"event": "sample", "n": 1024, "mode": "forward", "round": 2, "block": 1, "label": "B", "sample": 7, "ms": 10.635871887207031}
{"event": "sample", "n": 1024, "mode": "forward", "round": 2, "block": 1, "label": "B", "sample": 8, "ms": 10.636799812316895}
{"event": "sample", "n": 1024, "mode": "forward", "round": 2, "block": 1, "label": "B", "sample": 9, "ms": 10.636480331420898}
{"event": "sample", "n": 1024, "mode": "forward", "round": 2, "block": 2, "label": "B", "sample": 0, "ms": 10.974111557006836}
{"event": "sample", "n": 1024, "mode": "forward", "round": 2, "block": 2, "label": "B", "sample": 1, "ms": 10.638175964355469}
{"event": "sample", "n": 1024, "mode": "forward", "round": 2, "block": 2, "label": "B", "sample": 2, "ms": 10.637760162353516}
{"event": "sample", "n": 1024, "mode": "forward", "round": 2, "block": 2, "label": "B", "sample": 3, "ms": 10.63651180267334}
{"event": "sample", "n": 1024, "mode": "forward", "round": 2, "block": 2, "label": "B", "sample": 4, "ms": 10.636768341064453}
{"event": "sample", "n": 1024, "mode": "forward", "round": 2, "block": 2, "label": "B", "sample": 5, "ms": 10.63753604888916}
{"event": "sample", "n": 1024, "mode": "forward", "round": 2, "block": 2, "label": "B", "sample": 6, "ms": 10.635456085205078}
{"event": "sample", "n": 1024, "mode": "forward", "round": 2, "block": 2, "label": "B", "sample": 7, "ms": 10.63542366027832}
{"event": "sample", "n": 1024, "mode": "forward", "round": 2, "block": 2, "label": "B", "sample": 8, "ms": 10.636927604675293}
{"event": "sample", "n": 1024, "mode": "forward", "round": 2, "block": 2, "label": "B", "sample": 9, "ms": 10.636639595031738}
{"event": "sample", "n": 1024, "mode": "forward", "round": 2, "block": 3, "label": "A", "sample": 0, "ms": 10.942784309387207}
{"event": "sample", "n": 1024, "mode": "forward", "round": 2, "block": 3, "label": "A", "sample": 1, "ms": 10.792192459106445}
{"event": "sample", "n": 1024, "mode": "forward", "round": 2, "block": 3, "label": "A", "sample": 2, "ms": 10.791232109069824}
{"event": "sample", "n": 1024, "mode": "forward", "round": 2, "block": 3, "label": "A", "sample": 3, "ms": 10.790752410888672}
{"event": "sample", "n": 1024, "mode": "forward", "round": 2, "block": 3, "label": "A", "sample": 4, "ms": 10.789440155029297}
{"event": "sample", "n": 1024, "mode": "forward", "round": 2, "block": 3, "label": "A", "sample": 5, "ms": 10.788479804992676}
{"event": "sample", "n": 1024, "mode": "forward", "round": 2, "block": 3, "label": "A", "sample": 6, "ms": 10.789055824279785}
{"event": "sample", "n": 1024, "mode": "forward", "round": 2, "block": 3, "label": "A", "sample": 7, "ms": 10.790176391601562}
{"event": "sample", "n": 1024, "mode": "forward", "round": 2, "block": 3, "label": "A", "sample": 8, "ms": 10.790559768676758}
{"event": "sample", "n": 1024, "mode": "forward", "round": 2, "block": 3, "label": "A", "sample": 9, "ms": 10.790111541748047}
{"event": "summary", "n": 1024, "mode": "forward", "median_ms": {"A": 10.79032039642334, "B": 10.637360095977783}, "speedup": 1.0143795358120287, "samples_per_label": 60}
{"event": "sample", "n": 1024, "mode": "backward", "round": 0, "block": 0, "label": "A", "sample": 0, "ms": 57.53241729736328}
{"event": "sample", "n": 1024, "mode": "backward", "round": 0, "block": 0, "label": "A", "sample": 1, "ms": 57.13420867919922}
{"event": "sample", "n": 1024, "mode": "backward", "round": 0, "block": 0, "label": "A", "sample": 2, "ms": 57.168800354003906}
{"event": "sample", "n": 1024, "mode": "backward", "round": 0, "block": 0, "label": "A", "sample": 3, "ms": 57.267967224121094}
{"event": "sample", "n": 1024, "mode": "backward", "round": 0, "block": 0, "label": "A", "sample": 4, "ms": 57.208351135253906}
{"event": "sample", "n": 1024, "mode": "backward", "round": 0, "block": 0, "label": "A", "sample": 5, "ms": 57.139198303222656}
{"event": "sample", "n": 1024, "mode": "backward", "round": 0, "block": 0, "label": "A", "sample": 6, "ms": 57.13817596435547}
{"event": "sample", "n": 1024, "mode": "backward", "round": 0, "block": 0, "label": "A", "sample": 7, "ms": 57.154624938964844}
{"event": "sample", "n": 1024, "mode": "backward", "round": 0, "block": 0, "label": "A", "sample": 8, "ms": 57.14591979980469}
{"event": "sample", "n": 1024, "mode": "backward", "round": 0, "block": 0, "label": "A", "sample": 9, "ms": 57.14323043823242}
{"event": "sample", "n": 1024, "mode": "backward", "round": 0, "block": 1, "label": "B", "sample": 0, "ms": 41.40700912475586}
{"event": "sample", "n": 1024, "mode": "backward", "round": 0, "block": 1, "label": "B", "sample": 1, "ms": 41.266944885253906}
{"event": "sample", "n": 1024, "mode": "backward", "round": 0, "block": 1, "label": "B", "sample": 2, "ms": 41.388832092285156}
{"event": "sample", "n": 1024, "mode": "backward", "round": 0, "block": 1, "label": "B", "sample": 3, "ms": 41.35523223876953}
{"event": "sample", "n": 1024, "mode": "backward", "round": 0, "block": 1, "label": "B", "sample": 4, "ms": 41.34806442260742}
{"event": "sample", "n": 1024, "mode": "backward", "round": 0, "block": 1, "label": "B", "sample": 5, "ms": 41.255680084228516}
{"event": "sample", "n": 1024, "mode": "backward", "round": 0, "block": 1, "label": "B", "sample": 6, "ms": 41.239009857177734}
{"event": "sample", "n": 1024, "mode": "backward", "round": 0, "block": 1, "label": "B", "sample": 7, "ms": 41.27580642700195}
{"event": "sample", "n": 1024, "mode": "backward", "round": 0, "block": 1, "label": "B", "sample": 8, "ms": 41.26518249511719}
{"event": "sample", "n": 1024, "mode": "backward", "round": 0, "block": 1, "label": "B", "sample": 9, "ms": 41.188385009765625}
{"event": "sample", "n": 1024, "mode": "backward", "round": 0, "block": 2, "label": "B", "sample": 0, "ms": 41.35408020019531}
{"event": "sample", "n": 1024, "mode": "backward", "round": 0, "block": 2, "label": "B", "sample": 1, "ms": 41.172542572021484}
{"event": "sample", "n": 1024, "mode": "backward", "round": 0, "block": 2, "label": "B", "sample": 2, "ms": 41.23292922973633}
{"event": "sample", "n": 1024, "mode": "backward", "round": 0, "block": 2, "label": "B", "sample": 3, "ms": 41.237056732177734}
{"event": "sample", "n": 1024, "mode": "backward", "round": 0, "block": 2, "label": "B", "sample": 4, "ms": 41.25584030151367}
{"event": "sample", "n": 1024, "mode": "backward", "round": 0, "block": 2, "label": "B", "sample": 5, "ms": 41.24396896362305}
{"event": "sample", "n": 1024, "mode": "backward", "round": 0, "block": 2, "label": "B", "sample": 6, "ms": 41.25526428222656}
{"event": "sample", "n": 1024, "mode": "backward", "round": 0, "block": 2, "label": "B", "sample": 7, "ms": 41.25996780395508}
{"event": "sample", "n": 1024, "mode": "backward", "round": 0, "block": 2, "label": "B", "sample": 8, "ms": 41.251487731933594}
{"event": "sample", "n": 1024, "mode": "backward", "round": 0, "block": 2, "label": "B", "sample": 9, "ms": 41.23468780517578}
{"event": "sample", "n": 1024, "mode": "backward", "round": 0, "block": 3, "label": "A", "sample": 0, "ms": 57.42339324951172}
{"event": "sample", "n": 1024, "mode": "backward", "round": 0, "block": 3, "label": "A", "sample": 1, "ms": 57.277793884277344}
{"event": "sample", "n": 1024, "mode": "backward", "round": 0, "block": 3, "label": "A", "sample": 2, "ms": 57.233089447021484}
{"event": "sample", "n": 1024, "mode": "backward", "round": 0, "block": 3, "label": "A", "sample": 3, "ms": 57.137054443359375}
{"event": "sample", "n": 1024, "mode": "backward", "round": 0, "block": 3, "label": "A", "sample": 4, "ms": 57.138240814208984}
{"event": "sample", "n": 1024, "mode": "backward", "round": 0, "block": 3, "label": "A", "sample": 5, "ms": 57.1420783996582}
{"event": "sample", "n": 1024, "mode": "backward", "round": 0, "block": 3, "label": "A", "sample": 6, "ms": 57.151424407958984}
{"event": "sample", "n": 1024, "mode": "backward", "round": 0, "block": 3, "label": "A", "sample": 7, "ms": 57.14438247680664}
{"event": "sample", "n": 1024, "mode": "backward", "round": 0, "block": 3, "label": "A", "sample": 8, "ms": 57.14543914794922}
{"event": "sample", "n": 1024, "mode": "backward", "round": 0, "block": 3, "label": "A", "sample": 9, "ms": 57.139488220214844}
{"event": "sample", "n": 1024, "mode": "backward", "round": 1, "block": 0, "label": "A", "sample": 0, "ms": 57.35833740234375}
{"event": "sample", "n": 1024, "mode": "backward", "round": 1, "block": 0, "label": "A", "sample": 1, "ms": 57.139713287353516}
{"event": "sample", "n": 1024, "mode": "backward", "round": 1, "block": 0, "label": "A", "sample": 2, "ms": 57.143585205078125}
{"event": "sample", "n": 1024, "mode": "backward", "round": 1, "block": 0, "label": "A", "sample": 3, "ms": 57.145599365234375}
{"event": "sample", "n": 1024, "mode": "backward", "round": 1, "block": 0, "label": "A", "sample": 4, "ms": 57.14195251464844}
{"event": "sample", "n": 1024, "mode": "backward", "round": 1, "block": 0, "label": "A", "sample": 5, "ms": 57.13056182861328}
{"event": "sample", "n": 1024, "mode": "backward", "round": 1, "block": 0, "label": "A", "sample": 6, "ms": 57.139774322509766}
{"event": "sample", "n": 1024, "mode": "backward", "round": 1, "block": 0, "label": "A", "sample": 7, "ms": 57.14089584350586}
{"event": "sample", "n": 1024, "mode": "backward", "round": 1, "block": 0, "label": "A", "sample": 8, "ms": 57.21263885498047}
{"event": "sample", "n": 1024, "mode": "backward", "round": 1, "block": 0, "label": "A", "sample": 9, "ms": 57.264320373535156}
{"event": "sample", "n": 1024, "mode": "backward", "round": 1, "block": 1, "label": "B", "sample": 0, "ms": 41.85935974121094}
{"event": "sample", "n": 1024, "mode": "backward", "round": 1, "block": 1, "label": "B", "sample": 1, "ms": 41.259361267089844}
{"event": "sample", "n": 1024, "mode": "backward", "round": 1, "block": 1, "label": "B", "sample": 2, "ms": 41.29974365234375}
{"event": "sample", "n": 1024, "mode": "backward", "round": 1, "block": 1, "label": "B", "sample": 3, "ms": 41.34153747558594}
{"event": "sample", "n": 1024, "mode": "backward", "round": 1, "block": 1, "label": "B", "sample": 4, "ms": 41.3702392578125}
{"event": "sample", "n": 1024, "mode": "backward", "round": 1, "block": 1, "label": "B", "sample": 5, "ms": 41.32329559326172}
{"event": "sample", "n": 1024, "mode": "backward", "round": 1, "block": 1, "label": "B", "sample": 6, "ms": 41.25241470336914}
{"event": "sample", "n": 1024, "mode": "backward", "round": 1, "block": 1, "label": "B", "sample": 7, "ms": 41.31452941894531}
{"event": "sample", "n": 1024, "mode": "backward", "round": 1, "block": 1, "label": "B", "sample": 8, "ms": 41.38700866699219}
{"event": "sample", "n": 1024, "mode": "backward", "round": 1, "block": 1, "label": "B", "sample": 9, "ms": 41.34870529174805}
{"event": "sample", "n": 1024, "mode": "backward", "round": 1, "block": 2, "label": "B", "sample": 0, "ms": 41.38751983642578}
{"event": "sample", "n": 1024, "mode": "backward", "round": 1, "block": 2, "label": "B", "sample": 1, "ms": 41.25324630737305}
{"event": "sample", "n": 1024, "mode": "backward", "round": 1, "block": 2, "label": "B", "sample": 2, "ms": 41.299617767333984}
{"event": "sample", "n": 1024, "mode": "backward", "round": 1, "block": 2, "label": "B", "sample": 3, "ms": 41.33292770385742}
{"event": "sample", "n": 1024, "mode": "backward", "round": 1, "block": 2, "label": "B", "sample": 4, "ms": 41.33631896972656}
{"event": "sample", "n": 1024, "mode": "backward", "round": 1, "block": 2, "label": "B", "sample": 5, "ms": 41.262943267822266}
{"event": "sample", "n": 1024, "mode": "backward", "round": 1, "block": 2, "label": "B", "sample": 6, "ms": 41.24614334106445}
{"event": "sample", "n": 1024, "mode": "backward", "round": 1, "block": 2, "label": "B", "sample": 7, "ms": 41.33545684814453}
{"event": "sample", "n": 1024, "mode": "backward", "round": 1, "block": 2, "label": "B", "sample": 8, "ms": 41.38364791870117}
{"event": "sample", "n": 1024, "mode": "backward", "round": 1, "block": 2, "label": "B", "sample": 9, "ms": 41.330238342285156}
{"event": "sample", "n": 1024, "mode": "backward", "round": 1, "block": 3, "label": "A", "sample": 0, "ms": 57.57769775390625}
{"event": "sample", "n": 1024, "mode": "backward", "round": 1, "block": 3, "label": "A", "sample": 1, "ms": 57.22150421142578}
{"event": "sample", "n": 1024, "mode": "backward", "round": 1, "block": 3, "label": "A", "sample": 2, "ms": 57.27065658569336}
{"event": "sample", "n": 1024, "mode": "backward", "round": 1, "block": 3, "label": "A", "sample": 3, "ms": 57.15574264526367}
{"event": "sample", "n": 1024, "mode": "backward", "round": 1, "block": 3, "label": "A", "sample": 4, "ms": 57.13875198364258}
{"event": "sample", "n": 1024, "mode": "backward", "round": 1, "block": 3, "label": "A", "sample": 5, "ms": 57.14041519165039}
{"event": "sample", "n": 1024, "mode": "backward", "round": 1, "block": 3, "label": "A", "sample": 6, "ms": 57.13759994506836}
{"event": "sample", "n": 1024, "mode": "backward", "round": 1, "block": 3, "label": "A", "sample": 7, "ms": 57.13401412963867}
{"event": "sample", "n": 1024, "mode": "backward", "round": 1, "block": 3, "label": "A", "sample": 8, "ms": 57.13529586791992}
{"event": "sample", "n": 1024, "mode": "backward", "round": 1, "block": 3, "label": "A", "sample": 9, "ms": 57.141822814941406}
{"event": "sample", "n": 1024, "mode": "backward", "round": 2, "block": 0, "label": "A", "sample": 0, "ms": 57.367679595947266}
{"event": "sample", "n": 1024, "mode": "backward", "round": 2, "block": 0, "label": "A", "sample": 1, "ms": 57.137088775634766}
{"event": "sample", "n": 1024, "mode": "backward", "round": 2, "block": 0, "label": "A", "sample": 2, "ms": 57.145408630371094}
{"event": "sample", "n": 1024, "mode": "backward", "round": 2, "block": 0, "label": "A", "sample": 3, "ms": 57.15692901611328}
{"event": "sample", "n": 1024, "mode": "backward", "round": 2, "block": 0, "label": "A", "sample": 4, "ms": 57.145633697509766}
{"event": "sample", "n": 1024, "mode": "backward", "round": 2, "block": 0, "label": "A", "sample": 5, "ms": 57.14128112792969}
{"event": "sample", "n": 1024, "mode": "backward", "round": 2, "block": 0, "label": "A", "sample": 6, "ms": 57.13872146606445}
{"event": "sample", "n": 1024, "mode": "backward", "round": 2, "block": 0, "label": "A", "sample": 7, "ms": 57.13961410522461}
{"event": "sample", "n": 1024, "mode": "backward", "round": 2, "block": 0, "label": "A", "sample": 8, "ms": 57.14614486694336}
{"event": "sample", "n": 1024, "mode": "backward", "round": 2, "block": 0, "label": "A", "sample": 9, "ms": 57.13577651977539}
{"event": "sample", "n": 1024, "mode": "backward", "round": 2, "block": 1, "label": "B", "sample": 0, "ms": 41.41846466064453}
{"event": "sample", "n": 1024, "mode": "backward", "round": 2, "block": 1, "label": "B", "sample": 1, "ms": 41.405696868896484}
{"event": "sample", "n": 1024, "mode": "backward", "round": 2, "block": 1, "label": "B", "sample": 2, "ms": 41.338497161865234}
{"event": "sample", "n": 1024, "mode": "backward", "round": 2, "block": 1, "label": "B", "sample": 3, "ms": 41.28358459472656}
{"event": "sample", "n": 1024, "mode": "backward", "round": 2, "block": 1, "label": "B", "sample": 4, "ms": 41.29606246948242}
{"event": "sample", "n": 1024, "mode": "backward", "round": 2, "block": 1, "label": "B", "sample": 5, "ms": 41.24390411376953}
{"event": "sample", "n": 1024, "mode": "backward", "round": 2, "block": 1, "label": "B", "sample": 6, "ms": 41.27676773071289}
{"event": "sample", "n": 1024, "mode": "backward", "round": 2, "block": 1, "label": "B", "sample": 7, "ms": 41.23699188232422}
{"event": "sample", "n": 1024, "mode": "backward", "round": 2, "block": 1, "label": "B", "sample": 8, "ms": 41.2578239440918}
{"event": "sample", "n": 1024, "mode": "backward", "round": 2, "block": 1, "label": "B", "sample": 9, "ms": 41.24019241333008}
{"event": "sample", "n": 1024, "mode": "backward", "round": 2, "block": 2, "label": "B", "sample": 0, "ms": 41.40528106689453}
{"event": "sample", "n": 1024, "mode": "backward", "round": 2, "block": 2, "label": "B", "sample": 1, "ms": 41.343936920166016}
{"event": "sample", "n": 1024, "mode": "backward", "round": 2, "block": 2, "label": "B", "sample": 2, "ms": 41.391265869140625}
{"event": "sample", "n": 1024, "mode": "backward", "round": 2, "block": 2, "label": "B", "sample": 3, "ms": 41.26163101196289}
{"event": "sample", "n": 1024, "mode": "backward", "round": 2, "block": 2, "label": "B", "sample": 4, "ms": 41.255008697509766}
{"event": "sample", "n": 1024, "mode": "backward", "round": 2, "block": 2, "label": "B", "sample": 5, "ms": 41.35276794433594}
{"event": "sample", "n": 1024, "mode": "backward", "round": 2, "block": 2, "label": "B", "sample": 6, "ms": 41.36403274536133}
{"event": "sample", "n": 1024, "mode": "backward", "round": 2, "block": 2, "label": "B", "sample": 7, "ms": 41.304927825927734}
{"event": "sample", "n": 1024, "mode": "backward", "round": 2, "block": 2, "label": "B", "sample": 8, "ms": 41.23881530761719}
{"event": "sample", "n": 1024, "mode": "backward", "round": 2, "block": 2, "label": "B", "sample": 9, "ms": 41.25132751464844}
{"event": "sample", "n": 1024, "mode": "backward", "round": 2, "block": 3, "label": "A", "sample": 0, "ms": 57.53478240966797}
{"event": "sample", "n": 1024, "mode": "backward", "round": 2, "block": 3, "label": "A", "sample": 1, "ms": 57.143455505371094}
{"event": "sample", "n": 1024, "mode": "backward", "round": 2, "block": 3, "label": "A", "sample": 2, "ms": 57.14051055908203}
{"event": "sample", "n": 1024, "mode": "backward", "round": 2, "block": 3, "label": "A", "sample": 3, "ms": 57.141761779785156}
{"event": "sample", "n": 1024, "mode": "backward", "round": 2, "block": 3, "label": "A", "sample": 4, "ms": 57.14767837524414}
{"event": "sample", "n": 1024, "mode": "backward", "round": 2, "block": 3, "label": "A", "sample": 5, "ms": 57.141502380371094}
{"event": "sample", "n": 1024, "mode": "backward", "round": 2, "block": 3, "label": "A", "sample": 6, "ms": 57.146785736083984}
{"event": "sample", "n": 1024, "mode": "backward", "round": 2, "block": 3, "label": "A", "sample": 7, "ms": 57.25516891479492}
{"event": "sample", "n": 1024, "mode": "backward", "round": 2, "block": 3, "label": "A", "sample": 8, "ms": 57.26224136352539}
{"event": "sample", "n": 1024, "mode": "backward", "round": 2, "block": 3, "label": "A", "sample": 9, "ms": 57.14003372192383}
{"event": "summary", "n": 1024, "mode": "backward", "median_ms": {"A": 57.14398384094238, "B": 41.28982353210449}, "speedup": 1.3839725857997587, "samples_per_label": 60}
{"event": "sample", "n": 1024, "mode": "forward_backward", "round": 0, "block": 0, "label": "A", "sample": 0, "ms": 68.11011505126953}
{"event": "sample", "n": 1024, "mode": "forward_backward", "round": 0, "block": 0, "label": "A", "sample": 1, "ms": 68.07545471191406}
{"event": "sample", "n": 1024, "mode": "forward_backward", "round": 0, "block": 0, "label": "A", "sample": 2, "ms": 68.01529693603516}
{"event": "sample", "n": 1024, "mode": "forward_backward", "round": 0, "block": 0, "label": "A", "sample": 3, "ms": 67.93587493896484}
{"event": "sample", "n": 1024, "mode": "forward_backward", "round": 0, "block": 0, "label": "A", "sample": 4, "ms": 67.93103790283203}
{"event": "sample", "n": 1024, "mode": "forward_backward", "round": 0, "block": 0, "label": "A", "sample": 5, "ms": 67.93977355957031}
{"event": "sample", "n": 1024, "mode": "forward_backward", "round": 0, "block": 0, "label": "A", "sample": 6, "ms": 67.93376159667969}
{"event": "sample", "n": 1024, "mode": "forward_backward", "round": 0, "block": 0, "label": "A", "sample": 7, "ms": 67.93529510498047}
{"event": "sample", "n": 1024, "mode": "forward_backward", "round": 0, "block": 0, "label": "A", "sample": 8, "ms": 67.92774200439453}
{"event": "sample", "n": 1024, "mode": "forward_backward", "round": 0, "block": 0, "label": "A", "sample": 9, "ms": 67.9386215209961}
{"event": "sample", "n": 1024, "mode": "forward_backward", "round": 0, "block": 1, "label": "B", "sample": 0, "ms": 52.30543899536133}
{"event": "sample", "n": 1024, "mode": "forward_backward", "round": 0, "block": 1, "label": "B", "sample": 1, "ms": 51.897727966308594}
{"event": "sample", "n": 1024, "mode": "forward_backward", "round": 0, "block": 1, "label": "B", "sample": 2, "ms": 51.894718170166016}
{"event": "sample", "n": 1024, "mode": "forward_backward", "round": 0, "block": 1, "label": "B", "sample": 3, "ms": 51.946144104003906}
{"event": "sample", "n": 1024, "mode": "forward_backward", "round": 0, "block": 1, "label": "B", "sample": 4, "ms": 52.06288146972656}
{"event": "sample", "n": 1024, "mode": "forward_backward", "round": 0, "block": 1, "label": "B", "sample": 5, "ms": 51.984928131103516}
{"event": "sample", "n": 1024, "mode": "forward_backward", "round": 0, "block": 1, "label": "B", "sample": 6, "ms": 51.876800537109375}
{"event": "sample", "n": 1024, "mode": "forward_backward", "round": 0, "block": 1, "label": "B", "sample": 7, "ms": 51.951072692871094}
{"event": "sample", "n": 1024, "mode": "forward_backward", "round": 0, "block": 1, "label": "B", "sample": 8, "ms": 52.024513244628906}
{"event": "sample", "n": 1024, "mode": "forward_backward", "round": 0, "block": 1, "label": "B", "sample": 9, "ms": 51.952030181884766}
{"event": "sample", "n": 1024, "mode": "forward_backward", "round": 0, "block": 2, "label": "B", "sample": 0, "ms": 52.276512145996094}
{"event": "sample", "n": 1024, "mode": "forward_backward", "round": 0, "block": 2, "label": "B", "sample": 1, "ms": 51.954463958740234}
{"event": "sample", "n": 1024, "mode": "forward_backward", "round": 0, "block": 2, "label": "B", "sample": 2, "ms": 52.00227355957031}
{"event": "sample", "n": 1024, "mode": "forward_backward", "round": 0, "block": 2, "label": "B", "sample": 3, "ms": 51.934879302978516}
{"event": "sample", "n": 1024, "mode": "forward_backward", "round": 0, "block": 2, "label": "B", "sample": 4, "ms": 51.93657684326172}
{"event": "sample", "n": 1024, "mode": "forward_backward", "round": 0, "block": 2, "label": "B", "sample": 5, "ms": 52.02355194091797}
{"event": "sample", "n": 1024, "mode": "forward_backward", "round": 0, "block": 2, "label": "B", "sample": 6, "ms": 51.97478485107422}
{"event": "sample", "n": 1024, "mode": "forward_backward", "round": 0, "block": 2, "label": "B", "sample": 7, "ms": 51.88179016113281}
{"event": "sample", "n": 1024, "mode": "forward_backward", "round": 0, "block": 2, "label": "B", "sample": 8, "ms": 51.874847412109375}
{"event": "sample", "n": 1024, "mode": "forward_backward", "round": 0, "block": 2, "label": "B", "sample": 9, "ms": 51.99683380126953}
{"event": "sample", "n": 1024, "mode": "forward_backward", "round": 0, "block": 3, "label": "A", "sample": 0, "ms": 68.23494720458984}
{"event": "sample", "n": 1024, "mode": "forward_backward", "round": 0, "block": 3, "label": "A", "sample": 1, "ms": 67.9254379272461}
{"event": "sample", "n": 1024, "mode": "forward_backward", "round": 0, "block": 3, "label": "A", "sample": 2, "ms": 67.93087768554688}
{"event": "sample", "n": 1024, "mode": "forward_backward", "round": 0, "block": 3, "label": "A", "sample": 3, "ms": 67.94003295898438}
{"event": "sample", "n": 1024, "mode": "forward_backward", "round": 0, "block": 3, "label": "A", "sample": 4, "ms": 67.94764709472656}
{"event": "sample", "n": 1024, "mode": "forward_backward", "round": 0, "block": 3, "label": "A", "sample": 5, "ms": 67.93910217285156}
{"event": "sample", "n": 1024, "mode": "forward_backward", "round": 0, "block": 3, "label": "A", "sample": 6, "ms": 67.93446350097656}
{"event": "sample", "n": 1024, "mode": "forward_backward", "round": 0, "block": 3, "label": "A", "sample": 7, "ms": 67.9271011352539}
{"event": "sample", "n": 1024, "mode": "forward_backward", "round": 0, "block": 3, "label": "A", "sample": 8, "ms": 67.9386215209961}
{"event": "sample", "n": 1024, "mode": "forward_backward", "round": 0, "block": 3, "label": "A", "sample": 9, "ms": 67.93657684326172}
{"event": "sample", "n": 1024, "mode": "forward_backward", "round": 1, "block": 0, "label": "A", "sample": 0, "ms": 68.13158416748047}
{"event": "sample", "n": 1024, "mode": "forward_backward", "round": 1, "block": 0, "label": "A", "sample": 1, "ms": 67.93529510498047}
{"event": "sample", "n": 1024, "mode": "forward_backward", "round": 1, "block": 0, "label": "A", "sample": 2, "ms": 67.94156646728516}
{"event": "sample", "n": 1024, "mode": "forward_backward", "round": 1, "block": 0, "label": "A", "sample": 3, "ms": 67.92768096923828}
{"event": "sample", "n": 1024, "mode": "forward_backward", "round": 1, "block": 0, "label": "A", "sample": 4, "ms": 67.93567657470703}
{"event": "sample", "n": 1024, "mode": "forward_backward", "round": 1, "block": 0, "label": "A", "sample": 5, "ms": 67.93529510498047}
{"event": "sample", "n": 1024, "mode": "forward_backward", "round": 1, "block": 0, "label": "A", "sample": 6, "ms": 67.93414306640625}
{"event": "sample", "n": 1024, "mode": "forward_backward", "round": 1, "block": 0, "label": "A", "sample": 7, "ms": 67.93660736083984}
{"event": "sample", "n": 1024, "mode": "forward_backward", "round": 1, "block": 0, "label": "A", "sample": 8, "ms": 67.93965148925781}
{"event": "sample", "n": 1024, "mode": "forward_backward", "round": 1, "block": 0, "label": "A", "sample": 9, "ms": 67.93891143798828}
{"event": "sample", "n": 1024, "mode": "forward_backward", "round": 1, "block": 1, "label": "B", "sample": 0, "ms": 52.28201675415039}
{"event": "sample", "n": 1024, "mode": "forward_backward", "round": 1, "block": 1, "label": "B", "sample": 1, "ms": 51.954463958740234}
{"event": "sample", "n": 1024, "mode": "forward_backward", "round": 1, "block": 1, "label": "B", "sample": 2, "ms": 52.01651382446289}
{"event": "sample", "n": 1024, "mode": "forward_backward", "round": 1, "block": 1, "label": "B", "sample": 3, "ms": 51.96489715576172}
{"event": "sample", "n": 1024, "mode": "forward_backward", "round": 1, "block": 1, "label": "B", "sample": 4, "ms": 51.92124938964844}
{"event": "sample", "n": 1024, "mode": "forward_backward", "round": 1, "block": 1, "label": "B", "sample": 5, "ms": 51.94496154785156}
{"event": "sample", "n": 1024, "mode": "forward_backward", "round": 1, "block": 1, "label": "B", "sample": 6, "ms": 51.97180938720703}
{"event": "sample", "n": 1024, "mode": "forward_backward", "round": 1, "block": 1, "label": "B", "sample": 7, "ms": 51.920799255371094}
{"event": "sample", "n": 1024, "mode": "forward_backward", "round": 1, "block": 1, "label": "B", "sample": 8, "ms": 51.88751983642578}
{"event": "sample", "n": 1024, "mode": "forward_backward", "round": 1, "block": 1, "label": "B", "sample": 9, "ms": 51.966304779052734}
{"event": "sample", "n": 1024, "mode": "forward_backward", "round": 1, "block": 2, "label": "B", "sample": 0, "ms": 52.7242546081543}
{"event": "sample", "n": 1024, "mode": "forward_backward", "round": 1, "block": 2, "label": "B", "sample": 1, "ms": 51.92233657836914}
{"event": "sample", "n": 1024, "mode": "forward_backward", "round": 1, "block": 2, "label": "B", "sample": 2, "ms": 51.92070388793945}
{"event": "sample", "n": 1024, "mode": "forward_backward", "round": 1, "block": 2, "label": "B", "sample": 3, "ms": 51.993408203125}
{"event": "sample", "n": 1024, "mode": "forward_backward", "round": 1, "block": 2, "label": "B", "sample": 4, "ms": 52.03478240966797}
{"event": "sample", "n": 1024, "mode": "forward_backward", "round": 1, "block": 2, "label": "B", "sample": 5, "ms": 51.90809631347656}
{"event": "sample", "n": 1024, "mode": "forward_backward", "round": 1, "block": 2, "label": "B", "sample": 6, "ms": 51.881343841552734}
{"event": "sample", "n": 1024, "mode": "forward_backward", "round": 1, "block": 2, "label": "B", "sample": 7, "ms": 51.990623474121094}
{"event": "sample", "n": 1024, "mode": "forward_backward", "round": 1, "block": 2, "label": "B", "sample": 8, "ms": 52.027870178222656}
{"event": "sample", "n": 1024, "mode": "forward_backward", "round": 1, "block": 2, "label": "B", "sample": 9, "ms": 51.85075378417969}
{"event": "sample", "n": 1024, "mode": "forward_backward", "round": 1, "block": 3, "label": "A", "sample": 0, "ms": 68.20915222167969}
{"event": "sample", "n": 1024, "mode": "forward_backward", "round": 1, "block": 3, "label": "A", "sample": 1, "ms": 68.07305908203125}
{"event": "sample", "n": 1024, "mode": "forward_backward", "round": 1, "block": 3, "label": "A", "sample": 2, "ms": 67.95404815673828}
{"event": "sample", "n": 1024, "mode": "forward_backward", "round": 1, "block": 3, "label": "A", "sample": 3, "ms": 67.93135833740234}
{"event": "sample", "n": 1024, "mode": "forward_backward", "round": 1, "block": 3, "label": "A", "sample": 4, "ms": 67.93651580810547}
{"event": "sample", "n": 1024, "mode": "forward_backward", "round": 1, "block": 3, "label": "A", "sample": 5, "ms": 67.92985534667969}
{"event": "sample", "n": 1024, "mode": "forward_backward", "round": 1, "block": 3, "label": "A", "sample": 6, "ms": 67.92160034179688}
{"event": "sample", "n": 1024, "mode": "forward_backward", "round": 1, "block": 3, "label": "A", "sample": 7, "ms": 67.93987274169922}
{"event": "sample", "n": 1024, "mode": "forward_backward", "round": 1, "block": 3, "label": "A", "sample": 8, "ms": 67.94239807128906}
{"event": "sample", "n": 1024, "mode": "forward_backward", "round": 1, "block": 3, "label": "A", "sample": 9, "ms": 67.92387390136719}
{"event": "sample", "n": 1024, "mode": "forward_backward", "round": 2, "block": 0, "label": "A", "sample": 0, "ms": 68.140380859375}
{"event": "sample", "n": 1024, "mode": "forward_backward", "round": 2, "block": 0, "label": "A", "sample": 1, "ms": 67.92086029052734}
{"event": "sample", "n": 1024, "mode": "forward_backward", "round": 2, "block": 0, "label": "A", "sample": 2, "ms": 67.92601776123047}
{"event": "sample", "n": 1024, "mode": "forward_backward", "round": 2, "block": 0, "label": "A", "sample": 3, "ms": 67.92473602294922}
{"event": "sample", "n": 1024, "mode": "forward_backward", "round": 2, "block": 0, "label": "A", "sample": 4, "ms": 67.92720031738281}
{"event": "sample", "n": 1024, "mode": "forward_backward", "round": 2, "block": 0, "label": "A", "sample": 5, "ms": 67.9227523803711}
{"event": "sample", "n": 1024, "mode": "forward_backward", "round": 2, "block": 0, "label": "A", "sample": 6, "ms": 67.93596649169922}
{"event": "sample", "n": 1024, "mode": "forward_backward", "round": 2, "block": 0, "label": "A", "sample": 7, "ms": 67.92483520507812}
{"event": "sample", "n": 1024, "mode": "forward_backward", "round": 2, "block": 0, "label": "A", "sample": 8, "ms": 67.9300765991211}
{"event": "sample", "n": 1024, "mode": "forward_backward", "round": 2, "block": 0, "label": "A", "sample": 9, "ms": 67.92765045166016}
{"event": "sample", "n": 1024, "mode": "forward_backward", "round": 2, "block": 1, "label": "B", "sample": 0, "ms": 52.2716178894043}
{"event": "sample", "n": 1024, "mode": "forward_backward", "round": 2, "block": 1, "label": "B", "sample": 1, "ms": 51.854400634765625}
{"event": "sample", "n": 1024, "mode": "forward_backward", "round": 2, "block": 1, "label": "B", "sample": 2, "ms": 51.868385314941406}
{"event": "sample", "n": 1024, "mode": "forward_backward", "round": 2, "block": 1, "label": "B", "sample": 3, "ms": 51.957664489746094}
{"event": "sample", "n": 1024, "mode": "forward_backward", "round": 2, "block": 1, "label": "B", "sample": 4, "ms": 52.030433654785156}
{"event": "sample", "n": 1024, "mode": "forward_backward", "round": 2, "block": 1, "label": "B", "sample": 5, "ms": 51.9766731262207}
{"event": "sample", "n": 1024, "mode": "forward_backward", "round": 2, "block": 1, "label": "B", "sample": 6, "ms": 51.8559684753418}
{"event": "sample", "n": 1024, "mode": "forward_backward", "round": 2, "block": 1, "label": "B", "sample": 7, "ms": 51.96860885620117}
{"event": "sample", "n": 1024, "mode": "forward_backward", "round": 2, "block": 1, "label": "B", "sample": 8, "ms": 52.02083206176758}
{"event": "sample", "n": 1024, "mode": "forward_backward", "round": 2, "block": 1, "label": "B", "sample": 9, "ms": 51.927425384521484}
{"event": "sample", "n": 1024, "mode": "forward_backward", "round": 2, "block": 2, "label": "B", "sample": 0, "ms": 52.30470275878906}
{"event": "sample", "n": 1024, "mode": "forward_backward", "round": 2, "block": 2, "label": "B", "sample": 1, "ms": 52.017696380615234}
{"event": "sample", "n": 1024, "mode": "forward_backward", "round": 2, "block": 2, "label": "B", "sample": 2, "ms": 51.993408203125}
{"event": "sample", "n": 1024, "mode": "forward_backward", "round": 2, "block": 2, "label": "B", "sample": 3, "ms": 51.913246154785156}
{"event": "sample", "n": 1024, "mode": "forward_backward", "round": 2, "block": 2, "label": "B", "sample": 4, "ms": 51.881919860839844}
{"event": "sample", "n": 1024, "mode": "forward_backward", "round": 2, "block": 2, "label": "B", "sample": 5, "ms": 51.96473693847656}
{"event": "sample", "n": 1024, "mode": "forward_backward", "round": 2, "block": 2, "label": "B", "sample": 6, "ms": 52.01152038574219}
{"event": "sample", "n": 1024, "mode": "forward_backward", "round": 2, "block": 2, "label": "B", "sample": 7, "ms": 51.880863189697266}
{"event": "sample", "n": 1024, "mode": "forward_backward", "round": 2, "block": 2, "label": "B", "sample": 8, "ms": 51.89020919799805}
{"event": "sample", "n": 1024, "mode": "forward_backward", "round": 2, "block": 2, "label": "B", "sample": 9, "ms": 52.02870559692383}
{"event": "sample", "n": 1024, "mode": "forward_backward", "round": 2, "block": 3, "label": "A", "sample": 0, "ms": 68.23372650146484}
{"event": "sample", "n": 1024, "mode": "forward_backward", "round": 2, "block": 3, "label": "A", "sample": 1, "ms": 67.92813110351562}
{"event": "sample", "n": 1024, "mode": "forward_backward", "round": 2, "block": 3, "label": "A", "sample": 2, "ms": 67.93049621582031}
{"event": "sample", "n": 1024, "mode": "forward_backward", "round": 2, "block": 3, "label": "A", "sample": 3, "ms": 67.93587493896484}
{"event": "sample", "n": 1024, "mode": "forward_backward", "round": 2, "block": 3, "label": "A", "sample": 4, "ms": 67.94361877441406}
{"event": "sample", "n": 1024, "mode": "forward_backward", "round": 2, "block": 3, "label": "A", "sample": 5, "ms": 67.93225860595703}
{"event": "sample", "n": 1024, "mode": "forward_backward", "round": 2, "block": 3, "label": "A", "sample": 6, "ms": 67.92797088623047}
{"event": "sample", "n": 1024, "mode": "forward_backward", "round": 2, "block": 3, "label": "A", "sample": 7, "ms": 67.93875122070312}
{"event": "sample", "n": 1024, "mode": "forward_backward", "round": 2, "block": 3, "label": "A", "sample": 8, "ms": 67.93702697753906}
{"event": "sample", "n": 1024, "mode": "forward_backward", "round": 2, "block": 3, "label": "A", "sample": 9, "ms": 67.93571472167969}
{"event": "summary", "n": 1024, "mode": "forward_backward", "median_ms": {"A": 67.93579483032227, "B": 51.96120071411133}, "speedup": 1.3074331211879144, "samples_per_label": 60}
{"event": "complete"}
