{"event": "environment", "args": {"shapes": "500,512,513,640,768,800,1024", "dtype": "bf16", "batch": 1, "heads": 8, "dim": 32, "rounds": 3, "samples": 10, "warmup": 3, "chunk_i": 128, "noncontiguous_do": false, "modes": "forward,backward,forward_backward"}, "torch": "2.13.0a0+9186a08b2c.nv26.07", "triton": "3.7.1", "gpu": "NVIDIA H20-3e", "capability": [9, 0], "revision": "61da9e0f984a6215ef6ebf606d000505399f5f2b", "sources": {"/tmp/compare-previous-obuor8kh/previous_forward.py": "5ad70d1a4aa834033f7c05edd799ff1f1424a2de4ca4b30faa39d9e801de0009", "/workspace/experiments/forward-tuning-20260922/compare_previous.py": "094199c6af549c9d6948ef2a2d4126e4fccf50994fd329b3468127cb498eec10", "/workspace/experiments/forward-tuning-20260922/previous_autotune_helpers.py": "8bfc1a3c2ec06c001188766b6231523cb767466c22d6fbcae2089f2a410e9b9a", "/workspace/experiments/forward-tuning-20260922/previous_fused_forward_tma.py": "efc15ab503ed6045f89ad47b4cf245523a039e52811fc76e81cb9dd902768053", "/workspace/trifast-pr/src/trifast/__init__.py": "7991e4899fe05dabd35c0ba453c516f9a22a7f1b7d7b6937441d202bf1fc8caf", "/workspace/trifast-pr/src/trifast/_fused_backward.py": "fdcd722a80b298d3700833946c8b16ff6ed8a70db2046768e44df2cc8d4df0e8", "/workspace/trifast-pr/src/trifast/_fused_chunked.py": "07bb4debb8a37943bbd89aeac8e632b27481d5d8982722428b97f7eb26a2095d", "/workspace/trifast-pr/src/trifast/_fused_dispatch.py": "3b3378a917455e066f42e43d07fa34eeaef7330a1e82cf020f9a7bb47cb95cfa", "/workspace/trifast-pr/src/trifast/_fused_forward.py": "a44e96aa9c3a82c6cbe330b1edbe707be1a89e1591b96e0e18bdec4d9a9a0113", "/workspace/trifast-pr/src/trifast/_fused_forward_tma.py": "080ea5b1f292f3c0d823171a0b14e71c406043252ea2b7b10f4a51f2fde640c1", "/workspace/trifast-pr/src/trifast/autotune.py": "0909cf562b06259aae34986a5d826e4c8fb2860816689b6b6ba56be3a44595b9", "/workspace/trifast-pr/src/trifast/autotune_helpers.py": "8bfc1a3c2ec06c001188766b6231523cb767466c22d6fbcae2089f2a410e9b9a", "/workspace/trifast-pr/src/trifast/equiv.py": "d8b293f80a605d4912704ae35e9b60b8dbe18c83e81c8be85657afc58a197097", "/workspace/trifast-pr/src/trifast/fused_api.py": "474ad68aecc5e4d29ced3daee8b88dee021dde75335c4ceb459a58463a723343", "/workspace/trifast-pr/src/trifast/fused_low_memory_api.py": "3f4d3035d569d4717951ca6651f1af01d448c461a933d4d6d4933cdf01c1e92e", "/workspace/trifast-pr/src/trifast/torch.py": "ccbd6dabc51f89132b4f0ce17506376a83484a5430f210b5bd7b23ef02641d72", "/workspace/trifast-pr/src/trifast/triton.py": "e71e3f7493e10235efd9b4a63ba5e4940f8e27bd84b5959d51dda2964e1849a9", "/workspace/trifast-pr/src/trifast/tune.py": "e960cf5e0074c8481211d754d8db24831b6b7d9f75fcab589b7bbe73c361e132", "/workspace/trifast-pr/src/trifast/utils.py": "59be46971a782cae0ade81747b553ce7b4669879890d023e0caf0f3852dcf212"}, "labels": {"A": "previous_fused_4b832de", "B": "optimized_fused"}, "previous_revision": "4b832de", "private_cache": "/tmp/compare-previous-obuor8kh", "comparison": "same current fused backward; only old/new TMA forward differs; eager only", "previous_configs": ["BLOCK_J: 64, BLOCK_K: 32, num_warps: 4, num_ctas: 1, num_stages: 3, maxnreg: 80", "BLOCK_J: 64, BLOCK_K: 32, num_warps: 4, num_ctas: 1, num_stages: 3, maxnreg: None", "BLOCK_J: 32, BLOCK_K: 32, num_warps: 4, num_ctas: 1, num_stages: 3, maxnreg: None", "BLOCK_J: 128, BLOCK_K: 32, num_warps: 8, num_ctas: 1, num_stages: 1, maxnreg: None", "BLOCK_J: 64, BLOCK_K: 64, num_warps: 4, num_ctas: 1, num_stages: 2, maxnreg: None", "BLOCK_J: 64, BLOCK_K: 64, num_warps: 4, num_ctas: 1, num_stages: 3, maxnreg: None", "BLOCK_J: 128, BLOCK_K: 64, num_warps: 8, num_ctas: 1, num_stages: 2, maxnreg: None", "BLOCK_J: 64, BLOCK_K: 128, num_warps: 4, num_ctas: 1, num_stages: 2, maxnreg: None"], "mask_probability": 0.2, "timing": "CUDA event per iteration; warm ABBA; no CUDA graphs"}
{"event": "parity", "n": 500, "checks": {"output": {"relative_l2": 0.0, "baseline_zero_max_abs_diagnostic": 0.0, "passed": true}, "dq": {"relative_l2": 1.6375608538510278e-05, "baseline_zero_max_abs_diagnostic": 3.725290298461914e-09, "passed": true}, "dk": {"relative_l2": 0.0, "baseline_zero_max_abs_diagnostic": 0.0, "passed": true}, "dv": {"relative_l2": 0.0, "baseline_zero_max_abs_diagnostic": 0.0, "passed": true}, "db": {"relative_l2": 1.53019827848766e-05, "baseline_zero_max_abs_diagnostic": 0.0, "passed": true}}, "independent_reference": false}
{"event": "forward_configs", "n": 500, "configs": {"previous_fused_4b832de": {"kwargs": {"BLOCK_J": 64, "BLOCK_K": 64}, "num_warps": 4, "num_stages": 3, "num_ctas": 1, "maxnreg": null}, "optimized_fused": {"kwargs": {"BLOCK_J": 64, "BLOCK_K": 64}, "num_warps": 4, "num_stages": 2, "num_ctas": 1, "maxnreg": 96}}}
{"event": "memory", "n": 500, "measurements": {"A": {"peak_increment_bytes": 620007424, "retained_increment_bytes": 516000256}, "B": {"peak_increment_bytes": 620007424, "retained_increment_bytes": 516000256}}}
{"event": "sample", "n": 500, "mode": "forward", "round": 0, "block": 0, "label": "A", "sample": 0, "ms": 1.88755202293396}
{"event": "sample", "n": 500, "mode": "forward", "round": 0, "block": 0, "label": "A", "sample": 1, "ms": 1.5899200439453125}
{"event": "sample", "n": 500, "mode": "forward", "round": 0, "block": 0, "label": "A", "sample": 2, "ms": 1.5895359516143799}
{"event": "sample", "n": 500, "mode": "forward", "round": 0, "block": 0, "label": "A", "sample": 3, "ms": 1.58896005153656}
{"event": "sample", "n": 500, "mode": "forward", "round": 0, "block": 0, "label": "A", "sample": 4, "ms": 1.5894720554351807}
{"event": "sample", "n": 500, "mode": "forward", "round": 0, "block": 0, "label": "A", "sample": 5, "ms": 1.5891519784927368}
{"event": "sample", "n": 500, "mode": "forward", "round": 0, "block": 0, "label": "A", "sample": 6, "ms": 1.5898879766464233}
{"event": "sample", "n": 500, "mode": "forward", "round": 0, "block": 0, "label": "A", "sample": 7, "ms": 1.5892479419708252}
{"event": "sample", "n": 500, "mode": "forward", "round": 0, "block": 0, "label": "A", "sample": 8, "ms": 1.5884480476379395}
{"event": "sample", "n": 500, "mode": "forward", "round": 0, "block": 0, "label": "A", "sample": 9, "ms": 1.590432047843933}
{"event": "sample", "n": 500, "mode": "forward", "round": 0, "block": 1, "label": "B", "sample": 0, "ms": 1.9157439470291138}
{"event": "sample", "n": 500, "mode": "forward", "round": 0, "block": 1, "label": "B", "sample": 1, "ms": 1.5468800067901611}
{"event": "sample", "n": 500, "mode": "forward", "round": 0, "block": 1, "label": "B", "sample": 2, "ms": 1.5474239587783813}
{"event": "sample", "n": 500, "mode": "forward", "round": 0, "block": 1, "label": "B", "sample": 3, "ms": 1.5485759973526}
{"event": "sample", "n": 500, "mode": "forward", "round": 0, "block": 1, "label": "B", "sample": 4, "ms": 1.5475519895553589}
{"event": "sample", "n": 500, "mode": "forward", "round": 0, "block": 1, "label": "B", "sample": 5, "ms": 1.5483839511871338}
{"event": "sample", "n": 500, "mode": "forward", "round": 0, "block": 1, "label": "B", "sample": 6, "ms": 1.5473920106887817}
{"event": "sample", "n": 500, "mode": "forward", "round": 0, "block": 1, "label": "B", "sample": 7, "ms": 1.5488959550857544}
{"event": "sample", "n": 500, "mode": "forward", "round": 0, "block": 1, "label": "B", "sample": 8, "ms": 1.54585599899292}
{"event": "sample", "n": 500, "mode": "forward", "round": 0, "block": 1, "label": "B", "sample": 9, "ms": 1.5485119819641113}
{"event": "sample", "n": 500, "mode": "forward", "round": 0, "block": 2, "label": "B", "sample": 0, "ms": 1.8794879913330078}
{"event": "sample", "n": 500, "mode": "forward", "round": 0, "block": 2, "label": "B", "sample": 1, "ms": 1.5473920106887817}
{"event": "sample", "n": 500, "mode": "forward", "round": 0, "block": 2, "label": "B", "sample": 2, "ms": 1.547584056854248}
{"event": "sample", "n": 500, "mode": "forward", "round": 0, "block": 2, "label": "B", "sample": 3, "ms": 1.547584056854248}
{"event": "sample", "n": 500, "mode": "forward", "round": 0, "block": 2, "label": "B", "sample": 4, "ms": 1.546623945236206}
{"event": "sample", "n": 500, "mode": "forward", "round": 0, "block": 2, "label": "B", "sample": 5, "ms": 1.5471359491348267}
{"event": "sample", "n": 500, "mode": "forward", "round": 0, "block": 2, "label": "B", "sample": 6, "ms": 1.5465279817581177}
{"event": "sample", "n": 500, "mode": "forward", "round": 0, "block": 2, "label": "B", "sample": 7, "ms": 1.5483200550079346}
{"event": "sample", "n": 500, "mode": "forward", "round": 0, "block": 2, "label": "B", "sample": 8, "ms": 1.547104001045227}
{"event": "sample", "n": 500, "mode": "forward", "round": 0, "block": 2, "label": "B", "sample": 9, "ms": 1.5469119548797607}
{"event": "sample", "n": 500, "mode": "forward", "round": 0, "block": 3, "label": "A", "sample": 0, "ms": 1.9547840356826782}
{"event": "sample", "n": 500, "mode": "forward", "round": 0, "block": 3, "label": "A", "sample": 1, "ms": 1.5898239612579346}
{"event": "sample", "n": 500, "mode": "forward", "round": 0, "block": 3, "label": "A", "sample": 2, "ms": 1.5903359651565552}
{"event": "sample", "n": 500, "mode": "forward", "round": 0, "block": 3, "label": "A", "sample": 3, "ms": 1.590399980545044}
{"event": "sample", "n": 500, "mode": "forward", "round": 0, "block": 3, "label": "A", "sample": 4, "ms": 1.5889919996261597}
{"event": "sample", "n": 500, "mode": "forward", "round": 0, "block": 3, "label": "A", "sample": 5, "ms": 1.5905920267105103}
{"event": "sample", "n": 500, "mode": "forward", "round": 0, "block": 3, "label": "A", "sample": 6, "ms": 1.5895040035247803}
{"event": "sample", "n": 500, "mode": "forward", "round": 0, "block": 3, "label": "A", "sample": 7, "ms": 1.5899840593338013}
{"event": "sample", "n": 500, "mode": "forward", "round": 0, "block": 3, "label": "A", "sample": 8, "ms": 1.5883519649505615}
{"event": "sample", "n": 500, "mode": "forward", "round": 0, "block": 3, "label": "A", "sample": 9, "ms": 1.5907520055770874}
{"event": "sample", "n": 500, "mode": "forward", "round": 1, "block": 0, "label": "A", "sample": 0, "ms": 1.913983941078186}
{"event": "sample", "n": 500, "mode": "forward", "round": 1, "block": 0, "label": "A", "sample": 1, "ms": 1.5891200304031372}
{"event": "sample", "n": 500, "mode": "forward", "round": 1, "block": 0, "label": "A", "sample": 2, "ms": 1.5896320343017578}
{"event": "sample", "n": 500, "mode": "forward", "round": 1, "block": 0, "label": "A", "sample": 3, "ms": 1.5905920267105103}
{"event": "sample", "n": 500, "mode": "forward", "round": 1, "block": 0, "label": "A", "sample": 4, "ms": 1.5907200574874878}
{"event": "sample", "n": 500, "mode": "forward", "round": 1, "block": 0, "label": "A", "sample": 5, "ms": 1.5903680324554443}
{"event": "sample", "n": 500, "mode": "forward", "round": 1, "block": 0, "label": "A", "sample": 6, "ms": 1.5902080535888672}
{"event": "sample", "n": 500, "mode": "forward", "round": 1, "block": 0, "label": "A", "sample": 7, "ms": 1.5906239748001099}
{"event": "sample", "n": 500, "mode": "forward", "round": 1, "block": 0, "label": "A", "sample": 8, "ms": 1.5894720554351807}
{"event": "sample", "n": 500, "mode": "forward", "round": 1, "block": 0, "label": "A", "sample": 9, "ms": 1.5903680324554443}
{"event": "sample", "n": 500, "mode": "forward", "round": 1, "block": 1, "label": "B", "sample": 0, "ms": 1.9167360067367554}
{"event": "sample", "n": 500, "mode": "forward", "round": 1, "block": 1, "label": "B", "sample": 1, "ms": 1.5519360303878784}
{"event": "sample", "n": 500, "mode": "forward", "round": 1, "block": 1, "label": "B", "sample": 2, "ms": 1.5476479530334473}
{"event": "sample", "n": 500, "mode": "forward", "round": 1, "block": 1, "label": "B", "sample": 3, "ms": 1.5479680299758911}
{"event": "sample", "n": 500, "mode": "forward", "round": 1, "block": 1, "label": "B", "sample": 4, "ms": 1.5473920106887817}
{"event": "sample", "n": 500, "mode": "forward", "round": 1, "block": 1, "label": "B", "sample": 5, "ms": 1.5493439435958862}
{"event": "sample", "n": 500, "mode": "forward", "round": 1, "block": 1, "label": "B", "sample": 6, "ms": 1.5486719608306885}
{"event": "sample", "n": 500, "mode": "forward", "round": 1, "block": 1, "label": "B", "sample": 7, "ms": 1.5494400262832642}
{"event": "sample", "n": 500, "mode": "forward", "round": 1, "block": 1, "label": "B", "sample": 8, "ms": 1.547808051109314}
{"event": "sample", "n": 500, "mode": "forward", "round": 1, "block": 1, "label": "B", "sample": 9, "ms": 1.5489599704742432}
{"event": "sample", "n": 500, "mode": "forward", "round": 1, "block": 2, "label": "B", "sample": 0, "ms": 1.9114880561828613}
{"event": "sample", "n": 500, "mode": "forward", "round": 1, "block": 2, "label": "B", "sample": 1, "ms": 1.5488320589065552}
{"event": "sample", "n": 500, "mode": "forward", "round": 1, "block": 2, "label": "B", "sample": 2, "ms": 1.5484800338745117}
{"event": "sample", "n": 500, "mode": "forward", "round": 1, "block": 2, "label": "B", "sample": 3, "ms": 1.5485119819641113}
{"event": "sample", "n": 500, "mode": "forward", "round": 1, "block": 2, "label": "B", "sample": 4, "ms": 1.5486079454421997}
{"event": "sample", "n": 500, "mode": "forward", "round": 1, "block": 2, "label": "B", "sample": 5, "ms": 1.5495359897613525}
{"event": "sample", "n": 500, "mode": "forward", "round": 1, "block": 2, "label": "B", "sample": 6, "ms": 1.5488320589065552}
{"event": "sample", "n": 500, "mode": "forward", "round": 1, "block": 2, "label": "B", "sample": 7, "ms": 1.5486400127410889}
{"event": "sample", "n": 500, "mode": "forward", "round": 1, "block": 2, "label": "B", "sample": 8, "ms": 1.5482239723205566}
{"event": "sample", "n": 500, "mode": "forward", "round": 1, "block": 2, "label": "B", "sample": 9, "ms": 1.5483520030975342}
{"event": "sample", "n": 500, "mode": "forward", "round": 1, "block": 3, "label": "A", "sample": 0, "ms": 1.951807975769043}
{"event": "sample", "n": 500, "mode": "forward", "round": 1, "block": 3, "label": "A", "sample": 1, "ms": 1.5907520055770874}
{"event": "sample", "n": 500, "mode": "forward", "round": 1, "block": 3, "label": "A", "sample": 2, "ms": 1.591488003730774}
{"event": "sample", "n": 500, "mode": "forward", "round": 1, "block": 3, "label": "A", "sample": 3, "ms": 1.591488003730774}
{"event": "sample", "n": 500, "mode": "forward", "round": 1, "block": 3, "label": "A", "sample": 4, "ms": 1.592128038406372}
{"event": "sample", "n": 500, "mode": "forward", "round": 1, "block": 3, "label": "A", "sample": 5, "ms": 1.5924160480499268}
{"event": "sample", "n": 500, "mode": "forward", "round": 1, "block": 3, "label": "A", "sample": 6, "ms": 1.5909440517425537}
{"event": "sample", "n": 500, "mode": "forward", "round": 1, "block": 3, "label": "A", "sample": 7, "ms": 1.5923839807510376}
{"event": "sample", "n": 500, "mode": "forward", "round": 1, "block": 3, "label": "A", "sample": 8, "ms": 1.590783953666687}
{"event": "sample", "n": 500, "mode": "forward", "round": 1, "block": 3, "label": "A", "sample": 9, "ms": 1.5918400287628174}
{"event": "sample", "n": 500, "mode": "forward", "round": 2, "block": 0, "label": "A", "sample": 0, "ms": 1.9200639724731445}
{"event": "sample", "n": 500, "mode": "forward", "round": 2, "block": 0, "label": "A", "sample": 1, "ms": 1.5919359922409058}
{"event": "sample", "n": 500, "mode": "forward", "round": 2, "block": 0, "label": "A", "sample": 2, "ms": 1.591968059539795}
{"event": "sample", "n": 500, "mode": "forward", "round": 2, "block": 0, "label": "A", "sample": 3, "ms": 1.5926719903945923}
{"event": "sample", "n": 500, "mode": "forward", "round": 2, "block": 0, "label": "A", "sample": 4, "ms": 1.5919040441513062}
{"event": "sample", "n": 500, "mode": "forward", "round": 2, "block": 0, "label": "A", "sample": 5, "ms": 1.5921920537948608}
{"event": "sample", "n": 500, "mode": "forward", "round": 2, "block": 0, "label": "A", "sample": 6, "ms": 1.5916160345077515}
{"event": "sample", "n": 500, "mode": "forward", "round": 2, "block": 0, "label": "A", "sample": 7, "ms": 1.5924479961395264}
{"event": "sample", "n": 500, "mode": "forward", "round": 2, "block": 0, "label": "A", "sample": 8, "ms": 1.5911999940872192}
{"event": "sample", "n": 500, "mode": "forward", "round": 2, "block": 0, "label": "A", "sample": 9, "ms": 1.5929280519485474}
{"event": "sample", "n": 500, "mode": "forward", "round": 2, "block": 1, "label": "B", "sample": 0, "ms": 1.8817600011825562}
{"event": "sample", "n": 500, "mode": "forward", "round": 2, "block": 1, "label": "B", "sample": 1, "ms": 1.5525439977645874}
{"event": "sample", "n": 500, "mode": "forward", "round": 2, "block": 1, "label": "B", "sample": 2, "ms": 1.5489280223846436}
{"event": "sample", "n": 500, "mode": "forward", "round": 2, "block": 1, "label": "B", "sample": 3, "ms": 1.549280047416687}
{"event": "sample", "n": 500, "mode": "forward", "round": 2, "block": 1, "label": "B", "sample": 4, "ms": 1.5475519895553589}
{"event": "sample", "n": 500, "mode": "forward", "round": 2, "block": 1, "label": "B", "sample": 5, "ms": 1.5498239994049072}
{"event": "sample", "n": 500, "mode": "forward", "round": 2, "block": 1, "label": "B", "sample": 6, "ms": 1.5479999780654907}
{"event": "sample", "n": 500, "mode": "forward", "round": 2, "block": 1, "label": "B", "sample": 7, "ms": 1.5482879877090454}
{"event": "sample", "n": 500, "mode": "forward", "round": 2, "block": 1, "label": "B", "sample": 8, "ms": 1.5487040281295776}
{"event": "sample", "n": 500, "mode": "forward", "round": 2, "block": 1, "label": "B", "sample": 9, "ms": 1.549888014793396}
{"event": "sample", "n": 500, "mode": "forward", "round": 2, "block": 2, "label": "B", "sample": 0, "ms": 1.872704029083252}
{"event": "sample", "n": 500, "mode": "forward", "round": 2, "block": 2, "label": "B", "sample": 1, "ms": 1.5495359897613525}
{"event": "sample", "n": 500, "mode": "forward", "round": 2, "block": 2, "label": "B", "sample": 2, "ms": 1.5496000051498413}
{"event": "sample", "n": 500, "mode": "forward", "round": 2, "block": 2, "label": "B", "sample": 3, "ms": 1.550112009048462}
{"event": "sample", "n": 500, "mode": "forward", "round": 2, "block": 2, "label": "B", "sample": 4, "ms": 1.5479999780654907}
{"event": "sample", "n": 500, "mode": "forward", "round": 2, "block": 2, "label": "B", "sample": 5, "ms": 1.5493760108947754}
{"event": "sample", "n": 500, "mode": "forward", "round": 2, "block": 2, "label": "B", "sample": 6, "ms": 1.5474879741668701}
{"event": "sample", "n": 500, "mode": "forward", "round": 2, "block": 2, "label": "B", "sample": 7, "ms": 1.55075204372406}
{"event": "sample", "n": 500, "mode": "forward", "round": 2, "block": 2, "label": "B", "sample": 8, "ms": 1.5478399991989136}
{"event": "sample", "n": 500, "mode": "forward", "round": 2, "block": 2, "label": "B", "sample": 9, "ms": 1.5494400262832642}
{"event": "sample", "n": 500, "mode": "forward", "round": 2, "block": 3, "label": "A", "sample": 0, "ms": 1.9487040042877197}
{"event": "sample", "n": 500, "mode": "forward", "round": 2, "block": 3, "label": "A", "sample": 1, "ms": 1.591264009475708}
{"event": "sample", "n": 500, "mode": "forward", "round": 2, "block": 3, "label": "A", "sample": 2, "ms": 1.591040015220642}
{"event": "sample", "n": 500, "mode": "forward", "round": 2, "block": 3, "label": "A", "sample": 3, "ms": 1.591968059539795}
{"event": "sample", "n": 500, "mode": "forward", "round": 2, "block": 3, "label": "A", "sample": 4, "ms": 1.5909440517425537}
{"event": "sample", "n": 500, "mode": "forward", "round": 2, "block": 3, "label": "A", "sample": 5, "ms": 1.5911999940872192}
{"event": "sample", "n": 500, "mode": "forward", "round": 2, "block": 3, "label": "A", "sample": 6, "ms": 1.591871976852417}
{"event": "sample", "n": 500, "mode": "forward", "round": 2, "block": 3, "label": "A", "sample": 7, "ms": 1.5910719633102417}
{"event": "sample", "n": 500, "mode": "forward", "round": 2, "block": 3, "label": "A", "sample": 8, "ms": 1.5918079614639282}
{"event": "sample", "n": 500, "mode": "forward", "round": 2, "block": 3, "label": "A", "sample": 9, "ms": 1.5922240018844604}
{"event": "summary", "n": 500, "mode": "forward", "median_ms": {"A": 1.5909440517425537, "B": 1.5485439896583557}, "speedup": 1.0273805990448823, "samples_per_label": 60}
{"event": "sample", "n": 500, "mode": "backward", "round": 0, "block": 0, "label": "A", "sample": 0, "ms": 6.992256164550781}
{"event": "sample", "n": 500, "mode": "backward", "round": 0, "block": 0, "label": "A", "sample": 1, "ms": 6.502336025238037}
{"event": "sample", "n": 500, "mode": "backward", "round": 0, "block": 0, "label": "A", "sample": 2, "ms": 6.4945597648620605}
{"event": "sample", "n": 500, "mode": "backward", "round": 0, "block": 0, "label": "A", "sample": 3, "ms": 6.4964799880981445}
{"event": "sample", "n": 500, "mode": "backward", "round": 0, "block": 0, "label": "A", "sample": 4, "ms": 6.5009918212890625}
{"event": "sample", "n": 500, "mode": "backward", "round": 0, "block": 0, "label": "A", "sample": 5, "ms": 6.502367973327637}
{"event": "sample", "n": 500, "mode": "backward", "round": 0, "block": 0, "label": "A", "sample": 6, "ms": 6.492735862731934}
{"event": "sample", "n": 500, "mode": "backward", "round": 0, "block": 0, "label": "A", "sample": 7, "ms": 6.4967041015625}
{"event": "sample", "n": 500, "mode": "backward", "round": 0, "block": 0, "label": "A", "sample": 8, "ms": 6.5155839920043945}
{"event": "sample", "n": 500, "mode": "backward", "round": 0, "block": 0, "label": "A", "sample": 9, "ms": 6.490719795227051}
{"event": "sample", "n": 500, "mode": "backward", "round": 0, "block": 1, "label": "B", "sample": 0, "ms": 6.688704013824463}
{"event": "sample", "n": 500, "mode": "backward", "round": 0, "block": 1, "label": "B", "sample": 1, "ms": 6.51804780960083}
{"event": "sample", "n": 500, "mode": "backward", "round": 0, "block": 1, "label": "B", "sample": 2, "ms": 6.506368160247803}
{"event": "sample", "n": 500, "mode": "backward", "round": 0, "block": 1, "label": "B", "sample": 3, "ms": 6.494431972503662}
{"event": "sample", "n": 500, "mode": "backward", "round": 0, "block": 1, "label": "B", "sample": 4, "ms": 6.5065598487854}
{"event": "sample", "n": 500, "mode": "backward", "round": 0, "block": 1, "label": "B", "sample": 5, "ms": 6.502431869506836}
{"event": "sample", "n": 500, "mode": "backward", "round": 0, "block": 1, "label": "B", "sample": 6, "ms": 6.509984016418457}
{"event": "sample", "n": 500, "mode": "backward", "round": 0, "block": 1, "label": "B", "sample": 7, "ms": 6.500800132751465}
{"event": "sample", "n": 500, "mode": "backward", "round": 0, "block": 1, "label": "B", "sample": 8, "ms": 6.501471996307373}
{"event": "sample", "n": 500, "mode": "backward", "round": 0, "block": 1, "label": "B", "sample": 9, "ms": 6.495967864990234}
{"event": "sample", "n": 500, "mode": "backward", "round": 0, "block": 2, "label": "B", "sample": 0, "ms": 6.64031982421875}
{"event": "sample", "n": 500, "mode": "backward", "round": 0, "block": 2, "label": "B", "sample": 1, "ms": 6.486976146697998}
{"event": "sample", "n": 500, "mode": "backward", "round": 0, "block": 2, "label": "B", "sample": 2, "ms": 6.494495868682861}
{"event": "sample", "n": 500, "mode": "backward", "round": 0, "block": 2, "label": "B", "sample": 3, "ms": 6.4967041015625}
{"event": "sample", "n": 500, "mode": "backward", "round": 0, "block": 2, "label": "B", "sample": 4, "ms": 6.495327949523926}
{"event": "sample", "n": 500, "mode": "backward", "round": 0, "block": 2, "label": "B", "sample": 5, "ms": 6.503136157989502}
{"event": "sample", "n": 500, "mode": "backward", "round": 0, "block": 2, "label": "B", "sample": 6, "ms": 6.494976043701172}
{"event": "sample", "n": 500, "mode": "backward", "round": 0, "block": 2, "label": "B", "sample": 7, "ms": 6.497439861297607}
{"event": "sample", "n": 500, "mode": "backward", "round": 0, "block": 2, "label": "B", "sample": 8, "ms": 6.486112117767334}
{"event": "sample", "n": 500, "mode": "backward", "round": 0, "block": 2, "label": "B", "sample": 9, "ms": 6.4967360496521}
{"event": "sample", "n": 500, "mode": "backward", "round": 0, "block": 3, "label": "A", "sample": 0, "ms": 6.77564811706543}
{"event": "sample", "n": 500, "mode": "backward", "round": 0, "block": 3, "label": "A", "sample": 1, "ms": 6.488800048828125}
{"event": "sample", "n": 500, "mode": "backward", "round": 0, "block": 3, "label": "A", "sample": 2, "ms": 6.484831809997559}
{"event": "sample", "n": 500, "mode": "backward", "round": 0, "block": 3, "label": "A", "sample": 3, "ms": 6.488895893096924}
{"event": "sample", "n": 500, "mode": "backward", "round": 0, "block": 3, "label": "A", "sample": 4, "ms": 6.492671966552734}
{"event": "sample", "n": 500, "mode": "backward", "round": 0, "block": 3, "label": "A", "sample": 5, "ms": 6.488192081451416}
{"event": "sample", "n": 500, "mode": "backward", "round": 0, "block": 3, "label": "A", "sample": 6, "ms": 6.507808208465576}
{"event": "sample", "n": 500, "mode": "backward", "round": 0, "block": 3, "label": "A", "sample": 7, "ms": 6.514080047607422}
{"event": "sample", "n": 500, "mode": "backward", "round": 0, "block": 3, "label": "A", "sample": 8, "ms": 6.504415988922119}
{"event": "sample", "n": 500, "mode": "backward", "round": 0, "block": 3, "label": "A", "sample": 9, "ms": 6.495967864990234}
{"event": "sample", "n": 500, "mode": "backward", "round": 1, "block": 0, "label": "A", "sample": 0, "ms": 6.6976318359375}
{"event": "sample", "n": 500, "mode": "backward", "round": 1, "block": 0, "label": "A", "sample": 1, "ms": 6.501664161682129}
{"event": "sample", "n": 500, "mode": "backward", "round": 1, "block": 0, "label": "A", "sample": 2, "ms": 6.491551876068115}
{"event": "sample", "n": 500, "mode": "backward", "round": 1, "block": 0, "label": "A", "sample": 3, "ms": 6.499104022979736}
{"event": "sample", "n": 500, "mode": "backward", "round": 1, "block": 0, "label": "A", "sample": 4, "ms": 6.501120090484619}
{"event": "sample", "n": 500, "mode": "backward", "round": 1, "block": 0, "label": "A", "sample": 5, "ms": 6.500959873199463}
{"event": "sample", "n": 500, "mode": "backward", "round": 1, "block": 0, "label": "A", "sample": 6, "ms": 6.496448040008545}
{"event": "sample", "n": 500, "mode": "backward", "round": 1, "block": 0, "label": "A", "sample": 7, "ms": 6.505023956298828}
{"event": "sample", "n": 500, "mode": "backward", "round": 1, "block": 0, "label": "A", "sample": 8, "ms": 6.486239910125732}
{"event": "sample", "n": 500, "mode": "backward", "round": 1, "block": 0, "label": "A", "sample": 9, "ms": 6.507264137268066}
{"event": "sample", "n": 500, "mode": "backward", "round": 1, "block": 1, "label": "B", "sample": 0, "ms": 6.674015998840332}
{"event": "sample", "n": 500, "mode": "backward", "round": 1, "block": 1, "label": "B", "sample": 1, "ms": 6.488639831542969}
{"event": "sample", "n": 500, "mode": "backward", "round": 1, "block": 1, "label": "B", "sample": 2, "ms": 6.4896321296691895}
{"event": "sample", "n": 500, "mode": "backward", "round": 1, "block": 1, "label": "B", "sample": 3, "ms": 6.4825921058654785}
{"event": "sample", "n": 500, "mode": "backward", "round": 1, "block": 1, "label": "B", "sample": 4, "ms": 6.489759922027588}
{"event": "sample", "n": 500, "mode": "backward", "round": 1, "block": 1, "label": "B", "sample": 5, "ms": 6.490911960601807}
{"event": "sample", "n": 500, "mode": "backward", "round": 1, "block": 1, "label": "B", "sample": 6, "ms": 6.483839988708496}
{"event": "sample", "n": 500, "mode": "backward", "round": 1, "block": 1, "label": "B", "sample": 7, "ms": 6.494527816772461}
{"event": "sample", "n": 500, "mode": "backward", "round": 1, "block": 1, "label": "B", "sample": 8, "ms": 6.487071990966797}
{"event": "sample", "n": 500, "mode": "backward", "round": 1, "block": 1, "label": "B", "sample": 9, "ms": 6.488992214202881}
{"event": "sample", "n": 500, "mode": "backward", "round": 1, "block": 2, "label": "B", "sample": 0, "ms": 6.652639865875244}
{"event": "sample", "n": 500, "mode": "backward", "round": 1, "block": 2, "label": "B", "sample": 1, "ms": 6.4931840896606445}
{"event": "sample", "n": 500, "mode": "backward", "round": 1, "block": 2, "label": "B", "sample": 2, "ms": 6.487264156341553}
{"event": "sample", "n": 500, "mode": "backward", "round": 1, "block": 2, "label": "B", "sample": 3, "ms": 6.494304180145264}
{"event": "sample", "n": 500, "mode": "backward", "round": 1, "block": 2, "label": "B", "sample": 4, "ms": 6.504672050476074}
{"event": "sample", "n": 500, "mode": "backward", "round": 1, "block": 2, "label": "B", "sample": 5, "ms": 6.494688034057617}
{"event": "sample", "n": 500, "mode": "backward", "round": 1, "block": 2, "label": "B", "sample": 6, "ms": 6.492703914642334}
{"event": "sample", "n": 500, "mode": "backward", "round": 1, "block": 2, "label": "B", "sample": 7, "ms": 6.497344017028809}
{"event": "sample", "n": 500, "mode": "backward", "round": 1, "block": 2, "label": "B", "sample": 8, "ms": 6.5069122314453125}
{"event": "sample", "n": 500, "mode": "backward", "round": 1, "block": 2, "label": "B", "sample": 9, "ms": 6.4969282150268555}
{"event": "sample", "n": 500, "mode": "backward", "round": 1, "block": 3, "label": "A", "sample": 0, "ms": 6.661280155181885}
{"event": "sample", "n": 500, "mode": "backward", "round": 1, "block": 3, "label": "A", "sample": 1, "ms": 6.502175807952881}
{"event": "sample", "n": 500, "mode": "backward", "round": 1, "block": 3, "label": "A", "sample": 2, "ms": 6.491231918334961}
{"event": "sample", "n": 500, "mode": "backward", "round": 1, "block": 3, "label": "A", "sample": 3, "ms": 6.49180793762207}
{"event": "sample", "n": 500, "mode": "backward", "round": 1, "block": 3, "label": "A", "sample": 4, "ms": 6.501503944396973}
{"event": "sample", "n": 500, "mode": "backward", "round": 1, "block": 3, "label": "A", "sample": 5, "ms": 6.505568027496338}
{"event": "sample", "n": 500, "mode": "backward", "round": 1, "block": 3, "label": "A", "sample": 6, "ms": 6.494239807128906}
{"event": "sample", "n": 500, "mode": "backward", "round": 1, "block": 3, "label": "A", "sample": 7, "ms": 6.496416091918945}
{"event": "sample", "n": 500, "mode": "backward", "round": 1, "block": 3, "label": "A", "sample": 8, "ms": 6.495903968811035}
{"event": "sample", "n": 500, "mode": "backward", "round": 1, "block": 3, "label": "A", "sample": 9, "ms": 6.495488166809082}
{"event": "sample", "n": 500, "mode": "backward", "round": 2, "block": 0, "label": "A", "sample": 0, "ms": 6.691296100616455}
{"event": "sample", "n": 500, "mode": "backward", "round": 2, "block": 0, "label": "A", "sample": 1, "ms": 6.49721622467041}
{"event": "sample", "n": 500, "mode": "backward", "round": 2, "block": 0, "label": "A", "sample": 2, "ms": 6.489503860473633}
{"event": "sample", "n": 500, "mode": "backward", "round": 2, "block": 0, "label": "A", "sample": 3, "ms": 6.492832183837891}
{"event": "sample", "n": 500, "mode": "backward", "round": 2, "block": 0, "label": "A", "sample": 4, "ms": 6.486400127410889}
{"event": "sample", "n": 500, "mode": "backward", "round": 2, "block": 0, "label": "A", "sample": 5, "ms": 6.497791767120361}
{"event": "sample", "n": 500, "mode": "backward", "round": 2, "block": 0, "label": "A", "sample": 6, "ms": 6.486176013946533}
{"event": "sample", "n": 500, "mode": "backward", "round": 2, "block": 0, "label": "A", "sample": 7, "ms": 6.496287822723389}
{"event": "sample", "n": 500, "mode": "backward", "round": 2, "block": 0, "label": "A", "sample": 8, "ms": 6.495456218719482}
{"event": "sample", "n": 500, "mode": "backward", "round": 2, "block": 0, "label": "A", "sample": 9, "ms": 6.4879679679870605}
{"event": "sample", "n": 500, "mode": "backward", "round": 2, "block": 1, "label": "B", "sample": 0, "ms": 6.643616199493408}
{"event": "sample", "n": 500, "mode": "backward", "round": 2, "block": 1, "label": "B", "sample": 1, "ms": 6.49948787689209}
{"event": "sample", "n": 500, "mode": "backward", "round": 2, "block": 1, "label": "B", "sample": 2, "ms": 6.488768100738525}
{"event": "sample", "n": 500, "mode": "backward", "round": 2, "block": 1, "label": "B", "sample": 3, "ms": 6.493663787841797}
{"event": "sample", "n": 500, "mode": "backward", "round": 2, "block": 1, "label": "B", "sample": 4, "ms": 6.490335941314697}
{"event": "sample", "n": 500, "mode": "backward", "round": 2, "block": 1, "label": "B", "sample": 5, "ms": 6.4944000244140625}
{"event": "sample", "n": 500, "mode": "backward", "round": 2, "block": 1, "label": "B", "sample": 6, "ms": 6.497375965118408}
{"event": "sample", "n": 500, "mode": "backward", "round": 2, "block": 1, "label": "B", "sample": 7, "ms": 6.499135971069336}
{"event": "sample", "n": 500, "mode": "backward", "round": 2, "block": 1, "label": "B", "sample": 8, "ms": 6.493728160858154}
{"event": "sample", "n": 500, "mode": "backward", "round": 2, "block": 1, "label": "B", "sample": 9, "ms": 6.516287803649902}
{"event": "sample", "n": 500, "mode": "backward", "round": 2, "block": 2, "label": "B", "sample": 0, "ms": 6.698400020599365}
{"event": "sample", "n": 500, "mode": "backward", "round": 2, "block": 2, "label": "B", "sample": 1, "ms": 6.520768165588379}
{"event": "sample", "n": 500, "mode": "backward", "round": 2, "block": 2, "label": "B", "sample": 2, "ms": 6.4964799880981445}
{"event": "sample", "n": 500, "mode": "backward", "round": 2, "block": 2, "label": "B", "sample": 3, "ms": 6.511295795440674}
{"event": "sample", "n": 500, "mode": "backward", "round": 2, "block": 2, "label": "B", "sample": 4, "ms": 6.484352111816406}
{"event": "sample", "n": 500, "mode": "backward", "round": 2, "block": 2, "label": "B", "sample": 5, "ms": 6.495232105255127}
{"event": "sample", "n": 500, "mode": "backward", "round": 2, "block": 2, "label": "B", "sample": 6, "ms": 6.488351821899414}
{"event": "sample", "n": 500, "mode": "backward", "round": 2, "block": 2, "label": "B", "sample": 7, "ms": 6.5008320808410645}
{"event": "sample", "n": 500, "mode": "backward", "round": 2, "block": 2, "label": "B", "sample": 8, "ms": 6.5082879066467285}
{"event": "sample", "n": 500, "mode": "backward", "round": 2, "block": 2, "label": "B", "sample": 9, "ms": 6.506048202514648}
{"event": "sample", "n": 500, "mode": "backward", "round": 2, "block": 3, "label": "A", "sample": 0, "ms": 6.681471824645996}
{"event": "sample", "n": 500, "mode": "backward", "round": 2, "block": 3, "label": "A", "sample": 1, "ms": 6.489247798919678}
{"event": "sample", "n": 500, "mode": "backward", "round": 2, "block": 3, "label": "A", "sample": 2, "ms": 6.496064186096191}
{"event": "sample", "n": 500, "mode": "backward", "round": 2, "block": 3, "label": "A", "sample": 3, "ms": 6.478687763214111}
{"event": "sample", "n": 500, "mode": "backward", "round": 2, "block": 3, "label": "A", "sample": 4, "ms": 6.489952087402344}
{"event": "sample", "n": 500, "mode": "backward", "round": 2, "block": 3, "label": "A", "sample": 5, "ms": 6.4929280281066895}
{"event": "sample", "n": 500, "mode": "backward", "round": 2, "block": 3, "label": "A", "sample": 6, "ms": 6.486688137054443}
{"event": "sample", "n": 500, "mode": "backward", "round": 2, "block": 3, "label": "A", "sample": 7, "ms": 6.495808124542236}
{"event": "sample", "n": 500, "mode": "backward", "round": 2, "block": 3, "label": "A", "sample": 8, "ms": 6.486559867858887}
{"event": "sample", "n": 500, "mode": "backward", "round": 2, "block": 3, "label": "A", "sample": 9, "ms": 6.488192081451416}
{"event": "summary", "n": 500, "mode": "backward", "median_ms": {"A": 6.496016025543213, "B": 6.496592044830322}, "speedup": 0.9999113351610914, "samples_per_label": 60}
{"event": "sample", "n": 500, "mode": "forward_backward", "round": 0, "block": 0, "label": "A", "sample": 0, "ms": 8.440832138061523}
{"event": "sample", "n": 500, "mode": "forward_backward", "round": 0, "block": 0, "label": "A", "sample": 1, "ms": 8.076576232910156}
{"event": "sample", "n": 500, "mode": "forward_backward", "round": 0, "block": 0, "label": "A", "sample": 2, "ms": 8.079744338989258}
{"event": "sample", "n": 500, "mode": "forward_backward", "round": 0, "block": 0, "label": "A", "sample": 3, "ms": 8.078240394592285}
{"event": "sample", "n": 500, "mode": "forward_backward", "round": 0, "block": 0, "label": "A", "sample": 4, "ms": 8.07852840423584}
{"event": "sample", "n": 500, "mode": "forward_backward", "round": 0, "block": 0, "label": "A", "sample": 5, "ms": 8.083040237426758}
{"event": "sample", "n": 500, "mode": "forward_backward", "round": 0, "block": 0, "label": "A", "sample": 6, "ms": 8.083200454711914}
{"event": "sample", "n": 500, "mode": "forward_backward", "round": 0, "block": 0, "label": "A", "sample": 7, "ms": 8.0895357131958}
{"event": "sample", "n": 500, "mode": "forward_backward", "round": 0, "block": 0, "label": "A", "sample": 8, "ms": 8.09398365020752}
{"event": "sample", "n": 500, "mode": "forward_backward", "round": 0, "block": 0, "label": "A", "sample": 9, "ms": 8.079263687133789}
{"event": "sample", "n": 500, "mode": "forward_backward", "round": 0, "block": 1, "label": "B", "sample": 0, "ms": 8.7227201461792}
{"event": "sample", "n": 500, "mode": "forward_backward", "round": 0, "block": 1, "label": "B", "sample": 1, "ms": 8.044063568115234}
{"event": "sample", "n": 500, "mode": "forward_backward", "round": 0, "block": 1, "label": "B", "sample": 2, "ms": 8.028032302856445}
{"event": "sample", "n": 500, "mode": "forward_backward", "round": 0, "block": 1, "label": "B", "sample": 3, "ms": 8.026144027709961}
{"event": "sample", "n": 500, "mode": "forward_backward", "round": 0, "block": 1, "label": "B", "sample": 4, "ms": 8.032511711120605}
{"event": "sample", "n": 500, "mode": "forward_backward", "round": 0, "block": 1, "label": "B", "sample": 5, "ms": 8.04201602935791}
{"event": "sample", "n": 500, "mode": "forward_backward", "round": 0, "block": 1, "label": "B", "sample": 6, "ms": 8.03337574005127}
{"event": "sample", "n": 500, "mode": "forward_backward", "round": 0, "block": 1, "label": "B", "sample": 7, "ms": 8.031328201293945}
{"event": "sample", "n": 500, "mode": "forward_backward", "round": 0, "block": 1, "label": "B", "sample": 8, "ms": 8.025664329528809}
{"event": "sample", "n": 500, "mode": "forward_backward", "round": 0, "block": 1, "label": "B", "sample": 9, "ms": 8.025152206420898}
{"event": "sample", "n": 500, "mode": "forward_backward", "round": 0, "block": 2, "label": "B", "sample": 0, "ms": 8.408096313476562}
{"event": "sample", "n": 500, "mode": "forward_backward", "round": 0, "block": 2, "label": "B", "sample": 1, "ms": 8.0348482131958}
{"event": "sample", "n": 500, "mode": "forward_backward", "round": 0, "block": 2, "label": "B", "sample": 2, "ms": 8.042240142822266}
{"event": "sample", "n": 500, "mode": "forward_backward", "round": 0, "block": 2, "label": "B", "sample": 3, "ms": 8.033920288085938}
{"event": "sample", "n": 500, "mode": "forward_backward", "round": 0, "block": 2, "label": "B", "sample": 4, "ms": 8.035072326660156}
{"event": "sample", "n": 500, "mode": "forward_backward", "round": 0, "block": 2, "label": "B", "sample": 5, "ms": 8.048704147338867}
{"event": "sample", "n": 500, "mode": "forward_backward", "round": 0, "block": 2, "label": "B", "sample": 6, "ms": 8.051872253417969}
{"event": "sample", "n": 500, "mode": "forward_backward", "round": 0, "block": 2, "label": "B", "sample": 7, "ms": 8.043456077575684}
{"event": "sample", "n": 500, "mode": "forward_backward", "round": 0, "block": 2, "label": "B", "sample": 8, "ms": 8.045408248901367}
{"event": "sample", "n": 500, "mode": "forward_backward", "round": 0, "block": 2, "label": "B", "sample": 9, "ms": 8.042655944824219}
{"event": "sample", "n": 500, "mode": "forward_backward", "round": 0, "block": 3, "label": "A", "sample": 0, "ms": 8.520447731018066}
{"event": "sample", "n": 500, "mode": "forward_backward", "round": 0, "block": 3, "label": "A", "sample": 1, "ms": 8.089823722839355}
{"event": "sample", "n": 500, "mode": "forward_backward", "round": 0, "block": 3, "label": "A", "sample": 2, "ms": 8.082592010498047}
{"event": "sample", "n": 500, "mode": "forward_backward", "round": 0, "block": 3, "label": "A", "sample": 3, "ms": 8.080479621887207}
{"event": "sample", "n": 500, "mode": "forward_backward", "round": 0, "block": 3, "label": "A", "sample": 4, "ms": 8.089216232299805}
{"event": "sample", "n": 500, "mode": "forward_backward", "round": 0, "block": 3, "label": "A", "sample": 5, "ms": 8.0730562210083}
{"event": "sample", "n": 500, "mode": "forward_backward", "round": 0, "block": 3, "label": "A", "sample": 6, "ms": 8.06991958618164}
{"event": "sample", "n": 500, "mode": "forward_backward", "round": 0, "block": 3, "label": "A", "sample": 7, "ms": 8.071968078613281}
{"event": "sample", "n": 500, "mode": "forward_backward", "round": 0, "block": 3, "label": "A", "sample": 8, "ms": 8.075488090515137}
{"event": "sample", "n": 500, "mode": "forward_backward", "round": 0, "block": 3, "label": "A", "sample": 9, "ms": 8.070783615112305}
{"event": "sample", "n": 500, "mode": "forward_backward", "round": 1, "block": 0, "label": "A", "sample": 0, "ms": 8.466272354125977}
{"event": "sample", "n": 500, "mode": "forward_backward", "round": 1, "block": 0, "label": "A", "sample": 1, "ms": 8.071295738220215}
{"event": "sample", "n": 500, "mode": "forward_backward", "round": 1, "block": 0, "label": "A", "sample": 2, "ms": 8.081567764282227}
{"event": "sample", "n": 500, "mode": "forward_backward", "round": 1, "block": 0, "label": "A", "sample": 3, "ms": 8.072575569152832}
{"event": "sample", "n": 500, "mode": "forward_backward", "round": 1, "block": 0, "label": "A", "sample": 4, "ms": 8.066752433776855}
{"event": "sample", "n": 500, "mode": "forward_backward", "round": 1, "block": 0, "label": "A", "sample": 5, "ms": 8.074496269226074}
{"event": "sample", "n": 500, "mode": "forward_backward", "round": 1, "block": 0, "label": "A", "sample": 6, "ms": 8.061311721801758}
{"event": "sample", "n": 500, "mode": "forward_backward", "round": 1, "block": 0, "label": "A", "sample": 7, "ms": 8.07744026184082}
{"event": "sample", "n": 500, "mode": "forward_backward", "round": 1, "block": 0, "label": "A", "sample": 8, "ms": 8.081024169921875}
{"event": "sample", "n": 500, "mode": "forward_backward", "round": 1, "block": 0, "label": "A", "sample": 9, "ms": 8.076671600341797}
{"event": "sample", "n": 500, "mode": "forward_backward", "round": 1, "block": 1, "label": "B", "sample": 0, "ms": 8.458720207214355}
{"event": "sample", "n": 500, "mode": "forward_backward", "round": 1, "block": 1, "label": "B", "sample": 1, "ms": 8.048576354980469}
{"event": "sample", "n": 500, "mode": "forward_backward", "round": 1, "block": 1, "label": "B", "sample": 2, "ms": 8.048480033874512}
{"event": "sample", "n": 500, "mode": "forward_backward", "round": 1, "block": 1, "label": "B", "sample": 3, "ms": 8.032159805297852}
{"event": "sample", "n": 500, "mode": "forward_backward", "round": 1, "block": 1, "label": "B", "sample": 4, "ms": 8.040575981140137}
{"event": "sample", "n": 500, "mode": "forward_backward", "round": 1, "block": 1, "label": "B", "sample": 5, "ms": 8.038399696350098}
{"event": "sample", "n": 500, "mode": "forward_backward", "round": 1, "block": 1, "label": "B", "sample": 6, "ms": 8.039615631103516}
{"event": "sample", "n": 500, "mode": "forward_backward", "round": 1, "block": 1, "label": "B", "sample": 7, "ms": 8.042495727539062}
{"event": "sample", "n": 500, "mode": "forward_backward", "round": 1, "block": 1, "label": "B", "sample": 8, "ms": 8.048288345336914}
{"event": "sample", "n": 500, "mode": "forward_backward", "round": 1, "block": 1, "label": "B", "sample": 9, "ms": 8.044768333435059}
{"event": "sample", "n": 500, "mode": "forward_backward", "round": 1, "block": 2, "label": "B", "sample": 0, "ms": 8.393823623657227}
{"event": "sample", "n": 500, "mode": "forward_backward", "round": 1, "block": 2, "label": "B", "sample": 1, "ms": 8.032511711120605}
{"event": "sample", "n": 500, "mode": "forward_backward", "round": 1, "block": 2, "label": "B", "sample": 2, "ms": 8.03212833404541}
{"event": "sample", "n": 500, "mode": "forward_backward", "round": 1, "block": 2, "label": "B", "sample": 3, "ms": 8.03660774230957}
{"event": "sample", "n": 500, "mode": "forward_backward", "round": 1, "block": 2, "label": "B", "sample": 4, "ms": 8.02729606628418}
{"event": "sample", "n": 500, "mode": "forward_backward", "round": 1, "block": 2, "label": "B", "sample": 5, "ms": 8.035743713378906}
{"event": "sample", "n": 500, "mode": "forward_backward", "round": 1, "block": 2, "label": "B", "sample": 6, "ms": 8.041472434997559}
{"event": "sample", "n": 500, "mode": "forward_backward", "round": 1, "block": 2, "label": "B", "sample": 7, "ms": 8.027039527893066}
{"event": "sample", "n": 500, "mode": "forward_backward", "round": 1, "block": 2, "label": "B", "sample": 8, "ms": 8.031871795654297}
{"event": "sample", "n": 500, "mode": "forward_backward", "round": 1, "block": 2, "label": "B", "sample": 9, "ms": 8.025312423706055}
{"event": "sample", "n": 500, "mode": "forward_backward", "round": 1, "block": 3, "label": "A", "sample": 0, "ms": 8.475071907043457}
{"event": "sample", "n": 500, "mode": "forward_backward", "round": 1, "block": 3, "label": "A", "sample": 1, "ms": 8.071104049682617}
{"event": "sample", "n": 500, "mode": "forward_backward", "round": 1, "block": 3, "label": "A", "sample": 2, "ms": 8.079168319702148}
{"event": "sample", "n": 500, "mode": "forward_backward", "round": 1, "block": 3, "label": "A", "sample": 3, "ms": 8.07913589477539}
{"event": "sample", "n": 500, "mode": "forward_backward", "round": 1, "block": 3, "label": "A", "sample": 4, "ms": 8.095135688781738}
{"event": "sample", "n": 500, "mode": "forward_backward", "round": 1, "block": 3, "label": "A", "sample": 5, "ms": 8.092896461486816}
{"event": "sample", "n": 500, "mode": "forward_backward", "round": 1, "block": 3, "label": "A", "sample": 6, "ms": 8.089183807373047}
{"event": "sample", "n": 500, "mode": "forward_backward", "round": 1, "block": 3, "label": "A", "sample": 7, "ms": 8.078495979309082}
{"event": "sample", "n": 500, "mode": "forward_backward", "round": 1, "block": 3, "label": "A", "sample": 8, "ms": 8.07744026184082}
{"event": "sample", "n": 500, "mode": "forward_backward", "round": 1, "block": 3, "label": "A", "sample": 9, "ms": 8.093088150024414}
{"event": "sample", "n": 500, "mode": "forward_backward", "round": 2, "block": 0, "label": "A", "sample": 0, "ms": 8.447423934936523}
{"event": "sample", "n": 500, "mode": "forward_backward", "round": 2, "block": 0, "label": "A", "sample": 1, "ms": 8.086527824401855}
{"event": "sample", "n": 500, "mode": "forward_backward", "round": 2, "block": 0, "label": "A", "sample": 2, "ms": 8.094847679138184}
{"event": "sample", "n": 500, "mode": "forward_backward", "round": 2, "block": 0, "label": "A", "sample": 3, "ms": 8.090208053588867}
{"event": "sample", "n": 500, "mode": "forward_backward", "round": 2, "block": 0, "label": "A", "sample": 4, "ms": 8.078495979309082}
{"event": "sample", "n": 500, "mode": "forward_backward", "round": 2, "block": 0, "label": "A", "sample": 5, "ms": 8.08022403717041}
{"event": "sample", "n": 500, "mode": "forward_backward", "round": 2, "block": 0, "label": "A", "sample": 6, "ms": 8.072064399719238}
{"event": "sample", "n": 500, "mode": "forward_backward", "round": 2, "block": 0, "label": "A", "sample": 7, "ms": 8.06761646270752}
{"event": "sample", "n": 500, "mode": "forward_backward", "round": 2, "block": 0, "label": "A", "sample": 8, "ms": 8.078751564025879}
{"event": "sample", "n": 500, "mode": "forward_backward", "round": 2, "block": 0, "label": "A", "sample": 9, "ms": 8.079680442810059}
{"event": "sample", "n": 500, "mode": "forward_backward", "round": 2, "block": 1, "label": "B", "sample": 0, "ms": 8.39568042755127}
{"event": "sample", "n": 500, "mode": "forward_backward", "round": 2, "block": 1, "label": "B", "sample": 1, "ms": 8.018176078796387}
{"event": "sample", "n": 500, "mode": "forward_backward", "round": 2, "block": 1, "label": "B", "sample": 2, "ms": 8.031200408935547}
{"event": "sample", "n": 500, "mode": "forward_backward", "round": 2, "block": 1, "label": "B", "sample": 3, "ms": 8.032032012939453}
{"event": "sample", "n": 500, "mode": "forward_backward", "round": 2, "block": 1, "label": "B", "sample": 4, "ms": 8.029376029968262}
{"event": "sample", "n": 500, "mode": "forward_backward", "round": 2, "block": 1, "label": "B", "sample": 5, "ms": 8.03331184387207}
{"event": "sample", "n": 500, "mode": "forward_backward", "round": 2, "block": 1, "label": "B", "sample": 6, "ms": 8.041248321533203}
{"event": "sample", "n": 500, "mode": "forward_backward", "round": 2, "block": 1, "label": "B", "sample": 7, "ms": 8.040127754211426}
{"event": "sample", "n": 500, "mode": "forward_backward", "round": 2, "block": 1, "label": "B", "sample": 8, "ms": 8.043456077575684}
{"event": "sample", "n": 500, "mode": "forward_backward", "round": 2, "block": 1, "label": "B", "sample": 9, "ms": 8.048992156982422}
{"event": "sample", "n": 500, "mode": "forward_backward", "round": 2, "block": 2, "label": "B", "sample": 0, "ms": 8.403103828430176}
{"event": "sample", "n": 500, "mode": "forward_backward", "round": 2, "block": 2, "label": "B", "sample": 1, "ms": 8.039711952209473}
{"event": "sample", "n": 500, "mode": "forward_backward", "round": 2, "block": 2, "label": "B", "sample": 2, "ms": 8.047776222229004}
{"event": "sample", "n": 500, "mode": "forward_backward", "round": 2, "block": 2, "label": "B", "sample": 3, "ms": 8.031392097473145}
{"event": "sample", "n": 500, "mode": "forward_backward", "round": 2, "block": 2, "label": "B", "sample": 4, "ms": 8.040639877319336}
{"event": "sample", "n": 500, "mode": "forward_backward", "round": 2, "block": 2, "label": "B", "sample": 5, "ms": 8.045056343078613}
{"event": "sample", "n": 500, "mode": "forward_backward", "round": 2, "block": 2, "label": "B", "sample": 6, "ms": 8.047264099121094}
{"event": "sample", "n": 500, "mode": "forward_backward", "round": 2, "block": 2, "label": "B", "sample": 7, "ms": 8.04259204864502}
{"event": "sample", "n": 500, "mode": "forward_backward", "round": 2, "block": 2, "label": "B", "sample": 8, "ms": 8.05504035949707}
{"event": "sample", "n": 500, "mode": "forward_backward", "round": 2, "block": 2, "label": "B", "sample": 9, "ms": 8.051103591918945}
{"event": "sample", "n": 500, "mode": "forward_backward", "round": 2, "block": 3, "label": "A", "sample": 0, "ms": 8.46560001373291}
{"event": "sample", "n": 500, "mode": "forward_backward", "round": 2, "block": 3, "label": "A", "sample": 1, "ms": 8.07043170928955}
{"event": "sample", "n": 500, "mode": "forward_backward", "round": 2, "block": 3, "label": "A", "sample": 2, "ms": 8.064703941345215}
{"event": "sample", "n": 500, "mode": "forward_backward", "round": 2, "block": 3, "label": "A", "sample": 3, "ms": 8.068191528320312}
{"event": "sample", "n": 500, "mode": "forward_backward", "round": 2, "block": 3, "label": "A", "sample": 4, "ms": 8.06879997253418}
{"event": "sample", "n": 500, "mode": "forward_backward", "round": 2, "block": 3, "label": "A", "sample": 5, "ms": 8.06544017791748}
{"event": "sample", "n": 500, "mode": "forward_backward", "round": 2, "block": 3, "label": "A", "sample": 6, "ms": 8.0763521194458}
{"event": "sample", "n": 500, "mode": "forward_backward", "round": 2, "block": 3, "label": "A", "sample": 7, "ms": 8.074591636657715}
{"event": "sample", "n": 500, "mode": "forward_backward", "round": 2, "block": 3, "label": "A", "sample": 8, "ms": 8.071231842041016}
{"event": "sample", "n": 500, "mode": "forward_backward", "round": 2, "block": 3, "label": "A", "sample": 9, "ms": 8.076000213623047}
{"event": "summary", "n": 500, "mode": "forward_backward", "median_ms": {"A": 8.07863998413086, "B": 8.040607929229736}, "speedup": 1.0047299974374906, "samples_per_label": 60}
{"event": "parity", "n": 512, "checks": {"output": {"relative_l2": 0.0, "baseline_zero_max_abs_diagnostic": 0.0, "passed": true}, "dq": {"relative_l2": 1.600809810042847e-05, "baseline_zero_max_abs_diagnostic": 0.0, "passed": true}, "dk": {"relative_l2": 0.0, "baseline_zero_max_abs_diagnostic": 0.0, "passed": true}, "dv": {"relative_l2": 0.0, "baseline_zero_max_abs_diagnostic": 0.0, "passed": true}, "db": {"relative_l2": 1.7647760614636354e-05, "baseline_zero_max_abs_diagnostic": 0.0, "passed": true}}, "independent_reference": false}
{"event": "forward_configs", "n": 512, "configs": {"previous_fused_4b832de": {"kwargs": {"BLOCK_J": 64, "BLOCK_K": 64}, "num_warps": 4, "num_stages": 3, "num_ctas": 1, "maxnreg": null}, "optimized_fused": {"kwargs": {"BLOCK_J": 64, "BLOCK_K": 64}, "num_warps": 4, "num_stages": 2, "num_ctas": 1, "maxnreg": 96}}}
{"event": "memory", "n": 512, "measurements": {"A": {"peak_increment_bytes": 642269184, "retained_increment_bytes": 541065216}, "B": {"peak_increment_bytes": 642269184, "retained_increment_bytes": 541065216}}}
{"event": "sample", "n": 512, "mode": "forward", "round": 0, "block": 0, "label": "A", "sample": 0, "ms": 1.7485120296478271}
{"event": "sample", "n": 512, "mode": "forward", "round": 0, "block": 0, "label": "A", "sample": 1, "ms": 1.4444799423217773}
{"event": "sample", "n": 512, "mode": "forward", "round": 0, "block": 0, "label": "A", "sample": 2, "ms": 1.4442880153656006}
{"event": "sample", "n": 512, "mode": "forward", "round": 0, "block": 0, "label": "A", "sample": 3, "ms": 1.4436800479888916}
{"event": "sample", "n": 512, "mode": "forward", "round": 0, "block": 0, "label": "A", "sample": 4, "ms": 1.4437119960784912}
{"event": "sample", "n": 512, "mode": "forward", "round": 0, "block": 0, "label": "A", "sample": 5, "ms": 1.4426239728927612}
{"event": "sample", "n": 512, "mode": "forward", "round": 0, "block": 0, "label": "A", "sample": 6, "ms": 1.4432320594787598}
{"event": "sample", "n": 512, "mode": "forward", "round": 0, "block": 0, "label": "A", "sample": 7, "ms": 1.4434239864349365}
{"event": "sample", "n": 512, "mode": "forward", "round": 0, "block": 0, "label": "A", "sample": 8, "ms": 1.4430400133132935}
{"event": "sample", "n": 512, "mode": "forward", "round": 0, "block": 0, "label": "A", "sample": 9, "ms": 1.4448000192642212}
{"event": "sample", "n": 512, "mode": "forward", "round": 0, "block": 1, "label": "B", "sample": 0, "ms": 1.756384015083313}
{"event": "sample", "n": 512, "mode": "forward", "round": 0, "block": 1, "label": "B", "sample": 1, "ms": 1.412768006324768}
{"event": "sample", "n": 512, "mode": "forward", "round": 0, "block": 1, "label": "B", "sample": 2, "ms": 1.4128639698028564}
{"event": "sample", "n": 512, "mode": "forward", "round": 0, "block": 1, "label": "B", "sample": 3, "ms": 1.4130560159683228}
{"event": "sample", "n": 512, "mode": "forward", "round": 0, "block": 1, "label": "B", "sample": 4, "ms": 1.4136639833450317}
{"event": "sample", "n": 512, "mode": "forward", "round": 0, "block": 1, "label": "B", "sample": 5, "ms": 1.4125440120697021}
{"event": "sample", "n": 512, "mode": "forward", "round": 0, "block": 1, "label": "B", "sample": 6, "ms": 1.4138879776000977}
{"event": "sample", "n": 512, "mode": "forward", "round": 0, "block": 1, "label": "B", "sample": 7, "ms": 1.412384033203125}
{"event": "sample", "n": 512, "mode": "forward", "round": 0, "block": 1, "label": "B", "sample": 8, "ms": 1.413696050643921}
{"event": "sample", "n": 512, "mode": "forward", "round": 0, "block": 1, "label": "B", "sample": 9, "ms": 1.414080023765564}
{"event": "sample", "n": 512, "mode": "forward", "round": 0, "block": 2, "label": "B", "sample": 0, "ms": 1.7061760425567627}
{"event": "sample", "n": 512, "mode": "forward", "round": 0, "block": 2, "label": "B", "sample": 1, "ms": 1.4142400026321411}
{"event": "sample", "n": 512, "mode": "forward", "round": 0, "block": 2, "label": "B", "sample": 2, "ms": 1.4132159948349}
{"event": "sample", "n": 512, "mode": "forward", "round": 0, "block": 2, "label": "B", "sample": 3, "ms": 1.4137279987335205}
{"event": "sample", "n": 512, "mode": "forward", "round": 0, "block": 2, "label": "B", "sample": 4, "ms": 1.412608027458191}
{"event": "sample", "n": 512, "mode": "forward", "round": 0, "block": 2, "label": "B", "sample": 5, "ms": 1.4131519794464111}
{"event": "sample", "n": 512, "mode": "forward", "round": 0, "block": 2, "label": "B", "sample": 6, "ms": 1.4136639833450317}
{"event": "sample", "n": 512, "mode": "forward", "round": 0, "block": 2, "label": "B", "sample": 7, "ms": 1.4131519794464111}
{"event": "sample", "n": 512, "mode": "forward", "round": 0, "block": 2, "label": "B", "sample": 8, "ms": 1.4141119718551636}
{"event": "sample", "n": 512, "mode": "forward", "round": 0, "block": 2, "label": "B", "sample": 9, "ms": 1.412511944770813}
{"event": "sample", "n": 512, "mode": "forward", "round": 0, "block": 3, "label": "A", "sample": 0, "ms": 1.7929919958114624}
{"event": "sample", "n": 512, "mode": "forward", "round": 0, "block": 3, "label": "A", "sample": 1, "ms": 1.4438079595565796}
{"event": "sample", "n": 512, "mode": "forward", "round": 0, "block": 3, "label": "A", "sample": 2, "ms": 1.4439680576324463}
{"event": "sample", "n": 512, "mode": "forward", "round": 0, "block": 3, "label": "A", "sample": 3, "ms": 1.4433599710464478}
{"event": "sample", "n": 512, "mode": "forward", "round": 0, "block": 3, "label": "A", "sample": 4, "ms": 1.4427200555801392}
{"event": "sample", "n": 512, "mode": "forward", "round": 0, "block": 3, "label": "A", "sample": 5, "ms": 1.4433599710464478}
{"event": "sample", "n": 512, "mode": "forward", "round": 0, "block": 3, "label": "A", "sample": 6, "ms": 1.4431040287017822}
{"event": "sample", "n": 512, "mode": "forward", "round": 0, "block": 3, "label": "A", "sample": 7, "ms": 1.442911982536316}
{"event": "sample", "n": 512, "mode": "forward", "round": 0, "block": 3, "label": "A", "sample": 8, "ms": 1.4432640075683594}
{"event": "sample", "n": 512, "mode": "forward", "round": 0, "block": 3, "label": "A", "sample": 9, "ms": 1.4442880153656006}
{"event": "sample", "n": 512, "mode": "forward", "round": 1, "block": 0, "label": "A", "sample": 0, "ms": 1.7827520370483398}
{"event": "sample", "n": 512, "mode": "forward", "round": 1, "block": 0, "label": "A", "sample": 1, "ms": 1.4444799423217773}
{"event": "sample", "n": 512, "mode": "forward", "round": 1, "block": 0, "label": "A", "sample": 2, "ms": 1.4442559480667114}
{"event": "sample", "n": 512, "mode": "forward", "round": 1, "block": 0, "label": "A", "sample": 3, "ms": 1.4428160190582275}
{"event": "sample", "n": 512, "mode": "forward", "round": 1, "block": 0, "label": "A", "sample": 4, "ms": 1.4429759979248047}
{"event": "sample", "n": 512, "mode": "forward", "round": 1, "block": 0, "label": "A", "sample": 5, "ms": 1.4427839517593384}
{"event": "sample", "n": 512, "mode": "forward", "round": 1, "block": 0, "label": "A", "sample": 6, "ms": 1.4430079460144043}
{"event": "sample", "n": 512, "mode": "forward", "round": 1, "block": 0, "label": "A", "sample": 7, "ms": 1.443519949913025}
{"event": "sample", "n": 512, "mode": "forward", "round": 1, "block": 0, "label": "A", "sample": 8, "ms": 1.4429759979248047}
{"event": "sample", "n": 512, "mode": "forward", "round": 1, "block": 0, "label": "A", "sample": 9, "ms": 1.4436160326004028}
{"event": "sample", "n": 512, "mode": "forward", "round": 1, "block": 1, "label": "B", "sample": 0, "ms": 1.745568037033081}
{"event": "sample", "n": 512, "mode": "forward", "round": 1, "block": 1, "label": "B", "sample": 1, "ms": 1.4133119583129883}
{"event": "sample", "n": 512, "mode": "forward", "round": 1, "block": 1, "label": "B", "sample": 2, "ms": 1.412768006324768}
{"event": "sample", "n": 512, "mode": "forward", "round": 1, "block": 1, "label": "B", "sample": 3, "ms": 1.4128320217132568}
{"event": "sample", "n": 512, "mode": "forward", "round": 1, "block": 1, "label": "B", "sample": 4, "ms": 1.4133440256118774}
{"event": "sample", "n": 512, "mode": "forward", "round": 1, "block": 1, "label": "B", "sample": 5, "ms": 1.412992000579834}
{"event": "sample", "n": 512, "mode": "forward", "round": 1, "block": 1, "label": "B", "sample": 6, "ms": 1.4132800102233887}
{"event": "sample", "n": 512, "mode": "forward", "round": 1, "block": 1, "label": "B", "sample": 7, "ms": 1.4133440256118774}
{"event": "sample", "n": 512, "mode": "forward", "round": 1, "block": 1, "label": "B", "sample": 8, "ms": 1.4141759872436523}
{"event": "sample", "n": 512, "mode": "forward", "round": 1, "block": 1, "label": "B", "sample": 9, "ms": 1.4133119583129883}
{"event": "sample", "n": 512, "mode": "forward", "round": 1, "block": 2, "label": "B", "sample": 0, "ms": 1.7133760452270508}
{"event": "sample", "n": 512, "mode": "forward", "round": 1, "block": 2, "label": "B", "sample": 1, "ms": 1.4133440256118774}
{"event": "sample", "n": 512, "mode": "forward", "round": 1, "block": 2, "label": "B", "sample": 2, "ms": 1.4131840467453003}
{"event": "sample", "n": 512, "mode": "forward", "round": 1, "block": 2, "label": "B", "sample": 3, "ms": 1.413599967956543}
{"event": "sample", "n": 512, "mode": "forward", "round": 1, "block": 2, "label": "B", "sample": 4, "ms": 1.4125440120697021}
{"event": "sample", "n": 512, "mode": "forward", "round": 1, "block": 2, "label": "B", "sample": 5, "ms": 1.4124799966812134}
{"event": "sample", "n": 512, "mode": "forward", "round": 1, "block": 2, "label": "B", "sample": 6, "ms": 1.4139200448989868}
{"event": "sample", "n": 512, "mode": "forward", "round": 1, "block": 2, "label": "B", "sample": 7, "ms": 1.4121919870376587}
{"event": "sample", "n": 512, "mode": "forward", "round": 1, "block": 2, "label": "B", "sample": 8, "ms": 1.4131519794464111}
{"event": "sample", "n": 512, "mode": "forward", "round": 1, "block": 2, "label": "B", "sample": 9, "ms": 1.4136320352554321}
{"event": "sample", "n": 512, "mode": "forward", "round": 1, "block": 3, "label": "A", "sample": 0, "ms": 1.8024959564208984}
{"event": "sample", "n": 512, "mode": "forward", "round": 1, "block": 3, "label": "A", "sample": 1, "ms": 1.4449599981307983}
{"event": "sample", "n": 512, "mode": "forward", "round": 1, "block": 3, "label": "A", "sample": 2, "ms": 1.4440640211105347}
{"event": "sample", "n": 512, "mode": "forward", "round": 1, "block": 3, "label": "A", "sample": 3, "ms": 1.4428160190582275}
{"event": "sample", "n": 512, "mode": "forward", "round": 1, "block": 3, "label": "A", "sample": 4, "ms": 1.4432320594787598}
{"event": "sample", "n": 512, "mode": "forward", "round": 1, "block": 3, "label": "A", "sample": 5, "ms": 1.443392038345337}
{"event": "sample", "n": 512, "mode": "forward", "round": 1, "block": 3, "label": "A", "sample": 6, "ms": 1.442911982536316}
{"event": "sample", "n": 512, "mode": "forward", "round": 1, "block": 3, "label": "A", "sample": 7, "ms": 1.443519949913025}
{"event": "sample", "n": 512, "mode": "forward", "round": 1, "block": 3, "label": "A", "sample": 8, "ms": 1.4428160190582275}
{"event": "sample", "n": 512, "mode": "forward", "round": 1, "block": 3, "label": "A", "sample": 9, "ms": 1.4438400268554688}
{"event": "sample", "n": 512, "mode": "forward", "round": 2, "block": 0, "label": "A", "sample": 0, "ms": 1.771615982055664}
{"event": "sample", "n": 512, "mode": "forward", "round": 2, "block": 0, "label": "A", "sample": 1, "ms": 1.44486403465271}
{"event": "sample", "n": 512, "mode": "forward", "round": 2, "block": 0, "label": "A", "sample": 2, "ms": 1.4443520307540894}
{"event": "sample", "n": 512, "mode": "forward", "round": 2, "block": 0, "label": "A", "sample": 3, "ms": 1.4437119960784912}
{"event": "sample", "n": 512, "mode": "forward", "round": 2, "block": 0, "label": "A", "sample": 4, "ms": 1.443071961402893}
{"event": "sample", "n": 512, "mode": "forward", "round": 2, "block": 0, "label": "A", "sample": 5, "ms": 1.4432320594787598}
{"event": "sample", "n": 512, "mode": "forward", "round": 2, "block": 0, "label": "A", "sample": 6, "ms": 1.443071961402893}
{"event": "sample", "n": 512, "mode": "forward", "round": 2, "block": 0, "label": "A", "sample": 7, "ms": 1.4431359767913818}
{"event": "sample", "n": 512, "mode": "forward", "round": 2, "block": 0, "label": "A", "sample": 8, "ms": 1.4448000192642212}
{"event": "sample", "n": 512, "mode": "forward", "round": 2, "block": 0, "label": "A", "sample": 9, "ms": 1.4481279850006104}
{"event": "sample", "n": 512, "mode": "forward", "round": 2, "block": 1, "label": "B", "sample": 0, "ms": 1.7432639598846436}
{"event": "sample", "n": 512, "mode": "forward", "round": 2, "block": 1, "label": "B", "sample": 1, "ms": 1.4165120124816895}
{"event": "sample", "n": 512, "mode": "forward", "round": 2, "block": 1, "label": "B", "sample": 2, "ms": 1.4168319702148438}
{"event": "sample", "n": 512, "mode": "forward", "round": 2, "block": 1, "label": "B", "sample": 3, "ms": 1.4166079759597778}
{"event": "sample", "n": 512, "mode": "forward", "round": 2, "block": 1, "label": "B", "sample": 4, "ms": 1.4156160354614258}
{"event": "sample", "n": 512, "mode": "forward", "round": 2, "block": 1, "label": "B", "sample": 5, "ms": 1.416416049003601}
{"event": "sample", "n": 512, "mode": "forward", "round": 2, "block": 1, "label": "B", "sample": 6, "ms": 1.4170880317687988}
{"event": "sample", "n": 512, "mode": "forward", "round": 2, "block": 1, "label": "B", "sample": 7, "ms": 1.4167360067367554}
{"event": "sample", "n": 512, "mode": "forward", "round": 2, "block": 1, "label": "B", "sample": 8, "ms": 1.4170880317687988}
{"event": "sample", "n": 512, "mode": "forward", "round": 2, "block": 1, "label": "B", "sample": 9, "ms": 1.4160319566726685}
{"event": "sample", "n": 512, "mode": "forward", "round": 2, "block": 2, "label": "B", "sample": 0, "ms": 1.7285120487213135}
{"event": "sample", "n": 512, "mode": "forward", "round": 2, "block": 2, "label": "B", "sample": 1, "ms": 1.4165120124816895}
{"event": "sample", "n": 512, "mode": "forward", "round": 2, "block": 2, "label": "B", "sample": 2, "ms": 1.4163520336151123}
{"event": "sample", "n": 512, "mode": "forward", "round": 2, "block": 2, "label": "B", "sample": 3, "ms": 1.4166719913482666}
{"event": "sample", "n": 512, "mode": "forward", "round": 2, "block": 2, "label": "B", "sample": 4, "ms": 1.4168319702148438}
{"event": "sample", "n": 512, "mode": "forward", "round": 2, "block": 2, "label": "B", "sample": 5, "ms": 1.4160959720611572}
{"event": "sample", "n": 512, "mode": "forward", "round": 2, "block": 2, "label": "B", "sample": 6, "ms": 1.4170880317687988}
{"event": "sample", "n": 512, "mode": "forward", "round": 2, "block": 2, "label": "B", "sample": 7, "ms": 1.4152640104293823}
{"event": "sample", "n": 512, "mode": "forward", "round": 2, "block": 2, "label": "B", "sample": 8, "ms": 1.4160959720611572}
{"event": "sample", "n": 512, "mode": "forward", "round": 2, "block": 2, "label": "B", "sample": 9, "ms": 1.4162880182266235}
{"event": "sample", "n": 512, "mode": "forward", "round": 2, "block": 3, "label": "A", "sample": 0, "ms": 1.7685120105743408}
{"event": "sample", "n": 512, "mode": "forward", "round": 2, "block": 3, "label": "A", "sample": 1, "ms": 1.447424054145813}
{"event": "sample", "n": 512, "mode": "forward", "round": 2, "block": 3, "label": "A", "sample": 2, "ms": 1.4475840330123901}
{"event": "sample", "n": 512, "mode": "forward", "round": 2, "block": 3, "label": "A", "sample": 3, "ms": 1.4462080001831055}
{"event": "sample", "n": 512, "mode": "forward", "round": 2, "block": 3, "label": "A", "sample": 4, "ms": 1.4466880559921265}
{"event": "sample", "n": 512, "mode": "forward", "round": 2, "block": 3, "label": "A", "sample": 5, "ms": 1.446336030960083}
{"event": "sample", "n": 512, "mode": "forward", "round": 2, "block": 3, "label": "A", "sample": 6, "ms": 1.4466880559921265}
{"event": "sample", "n": 512, "mode": "forward", "round": 2, "block": 3, "label": "A", "sample": 7, "ms": 1.4460480213165283}
{"event": "sample", "n": 512, "mode": "forward", "round": 2, "block": 3, "label": "A", "sample": 8, "ms": 1.4464319944381714}
{"event": "sample", "n": 512, "mode": "forward", "round": 2, "block": 3, "label": "A", "sample": 9, "ms": 1.447808027267456}
{"event": "summary", "n": 512, "mode": "forward", "median_ms": {"A": 1.4437599778175354, "B": 1.413807988166809}, "speedup": 1.0211853306116647, "samples_per_label": 60}
{"event": "sample", "n": 512, "mode": "backward", "round": 0, "block": 0, "label": "A", "sample": 0, "ms": 5.7018561363220215}
{"event": "sample", "n": 512, "mode": "backward", "round": 0, "block": 0, "label": "A", "sample": 1, "ms": 5.563776016235352}
{"event": "sample", "n": 512, "mode": "backward", "round": 0, "block": 0, "label": "A", "sample": 2, "ms": 5.567296028137207}
{"event": "sample", "n": 512, "mode": "backward", "round": 0, "block": 0, "label": "A", "sample": 3, "ms": 5.563104152679443}
{"event": "sample", "n": 512, "mode": "backward", "round": 0, "block": 0, "label": "A", "sample": 4, "ms": 5.556096076965332}
{"event": "sample", "n": 512, "mode": "backward", "round": 0, "block": 0, "label": "A", "sample": 5, "ms": 5.55456018447876}
{"event": "sample", "n": 512, "mode": "backward", "round": 0, "block": 0, "label": "A", "sample": 6, "ms": 5.5564799308776855}
{"event": "sample", "n": 512, "mode": "backward", "round": 0, "block": 0, "label": "A", "sample": 7, "ms": 5.548799991607666}
{"event": "sample", "n": 512, "mode": "backward", "round": 0, "block": 0, "label": "A", "sample": 8, "ms": 5.559455871582031}
{"event": "sample", "n": 512, "mode": "backward", "round": 0, "block": 0, "label": "A", "sample": 9, "ms": 5.550943851470947}
{"event": "sample", "n": 512, "mode": "backward", "round": 0, "block": 1, "label": "B", "sample": 0, "ms": 5.686944007873535}
{"event": "sample", "n": 512, "mode": "backward", "round": 0, "block": 1, "label": "B", "sample": 1, "ms": 5.551328182220459}
{"event": "sample", "n": 512, "mode": "backward", "round": 0, "block": 1, "label": "B", "sample": 2, "ms": 5.5517120361328125}
{"event": "sample", "n": 512, "mode": "backward", "round": 0, "block": 1, "label": "B", "sample": 3, "ms": 5.563456058502197}
{"event": "sample", "n": 512, "mode": "backward", "round": 0, "block": 1, "label": "B", "sample": 4, "ms": 5.5595197677612305}
{"event": "sample", "n": 512, "mode": "backward", "round": 0, "block": 1, "label": "B", "sample": 5, "ms": 5.573279857635498}
{"event": "sample", "n": 512, "mode": "backward", "round": 0, "block": 1, "label": "B", "sample": 6, "ms": 5.550911903381348}
{"event": "sample", "n": 512, "mode": "backward", "round": 0, "block": 1, "label": "B", "sample": 7, "ms": 5.553120136260986}
{"event": "sample", "n": 512, "mode": "backward", "round": 0, "block": 1, "label": "B", "sample": 8, "ms": 5.5663042068481445}
{"event": "sample", "n": 512, "mode": "backward", "round": 0, "block": 1, "label": "B", "sample": 9, "ms": 5.555456161499023}
{"event": "sample", "n": 512, "mode": "backward", "round": 0, "block": 2, "label": "B", "sample": 0, "ms": 5.678336143493652}
{"event": "sample", "n": 512, "mode": "backward", "round": 0, "block": 2, "label": "B", "sample": 1, "ms": 5.557631969451904}
{"event": "sample", "n": 512, "mode": "backward", "round": 0, "block": 2, "label": "B", "sample": 2, "ms": 5.556543827056885}
{"event": "sample", "n": 512, "mode": "backward", "round": 0, "block": 2, "label": "B", "sample": 3, "ms": 5.563392162322998}
{"event": "sample", "n": 512, "mode": "backward", "round": 0, "block": 2, "label": "B", "sample": 4, "ms": 5.551839828491211}
{"event": "sample", "n": 512, "mode": "backward", "round": 0, "block": 2, "label": "B", "sample": 5, "ms": 5.552768230438232}
{"event": "sample", "n": 512, "mode": "backward", "round": 0, "block": 2, "label": "B", "sample": 6, "ms": 5.559296131134033}
{"event": "sample", "n": 512, "mode": "backward", "round": 0, "block": 2, "label": "B", "sample": 7, "ms": 5.554880142211914}
{"event": "sample", "n": 512, "mode": "backward", "round": 0, "block": 2, "label": "B", "sample": 8, "ms": 5.559391975402832}
{"event": "sample", "n": 512, "mode": "backward", "round": 0, "block": 2, "label": "B", "sample": 9, "ms": 5.563456058502197}
{"event": "sample", "n": 512, "mode": "backward", "round": 0, "block": 3, "label": "A", "sample": 0, "ms": 5.677375793457031}
{"event": "sample", "n": 512, "mode": "backward", "round": 0, "block": 3, "label": "A", "sample": 1, "ms": 5.5518717765808105}
{"event": "sample", "n": 512, "mode": "backward", "round": 0, "block": 3, "label": "A", "sample": 2, "ms": 5.567903995513916}
{"event": "sample", "n": 512, "mode": "backward", "round": 0, "block": 3, "label": "A", "sample": 3, "ms": 5.5681281089782715}
{"event": "sample", "n": 512, "mode": "backward", "round": 0, "block": 3, "label": "A", "sample": 4, "ms": 5.561056137084961}
{"event": "sample", "n": 512, "mode": "backward", "round": 0, "block": 3, "label": "A", "sample": 5, "ms": 5.549824237823486}
{"event": "sample", "n": 512, "mode": "backward", "round": 0, "block": 3, "label": "A", "sample": 6, "ms": 5.55456018447876}
{"event": "sample", "n": 512, "mode": "backward", "round": 0, "block": 3, "label": "A", "sample": 7, "ms": 5.5616960525512695}
{"event": "sample", "n": 512, "mode": "backward", "round": 0, "block": 3, "label": "A", "sample": 8, "ms": 5.555552005767822}
{"event": "sample", "n": 512, "mode": "backward", "round": 0, "block": 3, "label": "A", "sample": 9, "ms": 5.556447982788086}
{"event": "sample", "n": 512, "mode": "backward", "round": 1, "block": 0, "label": "A", "sample": 0, "ms": 5.6724162101745605}
{"event": "sample", "n": 512, "mode": "backward", "round": 1, "block": 0, "label": "A", "sample": 1, "ms": 5.550303936004639}
{"event": "sample", "n": 512, "mode": "backward", "round": 1, "block": 0, "label": "A", "sample": 2, "ms": 5.55075216293335}
{"event": "sample", "n": 512, "mode": "backward", "round": 1, "block": 0, "label": "A", "sample": 3, "ms": 5.549568176269531}
{"event": "sample", "n": 512, "mode": "backward", "round": 1, "block": 0, "label": "A", "sample": 4, "ms": 5.551296234130859}
{"event": "sample", "n": 512, "mode": "backward", "round": 1, "block": 0, "label": "A", "sample": 5, "ms": 5.545599937438965}
{"event": "sample", "n": 512, "mode": "backward", "round": 1, "block": 0, "label": "A", "sample": 6, "ms": 5.553952217102051}
{"event": "sample", "n": 512, "mode": "backward", "round": 1, "block": 0, "label": "A", "sample": 7, "ms": 5.555039882659912}
{"event": "sample", "n": 512, "mode": "backward", "round": 1, "block": 0, "label": "A", "sample": 8, "ms": 5.558271884918213}
{"event": "sample", "n": 512, "mode": "backward", "round": 1, "block": 0, "label": "A", "sample": 9, "ms": 5.549759864807129}
{"event": "sample", "n": 512, "mode": "backward", "round": 1, "block": 1, "label": "B", "sample": 0, "ms": 5.679423809051514}
{"event": "sample", "n": 512, "mode": "backward", "round": 1, "block": 1, "label": "B", "sample": 1, "ms": 5.547872066497803}
{"event": "sample", "n": 512, "mode": "backward", "round": 1, "block": 1, "label": "B", "sample": 2, "ms": 5.560704231262207}
{"event": "sample", "n": 512, "mode": "backward", "round": 1, "block": 1, "label": "B", "sample": 3, "ms": 5.5531840324401855}
{"event": "sample", "n": 512, "mode": "backward", "round": 1, "block": 1, "label": "B", "sample": 4, "ms": 5.5543999671936035}
{"event": "sample", "n": 512, "mode": "backward", "round": 1, "block": 1, "label": "B", "sample": 5, "ms": 5.540800094604492}
{"event": "sample", "n": 512, "mode": "backward", "round": 1, "block": 1, "label": "B", "sample": 6, "ms": 5.559135913848877}
{"event": "sample", "n": 512, "mode": "backward", "round": 1, "block": 1, "label": "B", "sample": 7, "ms": 5.568160057067871}
{"event": "sample", "n": 512, "mode": "backward", "round": 1, "block": 1, "label": "B", "sample": 8, "ms": 5.553376197814941}
{"event": "sample", "n": 512, "mode": "backward", "round": 1, "block": 1, "label": "B", "sample": 9, "ms": 5.561471939086914}
{"event": "sample", "n": 512, "mode": "backward", "round": 1, "block": 2, "label": "B", "sample": 0, "ms": 5.690303802490234}
{"event": "sample", "n": 512, "mode": "backward", "round": 1, "block": 2, "label": "B", "sample": 1, "ms": 5.560768127441406}
{"event": "sample", "n": 512, "mode": "backward", "round": 1, "block": 2, "label": "B", "sample": 2, "ms": 5.553152084350586}
{"event": "sample", "n": 512, "mode": "backward", "round": 1, "block": 2, "label": "B", "sample": 3, "ms": 5.555200099945068}
{"event": "sample", "n": 512, "mode": "backward", "round": 1, "block": 2, "label": "B", "sample": 4, "ms": 5.5556159019470215}
{"event": "sample", "n": 512, "mode": "backward", "round": 1, "block": 2, "label": "B", "sample": 5, "ms": 5.558944225311279}
{"event": "sample", "n": 512, "mode": "backward", "round": 1, "block": 2, "label": "B", "sample": 6, "ms": 5.562272071838379}
{"event": "sample", "n": 512, "mode": "backward", "round": 1, "block": 2, "label": "B", "sample": 7, "ms": 5.550911903381348}
{"event": "sample", "n": 512, "mode": "backward", "round": 1, "block": 2, "label": "B", "sample": 8, "ms": 5.551583766937256}
{"event": "sample", "n": 512, "mode": "backward", "round": 1, "block": 2, "label": "B", "sample": 9, "ms": 5.551519870758057}
{"event": "sample", "n": 512, "mode": "backward", "round": 1, "block": 3, "label": "A", "sample": 0, "ms": 5.675871849060059}
{"event": "sample", "n": 512, "mode": "backward", "round": 1, "block": 3, "label": "A", "sample": 1, "ms": 5.553887844085693}
{"event": "sample", "n": 512, "mode": "backward", "round": 1, "block": 3, "label": "A", "sample": 2, "ms": 5.55734395980835}
{"event": "sample", "n": 512, "mode": "backward", "round": 1, "block": 3, "label": "A", "sample": 3, "ms": 5.555168151855469}
{"event": "sample", "n": 512, "mode": "backward", "round": 1, "block": 3, "label": "A", "sample": 4, "ms": 5.551424026489258}
{"event": "sample", "n": 512, "mode": "backward", "round": 1, "block": 3, "label": "A", "sample": 5, "ms": 5.556447982788086}
{"event": "sample", "n": 512, "mode": "backward", "round": 1, "block": 3, "label": "A", "sample": 6, "ms": 5.550432205200195}
{"event": "sample", "n": 512, "mode": "backward", "round": 1, "block": 3, "label": "A", "sample": 7, "ms": 5.544640064239502}
{"event": "sample", "n": 512, "mode": "backward", "round": 1, "block": 3, "label": "A", "sample": 8, "ms": 5.555103778839111}
{"event": "sample", "n": 512, "mode": "backward", "round": 1, "block": 3, "label": "A", "sample": 9, "ms": 5.549471855163574}
{"event": "sample", "n": 512, "mode": "backward", "round": 2, "block": 0, "label": "A", "sample": 0, "ms": 5.678656101226807}
{"event": "sample", "n": 512, "mode": "backward", "round": 2, "block": 0, "label": "A", "sample": 1, "ms": 5.55241584777832}
{"event": "sample", "n": 512, "mode": "backward", "round": 2, "block": 0, "label": "A", "sample": 2, "ms": 5.550879955291748}
{"event": "sample", "n": 512, "mode": "backward", "round": 2, "block": 0, "label": "A", "sample": 3, "ms": 5.5542402267456055}
{"event": "sample", "n": 512, "mode": "backward", "round": 2, "block": 0, "label": "A", "sample": 4, "ms": 5.5543999671936035}
{"event": "sample", "n": 512, "mode": "backward", "round": 2, "block": 0, "label": "A", "sample": 5, "ms": 5.55456018447876}
{"event": "sample", "n": 512, "mode": "backward", "round": 2, "block": 0, "label": "A", "sample": 6, "ms": 5.5563201904296875}
{"event": "sample", "n": 512, "mode": "backward", "round": 2, "block": 0, "label": "A", "sample": 7, "ms": 5.543680191040039}
{"event": "sample", "n": 512, "mode": "backward", "round": 2, "block": 0, "label": "A", "sample": 8, "ms": 5.547743797302246}
{"event": "sample", "n": 512, "mode": "backward", "round": 2, "block": 0, "label": "A", "sample": 9, "ms": 5.549056053161621}
{"event": "sample", "n": 512, "mode": "backward", "round": 2, "block": 1, "label": "B", "sample": 0, "ms": 5.679679870605469}
{"event": "sample", "n": 512, "mode": "backward", "round": 2, "block": 1, "label": "B", "sample": 1, "ms": 5.5584001541137695}
{"event": "sample", "n": 512, "mode": "backward", "round": 2, "block": 1, "label": "B", "sample": 2, "ms": 5.552735805511475}
{"event": "sample", "n": 512, "mode": "backward", "round": 2, "block": 1, "label": "B", "sample": 3, "ms": 5.558752059936523}
{"event": "sample", "n": 512, "mode": "backward", "round": 2, "block": 1, "label": "B", "sample": 4, "ms": 5.555488109588623}
{"event": "sample", "n": 512, "mode": "backward", "round": 2, "block": 1, "label": "B", "sample": 5, "ms": 5.553152084350586}
{"event": "sample", "n": 512, "mode": "backward", "round": 2, "block": 1, "label": "B", "sample": 6, "ms": 5.555776119232178}
{"event": "sample", "n": 512, "mode": "backward", "round": 2, "block": 1, "label": "B", "sample": 7, "ms": 5.559232234954834}
{"event": "sample", "n": 512, "mode": "backward", "round": 2, "block": 1, "label": "B", "sample": 8, "ms": 5.559455871582031}
{"event": "sample", "n": 512, "mode": "backward", "round": 2, "block": 1, "label": "B", "sample": 9, "ms": 5.558207988739014}
{"event": "sample", "n": 512, "mode": "backward", "round": 2, "block": 2, "label": "B", "sample": 0, "ms": 5.688896179199219}
{"event": "sample", "n": 512, "mode": "backward", "round": 2, "block": 2, "label": "B", "sample": 1, "ms": 5.557951927185059}
{"event": "sample", "n": 512, "mode": "backward", "round": 2, "block": 2, "label": "B", "sample": 2, "ms": 5.553343772888184}
{"event": "sample", "n": 512, "mode": "backward", "round": 2, "block": 2, "label": "B", "sample": 3, "ms": 5.559872150421143}
{"event": "sample", "n": 512, "mode": "backward", "round": 2, "block": 2, "label": "B", "sample": 4, "ms": 5.548448085784912}
{"event": "sample", "n": 512, "mode": "backward", "round": 2, "block": 2, "label": "B", "sample": 5, "ms": 5.5511040687561035}
{"event": "sample", "n": 512, "mode": "backward", "round": 2, "block": 2, "label": "B", "sample": 6, "ms": 5.567552089691162}
{"event": "sample", "n": 512, "mode": "backward", "round": 2, "block": 2, "label": "B", "sample": 7, "ms": 5.560160160064697}
{"event": "sample", "n": 512, "mode": "backward", "round": 2, "block": 2, "label": "B", "sample": 8, "ms": 5.5517120361328125}
{"event": "sample", "n": 512, "mode": "backward", "round": 2, "block": 2, "label": "B", "sample": 9, "ms": 5.548287868499756}
{"event": "sample", "n": 512, "mode": "backward", "round": 2, "block": 3, "label": "A", "sample": 0, "ms": 5.68064022064209}
{"event": "sample", "n": 512, "mode": "backward", "round": 2, "block": 3, "label": "A", "sample": 1, "ms": 5.549215793609619}
{"event": "sample", "n": 512, "mode": "backward", "round": 2, "block": 3, "label": "A", "sample": 2, "ms": 5.549920082092285}
{"event": "sample", "n": 512, "mode": "backward", "round": 2, "block": 3, "label": "A", "sample": 3, "ms": 5.552383899688721}
{"event": "sample", "n": 512, "mode": "backward", "round": 2, "block": 3, "label": "A", "sample": 4, "ms": 5.542175769805908}
{"event": "sample", "n": 512, "mode": "backward", "round": 2, "block": 3, "label": "A", "sample": 5, "ms": 5.552768230438232}
{"event": "sample", "n": 512, "mode": "backward", "round": 2, "block": 3, "label": "A", "sample": 6, "ms": 5.5458879470825195}
{"event": "sample", "n": 512, "mode": "backward", "round": 2, "block": 3, "label": "A", "sample": 7, "ms": 5.551648139953613}
{"event": "sample", "n": 512, "mode": "backward", "round": 2, "block": 3, "label": "A", "sample": 8, "ms": 5.543776035308838}
{"event": "sample", "n": 512, "mode": "backward", "round": 2, "block": 3, "label": "A", "sample": 9, "ms": 5.550911903381348}
{"event": "summary", "n": 512, "mode": "backward", "median_ms": {"A": 5.554096221923828, "B": 5.5577919483184814}, "speedup": 0.9993350369303098, "samples_per_label": 60}
{"event": "sample", "n": 512, "mode": "forward_backward", "round": 0, "block": 0, "label": "A", "sample": 0, "ms": 7.3717122077941895}
{"event": "sample", "n": 512, "mode": "forward_backward", "round": 0, "block": 0, "label": "A", "sample": 1, "ms": 6.991168022155762}
{"event": "sample", "n": 512, "mode": "forward_backward", "round": 0, "block": 0, "label": "A", "sample": 2, "ms": 7.004288196563721}
{"event": "sample", "n": 512, "mode": "forward_backward", "round": 0, "block": 0, "label": "A", "sample": 3, "ms": 6.9911041259765625}
{"event": "sample", "n": 512, "mode": "forward_backward", "round": 0, "block": 0, "label": "A", "sample": 4, "ms": 6.993567943572998}
{"event": "sample", "n": 512, "mode": "forward_backward", "round": 0, "block": 0, "label": "A", "sample": 5, "ms": 6.995039939880371}
{"event": "sample", "n": 512, "mode": "forward_backward", "round": 0, "block": 0, "label": "A", "sample": 6, "ms": 6.993696212768555}
{"event": "sample", "n": 512, "mode": "forward_backward", "round": 0, "block": 0, "label": "A", "sample": 7, "ms": 6.997791767120361}
{"event": "sample", "n": 512, "mode": "forward_backward", "round": 0, "block": 0, "label": "A", "sample": 8, "ms": 6.997632026672363}
{"event": "sample", "n": 512, "mode": "forward_backward", "round": 0, "block": 0, "label": "A", "sample": 9, "ms": 7.003359794616699}
{"event": "sample", "n": 512, "mode": "forward_backward", "round": 0, "block": 1, "label": "B", "sample": 0, "ms": 7.3276801109313965}
{"event": "sample", "n": 512, "mode": "forward_backward", "round": 0, "block": 1, "label": "B", "sample": 1, "ms": 6.971072196960449}
{"event": "sample", "n": 512, "mode": "forward_backward", "round": 0, "block": 1, "label": "B", "sample": 2, "ms": 6.966559886932373}
{"event": "sample", "n": 512, "mode": "forward_backward", "round": 0, "block": 1, "label": "B", "sample": 3, "ms": 6.968287944793701}
{"event": "sample", "n": 512, "mode": "forward_backward", "round": 0, "block": 1, "label": "B", "sample": 4, "ms": 6.963647842407227}
{"event": "sample", "n": 512, "mode": "forward_backward", "round": 0, "block": 1, "label": "B", "sample": 5, "ms": 6.960544109344482}
{"event": "sample", "n": 512, "mode": "forward_backward", "round": 0, "block": 1, "label": "B", "sample": 6, "ms": 6.959807872772217}
{"event": "sample", "n": 512, "mode": "forward_backward", "round": 0, "block": 1, "label": "B", "sample": 7, "ms": 6.9733757972717285}
{"event": "sample", "n": 512, "mode": "forward_backward", "round": 0, "block": 1, "label": "B", "sample": 8, "ms": 6.96940803527832}
{"event": "sample", "n": 512, "mode": "forward_backward", "round": 0, "block": 1, "label": "B", "sample": 9, "ms": 6.96943998336792}
{"event": "sample", "n": 512, "mode": "forward_backward", "round": 0, "block": 2, "label": "B", "sample": 0, "ms": 7.323040008544922}
{"event": "sample", "n": 512, "mode": "forward_backward", "round": 0, "block": 2, "label": "B", "sample": 1, "ms": 6.965888023376465}
{"event": "sample", "n": 512, "mode": "forward_backward", "round": 0, "block": 2, "label": "B", "sample": 2, "ms": 6.967552185058594}
{"event": "sample", "n": 512, "mode": "forward_backward", "round": 0, "block": 2, "label": "B", "sample": 3, "ms": 6.960031986236572}
{"event": "sample", "n": 512, "mode": "forward_backward", "round": 0, "block": 2, "label": "B", "sample": 4, "ms": 6.96233606338501}
{"event": "sample", "n": 512, "mode": "forward_backward", "round": 0, "block": 2, "label": "B", "sample": 5, "ms": 6.973855972290039}
{"event": "sample", "n": 512, "mode": "forward_backward", "round": 0, "block": 2, "label": "B", "sample": 6, "ms": 6.97219181060791}
{"event": "sample", "n": 512, "mode": "forward_backward", "round": 0, "block": 2, "label": "B", "sample": 7, "ms": 6.987008094787598}
{"event": "sample", "n": 512, "mode": "forward_backward", "round": 0, "block": 2, "label": "B", "sample": 8, "ms": 6.9883198738098145}
{"event": "sample", "n": 512, "mode": "forward_backward", "round": 0, "block": 2, "label": "B", "sample": 9, "ms": 6.991648197174072}
{"event": "sample", "n": 512, "mode": "forward_backward", "round": 0, "block": 3, "label": "A", "sample": 0, "ms": 7.728799819946289}
{"event": "sample", "n": 512, "mode": "forward_backward", "round": 0, "block": 3, "label": "A", "sample": 1, "ms": 7.028416156768799}
{"event": "sample", "n": 512, "mode": "forward_backward", "round": 0, "block": 3, "label": "A", "sample": 2, "ms": 7.009791851043701}
{"event": "sample", "n": 512, "mode": "forward_backward", "round": 0, "block": 3, "label": "A", "sample": 3, "ms": 7.013951778411865}
{"event": "sample", "n": 512, "mode": "forward_backward", "round": 0, "block": 3, "label": "A", "sample": 4, "ms": 7.012159824371338}
{"event": "sample", "n": 512, "mode": "forward_backward", "round": 0, "block": 3, "label": "A", "sample": 5, "ms": 7.016608238220215}
{"event": "sample", "n": 512, "mode": "forward_backward", "round": 0, "block": 3, "label": "A", "sample": 6, "ms": 7.0062079429626465}
{"event": "sample", "n": 512, "mode": "forward_backward", "round": 0, "block": 3, "label": "A", "sample": 7, "ms": 7.0180158615112305}
{"event": "sample", "n": 512, "mode": "forward_backward", "round": 0, "block": 3, "label": "A", "sample": 8, "ms": 7.007040023803711}
{"event": "sample", "n": 512, "mode": "forward_backward", "round": 0, "block": 3, "label": "A", "sample": 9, "ms": 7.016895771026611}
{"event": "sample", "n": 512, "mode": "forward_backward", "round": 1, "block": 0, "label": "A", "sample": 0, "ms": 7.402431964874268}
{"event": "sample", "n": 512, "mode": "forward_backward", "round": 1, "block": 0, "label": "A", "sample": 1, "ms": 7.008927822113037}
{"event": "sample", "n": 512, "mode": "forward_backward", "round": 1, "block": 0, "label": "A", "sample": 2, "ms": 6.991519927978516}
{"event": "sample", "n": 512, "mode": "forward_backward", "round": 1, "block": 0, "label": "A", "sample": 3, "ms": 6.994847774505615}
{"event": "sample", "n": 512, "mode": "forward_backward", "round": 1, "block": 0, "label": "A", "sample": 4, "ms": 6.993408203125}
{"event": "sample", "n": 512, "mode": "forward_backward", "round": 1, "block": 0, "label": "A", "sample": 5, "ms": 6.997439861297607}
{"event": "sample", "n": 512, "mode": "forward_backward", "round": 1, "block": 0, "label": "A", "sample": 6, "ms": 7.010560035705566}
{"event": "sample", "n": 512, "mode": "forward_backward", "round": 1, "block": 0, "label": "A", "sample": 7, "ms": 6.991744041442871}
{"event": "sample", "n": 512, "mode": "forward_backward", "round": 1, "block": 0, "label": "A", "sample": 8, "ms": 6.992191791534424}
{"event": "sample", "n": 512, "mode": "forward_backward", "round": 1, "block": 0, "label": "A", "sample": 9, "ms": 6.993216037750244}
{"event": "sample", "n": 512, "mode": "forward_backward", "round": 1, "block": 1, "label": "B", "sample": 0, "ms": 7.339583873748779}
{"event": "sample", "n": 512, "mode": "forward_backward", "round": 1, "block": 1, "label": "B", "sample": 1, "ms": 6.965695858001709}
{"event": "sample", "n": 512, "mode": "forward_backward", "round": 1, "block": 1, "label": "B", "sample": 2, "ms": 6.96233606338501}
{"event": "sample", "n": 512, "mode": "forward_backward", "round": 1, "block": 1, "label": "B", "sample": 3, "ms": 6.968255996704102}
{"event": "sample", "n": 512, "mode": "forward_backward", "round": 1, "block": 1, "label": "B", "sample": 4, "ms": 6.968671798706055}
{"event": "sample", "n": 512, "mode": "forward_backward", "round": 1, "block": 1, "label": "B", "sample": 5, "ms": 6.987071990966797}
{"event": "sample", "n": 512, "mode": "forward_backward", "round": 1, "block": 1, "label": "B", "sample": 6, "ms": 6.9792962074279785}
{"event": "sample", "n": 512, "mode": "forward_backward", "round": 1, "block": 1, "label": "B", "sample": 7, "ms": 6.984447956085205}
{"event": "sample", "n": 512, "mode": "forward_backward", "round": 1, "block": 1, "label": "B", "sample": 8, "ms": 6.977695941925049}
{"event": "sample", "n": 512, "mode": "forward_backward", "round": 1, "block": 1, "label": "B", "sample": 9, "ms": 6.982240200042725}
{"event": "sample", "n": 512, "mode": "forward_backward", "round": 1, "block": 2, "label": "B", "sample": 0, "ms": 7.349567890167236}
{"event": "sample", "n": 512, "mode": "forward_backward", "round": 1, "block": 2, "label": "B", "sample": 1, "ms": 6.993216037750244}
{"event": "sample", "n": 512, "mode": "forward_backward", "round": 1, "block": 2, "label": "B", "sample": 2, "ms": 6.9805121421813965}
{"event": "sample", "n": 512, "mode": "forward_backward", "round": 1, "block": 2, "label": "B", "sample": 3, "ms": 6.978847980499268}
{"event": "sample", "n": 512, "mode": "forward_backward", "round": 1, "block": 2, "label": "B", "sample": 4, "ms": 6.975711822509766}
{"event": "sample", "n": 512, "mode": "forward_backward", "round": 1, "block": 2, "label": "B", "sample": 5, "ms": 6.983871936798096}
{"event": "sample", "n": 512, "mode": "forward_backward", "round": 1, "block": 2, "label": "B", "sample": 6, "ms": 6.983232021331787}
{"event": "sample", "n": 512, "mode": "forward_backward", "round": 1, "block": 2, "label": "B", "sample": 7, "ms": 6.97046422958374}
{"event": "sample", "n": 512, "mode": "forward_backward", "round": 1, "block": 2, "label": "B", "sample": 8, "ms": 6.9765119552612305}
{"event": "sample", "n": 512, "mode": "forward_backward", "round": 1, "block": 2, "label": "B", "sample": 9, "ms": 6.97376012802124}
{"event": "sample", "n": 512, "mode": "forward_backward", "round": 1, "block": 3, "label": "A", "sample": 0, "ms": 7.391039848327637}
{"event": "sample", "n": 512, "mode": "forward_backward", "round": 1, "block": 3, "label": "A", "sample": 1, "ms": 6.994880199432373}
{"event": "sample", "n": 512, "mode": "forward_backward", "round": 1, "block": 3, "label": "A", "sample": 2, "ms": 6.990592002868652}
{"event": "sample", "n": 512, "mode": "forward_backward", "round": 1, "block": 3, "label": "A", "sample": 3, "ms": 6.9925761222839355}
{"event": "sample", "n": 512, "mode": "forward_backward", "round": 1, "block": 3, "label": "A", "sample": 4, "ms": 7.009664058685303}
{"event": "sample", "n": 512, "mode": "forward_backward", "round": 1, "block": 3, "label": "A", "sample": 5, "ms": 6.9891839027404785}
{"event": "sample", "n": 512, "mode": "forward_backward", "round": 1, "block": 3, "label": "A", "sample": 6, "ms": 7.00054407119751}
{"event": "sample", "n": 512, "mode": "forward_backward", "round": 1, "block": 3, "label": "A", "sample": 7, "ms": 7.005504131317139}
{"event": "sample", "n": 512, "mode": "forward_backward", "round": 1, "block": 3, "label": "A", "sample": 8, "ms": 6.996319770812988}
{"event": "sample", "n": 512, "mode": "forward_backward", "round": 1, "block": 3, "label": "A", "sample": 9, "ms": 6.998464107513428}
{"event": "sample", "n": 512, "mode": "forward_backward", "round": 2, "block": 0, "label": "A", "sample": 0, "ms": 7.367424011230469}
{"event": "sample", "n": 512, "mode": "forward_backward", "round": 2, "block": 0, "label": "A", "sample": 1, "ms": 6.990560054779053}
{"event": "sample", "n": 512, "mode": "forward_backward", "round": 2, "block": 0, "label": "A", "sample": 2, "ms": 6.9991679191589355}
{"event": "sample", "n": 512, "mode": "forward_backward", "round": 2, "block": 0, "label": "A", "sample": 3, "ms": 7.019872188568115}
{"event": "sample", "n": 512, "mode": "forward_backward", "round": 2, "block": 0, "label": "A", "sample": 4, "ms": 7.012159824371338}
{"event": "sample", "n": 512, "mode": "forward_backward", "round": 2, "block": 0, "label": "A", "sample": 5, "ms": 7.013472080230713}
{"event": "sample", "n": 512, "mode": "forward_backward", "round": 2, "block": 0, "label": "A", "sample": 6, "ms": 7.021312236785889}
{"event": "sample", "n": 512, "mode": "forward_backward", "round": 2, "block": 0, "label": "A", "sample": 7, "ms": 7.0128960609436035}
{"event": "sample", "n": 512, "mode": "forward_backward", "round": 2, "block": 0, "label": "A", "sample": 8, "ms": 7.0180158615112305}
{"event": "sample", "n": 512, "mode": "forward_backward", "round": 2, "block": 0, "label": "A", "sample": 9, "ms": 7.022528171539307}
{"event": "sample", "n": 512, "mode": "forward_backward", "round": 2, "block": 1, "label": "B", "sample": 0, "ms": 7.342432022094727}
{"event": "sample", "n": 512, "mode": "forward_backward", "round": 2, "block": 1, "label": "B", "sample": 1, "ms": 6.968768119812012}
{"event": "sample", "n": 512, "mode": "forward_backward", "round": 2, "block": 1, "label": "B", "sample": 2, "ms": 6.97760009765625}
{"event": "sample", "n": 512, "mode": "forward_backward", "round": 2, "block": 1, "label": "B", "sample": 3, "ms": 6.980576038360596}
{"event": "sample", "n": 512, "mode": "forward_backward", "round": 2, "block": 1, "label": "B", "sample": 4, "ms": 6.975232124328613}
{"event": "sample", "n": 512, "mode": "forward_backward", "round": 2, "block": 1, "label": "B", "sample": 5, "ms": 6.9784321784973145}
{"event": "sample", "n": 512, "mode": "forward_backward", "round": 2, "block": 1, "label": "B", "sample": 6, "ms": 6.97708797454834}
{"event": "sample", "n": 512, "mode": "forward_backward", "round": 2, "block": 1, "label": "B", "sample": 7, "ms": 6.96611213684082}
{"event": "sample", "n": 512, "mode": "forward_backward", "round": 2, "block": 1, "label": "B", "sample": 8, "ms": 6.980735778808594}
{"event": "sample", "n": 512, "mode": "forward_backward", "round": 2, "block": 1, "label": "B", "sample": 9, "ms": 6.959616184234619}
{"event": "sample", "n": 512, "mode": "forward_backward", "round": 2, "block": 2, "label": "B", "sample": 0, "ms": 7.348127841949463}
{"event": "sample", "n": 512, "mode": "forward_backward", "round": 2, "block": 2, "label": "B", "sample": 1, "ms": 6.973311901092529}
{"event": "sample", "n": 512, "mode": "forward_backward", "round": 2, "block": 2, "label": "B", "sample": 2, "ms": 6.963808059692383}
{"event": "sample", "n": 512, "mode": "forward_backward", "round": 2, "block": 2, "label": "B", "sample": 3, "ms": 6.958559989929199}
{"event": "sample", "n": 512, "mode": "forward_backward", "round": 2, "block": 2, "label": "B", "sample": 4, "ms": 6.967840194702148}
{"event": "sample", "n": 512, "mode": "forward_backward", "round": 2, "block": 2, "label": "B", "sample": 5, "ms": 6.964799880981445}
{"event": "sample", "n": 512, "mode": "forward_backward", "round": 2, "block": 2, "label": "B", "sample": 6, "ms": 6.966815948486328}
{"event": "sample", "n": 512, "mode": "forward_backward", "round": 2, "block": 2, "label": "B", "sample": 7, "ms": 6.973919868469238}
{"event": "sample", "n": 512, "mode": "forward_backward", "round": 2, "block": 2, "label": "B", "sample": 8, "ms": 6.967936038970947}
{"event": "sample", "n": 512, "mode": "forward_backward", "round": 2, "block": 2, "label": "B", "sample": 9, "ms": 6.962528228759766}
{"event": "sample", "n": 512, "mode": "forward_backward", "round": 2, "block": 3, "label": "A", "sample": 0, "ms": 7.379744052886963}
{"event": "sample", "n": 512, "mode": "forward_backward", "round": 2, "block": 3, "label": "A", "sample": 1, "ms": 7.013120174407959}
{"event": "sample", "n": 512, "mode": "forward_backward", "round": 2, "block": 3, "label": "A", "sample": 2, "ms": 7.01632022857666}
{"event": "sample", "n": 512, "mode": "forward_backward", "round": 2, "block": 3, "label": "A", "sample": 3, "ms": 7.010784149169922}
{"event": "sample", "n": 512, "mode": "forward_backward", "round": 2, "block": 3, "label": "A", "sample": 4, "ms": 7.024320125579834}
{"event": "sample", "n": 512, "mode": "forward_backward", "round": 2, "block": 3, "label": "A", "sample": 5, "ms": 7.012127876281738}
{"event": "sample", "n": 512, "mode": "forward_backward", "round": 2, "block": 3, "label": "A", "sample": 6, "ms": 7.010879993438721}
{"event": "sample", "n": 512, "mode": "forward_backward", "round": 2, "block": 3, "label": "A", "sample": 7, "ms": 7.017983913421631}
{"event": "sample", "n": 512, "mode": "forward_backward", "round": 2, "block": 3, "label": "A", "sample": 8, "ms": 7.016384124755859}
{"event": "sample", "n": 512, "mode": "forward_backward", "round": 2, "block": 3, "label": "A", "sample": 9, "ms": 7.015456199645996}
{"event": "summary", "n": 512, "mode": "forward_backward", "median_ms": {"A": 7.009727954864502, "B": 6.973567962646484}, "speedup": 1.0051852928675402, "samples_per_label": 60}
{"event": "parity", "n": 513, "checks": {"output": {"relative_l2": 0.0, "baseline_zero_max_abs_diagnostic": 0.0, "passed": true}, "dq": {"relative_l2": 1.4236234164854977e-05, "baseline_zero_max_abs_diagnostic": 0.0, "passed": true}, "dk": {"relative_l2": 0.0, "baseline_zero_max_abs_diagnostic": 0.0, "passed": true}, "dv": {"relative_l2": 0.0, "baseline_zero_max_abs_diagnostic": 0.0, "passed": true}, "db": {"relative_l2": 3.4407723433105275e-05, "baseline_zero_max_abs_diagnostic": 0.0, "passed": true}}, "independent_reference": false}
{"event": "forward_configs", "n": 513, "configs": {"previous_fused_4b832de": {"kwargs": {"BLOCK_J": 64, "BLOCK_K": 64}, "num_warps": 4, "num_stages": 3, "num_ctas": 1, "maxnreg": null}, "optimized_fused": {"kwargs": {"BLOCK_J": 64, "BLOCK_K": 64}, "num_warps": 4, "num_stages": 2, "num_ctas": 1, "maxnreg": 96}}}
{"event": "memory", "n": 513, "measurements": {"A": {"peak_increment_bytes": 661444096, "retained_increment_bytes": 543181312}, "B": {"peak_increment_bytes": 661444096, "retained_increment_bytes": 543181312}}}
{"event": "sample", "n": 513, "mode": "forward", "round": 0, "block": 0, "label": "A", "sample": 0, "ms": 2.2925119400024414}
{"event": "sample", "n": 513, "mode": "forward", "round": 0, "block": 0, "label": "A", "sample": 1, "ms": 1.9991999864578247}
{"event": "sample", "n": 513, "mode": "forward", "round": 0, "block": 0, "label": "A", "sample": 2, "ms": 1.9987200498580933}
{"event": "sample", "n": 513, "mode": "forward", "round": 0, "block": 0, "label": "A", "sample": 3, "ms": 2.00166392326355}
{"event": "sample", "n": 513, "mode": "forward", "round": 0, "block": 0, "label": "A", "sample": 4, "ms": 1.999168038368225}
{"event": "sample", "n": 513, "mode": "forward", "round": 0, "block": 0, "label": "A", "sample": 5, "ms": 2.000607967376709}
{"event": "sample", "n": 513, "mode": "forward", "round": 0, "block": 0, "label": "A", "sample": 6, "ms": 1.9987519979476929}
{"event": "sample", "n": 513, "mode": "forward", "round": 0, "block": 0, "label": "A", "sample": 7, "ms": 2.0003199577331543}
{"event": "sample", "n": 513, "mode": "forward", "round": 0, "block": 0, "label": "A", "sample": 8, "ms": 1.9983680248260498}
{"event": "sample", "n": 513, "mode": "forward", "round": 0, "block": 0, "label": "A", "sample": 9, "ms": 2.0009279251098633}
{"event": "sample", "n": 513, "mode": "forward", "round": 0, "block": 1, "label": "B", "sample": 0, "ms": 2.3144960403442383}
{"event": "sample", "n": 513, "mode": "forward", "round": 0, "block": 1, "label": "B", "sample": 1, "ms": 1.950816035270691}
{"event": "sample", "n": 513, "mode": "forward", "round": 0, "block": 1, "label": "B", "sample": 2, "ms": 1.9504640102386475}
{"event": "sample", "n": 513, "mode": "forward", "round": 0, "block": 1, "label": "B", "sample": 3, "ms": 1.9516799449920654}
{"event": "sample", "n": 513, "mode": "forward", "round": 0, "block": 1, "label": "B", "sample": 4, "ms": 1.9485119581222534}
{"event": "sample", "n": 513, "mode": "forward", "round": 0, "block": 1, "label": "B", "sample": 5, "ms": 1.9482239484786987}
{"event": "sample", "n": 513, "mode": "forward", "round": 0, "block": 1, "label": "B", "sample": 6, "ms": 1.944640040397644}
{"event": "sample", "n": 513, "mode": "forward", "round": 0, "block": 1, "label": "B", "sample": 7, "ms": 1.9461439847946167}
{"event": "sample", "n": 513, "mode": "forward", "round": 0, "block": 1, "label": "B", "sample": 8, "ms": 1.9446079730987549}
{"event": "sample", "n": 513, "mode": "forward", "round": 0, "block": 1, "label": "B", "sample": 9, "ms": 1.9472960233688354}
{"event": "sample", "n": 513, "mode": "forward", "round": 0, "block": 2, "label": "B", "sample": 0, "ms": 2.3196160793304443}
{"event": "sample", "n": 513, "mode": "forward", "round": 0, "block": 2, "label": "B", "sample": 1, "ms": 1.945855975151062}
{"event": "sample", "n": 513, "mode": "forward", "round": 0, "block": 2, "label": "B", "sample": 2, "ms": 1.9454400539398193}
{"event": "sample", "n": 513, "mode": "forward", "round": 0, "block": 2, "label": "B", "sample": 3, "ms": 1.9457279443740845}
{"event": "sample", "n": 513, "mode": "forward", "round": 0, "block": 2, "label": "B", "sample": 4, "ms": 1.9453439712524414}
{"event": "sample", "n": 513, "mode": "forward", "round": 0, "block": 2, "label": "B", "sample": 5, "ms": 1.9456000328063965}
{"event": "sample", "n": 513, "mode": "forward", "round": 0, "block": 2, "label": "B", "sample": 6, "ms": 1.944991946220398}
{"event": "sample", "n": 513, "mode": "forward", "round": 0, "block": 2, "label": "B", "sample": 7, "ms": 1.947167992591858}
{"event": "sample", "n": 513, "mode": "forward", "round": 0, "block": 2, "label": "B", "sample": 8, "ms": 1.9440959692001343}
{"event": "sample", "n": 513, "mode": "forward", "round": 0, "block": 2, "label": "B", "sample": 9, "ms": 1.9466240406036377}
{"event": "sample", "n": 513, "mode": "forward", "round": 0, "block": 3, "label": "A", "sample": 0, "ms": 2.322432041168213}
{"event": "sample", "n": 513, "mode": "forward", "round": 0, "block": 3, "label": "A", "sample": 1, "ms": 1.9944959878921509}
{"event": "sample", "n": 513, "mode": "forward", "round": 0, "block": 3, "label": "A", "sample": 2, "ms": 1.9942400455474854}
{"event": "sample", "n": 513, "mode": "forward", "round": 0, "block": 3, "label": "A", "sample": 3, "ms": 1.996127963066101}
{"event": "sample", "n": 513, "mode": "forward", "round": 0, "block": 3, "label": "A", "sample": 4, "ms": 1.992959976196289}
{"event": "sample", "n": 513, "mode": "forward", "round": 0, "block": 3, "label": "A", "sample": 5, "ms": 1.997056007385254}
{"event": "sample", "n": 513, "mode": "forward", "round": 0, "block": 3, "label": "A", "sample": 6, "ms": 1.9958720207214355}
{"event": "sample", "n": 513, "mode": "forward", "round": 0, "block": 3, "label": "A", "sample": 7, "ms": 1.9967679977416992}
{"event": "sample", "n": 513, "mode": "forward", "round": 0, "block": 3, "label": "A", "sample": 8, "ms": 1.9949760437011719}
{"event": "sample", "n": 513, "mode": "forward", "round": 0, "block": 3, "label": "A", "sample": 9, "ms": 1.9973119497299194}
{"event": "sample", "n": 513, "mode": "forward", "round": 1, "block": 0, "label": "A", "sample": 0, "ms": 2.318847894668579}
{"event": "sample", "n": 513, "mode": "forward", "round": 1, "block": 0, "label": "A", "sample": 1, "ms": 1.9939839839935303}
{"event": "sample", "n": 513, "mode": "forward", "round": 1, "block": 0, "label": "A", "sample": 2, "ms": 1.9944959878921509}
{"event": "sample", "n": 513, "mode": "forward", "round": 1, "block": 0, "label": "A", "sample": 3, "ms": 1.997439980506897}
{"event": "sample", "n": 513, "mode": "forward", "round": 1, "block": 0, "label": "A", "sample": 4, "ms": 1.994431972503662}
{"event": "sample", "n": 513, "mode": "forward", "round": 1, "block": 0, "label": "A", "sample": 5, "ms": 1.9953919649124146}
{"event": "sample", "n": 513, "mode": "forward", "round": 1, "block": 0, "label": "A", "sample": 6, "ms": 1.993280053138733}
{"event": "sample", "n": 513, "mode": "forward", "round": 1, "block": 0, "label": "A", "sample": 7, "ms": 1.9962559938430786}
{"event": "sample", "n": 513, "mode": "forward", "round": 1, "block": 0, "label": "A", "sample": 8, "ms": 1.9946880340576172}
{"event": "sample", "n": 513, "mode": "forward", "round": 1, "block": 0, "label": "A", "sample": 9, "ms": 1.9963840246200562}
{"event": "sample", "n": 513, "mode": "forward", "round": 1, "block": 1, "label": "B", "sample": 0, "ms": 2.3035199642181396}
{"event": "sample", "n": 513, "mode": "forward", "round": 1, "block": 1, "label": "B", "sample": 1, "ms": 1.9456959962844849}
{"event": "sample", "n": 513, "mode": "forward", "round": 1, "block": 1, "label": "B", "sample": 2, "ms": 1.9448000192642212}
{"event": "sample", "n": 513, "mode": "forward", "round": 1, "block": 1, "label": "B", "sample": 3, "ms": 1.9464000463485718}
{"event": "sample", "n": 513, "mode": "forward", "round": 1, "block": 1, "label": "B", "sample": 4, "ms": 1.94486403465271}
{"event": "sample", "n": 513, "mode": "forward", "round": 1, "block": 1, "label": "B", "sample": 5, "ms": 1.948415994644165}
{"event": "sample", "n": 513, "mode": "forward", "round": 1, "block": 1, "label": "B", "sample": 6, "ms": 1.9452159404754639}
{"event": "sample", "n": 513, "mode": "forward", "round": 1, "block": 1, "label": "B", "sample": 7, "ms": 1.9473919868469238}
{"event": "sample", "n": 513, "mode": "forward", "round": 1, "block": 1, "label": "B", "sample": 8, "ms": 1.9460480213165283}
{"event": "sample", "n": 513, "mode": "forward", "round": 1, "block": 1, "label": "B", "sample": 9, "ms": 1.9471039772033691}
{"event": "sample", "n": 513, "mode": "forward", "round": 1, "block": 2, "label": "B", "sample": 0, "ms": 2.3017919063568115}
{"event": "sample", "n": 513, "mode": "forward", "round": 1, "block": 2, "label": "B", "sample": 1, "ms": 1.9450559616088867}
{"event": "sample", "n": 513, "mode": "forward", "round": 1, "block": 2, "label": "B", "sample": 2, "ms": 1.9471999406814575}
{"event": "sample", "n": 513, "mode": "forward", "round": 1, "block": 2, "label": "B", "sample": 3, "ms": 1.9520959854125977}
{"event": "sample", "n": 513, "mode": "forward", "round": 1, "block": 2, "label": "B", "sample": 4, "ms": 1.9495680332183838}
{"event": "sample", "n": 513, "mode": "forward", "round": 1, "block": 2, "label": "B", "sample": 5, "ms": 1.9507839679718018}
{"event": "sample", "n": 513, "mode": "forward", "round": 1, "block": 2, "label": "B", "sample": 6, "ms": 1.9499200582504272}
{"event": "sample", "n": 513, "mode": "forward", "round": 1, "block": 2, "label": "B", "sample": 7, "ms": 1.9514559507369995}
{"event": "sample", "n": 513, "mode": "forward", "round": 1, "block": 2, "label": "B", "sample": 8, "ms": 1.9483519792556763}
{"event": "sample", "n": 513, "mode": "forward", "round": 1, "block": 2, "label": "B", "sample": 9, "ms": 1.950976014137268}
{"event": "sample", "n": 513, "mode": "forward", "round": 1, "block": 3, "label": "A", "sample": 0, "ms": 2.350368022918701}
{"event": "sample", "n": 513, "mode": "forward", "round": 1, "block": 3, "label": "A", "sample": 1, "ms": 1.9997119903564453}
{"event": "sample", "n": 513, "mode": "forward", "round": 1, "block": 3, "label": "A", "sample": 2, "ms": 1.9998719692230225}
{"event": "sample", "n": 513, "mode": "forward", "round": 1, "block": 3, "label": "A", "sample": 3, "ms": 1.9997119903564453}
{"event": "sample", "n": 513, "mode": "forward", "round": 1, "block": 3, "label": "A", "sample": 4, "ms": 1.9998719692230225}
{"event": "sample", "n": 513, "mode": "forward", "round": 1, "block": 3, "label": "A", "sample": 5, "ms": 2.0018560886383057}
{"event": "sample", "n": 513, "mode": "forward", "round": 1, "block": 3, "label": "A", "sample": 6, "ms": 2.0003199577331543}
{"event": "sample", "n": 513, "mode": "forward", "round": 1, "block": 3, "label": "A", "sample": 7, "ms": 2.002271890640259}
{"event": "sample", "n": 513, "mode": "forward", "round": 1, "block": 3, "label": "A", "sample": 8, "ms": 1.9998400211334229}
{"event": "sample", "n": 513, "mode": "forward", "round": 1, "block": 3, "label": "A", "sample": 9, "ms": 2.00163197517395}
{"event": "sample", "n": 513, "mode": "forward", "round": 2, "block": 0, "label": "A", "sample": 0, "ms": 2.3295679092407227}
{"event": "sample", "n": 513, "mode": "forward", "round": 2, "block": 0, "label": "A", "sample": 1, "ms": 1.9990400075912476}
{"event": "sample", "n": 513, "mode": "forward", "round": 2, "block": 0, "label": "A", "sample": 2, "ms": 1.998304009437561}
{"event": "sample", "n": 513, "mode": "forward", "round": 2, "block": 0, "label": "A", "sample": 3, "ms": 2.0010879039764404}
{"event": "sample", "n": 513, "mode": "forward", "round": 2, "block": 0, "label": "A", "sample": 4, "ms": 1.9994239807128906}
{"event": "sample", "n": 513, "mode": "forward", "round": 2, "block": 0, "label": "A", "sample": 5, "ms": 2.0010879039764404}
{"event": "sample", "n": 513, "mode": "forward", "round": 2, "block": 0, "label": "A", "sample": 6, "ms": 1.9982080459594727}
{"event": "sample", "n": 513, "mode": "forward", "round": 2, "block": 0, "label": "A", "sample": 7, "ms": 2.0011839866638184}
{"event": "sample", "n": 513, "mode": "forward", "round": 2, "block": 0, "label": "A", "sample": 8, "ms": 1.999392032623291}
{"event": "sample", "n": 513, "mode": "forward", "round": 2, "block": 0, "label": "A", "sample": 9, "ms": 2.000704050064087}
{"event": "sample", "n": 513, "mode": "forward", "round": 2, "block": 1, "label": "B", "sample": 0, "ms": 2.3048319816589355}
{"event": "sample", "n": 513, "mode": "forward", "round": 2, "block": 1, "label": "B", "sample": 1, "ms": 1.9502400159835815}
{"event": "sample", "n": 513, "mode": "forward", "round": 2, "block": 1, "label": "B", "sample": 2, "ms": 1.9490879774093628}
{"event": "sample", "n": 513, "mode": "forward", "round": 2, "block": 1, "label": "B", "sample": 3, "ms": 1.9513920545578003}
{"event": "sample", "n": 513, "mode": "forward", "round": 2, "block": 1, "label": "B", "sample": 4, "ms": 1.9489920139312744}
{"event": "sample", "n": 513, "mode": "forward", "round": 2, "block": 1, "label": "B", "sample": 5, "ms": 1.9515520334243774}
{"event": "sample", "n": 513, "mode": "forward", "round": 2, "block": 1, "label": "B", "sample": 6, "ms": 1.9499520063400269}
{"event": "sample", "n": 513, "mode": "forward", "round": 2, "block": 1, "label": "B", "sample": 7, "ms": 1.9506880044937134}
{"event": "sample", "n": 513, "mode": "forward", "round": 2, "block": 1, "label": "B", "sample": 8, "ms": 1.9485759735107422}
{"event": "sample", "n": 513, "mode": "forward", "round": 2, "block": 1, "label": "B", "sample": 9, "ms": 1.9506560564041138}
{"event": "sample", "n": 513, "mode": "forward", "round": 2, "block": 2, "label": "B", "sample": 0, "ms": 2.265439987182617}
{"event": "sample", "n": 513, "mode": "forward", "round": 2, "block": 2, "label": "B", "sample": 1, "ms": 1.9491519927978516}
{"event": "sample", "n": 513, "mode": "forward", "round": 2, "block": 2, "label": "B", "sample": 2, "ms": 1.9493759870529175}
{"event": "sample", "n": 513, "mode": "forward", "round": 2, "block": 2, "label": "B", "sample": 3, "ms": 1.9514880180358887}
{"event": "sample", "n": 513, "mode": "forward", "round": 2, "block": 2, "label": "B", "sample": 4, "ms": 1.9485119581222534}
{"event": "sample", "n": 513, "mode": "forward", "round": 2, "block": 2, "label": "B", "sample": 5, "ms": 1.9507520198822021}
{"event": "sample", "n": 513, "mode": "forward", "round": 2, "block": 2, "label": "B", "sample": 6, "ms": 1.9494719505310059}
{"event": "sample", "n": 513, "mode": "forward", "round": 2, "block": 2, "label": "B", "sample": 7, "ms": 1.9520319700241089}
{"event": "sample", "n": 513, "mode": "forward", "round": 2, "block": 2, "label": "B", "sample": 8, "ms": 1.948256015777588}
{"event": "sample", "n": 513, "mode": "forward", "round": 2, "block": 2, "label": "B", "sample": 9, "ms": 1.9513280391693115}
{"event": "sample", "n": 513, "mode": "forward", "round": 2, "block": 3, "label": "A", "sample": 0, "ms": 2.407007932662964}
{"event": "sample", "n": 513, "mode": "forward", "round": 2, "block": 3, "label": "A", "sample": 1, "ms": 1.9941120147705078}
{"event": "sample", "n": 513, "mode": "forward", "round": 2, "block": 3, "label": "A", "sample": 2, "ms": 1.9936959743499756}
{"event": "sample", "n": 513, "mode": "forward", "round": 2, "block": 3, "label": "A", "sample": 3, "ms": 1.996000051498413}
{"event": "sample", "n": 513, "mode": "forward", "round": 2, "block": 3, "label": "A", "sample": 4, "ms": 1.9949760437011719}
{"event": "sample", "n": 513, "mode": "forward", "round": 2, "block": 3, "label": "A", "sample": 5, "ms": 1.9969279766082764}
{"event": "sample", "n": 513, "mode": "forward", "round": 2, "block": 3, "label": "A", "sample": 6, "ms": 1.9941120147705078}
{"event": "sample", "n": 513, "mode": "forward", "round": 2, "block": 3, "label": "A", "sample": 7, "ms": 1.9962559938430786}
{"event": "sample", "n": 513, "mode": "forward", "round": 2, "block": 3, "label": "A", "sample": 8, "ms": 1.9937920570373535}
{"event": "sample", "n": 513, "mode": "forward", "round": 2, "block": 3, "label": "A", "sample": 9, "ms": 1.9966399669647217}
{"event": "summary", "n": 513, "mode": "forward", "median_ms": {"A": 1.9985440373420715, "B": 1.9487839937210083}, "speedup": 1.0255338938442589, "samples_per_label": 60}
{"event": "sample", "n": 513, "mode": "backward", "round": 0, "block": 0, "label": "A", "sample": 0, "ms": 7.8370561599731445}
{"event": "sample", "n": 513, "mode": "backward", "round": 0, "block": 0, "label": "A", "sample": 1, "ms": 7.681407928466797}
{"event": "sample", "n": 513, "mode": "backward", "round": 0, "block": 0, "label": "A", "sample": 2, "ms": 7.678048133850098}
{"event": "sample", "n": 513, "mode": "backward", "round": 0, "block": 0, "label": "A", "sample": 3, "ms": 7.683167934417725}
{"event": "sample", "n": 513, "mode": "backward", "round": 0, "block": 0, "label": "A", "sample": 4, "ms": 7.700575828552246}
{"event": "sample", "n": 513, "mode": "backward", "round": 0, "block": 0, "label": "A", "sample": 5, "ms": 7.6981120109558105}
{"event": "sample", "n": 513, "mode": "backward", "round": 0, "block": 0, "label": "A", "sample": 6, "ms": 7.69484806060791}
{"event": "sample", "n": 513, "mode": "backward", "round": 0, "block": 0, "label": "A", "sample": 7, "ms": 7.703680038452148}
{"event": "sample", "n": 513, "mode": "backward", "round": 0, "block": 0, "label": "A", "sample": 8, "ms": 7.692704200744629}
{"event": "sample", "n": 513, "mode": "backward", "round": 0, "block": 0, "label": "A", "sample": 9, "ms": 7.712255954742432}
{"event": "sample", "n": 513, "mode": "backward", "round": 0, "block": 1, "label": "B", "sample": 0, "ms": 7.854879856109619}
{"event": "sample", "n": 513, "mode": "backward", "round": 0, "block": 1, "label": "B", "sample": 1, "ms": 7.703423976898193}
{"event": "sample", "n": 513, "mode": "backward", "round": 0, "block": 1, "label": "B", "sample": 2, "ms": 7.704351902008057}
{"event": "sample", "n": 513, "mode": "backward", "round": 0, "block": 1, "label": "B", "sample": 3, "ms": 7.693312168121338}
{"event": "sample", "n": 513, "mode": "backward", "round": 0, "block": 1, "label": "B", "sample": 4, "ms": 7.696352005004883}
{"event": "sample", "n": 513, "mode": "backward", "round": 0, "block": 1, "label": "B", "sample": 5, "ms": 7.694528102874756}
{"event": "sample", "n": 513, "mode": "backward", "round": 0, "block": 1, "label": "B", "sample": 6, "ms": 7.683008193969727}
{"event": "sample", "n": 513, "mode": "backward", "round": 0, "block": 1, "label": "B", "sample": 7, "ms": 7.669280052185059}
{"event": "sample", "n": 513, "mode": "backward", "round": 0, "block": 1, "label": "B", "sample": 8, "ms": 7.686431884765625}
{"event": "sample", "n": 513, "mode": "backward", "round": 0, "block": 1, "label": "B", "sample": 9, "ms": 7.676799774169922}
{"event": "sample", "n": 513, "mode": "backward", "round": 0, "block": 2, "label": "B", "sample": 0, "ms": 7.828800201416016}
{"event": "sample", "n": 513, "mode": "backward", "round": 0, "block": 2, "label": "B", "sample": 1, "ms": 7.68012809753418}
{"event": "sample", "n": 513, "mode": "backward", "round": 0, "block": 2, "label": "B", "sample": 2, "ms": 7.689824104309082}
{"event": "sample", "n": 513, "mode": "backward", "round": 0, "block": 2, "label": "B", "sample": 3, "ms": 7.675680160522461}
{"event": "sample", "n": 513, "mode": "backward", "round": 0, "block": 2, "label": "B", "sample": 4, "ms": 7.6881279945373535}
{"event": "sample", "n": 513, "mode": "backward", "round": 0, "block": 2, "label": "B", "sample": 5, "ms": 7.673247814178467}
{"event": "sample", "n": 513, "mode": "backward", "round": 0, "block": 2, "label": "B", "sample": 6, "ms": 7.677567958831787}
{"event": "sample", "n": 513, "mode": "backward", "round": 0, "block": 2, "label": "B", "sample": 7, "ms": 7.68617582321167}
{"event": "sample", "n": 513, "mode": "backward", "round": 0, "block": 2, "label": "B", "sample": 8, "ms": 7.691999912261963}
{"event": "sample", "n": 513, "mode": "backward", "round": 0, "block": 2, "label": "B", "sample": 9, "ms": 7.680319786071777}
{"event": "sample", "n": 513, "mode": "backward", "round": 0, "block": 3, "label": "A", "sample": 0, "ms": 7.8179521560668945}
{"event": "sample", "n": 513, "mode": "backward", "round": 0, "block": 3, "label": "A", "sample": 1, "ms": 7.693312168121338}
{"event": "sample", "n": 513, "mode": "backward", "round": 0, "block": 3, "label": "A", "sample": 2, "ms": 7.679679870605469}
{"event": "sample", "n": 513, "mode": "backward", "round": 0, "block": 3, "label": "A", "sample": 3, "ms": 7.677152156829834}
{"event": "sample", "n": 513, "mode": "backward", "round": 0, "block": 3, "label": "A", "sample": 4, "ms": 7.688672065734863}
{"event": "sample", "n": 513, "mode": "backward", "round": 0, "block": 3, "label": "A", "sample": 5, "ms": 7.687007904052734}
{"event": "sample", "n": 513, "mode": "backward", "round": 0, "block": 3, "label": "A", "sample": 6, "ms": 7.680799961090088}
{"event": "sample", "n": 513, "mode": "backward", "round": 0, "block": 3, "label": "A", "sample": 7, "ms": 7.690336227416992}
{"event": "sample", "n": 513, "mode": "backward", "round": 0, "block": 3, "label": "A", "sample": 8, "ms": 7.682688236236572}
{"event": "sample", "n": 513, "mode": "backward", "round": 0, "block": 3, "label": "A", "sample": 9, "ms": 7.678368091583252}
{"event": "sample", "n": 513, "mode": "backward", "round": 1, "block": 0, "label": "A", "sample": 0, "ms": 8.118720054626465}
{"event": "sample", "n": 513, "mode": "backward", "round": 1, "block": 0, "label": "A", "sample": 1, "ms": 7.685567855834961}
{"event": "sample", "n": 513, "mode": "backward", "round": 1, "block": 0, "label": "A", "sample": 2, "ms": 7.675327777862549}
{"event": "sample", "n": 513, "mode": "backward", "round": 1, "block": 0, "label": "A", "sample": 3, "ms": 7.666592121124268}
{"event": "sample", "n": 513, "mode": "backward", "round": 1, "block": 0, "label": "A", "sample": 4, "ms": 7.671008110046387}
{"event": "sample", "n": 513, "mode": "backward", "round": 1, "block": 0, "label": "A", "sample": 5, "ms": 7.670432090759277}
{"event": "sample", "n": 513, "mode": "backward", "round": 1, "block": 0, "label": "A", "sample": 6, "ms": 7.6743998527526855}
{"event": "sample", "n": 513, "mode": "backward", "round": 1, "block": 0, "label": "A", "sample": 7, "ms": 7.671328067779541}
{"event": "sample", "n": 513, "mode": "backward", "round": 1, "block": 0, "label": "A", "sample": 8, "ms": 7.675104141235352}
{"event": "sample", "n": 513, "mode": "backward", "round": 1, "block": 0, "label": "A", "sample": 9, "ms": 7.672959804534912}
{"event": "sample", "n": 513, "mode": "backward", "round": 1, "block": 1, "label": "B", "sample": 0, "ms": 7.825791835784912}
{"event": "sample", "n": 513, "mode": "backward", "round": 1, "block": 1, "label": "B", "sample": 1, "ms": 7.678592205047607}
{"event": "sample", "n": 513, "mode": "backward", "round": 1, "block": 1, "label": "B", "sample": 2, "ms": 7.666848182678223}
{"event": "sample", "n": 513, "mode": "backward", "round": 1, "block": 1, "label": "B", "sample": 3, "ms": 7.673151969909668}
{"event": "sample", "n": 513, "mode": "backward", "round": 1, "block": 1, "label": "B", "sample": 4, "ms": 7.668704032897949}
{"event": "sample", "n": 513, "mode": "backward", "round": 1, "block": 1, "label": "B", "sample": 5, "ms": 7.677951812744141}
{"event": "sample", "n": 513, "mode": "backward", "round": 1, "block": 1, "label": "B", "sample": 6, "ms": 7.675839900970459}
{"event": "sample", "n": 513, "mode": "backward", "round": 1, "block": 1, "label": "B", "sample": 7, "ms": 7.673664093017578}
{"event": "sample", "n": 513, "mode": "backward", "round": 1, "block": 1, "label": "B", "sample": 8, "ms": 7.676544189453125}
{"event": "sample", "n": 513, "mode": "backward", "round": 1, "block": 1, "label": "B", "sample": 9, "ms": 7.688511848449707}
{"event": "sample", "n": 513, "mode": "backward", "round": 1, "block": 2, "label": "B", "sample": 0, "ms": 7.811999797821045}
{"event": "sample", "n": 513, "mode": "backward", "round": 1, "block": 2, "label": "B", "sample": 1, "ms": 7.676032066345215}
{"event": "sample", "n": 513, "mode": "backward", "round": 1, "block": 2, "label": "B", "sample": 2, "ms": 7.678592205047607}
{"event": "sample", "n": 513, "mode": "backward", "round": 1, "block": 2, "label": "B", "sample": 3, "ms": 7.676415920257568}
{"event": "sample", "n": 513, "mode": "backward", "round": 1, "block": 2, "label": "B", "sample": 4, "ms": 7.69155216217041}
{"event": "sample", "n": 513, "mode": "backward", "round": 1, "block": 2, "label": "B", "sample": 5, "ms": 7.688960075378418}
{"event": "sample", "n": 513, "mode": "backward", "round": 1, "block": 2, "label": "B", "sample": 6, "ms": 7.674560070037842}
{"event": "sample", "n": 513, "mode": "backward", "round": 1, "block": 2, "label": "B", "sample": 7, "ms": 7.674367904663086}
{"event": "sample", "n": 513, "mode": "backward", "round": 1, "block": 2, "label": "B", "sample": 8, "ms": 7.673376083374023}
{"event": "sample", "n": 513, "mode": "backward", "round": 1, "block": 2, "label": "B", "sample": 9, "ms": 7.674592018127441}
{"event": "sample", "n": 513, "mode": "backward", "round": 1, "block": 3, "label": "A", "sample": 0, "ms": 7.825952053070068}
{"event": "sample", "n": 513, "mode": "backward", "round": 1, "block": 3, "label": "A", "sample": 1, "ms": 7.670303821563721}
{"event": "sample", "n": 513, "mode": "backward", "round": 1, "block": 3, "label": "A", "sample": 2, "ms": 7.673791885375977}
{"event": "sample", "n": 513, "mode": "backward", "round": 1, "block": 3, "label": "A", "sample": 3, "ms": 7.673664093017578}
{"event": "sample", "n": 513, "mode": "backward", "round": 1, "block": 3, "label": "A", "sample": 4, "ms": 7.678944110870361}
{"event": "sample", "n": 513, "mode": "backward", "round": 1, "block": 3, "label": "A", "sample": 5, "ms": 7.672736167907715}
{"event": "sample", "n": 513, "mode": "backward", "round": 1, "block": 3, "label": "A", "sample": 6, "ms": 7.6669440269470215}
{"event": "sample", "n": 513, "mode": "backward", "round": 1, "block": 3, "label": "A", "sample": 7, "ms": 7.662655830383301}
{"event": "sample", "n": 513, "mode": "backward", "round": 1, "block": 3, "label": "A", "sample": 8, "ms": 7.668064117431641}
{"event": "sample", "n": 513, "mode": "backward", "round": 1, "block": 3, "label": "A", "sample": 9, "ms": 7.671743869781494}
{"event": "sample", "n": 513, "mode": "backward", "round": 2, "block": 0, "label": "A", "sample": 0, "ms": 7.875296115875244}
{"event": "sample", "n": 513, "mode": "backward", "round": 2, "block": 0, "label": "A", "sample": 1, "ms": 7.680031776428223}
{"event": "sample", "n": 513, "mode": "backward", "round": 2, "block": 0, "label": "A", "sample": 2, "ms": 7.6787519454956055}
{"event": "sample", "n": 513, "mode": "backward", "round": 2, "block": 0, "label": "A", "sample": 3, "ms": 7.677567958831787}
{"event": "sample", "n": 513, "mode": "backward", "round": 2, "block": 0, "label": "A", "sample": 4, "ms": 7.675136089324951}
{"event": "sample", "n": 513, "mode": "backward", "round": 2, "block": 0, "label": "A", "sample": 5, "ms": 7.677728176116943}
{"event": "sample", "n": 513, "mode": "backward", "round": 2, "block": 0, "label": "A", "sample": 6, "ms": 7.671584129333496}
{"event": "sample", "n": 513, "mode": "backward", "round": 2, "block": 0, "label": "A", "sample": 7, "ms": 7.682688236236572}
{"event": "sample", "n": 513, "mode": "backward", "round": 2, "block": 0, "label": "A", "sample": 8, "ms": 7.67852783203125}
{"event": "sample", "n": 513, "mode": "backward", "round": 2, "block": 0, "label": "A", "sample": 9, "ms": 7.6793599128723145}
{"event": "sample", "n": 513, "mode": "backward", "round": 2, "block": 1, "label": "B", "sample": 0, "ms": 7.822783946990967}
{"event": "sample", "n": 513, "mode": "backward", "round": 2, "block": 1, "label": "B", "sample": 1, "ms": 7.682591915130615}
{"event": "sample", "n": 513, "mode": "backward", "round": 2, "block": 1, "label": "B", "sample": 2, "ms": 7.677375793457031}
{"event": "sample", "n": 513, "mode": "backward", "round": 2, "block": 1, "label": "B", "sample": 3, "ms": 7.673920154571533}
{"event": "sample", "n": 513, "mode": "backward", "round": 2, "block": 1, "label": "B", "sample": 4, "ms": 7.673151969909668}
{"event": "sample", "n": 513, "mode": "backward", "round": 2, "block": 1, "label": "B", "sample": 5, "ms": 7.6684160232543945}
{"event": "sample", "n": 513, "mode": "backward", "round": 2, "block": 1, "label": "B", "sample": 6, "ms": 7.668384075164795}
{"event": "sample", "n": 513, "mode": "backward", "round": 2, "block": 1, "label": "B", "sample": 7, "ms": 7.672959804534912}
{"event": "sample", "n": 513, "mode": "backward", "round": 2, "block": 1, "label": "B", "sample": 8, "ms": 7.672512054443359}
{"event": "sample", "n": 513, "mode": "backward", "round": 2, "block": 1, "label": "B", "sample": 9, "ms": 7.671167850494385}
{"event": "sample", "n": 513, "mode": "backward", "round": 2, "block": 2, "label": "B", "sample": 0, "ms": 7.813439846038818}
{"event": "sample", "n": 513, "mode": "backward", "round": 2, "block": 2, "label": "B", "sample": 1, "ms": 7.674623966217041}
{"event": "sample", "n": 513, "mode": "backward", "round": 2, "block": 2, "label": "B", "sample": 2, "ms": 7.676896095275879}
{"event": "sample", "n": 513, "mode": "backward", "round": 2, "block": 2, "label": "B", "sample": 3, "ms": 7.672351837158203}
{"event": "sample", "n": 513, "mode": "backward", "round": 2, "block": 2, "label": "B", "sample": 4, "ms": 7.670656204223633}
{"event": "sample", "n": 513, "mode": "backward", "round": 2, "block": 2, "label": "B", "sample": 5, "ms": 7.665919780731201}
{"event": "sample", "n": 513, "mode": "backward", "round": 2, "block": 2, "label": "B", "sample": 6, "ms": 7.670656204223633}
{"event": "sample", "n": 513, "mode": "backward", "round": 2, "block": 2, "label": "B", "sample": 7, "ms": 7.692416191101074}
{"event": "sample", "n": 513, "mode": "backward", "round": 2, "block": 2, "label": "B", "sample": 8, "ms": 7.684864044189453}
{"event": "sample", "n": 513, "mode": "backward", "round": 2, "block": 2, "label": "B", "sample": 9, "ms": 7.6735358238220215}
{"event": "sample", "n": 513, "mode": "backward", "round": 2, "block": 3, "label": "A", "sample": 0, "ms": 7.8369598388671875}
{"event": "sample", "n": 513, "mode": "backward", "round": 2, "block": 3, "label": "A", "sample": 1, "ms": 7.681407928466797}
{"event": "sample", "n": 513, "mode": "backward", "round": 2, "block": 3, "label": "A", "sample": 2, "ms": 7.6943039894104}
{"event": "sample", "n": 513, "mode": "backward", "round": 2, "block": 3, "label": "A", "sample": 3, "ms": 7.671775817871094}
{"event": "sample", "n": 513, "mode": "backward", "round": 2, "block": 3, "label": "A", "sample": 4, "ms": 7.691775798797607}
{"event": "sample", "n": 513, "mode": "backward", "round": 2, "block": 3, "label": "A", "sample": 5, "ms": 7.681056022644043}
{"event": "sample", "n": 513, "mode": "backward", "round": 2, "block": 3, "label": "A", "sample": 6, "ms": 7.689472198486328}
{"event": "sample", "n": 513, "mode": "backward", "round": 2, "block": 3, "label": "A", "sample": 7, "ms": 7.680480003356934}
{"event": "sample", "n": 513, "mode": "backward", "round": 2, "block": 3, "label": "A", "sample": 8, "ms": 7.686016082763672}
{"event": "sample", "n": 513, "mode": "backward", "round": 2, "block": 3, "label": "A", "sample": 9, "ms": 7.672351837158203}
{"event": "summary", "n": 513, "mode": "backward", "median_ms": {"A": 7.679855823516846, "B": 7.677135944366455}, "speedup": 1.0003542830516616, "samples_per_label": 60}
{"event": "sample", "n": 513, "mode": "forward_backward", "round": 0, "block": 0, "label": "A", "sample": 0, "ms": 10.031904220581055}
{"event": "sample", "n": 513, "mode": "forward_backward", "round": 0, "block": 0, "label": "A", "sample": 1, "ms": 9.657535552978516}
{"event": "sample", "n": 513, "mode": "forward_backward", "round": 0, "block": 0, "label": "A", "sample": 2, "ms": 9.658975601196289}
{"event": "sample", "n": 513, "mode": "forward_backward", "round": 0, "block": 0, "label": "A", "sample": 3, "ms": 9.658720016479492}
{"event": "sample", "n": 513, "mode": "forward_backward", "round": 0, "block": 0, "label": "A", "sample": 4, "ms": 9.67199993133545}
{"event": "sample", "n": 513, "mode": "forward_backward", "round": 0, "block": 0, "label": "A", "sample": 5, "ms": 9.663904190063477}
{"event": "sample", "n": 513, "mode": "forward_backward", "round": 0, "block": 0, "label": "A", "sample": 6, "ms": 9.679967880249023}
{"event": "sample", "n": 513, "mode": "forward_backward", "round": 0, "block": 0, "label": "A", "sample": 7, "ms": 9.674816131591797}
{"event": "sample", "n": 513, "mode": "forward_backward", "round": 0, "block": 0, "label": "A", "sample": 8, "ms": 9.676511764526367}
{"event": "sample", "n": 513, "mode": "forward_backward", "round": 0, "block": 0, "label": "A", "sample": 9, "ms": 9.671456336975098}
{"event": "sample", "n": 513, "mode": "forward_backward", "round": 0, "block": 1, "label": "B", "sample": 0, "ms": 10.030752182006836}
{"event": "sample", "n": 513, "mode": "forward_backward", "round": 0, "block": 1, "label": "B", "sample": 1, "ms": 9.627488136291504}
{"event": "sample", "n": 513, "mode": "forward_backward", "round": 0, "block": 1, "label": "B", "sample": 2, "ms": 9.618687629699707}
{"event": "sample", "n": 513, "mode": "forward_backward", "round": 0, "block": 1, "label": "B", "sample": 3, "ms": 9.625663757324219}
{"event": "sample", "n": 513, "mode": "forward_backward", "round": 0, "block": 1, "label": "B", "sample": 4, "ms": 9.615424156188965}
{"event": "sample", "n": 513, "mode": "forward_backward", "round": 0, "block": 1, "label": "B", "sample": 5, "ms": 9.612095832824707}
{"event": "sample", "n": 513, "mode": "forward_backward", "round": 0, "block": 1, "label": "B", "sample": 6, "ms": 9.610976219177246}
{"event": "sample", "n": 513, "mode": "forward_backward", "round": 0, "block": 1, "label": "B", "sample": 7, "ms": 9.618911743164062}
{"event": "sample", "n": 513, "mode": "forward_backward", "round": 0, "block": 1, "label": "B", "sample": 8, "ms": 9.613759994506836}
{"event": "sample", "n": 513, "mode": "forward_backward", "round": 0, "block": 1, "label": "B", "sample": 9, "ms": 9.606559753417969}
{"event": "sample", "n": 513, "mode": "forward_backward", "round": 0, "block": 2, "label": "B", "sample": 0, "ms": 10.005951881408691}
{"event": "sample", "n": 513, "mode": "forward_backward", "round": 0, "block": 2, "label": "B", "sample": 1, "ms": 9.623807907104492}
{"event": "sample", "n": 513, "mode": "forward_backward", "round": 0, "block": 2, "label": "B", "sample": 2, "ms": 9.607040405273438}
{"event": "sample", "n": 513, "mode": "forward_backward", "round": 0, "block": 2, "label": "B", "sample": 3, "ms": 9.604767799377441}
{"event": "sample", "n": 513, "mode": "forward_backward", "round": 0, "block": 2, "label": "B", "sample": 4, "ms": 9.626399993896484}
{"event": "sample", "n": 513, "mode": "forward_backward", "round": 0, "block": 2, "label": "B", "sample": 5, "ms": 9.631551742553711}
{"event": "sample", "n": 513, "mode": "forward_backward", "round": 0, "block": 2, "label": "B", "sample": 6, "ms": 9.612447738647461}
{"event": "sample", "n": 513, "mode": "forward_backward", "round": 0, "block": 2, "label": "B", "sample": 7, "ms": 9.62940788269043}
{"event": "sample", "n": 513, "mode": "forward_backward", "round": 0, "block": 2, "label": "B", "sample": 8, "ms": 9.62435245513916}
{"event": "sample", "n": 513, "mode": "forward_backward", "round": 0, "block": 2, "label": "B", "sample": 9, "ms": 9.61359977722168}
{"event": "sample", "n": 513, "mode": "forward_backward", "round": 0, "block": 3, "label": "A", "sample": 0, "ms": 10.054207801818848}
{"event": "sample", "n": 513, "mode": "forward_backward", "round": 0, "block": 3, "label": "A", "sample": 1, "ms": 9.665568351745605}
{"event": "sample", "n": 513, "mode": "forward_backward", "round": 0, "block": 3, "label": "A", "sample": 2, "ms": 9.671808242797852}
{"event": "sample", "n": 513, "mode": "forward_backward", "round": 0, "block": 3, "label": "A", "sample": 3, "ms": 9.677472114562988}
{"event": "sample", "n": 513, "mode": "forward_backward", "round": 0, "block": 3, "label": "A", "sample": 4, "ms": 9.64844799041748}
{"event": "sample", "n": 513, "mode": "forward_backward", "round": 0, "block": 3, "label": "A", "sample": 5, "ms": 9.660767555236816}
{"event": "sample", "n": 513, "mode": "forward_backward", "round": 0, "block": 3, "label": "A", "sample": 6, "ms": 9.6560640335083}
{"event": "sample", "n": 513, "mode": "forward_backward", "round": 0, "block": 3, "label": "A", "sample": 7, "ms": 9.656864166259766}
{"event": "sample", "n": 513, "mode": "forward_backward", "round": 0, "block": 3, "label": "A", "sample": 8, "ms": 9.658304214477539}
{"event": "sample", "n": 513, "mode": "forward_backward", "round": 0, "block": 3, "label": "A", "sample": 9, "ms": 9.652352333068848}
{"event": "sample", "n": 513, "mode": "forward_backward", "round": 1, "block": 0, "label": "A", "sample": 0, "ms": 10.05737590789795}
{"event": "sample", "n": 513, "mode": "forward_backward", "round": 1, "block": 0, "label": "A", "sample": 1, "ms": 9.647456169128418}
{"event": "sample", "n": 513, "mode": "forward_backward", "round": 1, "block": 0, "label": "A", "sample": 2, "ms": 9.65340805053711}
{"event": "sample", "n": 513, "mode": "forward_backward", "round": 1, "block": 0, "label": "A", "sample": 3, "ms": 9.663616180419922}
{"event": "sample", "n": 513, "mode": "forward_backward", "round": 1, "block": 0, "label": "A", "sample": 4, "ms": 9.661248207092285}
{"event": "sample", "n": 513, "mode": "forward_backward", "round": 1, "block": 0, "label": "A", "sample": 5, "ms": 9.670592308044434}
{"event": "sample", "n": 513, "mode": "forward_backward", "round": 1, "block": 0, "label": "A", "sample": 6, "ms": 9.663904190063477}
{"event": "sample", "n": 513, "mode": "forward_backward", "round": 1, "block": 0, "label": "A", "sample": 7, "ms": 9.660191535949707}
{"event": "sample", "n": 513, "mode": "forward_backward", "round": 1, "block": 0, "label": "A", "sample": 8, "ms": 9.662079811096191}
{"event": "sample", "n": 513, "mode": "forward_backward", "round": 1, "block": 0, "label": "A", "sample": 9, "ms": 9.672736167907715}
{"event": "sample", "n": 513, "mode": "forward_backward", "round": 1, "block": 1, "label": "B", "sample": 0, "ms": 10.011967658996582}
{"event": "sample", "n": 513, "mode": "forward_backward", "round": 1, "block": 1, "label": "B", "sample": 1, "ms": 9.622143745422363}
{"event": "sample", "n": 513, "mode": "forward_backward", "round": 1, "block": 1, "label": "B", "sample": 2, "ms": 9.611136436462402}
{"event": "sample", "n": 513, "mode": "forward_backward", "round": 1, "block": 1, "label": "B", "sample": 3, "ms": 9.625503540039062}
{"event": "sample", "n": 513, "mode": "forward_backward", "round": 1, "block": 1, "label": "B", "sample": 4, "ms": 9.625727653503418}
{"event": "sample", "n": 513, "mode": "forward_backward", "round": 1, "block": 1, "label": "B", "sample": 5, "ms": 9.634143829345703}
{"event": "sample", "n": 513, "mode": "forward_backward", "round": 1, "block": 1, "label": "B", "sample": 6, "ms": 9.630208015441895}
{"event": "sample", "n": 513, "mode": "forward_backward", "round": 1, "block": 1, "label": "B", "sample": 7, "ms": 9.629759788513184}
{"event": "sample", "n": 513, "mode": "forward_backward", "round": 1, "block": 1, "label": "B", "sample": 8, "ms": 9.625503540039062}
{"event": "sample", "n": 513, "mode": "forward_backward", "round": 1, "block": 1, "label": "B", "sample": 9, "ms": 9.626655578613281}
{"event": "sample", "n": 513, "mode": "forward_backward", "round": 1, "block": 2, "label": "B", "sample": 0, "ms": 9.997632026672363}
{"event": "sample", "n": 513, "mode": "forward_backward", "round": 1, "block": 2, "label": "B", "sample": 1, "ms": 9.619935989379883}
{"event": "sample", "n": 513, "mode": "forward_backward", "round": 1, "block": 2, "label": "B", "sample": 2, "ms": 9.619839668273926}
{"event": "sample", "n": 513, "mode": "forward_backward", "round": 1, "block": 2, "label": "B", "sample": 3, "ms": 9.620096206665039}
{"event": "sample", "n": 513, "mode": "forward_backward", "round": 1, "block": 2, "label": "B", "sample": 4, "ms": 9.621855735778809}
{"event": "sample", "n": 513, "mode": "forward_backward", "round": 1, "block": 2, "label": "B", "sample": 5, "ms": 9.666080474853516}
{"event": "sample", "n": 513, "mode": "forward_backward", "round": 1, "block": 2, "label": "B", "sample": 6, "ms": 9.65443229675293}
{"event": "sample", "n": 513, "mode": "forward_backward", "round": 1, "block": 2, "label": "B", "sample": 7, "ms": 9.64463996887207}
{"event": "sample", "n": 513, "mode": "forward_backward", "round": 1, "block": 2, "label": "B", "sample": 8, "ms": 9.656255722045898}
{"event": "sample", "n": 513, "mode": "forward_backward", "round": 1, "block": 2, "label": "B", "sample": 9, "ms": 9.647104263305664}
{"event": "sample", "n": 513, "mode": "forward_backward", "round": 1, "block": 3, "label": "A", "sample": 0, "ms": 10.070207595825195}
{"event": "sample", "n": 513, "mode": "forward_backward", "round": 1, "block": 3, "label": "A", "sample": 1, "ms": 9.690048217773438}
{"event": "sample", "n": 513, "mode": "forward_backward", "round": 1, "block": 3, "label": "A", "sample": 2, "ms": 9.697759628295898}
{"event": "sample", "n": 513, "mode": "forward_backward", "round": 1, "block": 3, "label": "A", "sample": 3, "ms": 9.68502426147461}
{"event": "sample", "n": 513, "mode": "forward_backward", "round": 1, "block": 3, "label": "A", "sample": 4, "ms": 9.696000099182129}
{"event": "sample", "n": 513, "mode": "forward_backward", "round": 1, "block": 3, "label": "A", "sample": 5, "ms": 9.673888206481934}
{"event": "sample", "n": 513, "mode": "forward_backward", "round": 1, "block": 3, "label": "A", "sample": 6, "ms": 9.671520233154297}
{"event": "sample", "n": 513, "mode": "forward_backward", "round": 1, "block": 3, "label": "A", "sample": 7, "ms": 9.67369556427002}
{"event": "sample", "n": 513, "mode": "forward_backward", "round": 1, "block": 3, "label": "A", "sample": 8, "ms": 9.67136001586914}
{"event": "sample", "n": 513, "mode": "forward_backward", "round": 1, "block": 3, "label": "A", "sample": 9, "ms": 9.66374397277832}
{"event": "sample", "n": 513, "mode": "forward_backward", "round": 2, "block": 0, "label": "A", "sample": 0, "ms": 10.066207885742188}
{"event": "sample", "n": 513, "mode": "forward_backward", "round": 2, "block": 0, "label": "A", "sample": 1, "ms": 9.67465591430664}
{"event": "sample", "n": 513, "mode": "forward_backward", "round": 2, "block": 0, "label": "A", "sample": 2, "ms": 9.672287940979004}
{"event": "sample", "n": 513, "mode": "forward_backward", "round": 2, "block": 0, "label": "A", "sample": 3, "ms": 9.665023803710938}
{"event": "sample", "n": 513, "mode": "forward_backward", "round": 2, "block": 0, "label": "A", "sample": 4, "ms": 9.666560173034668}
{"event": "sample", "n": 513, "mode": "forward_backward", "round": 2, "block": 0, "label": "A", "sample": 5, "ms": 9.672927856445312}
{"event": "sample", "n": 513, "mode": "forward_backward", "round": 2, "block": 0, "label": "A", "sample": 6, "ms": 9.67414379119873}
{"event": "sample", "n": 513, "mode": "forward_backward", "round": 2, "block": 0, "label": "A", "sample": 7, "ms": 9.680607795715332}
{"event": "sample", "n": 513, "mode": "forward_backward", "round": 2, "block": 0, "label": "A", "sample": 8, "ms": 9.670111656188965}
{"event": "sample", "n": 513, "mode": "forward_backward", "round": 2, "block": 0, "label": "A", "sample": 9, "ms": 9.663968086242676}
{"event": "sample", "n": 513, "mode": "forward_backward", "round": 2, "block": 1, "label": "B", "sample": 0, "ms": 10.493663787841797}
{"event": "sample", "n": 513, "mode": "forward_backward", "round": 2, "block": 1, "label": "B", "sample": 1, "ms": 9.621376037597656}
{"event": "sample", "n": 513, "mode": "forward_backward", "round": 2, "block": 1, "label": "B", "sample": 2, "ms": 9.61564826965332}
{"event": "sample", "n": 513, "mode": "forward_backward", "round": 2, "block": 1, "label": "B", "sample": 3, "ms": 9.619744300842285}
{"event": "sample", "n": 513, "mode": "forward_backward", "round": 2, "block": 1, "label": "B", "sample": 4, "ms": 9.61731243133545}
{"event": "sample", "n": 513, "mode": "forward_backward", "round": 2, "block": 1, "label": "B", "sample": 5, "ms": 9.630208015441895}
{"event": "sample", "n": 513, "mode": "forward_backward", "round": 2, "block": 1, "label": "B", "sample": 6, "ms": 9.609472274780273}
{"event": "sample", "n": 513, "mode": "forward_backward", "round": 2, "block": 1, "label": "B", "sample": 7, "ms": 9.609855651855469}
{"event": "sample", "n": 513, "mode": "forward_backward", "round": 2, "block": 1, "label": "B", "sample": 8, "ms": 9.614784240722656}
{"event": "sample", "n": 513, "mode": "forward_backward", "round": 2, "block": 1, "label": "B", "sample": 9, "ms": 9.611583709716797}
{"event": "sample", "n": 513, "mode": "forward_backward", "round": 2, "block": 2, "label": "B", "sample": 0, "ms": 10.013919830322266}
{"event": "sample", "n": 513, "mode": "forward_backward", "round": 2, "block": 2, "label": "B", "sample": 1, "ms": 9.60534381866455}
{"event": "sample", "n": 513, "mode": "forward_backward", "round": 2, "block": 2, "label": "B", "sample": 2, "ms": 9.61616039276123}
{"event": "sample", "n": 513, "mode": "forward_backward", "round": 2, "block": 2, "label": "B", "sample": 3, "ms": 9.606111526489258}
{"event": "sample", "n": 513, "mode": "forward_backward", "round": 2, "block": 2, "label": "B", "sample": 4, "ms": 9.621631622314453}
{"event": "sample", "n": 513, "mode": "forward_backward", "round": 2, "block": 2, "label": "B", "sample": 5, "ms": 9.606368064880371}
{"event": "sample", "n": 513, "mode": "forward_backward", "round": 2, "block": 2, "label": "B", "sample": 6, "ms": 9.622719764709473}
{"event": "sample", "n": 513, "mode": "forward_backward", "round": 2, "block": 2, "label": "B", "sample": 7, "ms": 9.61683177947998}
{"event": "sample", "n": 513, "mode": "forward_backward", "round": 2, "block": 2, "label": "B", "sample": 8, "ms": 9.624896049499512}
{"event": "sample", "n": 513, "mode": "forward_backward", "round": 2, "block": 2, "label": "B", "sample": 9, "ms": 9.62508773803711}
{"event": "sample", "n": 513, "mode": "forward_backward", "round": 2, "block": 3, "label": "A", "sample": 0, "ms": 10.120672225952148}
{"event": "sample", "n": 513, "mode": "forward_backward", "round": 2, "block": 3, "label": "A", "sample": 1, "ms": 9.67084789276123}
{"event": "sample", "n": 513, "mode": "forward_backward", "round": 2, "block": 3, "label": "A", "sample": 2, "ms": 9.665696144104004}
{"event": "sample", "n": 513, "mode": "forward_backward", "round": 2, "block": 3, "label": "A", "sample": 3, "ms": 9.671775817871094}
{"event": "sample", "n": 513, "mode": "forward_backward", "round": 2, "block": 3, "label": "A", "sample": 4, "ms": 9.6725435256958}
{"event": "sample", "n": 513, "mode": "forward_backward", "round": 2, "block": 3, "label": "A", "sample": 5, "ms": 9.668959617614746}
{"event": "sample", "n": 513, "mode": "forward_backward", "round": 2, "block": 3, "label": "A", "sample": 6, "ms": 9.656160354614258}
{"event": "sample", "n": 513, "mode": "forward_backward", "round": 2, "block": 3, "label": "A", "sample": 7, "ms": 9.669055938720703}
{"event": "sample", "n": 513, "mode": "forward_backward", "round": 2, "block": 3, "label": "A", "sample": 8, "ms": 9.65772819519043}
{"event": "sample", "n": 513, "mode": "forward_backward", "round": 2, "block": 3, "label": "A", "sample": 9, "ms": 9.66096019744873}
{"event": "summary", "n": 513, "mode": "forward_backward", "median_ms": {"A": 9.670720100402832, "B": 9.621999740600586}, "speedup": 1.0050634339135, "samples_per_label": 60}
{"event": "parity", "n": 640, "checks": {"output": {"relative_l2": 0.0, "baseline_zero_max_abs_diagnostic": 0.0, "passed": true}, "dq": {"relative_l2": 1.6918069377425127e-05, "baseline_zero_max_abs_diagnostic": 0.0, "passed": true}, "dk": {"relative_l2": 0.0, "baseline_zero_max_abs_diagnostic": 0.0, "passed": true}, "dv": {"relative_l2": 0.0, "baseline_zero_max_abs_diagnostic": 0.0, "passed": true}, "db": {"relative_l2": 2.9136232114979066e-05, "baseline_zero_max_abs_diagnostic": 0.0, "passed": true}}, "independent_reference": false}
{"event": "forward_configs", "n": 640, "configs": {"previous_fused_4b832de": {"kwargs": {"BLOCK_J": 64, "BLOCK_K": 64}, "num_warps": 4, "num_stages": 3, "num_ctas": 1, "maxnreg": null}, "optimized_fused": {"kwargs": {"BLOCK_J": 64, "BLOCK_K": 64}, "num_warps": 4, "num_stages": 2, "num_ctas": 1, "maxnreg": 96}}}
{"event": "memory", "n": 640, "measurements": {"A": {"peak_increment_bytes": 1000755200, "retained_increment_bytes": 845414400}, "B": {"peak_increment_bytes": 1000755200, "retained_increment_bytes": 845414400}}}
{"event": "sample", "n": 640, "mode": "forward", "round": 0, "block": 0, "label": "A", "sample": 0, "ms": 3.0413761138916016}
{"event": "sample", "n": 640, "mode": "forward", "round": 0, "block": 0, "label": "A", "sample": 1, "ms": 2.7254080772399902}
{"event": "sample", "n": 640, "mode": "forward", "round": 0, "block": 0, "label": "A", "sample": 2, "ms": 2.7264959812164307}
{"event": "sample", "n": 640, "mode": "forward", "round": 0, "block": 0, "label": "A", "sample": 3, "ms": 2.7274880409240723}
{"event": "sample", "n": 640, "mode": "forward", "round": 0, "block": 0, "label": "A", "sample": 4, "ms": 2.7276480197906494}
{"event": "sample", "n": 640, "mode": "forward", "round": 0, "block": 0, "label": "A", "sample": 5, "ms": 2.7277441024780273}
{"event": "sample", "n": 640, "mode": "forward", "round": 0, "block": 0, "label": "A", "sample": 6, "ms": 2.7275519371032715}
{"event": "sample", "n": 640, "mode": "forward", "round": 0, "block": 0, "label": "A", "sample": 7, "ms": 2.727679967880249}
{"event": "sample", "n": 640, "mode": "forward", "round": 0, "block": 0, "label": "A", "sample": 8, "ms": 2.7279040813446045}
{"event": "sample", "n": 640, "mode": "forward", "round": 0, "block": 0, "label": "A", "sample": 9, "ms": 2.7279999256134033}
{"event": "sample", "n": 640, "mode": "forward", "round": 0, "block": 1, "label": "B", "sample": 0, "ms": 2.9820480346679688}
{"event": "sample", "n": 640, "mode": "forward", "round": 0, "block": 1, "label": "B", "sample": 1, "ms": 2.6757760047912598}
{"event": "sample", "n": 640, "mode": "forward", "round": 0, "block": 1, "label": "B", "sample": 2, "ms": 2.6767361164093018}
{"event": "sample", "n": 640, "mode": "forward", "round": 0, "block": 1, "label": "B", "sample": 3, "ms": 2.675584077835083}
{"event": "sample", "n": 640, "mode": "forward", "round": 0, "block": 1, "label": "B", "sample": 4, "ms": 2.676192045211792}
{"event": "sample", "n": 640, "mode": "forward", "round": 0, "block": 1, "label": "B", "sample": 5, "ms": 2.676192045211792}
{"event": "sample", "n": 640, "mode": "forward", "round": 0, "block": 1, "label": "B", "sample": 6, "ms": 2.676192045211792}
{"event": "sample", "n": 640, "mode": "forward", "round": 0, "block": 1, "label": "B", "sample": 7, "ms": 2.6766719818115234}
{"event": "sample", "n": 640, "mode": "forward", "round": 0, "block": 1, "label": "B", "sample": 8, "ms": 2.675391912460327}
{"event": "sample", "n": 640, "mode": "forward", "round": 0, "block": 1, "label": "B", "sample": 9, "ms": 2.6755199432373047}
{"event": "sample", "n": 640, "mode": "forward", "round": 0, "block": 2, "label": "B", "sample": 0, "ms": 3.0012800693511963}
{"event": "sample", "n": 640, "mode": "forward", "round": 0, "block": 2, "label": "B", "sample": 1, "ms": 2.6769919395446777}
{"event": "sample", "n": 640, "mode": "forward", "round": 0, "block": 2, "label": "B", "sample": 2, "ms": 2.675136089324951}
{"event": "sample", "n": 640, "mode": "forward", "round": 0, "block": 2, "label": "B", "sample": 3, "ms": 2.676095962524414}
{"event": "sample", "n": 640, "mode": "forward", "round": 0, "block": 2, "label": "B", "sample": 4, "ms": 2.67523193359375}
{"event": "sample", "n": 640, "mode": "forward", "round": 0, "block": 2, "label": "B", "sample": 5, "ms": 2.6767680644989014}
{"event": "sample", "n": 640, "mode": "forward", "round": 0, "block": 2, "label": "B", "sample": 6, "ms": 2.676095962524414}
{"event": "sample", "n": 640, "mode": "forward", "round": 0, "block": 2, "label": "B", "sample": 7, "ms": 2.6769280433654785}
{"event": "sample", "n": 640, "mode": "forward", "round": 0, "block": 2, "label": "B", "sample": 8, "ms": 2.6758079528808594}
{"event": "sample", "n": 640, "mode": "forward", "round": 0, "block": 2, "label": "B", "sample": 9, "ms": 2.6763839721679688}
{"event": "sample", "n": 640, "mode": "forward", "round": 0, "block": 3, "label": "A", "sample": 0, "ms": 3.078687906265259}
{"event": "sample", "n": 640, "mode": "forward", "round": 0, "block": 3, "label": "A", "sample": 1, "ms": 2.7255361080169678}
{"event": "sample", "n": 640, "mode": "forward", "round": 0, "block": 3, "label": "A", "sample": 2, "ms": 2.726912021636963}
{"event": "sample", "n": 640, "mode": "forward", "round": 0, "block": 3, "label": "A", "sample": 3, "ms": 2.7279999256134033}
{"event": "sample", "n": 640, "mode": "forward", "round": 0, "block": 3, "label": "A", "sample": 4, "ms": 2.7283198833465576}
{"event": "sample", "n": 640, "mode": "forward", "round": 0, "block": 3, "label": "A", "sample": 5, "ms": 2.728127956390381}
{"event": "sample", "n": 640, "mode": "forward", "round": 0, "block": 3, "label": "A", "sample": 6, "ms": 2.7277119159698486}
{"event": "sample", "n": 640, "mode": "forward", "round": 0, "block": 3, "label": "A", "sample": 7, "ms": 2.7285759449005127}
{"event": "sample", "n": 640, "mode": "forward", "round": 0, "block": 3, "label": "A", "sample": 8, "ms": 2.7279679775238037}
{"event": "sample", "n": 640, "mode": "forward", "round": 0, "block": 3, "label": "A", "sample": 9, "ms": 2.727871894836426}
{"event": "sample", "n": 640, "mode": "forward", "round": 1, "block": 0, "label": "A", "sample": 0, "ms": 3.0565760135650635}
{"event": "sample", "n": 640, "mode": "forward", "round": 1, "block": 0, "label": "A", "sample": 1, "ms": 2.7249600887298584}
{"event": "sample", "n": 640, "mode": "forward", "round": 1, "block": 0, "label": "A", "sample": 2, "ms": 2.727008104324341}
{"event": "sample", "n": 640, "mode": "forward", "round": 1, "block": 0, "label": "A", "sample": 3, "ms": 2.727936029434204}
{"event": "sample", "n": 640, "mode": "forward", "round": 1, "block": 0, "label": "A", "sample": 4, "ms": 2.7285759449005127}
{"event": "sample", "n": 640, "mode": "forward", "round": 1, "block": 0, "label": "A", "sample": 5, "ms": 2.7274560928344727}
{"event": "sample", "n": 640, "mode": "forward", "round": 1, "block": 0, "label": "A", "sample": 6, "ms": 2.7281599044799805}
{"event": "sample", "n": 640, "mode": "forward", "round": 1, "block": 0, "label": "A", "sample": 7, "ms": 2.7274560928344727}
{"event": "sample", "n": 640, "mode": "forward", "round": 1, "block": 0, "label": "A", "sample": 8, "ms": 2.729055881500244}
{"event": "sample", "n": 640, "mode": "forward", "round": 1, "block": 0, "label": "A", "sample": 9, "ms": 2.7359039783477783}
{"event": "sample", "n": 640, "mode": "forward", "round": 1, "block": 1, "label": "B", "sample": 0, "ms": 3.02508807182312}
{"event": "sample", "n": 640, "mode": "forward", "round": 1, "block": 1, "label": "B", "sample": 1, "ms": 2.6822080612182617}
{"event": "sample", "n": 640, "mode": "forward", "round": 1, "block": 1, "label": "B", "sample": 2, "ms": 2.6819839477539062}
{"event": "sample", "n": 640, "mode": "forward", "round": 1, "block": 1, "label": "B", "sample": 3, "ms": 2.6822080612182617}
{"event": "sample", "n": 640, "mode": "forward", "round": 1, "block": 1, "label": "B", "sample": 4, "ms": 2.6814401149749756}
{"event": "sample", "n": 640, "mode": "forward", "round": 1, "block": 1, "label": "B", "sample": 5, "ms": 2.6813759803771973}
{"event": "sample", "n": 640, "mode": "forward", "round": 1, "block": 1, "label": "B", "sample": 6, "ms": 2.681312084197998}
{"event": "sample", "n": 640, "mode": "forward", "round": 1, "block": 1, "label": "B", "sample": 7, "ms": 2.6823039054870605}
{"event": "sample", "n": 640, "mode": "forward", "round": 1, "block": 1, "label": "B", "sample": 8, "ms": 2.6818881034851074}
{"event": "sample", "n": 640, "mode": "forward", "round": 1, "block": 1, "label": "B", "sample": 9, "ms": 2.68121600151062}
{"event": "sample", "n": 640, "mode": "forward", "round": 1, "block": 2, "label": "B", "sample": 0, "ms": 2.9804160594940186}
{"event": "sample", "n": 640, "mode": "forward", "round": 1, "block": 2, "label": "B", "sample": 1, "ms": 2.680959939956665}
{"event": "sample", "n": 640, "mode": "forward", "round": 1, "block": 2, "label": "B", "sample": 2, "ms": 2.680799961090088}
{"event": "sample", "n": 640, "mode": "forward", "round": 1, "block": 2, "label": "B", "sample": 3, "ms": 2.681567907333374}
{"event": "sample", "n": 640, "mode": "forward", "round": 1, "block": 2, "label": "B", "sample": 4, "ms": 2.681472063064575}
{"event": "sample", "n": 640, "mode": "forward", "round": 1, "block": 2, "label": "B", "sample": 5, "ms": 2.6818881034851074}
{"event": "sample", "n": 640, "mode": "forward", "round": 1, "block": 2, "label": "B", "sample": 6, "ms": 2.681663990020752}
{"event": "sample", "n": 640, "mode": "forward", "round": 1, "block": 2, "label": "B", "sample": 7, "ms": 2.6813759803771973}
{"event": "sample", "n": 640, "mode": "forward", "round": 1, "block": 2, "label": "B", "sample": 8, "ms": 2.68121600151062}
{"event": "sample", "n": 640, "mode": "forward", "round": 1, "block": 2, "label": "B", "sample": 9, "ms": 2.68176007270813}
{"event": "sample", "n": 640, "mode": "forward", "round": 1, "block": 3, "label": "A", "sample": 0, "ms": 3.0912320613861084}
{"event": "sample", "n": 640, "mode": "forward", "round": 1, "block": 3, "label": "A", "sample": 1, "ms": 2.731328010559082}
{"event": "sample", "n": 640, "mode": "forward", "round": 1, "block": 3, "label": "A", "sample": 2, "ms": 2.733311891555786}
{"event": "sample", "n": 640, "mode": "forward", "round": 1, "block": 3, "label": "A", "sample": 3, "ms": 2.733407974243164}
{"event": "sample", "n": 640, "mode": "forward", "round": 1, "block": 3, "label": "A", "sample": 4, "ms": 2.733664035797119}
{"event": "sample", "n": 640, "mode": "forward", "round": 1, "block": 3, "label": "A", "sample": 5, "ms": 2.7333760261535645}
{"event": "sample", "n": 640, "mode": "forward", "round": 1, "block": 3, "label": "A", "sample": 6, "ms": 2.7329280376434326}
{"event": "sample", "n": 640, "mode": "forward", "round": 1, "block": 3, "label": "A", "sample": 7, "ms": 2.7340800762176514}
{"event": "sample", "n": 640, "mode": "forward", "round": 1, "block": 3, "label": "A", "sample": 8, "ms": 2.7334399223327637}
{"event": "sample", "n": 640, "mode": "forward", "round": 1, "block": 3, "label": "A", "sample": 9, "ms": 2.732192039489746}
{"event": "sample", "n": 640, "mode": "forward", "round": 2, "block": 0, "label": "A", "sample": 0, "ms": 3.0904319286346436}
{"event": "sample", "n": 640, "mode": "forward", "round": 2, "block": 0, "label": "A", "sample": 1, "ms": 2.7311360836029053}
{"event": "sample", "n": 640, "mode": "forward", "round": 2, "block": 0, "label": "A", "sample": 2, "ms": 2.733760118484497}
{"event": "sample", "n": 640, "mode": "forward", "round": 2, "block": 0, "label": "A", "sample": 3, "ms": 2.733664035797119}
{"event": "sample", "n": 640, "mode": "forward", "round": 2, "block": 0, "label": "A", "sample": 4, "ms": 2.733504056930542}
{"event": "sample", "n": 640, "mode": "forward", "round": 2, "block": 0, "label": "A", "sample": 5, "ms": 2.7301440238952637}
{"event": "sample", "n": 640, "mode": "forward", "round": 2, "block": 0, "label": "A", "sample": 6, "ms": 2.7273600101470947}
{"event": "sample", "n": 640, "mode": "forward", "round": 2, "block": 0, "label": "A", "sample": 7, "ms": 2.7273919582366943}
{"event": "sample", "n": 640, "mode": "forward", "round": 2, "block": 0, "label": "A", "sample": 8, "ms": 2.7282559871673584}
{"event": "sample", "n": 640, "mode": "forward", "round": 2, "block": 0, "label": "A", "sample": 9, "ms": 2.7272961139678955}
{"event": "sample", "n": 640, "mode": "forward", "round": 2, "block": 1, "label": "B", "sample": 0, "ms": 2.9995839595794678}
{"event": "sample", "n": 640, "mode": "forward", "round": 2, "block": 1, "label": "B", "sample": 1, "ms": 2.675328016281128}
{"event": "sample", "n": 640, "mode": "forward", "round": 2, "block": 1, "label": "B", "sample": 2, "ms": 2.6758079528808594}
{"event": "sample", "n": 640, "mode": "forward", "round": 2, "block": 1, "label": "B", "sample": 3, "ms": 2.675839900970459}
{"event": "sample", "n": 640, "mode": "forward", "round": 2, "block": 1, "label": "B", "sample": 4, "ms": 2.6746881008148193}
{"event": "sample", "n": 640, "mode": "forward", "round": 2, "block": 1, "label": "B", "sample": 5, "ms": 2.6767680644989014}
{"event": "sample", "n": 640, "mode": "forward", "round": 2, "block": 1, "label": "B", "sample": 6, "ms": 2.6748480796813965}
{"event": "sample", "n": 640, "mode": "forward", "round": 2, "block": 1, "label": "B", "sample": 7, "ms": 2.6766719818115234}
{"event": "sample", "n": 640, "mode": "forward", "round": 2, "block": 1, "label": "B", "sample": 8, "ms": 2.6759040355682373}
{"event": "sample", "n": 640, "mode": "forward", "round": 2, "block": 1, "label": "B", "sample": 9, "ms": 2.6770238876342773}
{"event": "sample", "n": 640, "mode": "forward", "round": 2, "block": 2, "label": "B", "sample": 0, "ms": 3.0015358924865723}
{"event": "sample", "n": 640, "mode": "forward", "round": 2, "block": 2, "label": "B", "sample": 1, "ms": 2.677504062652588}
{"event": "sample", "n": 640, "mode": "forward", "round": 2, "block": 2, "label": "B", "sample": 2, "ms": 2.6770238876342773}
{"event": "sample", "n": 640, "mode": "forward", "round": 2, "block": 2, "label": "B", "sample": 3, "ms": 2.6757760047912598}
{"event": "sample", "n": 640, "mode": "forward", "round": 2, "block": 2, "label": "B", "sample": 4, "ms": 2.674623966217041}
{"event": "sample", "n": 640, "mode": "forward", "round": 2, "block": 2, "label": "B", "sample": 5, "ms": 2.676543951034546}
{"event": "sample", "n": 640, "mode": "forward", "round": 2, "block": 2, "label": "B", "sample": 6, "ms": 2.675168037414551}
{"event": "sample", "n": 640, "mode": "forward", "round": 2, "block": 2, "label": "B", "sample": 7, "ms": 2.675679922103882}
{"event": "sample", "n": 640, "mode": "forward", "round": 2, "block": 2, "label": "B", "sample": 8, "ms": 2.6755199432373047}
{"event": "sample", "n": 640, "mode": "forward", "round": 2, "block": 2, "label": "B", "sample": 9, "ms": 2.676255941390991}
{"event": "sample", "n": 640, "mode": "forward", "round": 2, "block": 3, "label": "A", "sample": 0, "ms": 3.0638720989227295}
{"event": "sample", "n": 640, "mode": "forward", "round": 2, "block": 3, "label": "A", "sample": 1, "ms": 2.7250559329986572}
{"event": "sample", "n": 640, "mode": "forward", "round": 2, "block": 3, "label": "A", "sample": 2, "ms": 2.726655960083008}
{"event": "sample", "n": 640, "mode": "forward", "round": 2, "block": 3, "label": "A", "sample": 3, "ms": 2.7271039485931396}
{"event": "sample", "n": 640, "mode": "forward", "round": 2, "block": 3, "label": "A", "sample": 4, "ms": 2.727583885192871}
{"event": "sample", "n": 640, "mode": "forward", "round": 2, "block": 3, "label": "A", "sample": 5, "ms": 2.7272000312805176}
{"event": "sample", "n": 640, "mode": "forward", "round": 2, "block": 3, "label": "A", "sample": 6, "ms": 2.728192090988159}
{"event": "sample", "n": 640, "mode": "forward", "round": 2, "block": 3, "label": "A", "sample": 7, "ms": 2.727583885192871}
{"event": "sample", "n": 640, "mode": "forward", "round": 2, "block": 3, "label": "A", "sample": 8, "ms": 2.7279999256134033}
{"event": "sample", "n": 640, "mode": "forward", "round": 2, "block": 3, "label": "A", "sample": 9, "ms": 2.73036789894104}
{"event": "summary", "n": 640, "mode": "forward", "median_ms": {"A": 2.728063941001892, "B": 2.6767680644989014}, "speedup": 1.019163362408313, "samples_per_label": 60}
{"event": "sample", "n": 640, "mode": "backward", "round": 0, "block": 0, "label": "A", "sample": 0, "ms": 10.738783836364746}
{"event": "sample", "n": 640, "mode": "backward", "round": 0, "block": 0, "label": "A", "sample": 1, "ms": 10.603008270263672}
{"event": "sample", "n": 640, "mode": "backward", "round": 0, "block": 0, "label": "A", "sample": 2, "ms": 10.59113597869873}
{"event": "sample", "n": 640, "mode": "backward", "round": 0, "block": 0, "label": "A", "sample": 3, "ms": 10.572928428649902}
{"event": "sample", "n": 640, "mode": "backward", "round": 0, "block": 0, "label": "A", "sample": 4, "ms": 10.564543724060059}
{"event": "sample", "n": 640, "mode": "backward", "round": 0, "block": 0, "label": "A", "sample": 5, "ms": 10.588831901550293}
{"event": "sample", "n": 640, "mode": "backward", "round": 0, "block": 0, "label": "A", "sample": 6, "ms": 10.568160057067871}
{"event": "sample", "n": 640, "mode": "backward", "round": 0, "block": 0, "label": "A", "sample": 7, "ms": 10.565312385559082}
{"event": "sample", "n": 640, "mode": "backward", "round": 0, "block": 0, "label": "A", "sample": 8, "ms": 10.570240020751953}
{"event": "sample", "n": 640, "mode": "backward", "round": 0, "block": 0, "label": "A", "sample": 9, "ms": 10.569024085998535}
{"event": "sample", "n": 640, "mode": "backward", "round": 0, "block": 1, "label": "B", "sample": 0, "ms": 10.72652816772461}
{"event": "sample", "n": 640, "mode": "backward", "round": 0, "block": 1, "label": "B", "sample": 1, "ms": 10.559679985046387}
{"event": "sample", "n": 640, "mode": "backward", "round": 0, "block": 1, "label": "B", "sample": 2, "ms": 10.616767883300781}
{"event": "sample", "n": 640, "mode": "backward", "round": 0, "block": 1, "label": "B", "sample": 3, "ms": 10.602911949157715}
{"event": "sample", "n": 640, "mode": "backward", "round": 0, "block": 1, "label": "B", "sample": 4, "ms": 10.61030387878418}
{"event": "sample", "n": 640, "mode": "backward", "round": 0, "block": 1, "label": "B", "sample": 5, "ms": 10.585408210754395}
{"event": "sample", "n": 640, "mode": "backward", "round": 0, "block": 1, "label": "B", "sample": 6, "ms": 10.602592468261719}
{"event": "sample", "n": 640, "mode": "backward", "round": 0, "block": 1, "label": "B", "sample": 7, "ms": 10.597951889038086}
{"event": "sample", "n": 640, "mode": "backward", "round": 0, "block": 1, "label": "B", "sample": 8, "ms": 10.617568016052246}
{"event": "sample", "n": 640, "mode": "backward", "round": 0, "block": 1, "label": "B", "sample": 9, "ms": 10.588543891906738}
{"event": "sample", "n": 640, "mode": "backward", "round": 0, "block": 2, "label": "B", "sample": 0, "ms": 10.7674560546875}
{"event": "sample", "n": 640, "mode": "backward", "round": 0, "block": 2, "label": "B", "sample": 1, "ms": 10.588640213012695}
{"event": "sample", "n": 640, "mode": "backward", "round": 0, "block": 2, "label": "B", "sample": 2, "ms": 10.575039863586426}
{"event": "sample", "n": 640, "mode": "backward", "round": 0, "block": 2, "label": "B", "sample": 3, "ms": 10.567551612854004}
{"event": "sample", "n": 640, "mode": "backward", "round": 0, "block": 2, "label": "B", "sample": 4, "ms": 10.572575569152832}
{"event": "sample", "n": 640, "mode": "backward", "round": 0, "block": 2, "label": "B", "sample": 5, "ms": 10.57795238494873}
{"event": "sample", "n": 640, "mode": "backward", "round": 0, "block": 2, "label": "B", "sample": 6, "ms": 10.573023796081543}
{"event": "sample", "n": 640, "mode": "backward", "round": 0, "block": 2, "label": "B", "sample": 7, "ms": 10.577823638916016}
{"event": "sample", "n": 640, "mode": "backward", "round": 0, "block": 2, "label": "B", "sample": 8, "ms": 10.573151588439941}
{"event": "sample", "n": 640, "mode": "backward", "round": 0, "block": 2, "label": "B", "sample": 9, "ms": 10.577407836914062}
{"event": "sample", "n": 640, "mode": "backward", "round": 0, "block": 3, "label": "A", "sample": 0, "ms": 10.728896141052246}
{"event": "sample", "n": 640, "mode": "backward", "round": 0, "block": 3, "label": "A", "sample": 1, "ms": 10.608768463134766}
{"event": "sample", "n": 640, "mode": "backward", "round": 0, "block": 3, "label": "A", "sample": 2, "ms": 10.605567932128906}
{"event": "sample", "n": 640, "mode": "backward", "round": 0, "block": 3, "label": "A", "sample": 3, "ms": 10.600831985473633}
{"event": "sample", "n": 640, "mode": "backward", "round": 0, "block": 3, "label": "A", "sample": 4, "ms": 10.594976425170898}
{"event": "sample", "n": 640, "mode": "backward", "round": 0, "block": 3, "label": "A", "sample": 5, "ms": 10.606240272521973}
{"event": "sample", "n": 640, "mode": "backward", "round": 0, "block": 3, "label": "A", "sample": 6, "ms": 10.597344398498535}
{"event": "sample", "n": 640, "mode": "backward", "round": 0, "block": 3, "label": "A", "sample": 7, "ms": 10.601280212402344}
{"event": "sample", "n": 640, "mode": "backward", "round": 0, "block": 3, "label": "A", "sample": 8, "ms": 10.595040321350098}
{"event": "sample", "n": 640, "mode": "backward", "round": 0, "block": 3, "label": "A", "sample": 9, "ms": 10.606623649597168}
{"event": "sample", "n": 640, "mode": "backward", "round": 1, "block": 0, "label": "A", "sample": 0, "ms": 10.731616020202637}
{"event": "sample", "n": 640, "mode": "backward", "round": 1, "block": 0, "label": "A", "sample": 1, "ms": 10.572575569152832}
{"event": "sample", "n": 640, "mode": "backward", "round": 1, "block": 0, "label": "A", "sample": 2, "ms": 10.575712203979492}
{"event": "sample", "n": 640, "mode": "backward", "round": 1, "block": 0, "label": "A", "sample": 3, "ms": 10.559488296508789}
{"event": "sample", "n": 640, "mode": "backward", "round": 1, "block": 0, "label": "A", "sample": 4, "ms": 10.577343940734863}
{"event": "sample", "n": 640, "mode": "backward", "round": 1, "block": 0, "label": "A", "sample": 5, "ms": 10.576512336730957}
{"event": "sample", "n": 640, "mode": "backward", "round": 1, "block": 0, "label": "A", "sample": 6, "ms": 10.569087982177734}
{"event": "sample", "n": 640, "mode": "backward", "round": 1, "block": 0, "label": "A", "sample": 7, "ms": 10.582880020141602}
{"event": "sample", "n": 640, "mode": "backward", "round": 1, "block": 0, "label": "A", "sample": 8, "ms": 10.575167655944824}
{"event": "sample", "n": 640, "mode": "backward", "round": 1, "block": 0, "label": "A", "sample": 9, "ms": 10.576095581054688}
{"event": "sample", "n": 640, "mode": "backward", "round": 1, "block": 1, "label": "B", "sample": 0, "ms": 10.728416442871094}
{"event": "sample", "n": 640, "mode": "backward", "round": 1, "block": 1, "label": "B", "sample": 1, "ms": 10.60041618347168}
{"event": "sample", "n": 640, "mode": "backward", "round": 1, "block": 1, "label": "B", "sample": 2, "ms": 10.618720054626465}
{"event": "sample", "n": 640, "mode": "backward", "round": 1, "block": 1, "label": "B", "sample": 3, "ms": 10.600543975830078}
{"event": "sample", "n": 640, "mode": "backward", "round": 1, "block": 1, "label": "B", "sample": 4, "ms": 10.594400405883789}
{"event": "sample", "n": 640, "mode": "backward", "round": 1, "block": 1, "label": "B", "sample": 5, "ms": 10.60217571258545}
{"event": "sample", "n": 640, "mode": "backward", "round": 1, "block": 1, "label": "B", "sample": 6, "ms": 10.595552444458008}
{"event": "sample", "n": 640, "mode": "backward", "round": 1, "block": 1, "label": "B", "sample": 7, "ms": 10.59727954864502}
{"event": "sample", "n": 640, "mode": "backward", "round": 1, "block": 1, "label": "B", "sample": 8, "ms": 10.602208137512207}
{"event": "sample", "n": 640, "mode": "backward", "round": 1, "block": 1, "label": "B", "sample": 9, "ms": 10.559359550476074}
{"event": "sample", "n": 640, "mode": "backward", "round": 1, "block": 2, "label": "B", "sample": 0, "ms": 10.731583595275879}
{"event": "sample", "n": 640, "mode": "backward", "round": 1, "block": 2, "label": "B", "sample": 1, "ms": 10.571264266967773}
{"event": "sample", "n": 640, "mode": "backward", "round": 1, "block": 2, "label": "B", "sample": 2, "ms": 10.582015991210938}
{"event": "sample", "n": 640, "mode": "backward", "round": 1, "block": 2, "label": "B", "sample": 3, "ms": 10.580575942993164}
{"event": "sample", "n": 640, "mode": "backward", "round": 1, "block": 2, "label": "B", "sample": 4, "ms": 10.574336051940918}
{"event": "sample", "n": 640, "mode": "backward", "round": 1, "block": 2, "label": "B", "sample": 5, "ms": 10.565312385559082}
{"event": "sample", "n": 640, "mode": "backward", "round": 1, "block": 2, "label": "B", "sample": 6, "ms": 10.575167655944824}
{"event": "sample", "n": 640, "mode": "backward", "round": 1, "block": 2, "label": "B", "sample": 7, "ms": 10.583807945251465}
{"event": "sample", "n": 640, "mode": "backward", "round": 1, "block": 2, "label": "B", "sample": 8, "ms": 10.56668758392334}
{"event": "sample", "n": 640, "mode": "backward", "round": 1, "block": 2, "label": "B", "sample": 9, "ms": 10.584383964538574}
{"event": "sample", "n": 640, "mode": "backward", "round": 1, "block": 3, "label": "A", "sample": 0, "ms": 10.953760147094727}
{"event": "sample", "n": 640, "mode": "backward", "round": 1, "block": 3, "label": "A", "sample": 1, "ms": 10.574336051940918}
{"event": "sample", "n": 640, "mode": "backward", "round": 1, "block": 3, "label": "A", "sample": 2, "ms": 10.565216064453125}
{"event": "sample", "n": 640, "mode": "backward", "round": 1, "block": 3, "label": "A", "sample": 3, "ms": 10.571488380432129}
{"event": "sample", "n": 640, "mode": "backward", "round": 1, "block": 3, "label": "A", "sample": 4, "ms": 10.560256004333496}
{"event": "sample", "n": 640, "mode": "backward", "round": 1, "block": 3, "label": "A", "sample": 5, "ms": 10.574943542480469}
{"event": "sample", "n": 640, "mode": "backward", "round": 1, "block": 3, "label": "A", "sample": 6, "ms": 10.565183639526367}
{"event": "sample", "n": 640, "mode": "backward", "round": 1, "block": 3, "label": "A", "sample": 7, "ms": 10.573247909545898}
{"event": "sample", "n": 640, "mode": "backward", "round": 1, "block": 3, "label": "A", "sample": 8, "ms": 10.570943832397461}
{"event": "sample", "n": 640, "mode": "backward", "round": 1, "block": 3, "label": "A", "sample": 9, "ms": 10.564607620239258}
{"event": "sample", "n": 640, "mode": "backward", "round": 2, "block": 0, "label": "A", "sample": 0, "ms": 10.738335609436035}
{"event": "sample", "n": 640, "mode": "backward", "round": 2, "block": 0, "label": "A", "sample": 1, "ms": 10.571200370788574}
{"event": "sample", "n": 640, "mode": "backward", "round": 2, "block": 0, "label": "A", "sample": 2, "ms": 10.57750415802002}
{"event": "sample", "n": 640, "mode": "backward", "round": 2, "block": 0, "label": "A", "sample": 3, "ms": 10.574432373046875}
{"event": "sample", "n": 640, "mode": "backward", "round": 2, "block": 0, "label": "A", "sample": 4, "ms": 10.566720008850098}
{"event": "sample", "n": 640, "mode": "backward", "round": 2, "block": 0, "label": "A", "sample": 5, "ms": 10.575167655944824}
{"event": "sample", "n": 640, "mode": "backward", "round": 2, "block": 0, "label": "A", "sample": 6, "ms": 10.583135604858398}
{"event": "sample", "n": 640, "mode": "backward", "round": 2, "block": 0, "label": "A", "sample": 7, "ms": 10.60211181640625}
{"event": "sample", "n": 640, "mode": "backward", "round": 2, "block": 0, "label": "A", "sample": 8, "ms": 10.593503952026367}
{"event": "sample", "n": 640, "mode": "backward", "round": 2, "block": 0, "label": "A", "sample": 9, "ms": 10.598048210144043}
{"event": "sample", "n": 640, "mode": "backward", "round": 2, "block": 1, "label": "B", "sample": 0, "ms": 10.752896308898926}
{"event": "sample", "n": 640, "mode": "backward", "round": 2, "block": 1, "label": "B", "sample": 1, "ms": 10.595328330993652}
{"event": "sample", "n": 640, "mode": "backward", "round": 2, "block": 1, "label": "B", "sample": 2, "ms": 10.5982084274292}
{"event": "sample", "n": 640, "mode": "backward", "round": 2, "block": 1, "label": "B", "sample": 3, "ms": 10.602592468261719}
{"event": "sample", "n": 640, "mode": "backward", "round": 2, "block": 1, "label": "B", "sample": 4, "ms": 10.587200164794922}
{"event": "sample", "n": 640, "mode": "backward", "round": 2, "block": 1, "label": "B", "sample": 5, "ms": 10.607168197631836}
{"event": "sample", "n": 640, "mode": "backward", "round": 2, "block": 1, "label": "B", "sample": 6, "ms": 10.583392143249512}
{"event": "sample", "n": 640, "mode": "backward", "round": 2, "block": 1, "label": "B", "sample": 7, "ms": 10.586048126220703}
{"event": "sample", "n": 640, "mode": "backward", "round": 2, "block": 1, "label": "B", "sample": 8, "ms": 10.576128005981445}
{"event": "sample", "n": 640, "mode": "backward", "round": 2, "block": 1, "label": "B", "sample": 9, "ms": 10.566720008850098}
{"event": "sample", "n": 640, "mode": "backward", "round": 2, "block": 2, "label": "B", "sample": 0, "ms": 10.722175598144531}
{"event": "sample", "n": 640, "mode": "backward", "round": 2, "block": 2, "label": "B", "sample": 1, "ms": 10.584735870361328}
{"event": "sample", "n": 640, "mode": "backward", "round": 2, "block": 2, "label": "B", "sample": 2, "ms": 10.571040153503418}
{"event": "sample", "n": 640, "mode": "backward", "round": 2, "block": 2, "label": "B", "sample": 3, "ms": 10.569375991821289}
{"event": "sample", "n": 640, "mode": "backward", "round": 2, "block": 2, "label": "B", "sample": 4, "ms": 10.579520225524902}
{"event": "sample", "n": 640, "mode": "backward", "round": 2, "block": 2, "label": "B", "sample": 5, "ms": 10.582079887390137}
{"event": "sample", "n": 640, "mode": "backward", "round": 2, "block": 2, "label": "B", "sample": 6, "ms": 10.61030387878418}
{"event": "sample", "n": 640, "mode": "backward", "round": 2, "block": 2, "label": "B", "sample": 7, "ms": 10.597824096679688}
{"event": "sample", "n": 640, "mode": "backward", "round": 2, "block": 2, "label": "B", "sample": 8, "ms": 10.591008186340332}
{"event": "sample", "n": 640, "mode": "backward", "round": 2, "block": 2, "label": "B", "sample": 9, "ms": 10.599455833435059}
{"event": "sample", "n": 640, "mode": "backward", "round": 2, "block": 3, "label": "A", "sample": 0, "ms": 10.74454402923584}
{"event": "sample", "n": 640, "mode": "backward", "round": 2, "block": 3, "label": "A", "sample": 1, "ms": 10.59654426574707}
{"event": "sample", "n": 640, "mode": "backward", "round": 2, "block": 3, "label": "A", "sample": 2, "ms": 10.591008186340332}
{"event": "sample", "n": 640, "mode": "backward", "round": 2, "block": 3, "label": "A", "sample": 3, "ms": 10.587552070617676}
{"event": "sample", "n": 640, "mode": "backward", "round": 2, "block": 3, "label": "A", "sample": 4, "ms": 10.594335556030273}
{"event": "sample", "n": 640, "mode": "backward", "round": 2, "block": 3, "label": "A", "sample": 5, "ms": 10.58124828338623}
{"event": "sample", "n": 640, "mode": "backward", "round": 2, "block": 3, "label": "A", "sample": 6, "ms": 10.570015907287598}
{"event": "sample", "n": 640, "mode": "backward", "round": 2, "block": 3, "label": "A", "sample": 7, "ms": 10.574080467224121}
{"event": "sample", "n": 640, "mode": "backward", "round": 2, "block": 3, "label": "A", "sample": 8, "ms": 10.569631576538086}
{"event": "sample", "n": 640, "mode": "backward", "round": 2, "block": 3, "label": "A", "sample": 9, "ms": 10.585280418395996}
{"event": "summary", "n": 640, "mode": "backward", "median_ms": {"A": 10.577424049377441, "B": 10.58787202835083}, "speedup": 0.9990132125751603, "samples_per_label": 60}
{"event": "sample", "n": 640, "mode": "forward_backward", "round": 0, "block": 0, "label": "A", "sample": 0, "ms": 13.686944007873535}
{"event": "sample", "n": 640, "mode": "forward_backward", "round": 0, "block": 0, "label": "A", "sample": 1, "ms": 13.3438720703125}
{"event": "sample", "n": 640, "mode": "forward_backward", "round": 0, "block": 0, "label": "A", "sample": 2, "ms": 13.343744277954102}
{"event": "sample", "n": 640, "mode": "forward_backward", "round": 0, "block": 0, "label": "A", "sample": 3, "ms": 13.336928367614746}
{"event": "sample", "n": 640, "mode": "forward_backward", "round": 0, "block": 0, "label": "A", "sample": 4, "ms": 13.327775955200195}
{"event": "sample", "n": 640, "mode": "forward_backward", "round": 0, "block": 0, "label": "A", "sample": 5, "ms": 13.286272048950195}
{"event": "sample", "n": 640, "mode": "forward_backward", "round": 0, "block": 0, "label": "A", "sample": 6, "ms": 13.293536186218262}
{"event": "sample", "n": 640, "mode": "forward_backward", "round": 0, "block": 0, "label": "A", "sample": 7, "ms": 13.2892484664917}
{"event": "sample", "n": 640, "mode": "forward_backward", "round": 0, "block": 0, "label": "A", "sample": 8, "ms": 13.316736221313477}
{"event": "sample", "n": 640, "mode": "forward_backward", "round": 0, "block": 0, "label": "A", "sample": 9, "ms": 13.285568237304688}
{"event": "sample", "n": 640, "mode": "forward_backward", "round": 0, "block": 1, "label": "B", "sample": 0, "ms": 13.579487800598145}
{"event": "sample", "n": 640, "mode": "forward_backward", "round": 0, "block": 1, "label": "B", "sample": 1, "ms": 13.254560470581055}
{"event": "sample", "n": 640, "mode": "forward_backward", "round": 0, "block": 1, "label": "B", "sample": 2, "ms": 13.25046443939209}
{"event": "sample", "n": 640, "mode": "forward_backward", "round": 0, "block": 1, "label": "B", "sample": 3, "ms": 13.300224304199219}
{"event": "sample", "n": 640, "mode": "forward_backward", "round": 0, "block": 1, "label": "B", "sample": 4, "ms": 13.283743858337402}
{"event": "sample", "n": 640, "mode": "forward_backward", "round": 0, "block": 1, "label": "B", "sample": 5, "ms": 13.279647827148438}
{"event": "sample", "n": 640, "mode": "forward_backward", "round": 0, "block": 1, "label": "B", "sample": 6, "ms": 13.269824028015137}
{"event": "sample", "n": 640, "mode": "forward_backward", "round": 0, "block": 1, "label": "B", "sample": 7, "ms": 13.264608383178711}
{"event": "sample", "n": 640, "mode": "forward_backward", "round": 0, "block": 1, "label": "B", "sample": 8, "ms": 13.277600288391113}
{"event": "sample", "n": 640, "mode": "forward_backward", "round": 0, "block": 1, "label": "B", "sample": 9, "ms": 13.264543533325195}
{"event": "sample", "n": 640, "mode": "forward_backward", "round": 0, "block": 2, "label": "B", "sample": 0, "ms": 13.563712120056152}
{"event": "sample", "n": 640, "mode": "forward_backward", "round": 0, "block": 2, "label": "B", "sample": 1, "ms": 13.24124813079834}
{"event": "sample", "n": 640, "mode": "forward_backward", "round": 0, "block": 2, "label": "B", "sample": 2, "ms": 13.247103691101074}
{"event": "sample", "n": 640, "mode": "forward_backward", "round": 0, "block": 2, "label": "B", "sample": 3, "ms": 13.232799530029297}
{"event": "sample", "n": 640, "mode": "forward_backward", "round": 0, "block": 2, "label": "B", "sample": 4, "ms": 13.248160362243652}
{"event": "sample", "n": 640, "mode": "forward_backward", "round": 0, "block": 2, "label": "B", "sample": 5, "ms": 13.246527671813965}
{"event": "sample", "n": 640, "mode": "forward_backward", "round": 0, "block": 2, "label": "B", "sample": 6, "ms": 13.245856285095215}
{"event": "sample", "n": 640, "mode": "forward_backward", "round": 0, "block": 2, "label": "B", "sample": 7, "ms": 13.305503845214844}
{"event": "sample", "n": 640, "mode": "forward_backward", "round": 0, "block": 2, "label": "B", "sample": 8, "ms": 13.309856414794922}
{"event": "sample", "n": 640, "mode": "forward_backward", "round": 0, "block": 2, "label": "B", "sample": 9, "ms": 13.29308795928955}
{"event": "sample", "n": 640, "mode": "forward_backward", "round": 0, "block": 3, "label": "A", "sample": 0, "ms": 13.711071968078613}
{"event": "sample", "n": 640, "mode": "forward_backward", "round": 0, "block": 3, "label": "A", "sample": 1, "ms": 13.308863639831543}
{"event": "sample", "n": 640, "mode": "forward_backward", "round": 0, "block": 3, "label": "A", "sample": 2, "ms": 13.324928283691406}
{"event": "sample", "n": 640, "mode": "forward_backward", "round": 0, "block": 3, "label": "A", "sample": 3, "ms": 13.332575798034668}
{"event": "sample", "n": 640, "mode": "forward_backward", "round": 0, "block": 3, "label": "A", "sample": 4, "ms": 13.344736099243164}
{"event": "sample", "n": 640, "mode": "forward_backward", "round": 0, "block": 3, "label": "A", "sample": 5, "ms": 13.351263999938965}
{"event": "sample", "n": 640, "mode": "forward_backward", "round": 0, "block": 3, "label": "A", "sample": 6, "ms": 13.309791564941406}
{"event": "sample", "n": 640, "mode": "forward_backward", "round": 0, "block": 3, "label": "A", "sample": 7, "ms": 13.318816184997559}
{"event": "sample", "n": 640, "mode": "forward_backward", "round": 0, "block": 3, "label": "A", "sample": 8, "ms": 13.27673625946045}
{"event": "sample", "n": 640, "mode": "forward_backward", "round": 0, "block": 3, "label": "A", "sample": 9, "ms": 13.299455642700195}
{"event": "sample", "n": 640, "mode": "forward_backward", "round": 1, "block": 0, "label": "A", "sample": 0, "ms": 13.682496070861816}
{"event": "sample", "n": 640, "mode": "forward_backward", "round": 1, "block": 0, "label": "A", "sample": 1, "ms": 13.286815643310547}
{"event": "sample", "n": 640, "mode": "forward_backward", "round": 1, "block": 0, "label": "A", "sample": 2, "ms": 13.329855918884277}
{"event": "sample", "n": 640, "mode": "forward_backward", "round": 1, "block": 0, "label": "A", "sample": 3, "ms": 13.324095726013184}
{"event": "sample", "n": 640, "mode": "forward_backward", "round": 1, "block": 0, "label": "A", "sample": 4, "ms": 13.349056243896484}
{"event": "sample", "n": 640, "mode": "forward_backward", "round": 1, "block": 0, "label": "A", "sample": 5, "ms": 13.323200225830078}
{"event": "sample", "n": 640, "mode": "forward_backward", "round": 1, "block": 0, "label": "A", "sample": 6, "ms": 13.31494426727295}
{"event": "sample", "n": 640, "mode": "forward_backward", "round": 1, "block": 0, "label": "A", "sample": 7, "ms": 13.31942367553711}
{"event": "sample", "n": 640, "mode": "forward_backward", "round": 1, "block": 0, "label": "A", "sample": 8, "ms": 13.364416122436523}
{"event": "sample", "n": 640, "mode": "forward_backward", "round": 1, "block": 0, "label": "A", "sample": 9, "ms": 13.367456436157227}
{"event": "sample", "n": 640, "mode": "forward_backward", "round": 1, "block": 1, "label": "B", "sample": 0, "ms": 13.611807823181152}
{"event": "sample", "n": 640, "mode": "forward_backward", "round": 1, "block": 1, "label": "B", "sample": 1, "ms": 13.272095680236816}
{"event": "sample", "n": 640, "mode": "forward_backward", "round": 1, "block": 1, "label": "B", "sample": 2, "ms": 13.277152061462402}
{"event": "sample", "n": 640, "mode": "forward_backward", "round": 1, "block": 1, "label": "B", "sample": 3, "ms": 13.266304016113281}
{"event": "sample", "n": 640, "mode": "forward_backward", "round": 1, "block": 1, "label": "B", "sample": 4, "ms": 13.24953556060791}
{"event": "sample", "n": 640, "mode": "forward_backward", "round": 1, "block": 1, "label": "B", "sample": 5, "ms": 13.300031661987305}
{"event": "sample", "n": 640, "mode": "forward_backward", "round": 1, "block": 1, "label": "B", "sample": 6, "ms": 13.269696235656738}
{"event": "sample", "n": 640, "mode": "forward_backward", "round": 1, "block": 1, "label": "B", "sample": 7, "ms": 13.289088249206543}
{"event": "sample", "n": 640, "mode": "forward_backward", "round": 1, "block": 1, "label": "B", "sample": 8, "ms": 13.316255569458008}
{"event": "sample", "n": 640, "mode": "forward_backward", "round": 1, "block": 1, "label": "B", "sample": 9, "ms": 13.311136245727539}
{"event": "sample", "n": 640, "mode": "forward_backward", "round": 1, "block": 2, "label": "B", "sample": 0, "ms": 13.636575698852539}
{"event": "sample", "n": 640, "mode": "forward_backward", "round": 1, "block": 2, "label": "B", "sample": 1, "ms": 13.266400337219238}
{"event": "sample", "n": 640, "mode": "forward_backward", "round": 1, "block": 2, "label": "B", "sample": 2, "ms": 13.282560348510742}
{"event": "sample", "n": 640, "mode": "forward_backward", "round": 1, "block": 2, "label": "B", "sample": 3, "ms": 13.295968055725098}
{"event": "sample", "n": 640, "mode": "forward_backward", "round": 1, "block": 2, "label": "B", "sample": 4, "ms": 13.23964786529541}
{"event": "sample", "n": 640, "mode": "forward_backward", "round": 1, "block": 2, "label": "B", "sample": 5, "ms": 13.232735633850098}
{"event": "sample", "n": 640, "mode": "forward_backward", "round": 1, "block": 2, "label": "B", "sample": 6, "ms": 13.25494384765625}
{"event": "sample", "n": 640, "mode": "forward_backward", "round": 1, "block": 2, "label": "B", "sample": 7, "ms": 13.286784172058105}
{"event": "sample", "n": 640, "mode": "forward_backward", "round": 1, "block": 2, "label": "B", "sample": 8, "ms": 13.256735801696777}
{"event": "sample", "n": 640, "mode": "forward_backward", "round": 1, "block": 2, "label": "B", "sample": 9, "ms": 13.234272003173828}
{"event": "sample", "n": 640, "mode": "forward_backward", "round": 1, "block": 3, "label": "A", "sample": 0, "ms": 13.69206428527832}
{"event": "sample", "n": 640, "mode": "forward_backward", "round": 1, "block": 3, "label": "A", "sample": 1, "ms": 13.32483196258545}
{"event": "sample", "n": 640, "mode": "forward_backward", "round": 1, "block": 3, "label": "A", "sample": 2, "ms": 13.325119972229004}
{"event": "sample", "n": 640, "mode": "forward_backward", "round": 1, "block": 3, "label": "A", "sample": 3, "ms": 13.329952239990234}
{"event": "sample", "n": 640, "mode": "forward_backward", "round": 1, "block": 3, "label": "A", "sample": 4, "ms": 13.351776123046875}
{"event": "sample", "n": 640, "mode": "forward_backward", "round": 1, "block": 3, "label": "A", "sample": 5, "ms": 13.359807968139648}
{"event": "sample", "n": 640, "mode": "forward_backward", "round": 1, "block": 3, "label": "A", "sample": 6, "ms": 13.344127655029297}
{"event": "sample", "n": 640, "mode": "forward_backward", "round": 1, "block": 3, "label": "A", "sample": 7, "ms": 13.381600379943848}
{"event": "sample", "n": 640, "mode": "forward_backward", "round": 1, "block": 3, "label": "A", "sample": 8, "ms": 13.325535774230957}
{"event": "sample", "n": 640, "mode": "forward_backward", "round": 1, "block": 3, "label": "A", "sample": 9, "ms": 13.33347225189209}
{"event": "sample", "n": 640, "mode": "forward_backward", "round": 2, "block": 0, "label": "A", "sample": 0, "ms": 13.689888000488281}
{"event": "sample", "n": 640, "mode": "forward_backward", "round": 2, "block": 0, "label": "A", "sample": 1, "ms": 13.303199768066406}
{"event": "sample", "n": 640, "mode": "forward_backward", "round": 2, "block": 0, "label": "A", "sample": 2, "ms": 13.302335739135742}
{"event": "sample", "n": 640, "mode": "forward_backward", "round": 2, "block": 0, "label": "A", "sample": 3, "ms": 13.321920394897461}
{"event": "sample", "n": 640, "mode": "forward_backward", "round": 2, "block": 0, "label": "A", "sample": 4, "ms": 13.297727584838867}
{"event": "sample", "n": 640, "mode": "forward_backward", "round": 2, "block": 0, "label": "A", "sample": 5, "ms": 13.28927993774414}
{"event": "sample", "n": 640, "mode": "forward_backward", "round": 2, "block": 0, "label": "A", "sample": 6, "ms": 13.331104278564453}
{"event": "sample", "n": 640, "mode": "forward_backward", "round": 2, "block": 0, "label": "A", "sample": 7, "ms": 13.342623710632324}
{"event": "sample", "n": 640, "mode": "forward_backward", "round": 2, "block": 0, "label": "A", "sample": 8, "ms": 13.335328102111816}
{"event": "sample", "n": 640, "mode": "forward_backward", "round": 2, "block": 0, "label": "A", "sample": 9, "ms": 13.324352264404297}
{"event": "sample", "n": 640, "mode": "forward_backward", "round": 2, "block": 1, "label": "B", "sample": 0, "ms": 13.613856315612793}
{"event": "sample", "n": 640, "mode": "forward_backward", "round": 2, "block": 1, "label": "B", "sample": 1, "ms": 13.242912292480469}
{"event": "sample", "n": 640, "mode": "forward_backward", "round": 2, "block": 1, "label": "B", "sample": 2, "ms": 13.26863956451416}
{"event": "sample", "n": 640, "mode": "forward_backward", "round": 2, "block": 1, "label": "B", "sample": 3, "ms": 13.291263580322266}
{"event": "sample", "n": 640, "mode": "forward_backward", "round": 2, "block": 1, "label": "B", "sample": 4, "ms": 13.25046443939209}
{"event": "sample", "n": 640, "mode": "forward_backward", "round": 2, "block": 1, "label": "B", "sample": 5, "ms": 13.252256393432617}
{"event": "sample", "n": 640, "mode": "forward_backward", "round": 2, "block": 1, "label": "B", "sample": 6, "ms": 13.240832328796387}
{"event": "sample", "n": 640, "mode": "forward_backward", "round": 2, "block": 1, "label": "B", "sample": 7, "ms": 13.234175682067871}
{"event": "sample", "n": 640, "mode": "forward_backward", "round": 2, "block": 1, "label": "B", "sample": 8, "ms": 13.268896102905273}
{"event": "sample", "n": 640, "mode": "forward_backward", "round": 2, "block": 1, "label": "B", "sample": 9, "ms": 13.251903533935547}
{"event": "sample", "n": 640, "mode": "forward_backward", "round": 2, "block": 2, "label": "B", "sample": 0, "ms": 13.918496131896973}
{"event": "sample", "n": 640, "mode": "forward_backward", "round": 2, "block": 2, "label": "B", "sample": 1, "ms": 13.23193645477295}
{"event": "sample", "n": 640, "mode": "forward_backward", "round": 2, "block": 2, "label": "B", "sample": 2, "ms": 13.297056198120117}
{"event": "sample", "n": 640, "mode": "forward_backward", "round": 2, "block": 2, "label": "B", "sample": 3, "ms": 13.272543907165527}
{"event": "sample", "n": 640, "mode": "forward_backward", "round": 2, "block": 2, "label": "B", "sample": 4, "ms": 13.297375679016113}
{"event": "sample", "n": 640, "mode": "forward_backward", "round": 2, "block": 2, "label": "B", "sample": 5, "ms": 13.286879539489746}
{"event": "sample", "n": 640, "mode": "forward_backward", "round": 2, "block": 2, "label": "B", "sample": 6, "ms": 13.291775703430176}
{"event": "sample", "n": 640, "mode": "forward_backward", "round": 2, "block": 2, "label": "B", "sample": 7, "ms": 13.265791893005371}
{"event": "sample", "n": 640, "mode": "forward_backward", "round": 2, "block": 2, "label": "B", "sample": 8, "ms": 13.290752410888672}
{"event": "sample", "n": 640, "mode": "forward_backward", "round": 2, "block": 2, "label": "B", "sample": 9, "ms": 13.26972770690918}
{"event": "sample", "n": 640, "mode": "forward_backward", "round": 2, "block": 3, "label": "A", "sample": 0, "ms": 13.71225643157959}
{"event": "sample", "n": 640, "mode": "forward_backward", "round": 2, "block": 3, "label": "A", "sample": 1, "ms": 13.323904037475586}
{"event": "sample", "n": 640, "mode": "forward_backward", "round": 2, "block": 3, "label": "A", "sample": 2, "ms": 13.310144424438477}
{"event": "sample", "n": 640, "mode": "forward_backward", "round": 2, "block": 3, "label": "A", "sample": 3, "ms": 13.286111831665039}
{"event": "sample", "n": 640, "mode": "forward_backward", "round": 2, "block": 3, "label": "A", "sample": 4, "ms": 13.261792182922363}
{"event": "sample", "n": 640, "mode": "forward_backward", "round": 2, "block": 3, "label": "A", "sample": 5, "ms": 13.296416282653809}
{"event": "sample", "n": 640, "mode": "forward_backward", "round": 2, "block": 3, "label": "A", "sample": 6, "ms": 13.341279983520508}
{"event": "sample", "n": 640, "mode": "forward_backward", "round": 2, "block": 3, "label": "A", "sample": 7, "ms": 13.328767776489258}
{"event": "sample", "n": 640, "mode": "forward_backward", "round": 2, "block": 3, "label": "A", "sample": 8, "ms": 13.354656219482422}
{"event": "sample", "n": 640, "mode": "forward_backward", "round": 2, "block": 3, "label": "A", "sample": 9, "ms": 13.340959548950195}
{"event": "summary", "n": 640, "mode": "forward_backward", "median_ms": {"A": 13.326655864715576, "B": 13.269775867462158}, "speedup": 1.0042864324025915, "samples_per_label": 60}
{"event": "parity", "n": 768, "checks": {"output": {"relative_l2": 0.0, "baseline_zero_max_abs_diagnostic": 0.0, "passed": true}, "dq": {"relative_l2": 1.7780388589017093e-05, "baseline_zero_max_abs_diagnostic": 0.0, "passed": true}, "dk": {"relative_l2": 0.0, "baseline_zero_max_abs_diagnostic": 0.0, "passed": true}, "dv": {"relative_l2": 0.0, "baseline_zero_max_abs_diagnostic": 0.0, "passed": true}, "db": {"relative_l2": 1.5735764463897794e-05, "baseline_zero_max_abs_diagnostic": 0.0, "passed": true}}, "independent_reference": false}
{"event": "forward_configs", "n": 768, "configs": {"previous_fused_4b832de": {"kwargs": {"BLOCK_J": 64, "BLOCK_K": 64}, "num_warps": 4, "num_stages": 3, "num_ctas": 1, "maxnreg": null}, "optimized_fused": {"kwargs": {"BLOCK_J": 64, "BLOCK_K": 64}, "num_warps": 4, "num_stages": 2, "num_ctas": 1, "maxnreg": 96}}}
{"event": "memory", "n": 768, "measurements": {"A": {"peak_increment_bytes": 1413242880, "retained_increment_bytes": 1217396736}, "B": {"peak_increment_bytes": 1413242880, "retained_increment_bytes": 1217396736}}}
{"event": "sample", "n": 768, "mode": "forward", "round": 0, "block": 0, "label": "A", "sample": 0, "ms": 4.908351898193359}
{"event": "sample", "n": 768, "mode": "forward", "round": 0, "block": 0, "label": "A", "sample": 1, "ms": 4.618656158447266}
{"event": "sample", "n": 768, "mode": "forward", "round": 0, "block": 0, "label": "A", "sample": 2, "ms": 4.619423866271973}
{"event": "sample", "n": 768, "mode": "forward", "round": 0, "block": 0, "label": "A", "sample": 3, "ms": 4.619552135467529}
{"event": "sample", "n": 768, "mode": "forward", "round": 0, "block": 0, "label": "A", "sample": 4, "ms": 4.620639801025391}
{"event": "sample", "n": 768, "mode": "forward", "round": 0, "block": 0, "label": "A", "sample": 5, "ms": 4.619935989379883}
{"event": "sample", "n": 768, "mode": "forward", "round": 0, "block": 0, "label": "A", "sample": 6, "ms": 4.619808197021484}
{"event": "sample", "n": 768, "mode": "forward", "round": 0, "block": 0, "label": "A", "sample": 7, "ms": 4.620031833648682}
{"event": "sample", "n": 768, "mode": "forward", "round": 0, "block": 0, "label": "A", "sample": 8, "ms": 4.620128154754639}
{"event": "sample", "n": 768, "mode": "forward", "round": 0, "block": 0, "label": "A", "sample": 9, "ms": 4.620319843292236}
{"event": "sample", "n": 768, "mode": "forward", "round": 0, "block": 1, "label": "B", "sample": 0, "ms": 4.855167865753174}
{"event": "sample", "n": 768, "mode": "forward", "round": 0, "block": 1, "label": "B", "sample": 1, "ms": 4.530496120452881}
{"event": "sample", "n": 768, "mode": "forward", "round": 0, "block": 1, "label": "B", "sample": 2, "ms": 4.526976108551025}
{"event": "sample", "n": 768, "mode": "forward", "round": 0, "block": 1, "label": "B", "sample": 3, "ms": 4.528736114501953}
{"event": "sample", "n": 768, "mode": "forward", "round": 0, "block": 1, "label": "B", "sample": 4, "ms": 4.528255939483643}
{"event": "sample", "n": 768, "mode": "forward", "round": 0, "block": 1, "label": "B", "sample": 5, "ms": 4.527584075927734}
{"event": "sample", "n": 768, "mode": "forward", "round": 0, "block": 1, "label": "B", "sample": 6, "ms": 4.5267839431762695}
{"event": "sample", "n": 768, "mode": "forward", "round": 0, "block": 1, "label": "B", "sample": 7, "ms": 4.529600143432617}
{"event": "sample", "n": 768, "mode": "forward", "round": 0, "block": 1, "label": "B", "sample": 8, "ms": 4.526080131530762}
{"event": "sample", "n": 768, "mode": "forward", "round": 0, "block": 1, "label": "B", "sample": 9, "ms": 4.528319835662842}
{"event": "sample", "n": 768, "mode": "forward", "round": 0, "block": 2, "label": "B", "sample": 0, "ms": 4.83955192565918}
{"event": "sample", "n": 768, "mode": "forward", "round": 0, "block": 2, "label": "B", "sample": 1, "ms": 4.528255939483643}
{"event": "sample", "n": 768, "mode": "forward", "round": 0, "block": 2, "label": "B", "sample": 2, "ms": 4.528543949127197}
{"event": "sample", "n": 768, "mode": "forward", "round": 0, "block": 2, "label": "B", "sample": 3, "ms": 4.5294718742370605}
{"event": "sample", "n": 768, "mode": "forward", "round": 0, "block": 2, "label": "B", "sample": 4, "ms": 4.528416156768799}
{"event": "sample", "n": 768, "mode": "forward", "round": 0, "block": 2, "label": "B", "sample": 5, "ms": 4.528992176055908}
{"event": "sample", "n": 768, "mode": "forward", "round": 0, "block": 2, "label": "B", "sample": 6, "ms": 4.526559829711914}
{"event": "sample", "n": 768, "mode": "forward", "round": 0, "block": 2, "label": "B", "sample": 7, "ms": 4.529695987701416}
{"event": "sample", "n": 768, "mode": "forward", "round": 0, "block": 2, "label": "B", "sample": 8, "ms": 4.528031826019287}
{"event": "sample", "n": 768, "mode": "forward", "round": 0, "block": 2, "label": "B", "sample": 9, "ms": 4.529439926147461}
{"event": "sample", "n": 768, "mode": "forward", "round": 0, "block": 3, "label": "A", "sample": 0, "ms": 4.953440189361572}
{"event": "sample", "n": 768, "mode": "forward", "round": 0, "block": 3, "label": "A", "sample": 1, "ms": 4.609119892120361}
{"event": "sample", "n": 768, "mode": "forward", "round": 0, "block": 3, "label": "A", "sample": 2, "ms": 4.6136322021484375}
{"event": "sample", "n": 768, "mode": "forward", "round": 0, "block": 3, "label": "A", "sample": 3, "ms": 4.621856212615967}
{"event": "sample", "n": 768, "mode": "forward", "round": 0, "block": 3, "label": "A", "sample": 4, "ms": 4.621119976043701}
{"event": "sample", "n": 768, "mode": "forward", "round": 0, "block": 3, "label": "A", "sample": 5, "ms": 4.620960235595703}
{"event": "sample", "n": 768, "mode": "forward", "round": 0, "block": 3, "label": "A", "sample": 6, "ms": 4.621632099151611}
{"event": "sample", "n": 768, "mode": "forward", "round": 0, "block": 3, "label": "A", "sample": 7, "ms": 4.620768070220947}
{"event": "sample", "n": 768, "mode": "forward", "round": 0, "block": 3, "label": "A", "sample": 8, "ms": 4.621056079864502}
{"event": "sample", "n": 768, "mode": "forward", "round": 0, "block": 3, "label": "A", "sample": 9, "ms": 4.619999885559082}
{"event": "sample", "n": 768, "mode": "forward", "round": 1, "block": 0, "label": "A", "sample": 0, "ms": 4.97273588180542}
{"event": "sample", "n": 768, "mode": "forward", "round": 1, "block": 0, "label": "A", "sample": 1, "ms": 4.619872093200684}
{"event": "sample", "n": 768, "mode": "forward", "round": 1, "block": 0, "label": "A", "sample": 2, "ms": 4.620607852935791}
{"event": "sample", "n": 768, "mode": "forward", "round": 1, "block": 0, "label": "A", "sample": 3, "ms": 4.619679927825928}
{"event": "sample", "n": 768, "mode": "forward", "round": 1, "block": 0, "label": "A", "sample": 4, "ms": 4.620255947113037}
{"event": "sample", "n": 768, "mode": "forward", "round": 1, "block": 0, "label": "A", "sample": 5, "ms": 4.620543956756592}
{"event": "sample", "n": 768, "mode": "forward", "round": 1, "block": 0, "label": "A", "sample": 6, "ms": 4.620255947113037}
{"event": "sample", "n": 768, "mode": "forward", "round": 1, "block": 0, "label": "A", "sample": 7, "ms": 4.619743824005127}
{"event": "sample", "n": 768, "mode": "forward", "round": 1, "block": 0, "label": "A", "sample": 8, "ms": 4.619967937469482}
{"event": "sample", "n": 768, "mode": "forward", "round": 1, "block": 0, "label": "A", "sample": 9, "ms": 4.619743824005127}
{"event": "sample", "n": 768, "mode": "forward", "round": 1, "block": 1, "label": "B", "sample": 0, "ms": 4.836639881134033}
{"event": "sample", "n": 768, "mode": "forward", "round": 1, "block": 1, "label": "B", "sample": 1, "ms": 4.538847923278809}
{"event": "sample", "n": 768, "mode": "forward", "round": 1, "block": 1, "label": "B", "sample": 2, "ms": 4.537568092346191}
{"event": "sample", "n": 768, "mode": "forward", "round": 1, "block": 1, "label": "B", "sample": 3, "ms": 4.536799907684326}
{"event": "sample", "n": 768, "mode": "forward", "round": 1, "block": 1, "label": "B", "sample": 4, "ms": 4.527071952819824}
{"event": "sample", "n": 768, "mode": "forward", "round": 1, "block": 1, "label": "B", "sample": 5, "ms": 4.528512001037598}
{"event": "sample", "n": 768, "mode": "forward", "round": 1, "block": 1, "label": "B", "sample": 6, "ms": 4.527711868286133}
{"event": "sample", "n": 768, "mode": "forward", "round": 1, "block": 1, "label": "B", "sample": 7, "ms": 4.527743816375732}
{"event": "sample", "n": 768, "mode": "forward", "round": 1, "block": 1, "label": "B", "sample": 8, "ms": 4.52566385269165}
{"event": "sample", "n": 768, "mode": "forward", "round": 1, "block": 1, "label": "B", "sample": 9, "ms": 4.5278401374816895}
{"event": "sample", "n": 768, "mode": "forward", "round": 1, "block": 2, "label": "B", "sample": 0, "ms": 4.8373122215271}
{"event": "sample", "n": 768, "mode": "forward", "round": 1, "block": 2, "label": "B", "sample": 1, "ms": 4.5300798416137695}
{"event": "sample", "n": 768, "mode": "forward", "round": 1, "block": 2, "label": "B", "sample": 2, "ms": 4.52729606628418}
{"event": "sample", "n": 768, "mode": "forward", "round": 1, "block": 2, "label": "B", "sample": 3, "ms": 4.528287887573242}
{"event": "sample", "n": 768, "mode": "forward", "round": 1, "block": 2, "label": "B", "sample": 4, "ms": 4.52726411819458}
{"event": "sample", "n": 768, "mode": "forward", "round": 1, "block": 2, "label": "B", "sample": 5, "ms": 4.5293121337890625}
{"event": "sample", "n": 768, "mode": "forward", "round": 1, "block": 2, "label": "B", "sample": 6, "ms": 4.526336193084717}
{"event": "sample", "n": 768, "mode": "forward", "round": 1, "block": 2, "label": "B", "sample": 7, "ms": 4.528831958770752}
{"event": "sample", "n": 768, "mode": "forward", "round": 1, "block": 2, "label": "B", "sample": 8, "ms": 4.528736114501953}
{"event": "sample", "n": 768, "mode": "forward", "round": 1, "block": 2, "label": "B", "sample": 9, "ms": 4.527711868286133}
{"event": "sample", "n": 768, "mode": "forward", "round": 1, "block": 3, "label": "A", "sample": 0, "ms": 4.931839942932129}
{"event": "sample", "n": 768, "mode": "forward", "round": 1, "block": 3, "label": "A", "sample": 1, "ms": 4.607264041900635}
{"event": "sample", "n": 768, "mode": "forward", "round": 1, "block": 3, "label": "A", "sample": 2, "ms": 4.608960151672363}
{"event": "sample", "n": 768, "mode": "forward", "round": 1, "block": 3, "label": "A", "sample": 3, "ms": 4.6090240478515625}
{"event": "sample", "n": 768, "mode": "forward", "round": 1, "block": 3, "label": "A", "sample": 4, "ms": 4.609248161315918}
{"event": "sample", "n": 768, "mode": "forward", "round": 1, "block": 3, "label": "A", "sample": 5, "ms": 4.6187520027160645}
{"event": "sample", "n": 768, "mode": "forward", "round": 1, "block": 3, "label": "A", "sample": 6, "ms": 4.620736122131348}
{"event": "sample", "n": 768, "mode": "forward", "round": 1, "block": 3, "label": "A", "sample": 7, "ms": 4.621471881866455}
{"event": "sample", "n": 768, "mode": "forward", "round": 1, "block": 3, "label": "A", "sample": 8, "ms": 4.619872093200684}
{"event": "sample", "n": 768, "mode": "forward", "round": 1, "block": 3, "label": "A", "sample": 9, "ms": 4.620192050933838}
{"event": "sample", "n": 768, "mode": "forward", "round": 2, "block": 0, "label": "A", "sample": 0, "ms": 4.934271812438965}
{"event": "sample", "n": 768, "mode": "forward", "round": 2, "block": 0, "label": "A", "sample": 1, "ms": 4.620287895202637}
{"event": "sample", "n": 768, "mode": "forward", "round": 2, "block": 0, "label": "A", "sample": 2, "ms": 4.620895862579346}
{"event": "sample", "n": 768, "mode": "forward", "round": 2, "block": 0, "label": "A", "sample": 3, "ms": 4.620480060577393}
{"event": "sample", "n": 768, "mode": "forward", "round": 2, "block": 0, "label": "A", "sample": 4, "ms": 4.619487762451172}
{"event": "sample", "n": 768, "mode": "forward", "round": 2, "block": 0, "label": "A", "sample": 5, "ms": 4.619711875915527}
{"event": "sample", "n": 768, "mode": "forward", "round": 2, "block": 0, "label": "A", "sample": 6, "ms": 4.619328022003174}
{"event": "sample", "n": 768, "mode": "forward", "round": 2, "block": 0, "label": "A", "sample": 7, "ms": 4.619679927825928}
{"event": "sample", "n": 768, "mode": "forward", "round": 2, "block": 0, "label": "A", "sample": 8, "ms": 4.619840145111084}
{"event": "sample", "n": 768, "mode": "forward", "round": 2, "block": 0, "label": "A", "sample": 9, "ms": 4.6211838722229}
{"event": "sample", "n": 768, "mode": "forward", "round": 2, "block": 1, "label": "B", "sample": 0, "ms": 4.859231948852539}
{"event": "sample", "n": 768, "mode": "forward", "round": 2, "block": 1, "label": "B", "sample": 1, "ms": 4.5385918617248535}
{"event": "sample", "n": 768, "mode": "forward", "round": 2, "block": 1, "label": "B", "sample": 2, "ms": 4.536096096038818}
{"event": "sample", "n": 768, "mode": "forward", "round": 2, "block": 1, "label": "B", "sample": 3, "ms": 4.537248134613037}
{"event": "sample", "n": 768, "mode": "forward", "round": 2, "block": 1, "label": "B", "sample": 4, "ms": 4.537312030792236}
{"event": "sample", "n": 768, "mode": "forward", "round": 2, "block": 1, "label": "B", "sample": 5, "ms": 4.536831855773926}
{"event": "sample", "n": 768, "mode": "forward", "round": 2, "block": 1, "label": "B", "sample": 6, "ms": 4.53107213973999}
{"event": "sample", "n": 768, "mode": "forward", "round": 2, "block": 1, "label": "B", "sample": 7, "ms": 4.528863906860352}
{"event": "sample", "n": 768, "mode": "forward", "round": 2, "block": 1, "label": "B", "sample": 8, "ms": 4.526591777801514}
{"event": "sample", "n": 768, "mode": "forward", "round": 2, "block": 1, "label": "B", "sample": 9, "ms": 4.528287887573242}
{"event": "sample", "n": 768, "mode": "forward", "round": 2, "block": 2, "label": "B", "sample": 0, "ms": 4.8256001472473145}
{"event": "sample", "n": 768, "mode": "forward", "round": 2, "block": 2, "label": "B", "sample": 1, "ms": 4.529888153076172}
{"event": "sample", "n": 768, "mode": "forward", "round": 2, "block": 2, "label": "B", "sample": 2, "ms": 4.527711868286133}
{"event": "sample", "n": 768, "mode": "forward", "round": 2, "block": 2, "label": "B", "sample": 3, "ms": 4.528927803039551}
{"event": "sample", "n": 768, "mode": "forward", "round": 2, "block": 2, "label": "B", "sample": 4, "ms": 4.527775764465332}
{"event": "sample", "n": 768, "mode": "forward", "round": 2, "block": 2, "label": "B", "sample": 5, "ms": 4.528160095214844}
{"event": "sample", "n": 768, "mode": "forward", "round": 2, "block": 2, "label": "B", "sample": 6, "ms": 4.527359962463379}
{"event": "sample", "n": 768, "mode": "forward", "round": 2, "block": 2, "label": "B", "sample": 7, "ms": 4.527935981750488}
{"event": "sample", "n": 768, "mode": "forward", "round": 2, "block": 2, "label": "B", "sample": 8, "ms": 4.526336193084717}
{"event": "sample", "n": 768, "mode": "forward", "round": 2, "block": 2, "label": "B", "sample": 9, "ms": 4.527647972106934}
{"event": "sample", "n": 768, "mode": "forward", "round": 2, "block": 3, "label": "A", "sample": 0, "ms": 4.957695960998535}
{"event": "sample", "n": 768, "mode": "forward", "round": 2, "block": 3, "label": "A", "sample": 1, "ms": 4.607359886169434}
{"event": "sample", "n": 768, "mode": "forward", "round": 2, "block": 3, "label": "A", "sample": 2, "ms": 4.608895778656006}
{"event": "sample", "n": 768, "mode": "forward", "round": 2, "block": 3, "label": "A", "sample": 3, "ms": 4.608640193939209}
{"event": "sample", "n": 768, "mode": "forward", "round": 2, "block": 3, "label": "A", "sample": 4, "ms": 4.608928203582764}
{"event": "sample", "n": 768, "mode": "forward", "round": 2, "block": 3, "label": "A", "sample": 5, "ms": 4.608607769012451}
{"event": "sample", "n": 768, "mode": "forward", "round": 2, "block": 3, "label": "A", "sample": 6, "ms": 4.608096122741699}
{"event": "sample", "n": 768, "mode": "forward", "round": 2, "block": 3, "label": "A", "sample": 7, "ms": 4.610976219177246}
{"event": "sample", "n": 768, "mode": "forward", "round": 2, "block": 3, "label": "A", "sample": 8, "ms": 4.621280193328857}
{"event": "sample", "n": 768, "mode": "forward", "round": 2, "block": 3, "label": "A", "sample": 9, "ms": 4.621344089508057}
{"event": "summary", "n": 768, "mode": "forward", "median_ms": {"A": 4.619983911514282, "B": 4.5285279750823975}, "speedup": 1.0201955109773218, "samples_per_label": 60}
{"event": "sample", "n": 768, "mode": "backward", "round": 0, "block": 0, "label": "A", "sample": 0, "ms": 18.064416885375977}
{"event": "sample", "n": 768, "mode": "backward", "round": 0, "block": 0, "label": "A", "sample": 1, "ms": 17.927263259887695}
{"event": "sample", "n": 768, "mode": "backward", "round": 0, "block": 0, "label": "A", "sample": 2, "ms": 17.924800872802734}
{"event": "sample", "n": 768, "mode": "backward", "round": 0, "block": 0, "label": "A", "sample": 3, "ms": 17.91904067993164}
{"event": "sample", "n": 768, "mode": "backward", "round": 0, "block": 0, "label": "A", "sample": 4, "ms": 18.010623931884766}
{"event": "sample", "n": 768, "mode": "backward", "round": 0, "block": 0, "label": "A", "sample": 5, "ms": 17.98044776916504}
{"event": "sample", "n": 768, "mode": "backward", "round": 0, "block": 0, "label": "A", "sample": 6, "ms": 17.970687866210938}
{"event": "sample", "n": 768, "mode": "backward", "round": 0, "block": 0, "label": "A", "sample": 7, "ms": 17.956575393676758}
{"event": "sample", "n": 768, "mode": "backward", "round": 0, "block": 0, "label": "A", "sample": 8, "ms": 17.965343475341797}
{"event": "sample", "n": 768, "mode": "backward", "round": 0, "block": 0, "label": "A", "sample": 9, "ms": 17.955711364746094}
{"event": "sample", "n": 768, "mode": "backward", "round": 0, "block": 1, "label": "B", "sample": 0, "ms": 18.108352661132812}
{"event": "sample", "n": 768, "mode": "backward", "round": 0, "block": 1, "label": "B", "sample": 1, "ms": 17.942399978637695}
{"event": "sample", "n": 768, "mode": "backward", "round": 0, "block": 1, "label": "B", "sample": 2, "ms": 17.92838478088379}
{"event": "sample", "n": 768, "mode": "backward", "round": 0, "block": 1, "label": "B", "sample": 3, "ms": 17.928287506103516}
{"event": "sample", "n": 768, "mode": "backward", "round": 0, "block": 1, "label": "B", "sample": 4, "ms": 17.933631896972656}
{"event": "sample", "n": 768, "mode": "backward", "round": 0, "block": 1, "label": "B", "sample": 5, "ms": 17.974464416503906}
{"event": "sample", "n": 768, "mode": "backward", "round": 0, "block": 1, "label": "B", "sample": 6, "ms": 17.998207092285156}
{"event": "sample", "n": 768, "mode": "backward", "round": 0, "block": 1, "label": "B", "sample": 7, "ms": 17.973119735717773}
{"event": "sample", "n": 768, "mode": "backward", "round": 0, "block": 1, "label": "B", "sample": 8, "ms": 17.96201515197754}
{"event": "sample", "n": 768, "mode": "backward", "round": 0, "block": 1, "label": "B", "sample": 9, "ms": 17.978559494018555}
{"event": "sample", "n": 768, "mode": "backward", "round": 0, "block": 2, "label": "B", "sample": 0, "ms": 18.118688583374023}
{"event": "sample", "n": 768, "mode": "backward", "round": 0, "block": 2, "label": "B", "sample": 1, "ms": 17.943775177001953}
{"event": "sample", "n": 768, "mode": "backward", "round": 0, "block": 2, "label": "B", "sample": 2, "ms": 17.931264877319336}
{"event": "sample", "n": 768, "mode": "backward", "round": 0, "block": 2, "label": "B", "sample": 3, "ms": 17.94588851928711}
{"event": "sample", "n": 768, "mode": "backward", "round": 0, "block": 2, "label": "B", "sample": 4, "ms": 17.927776336669922}
{"event": "sample", "n": 768, "mode": "backward", "round": 0, "block": 2, "label": "B", "sample": 5, "ms": 17.94393539428711}
{"event": "sample", "n": 768, "mode": "backward", "round": 0, "block": 2, "label": "B", "sample": 6, "ms": 17.987808227539062}
{"event": "sample", "n": 768, "mode": "backward", "round": 0, "block": 2, "label": "B", "sample": 7, "ms": 17.995040893554688}
{"event": "sample", "n": 768, "mode": "backward", "round": 0, "block": 2, "label": "B", "sample": 8, "ms": 17.978336334228516}
{"event": "sample", "n": 768, "mode": "backward", "round": 0, "block": 2, "label": "B", "sample": 9, "ms": 17.985279083251953}
{"event": "sample", "n": 768, "mode": "backward", "round": 0, "block": 3, "label": "A", "sample": 0, "ms": 18.157184600830078}
{"event": "sample", "n": 768, "mode": "backward", "round": 0, "block": 3, "label": "A", "sample": 1, "ms": 17.97782325744629}
{"event": "sample", "n": 768, "mode": "backward", "round": 0, "block": 3, "label": "A", "sample": 2, "ms": 17.935775756835938}
{"event": "sample", "n": 768, "mode": "backward", "round": 0, "block": 3, "label": "A", "sample": 3, "ms": 17.931615829467773}
{"event": "sample", "n": 768, "mode": "backward", "round": 0, "block": 3, "label": "A", "sample": 4, "ms": 17.94054412841797}
{"event": "sample", "n": 768, "mode": "backward", "round": 0, "block": 3, "label": "A", "sample": 5, "ms": 17.9465274810791}
{"event": "sample", "n": 768, "mode": "backward", "round": 0, "block": 3, "label": "A", "sample": 6, "ms": 17.941024780273438}
{"event": "sample", "n": 768, "mode": "backward", "round": 0, "block": 3, "label": "A", "sample": 7, "ms": 17.93824005126953}
{"event": "sample", "n": 768, "mode": "backward", "round": 0, "block": 3, "label": "A", "sample": 8, "ms": 17.928447723388672}
{"event": "sample", "n": 768, "mode": "backward", "round": 0, "block": 3, "label": "A", "sample": 9, "ms": 17.938880920410156}
{"event": "sample", "n": 768, "mode": "backward", "round": 1, "block": 0, "label": "A", "sample": 0, "ms": 18.43168067932129}
{"event": "sample", "n": 768, "mode": "backward", "round": 1, "block": 0, "label": "A", "sample": 1, "ms": 17.937759399414062}
{"event": "sample", "n": 768, "mode": "backward", "round": 1, "block": 0, "label": "A", "sample": 2, "ms": 17.946144104003906}
{"event": "sample", "n": 768, "mode": "backward", "round": 1, "block": 0, "label": "A", "sample": 3, "ms": 17.931264877319336}
{"event": "sample", "n": 768, "mode": "backward", "round": 1, "block": 0, "label": "A", "sample": 4, "ms": 17.93244743347168}
{"event": "sample", "n": 768, "mode": "backward", "round": 1, "block": 0, "label": "A", "sample": 5, "ms": 17.948192596435547}
{"event": "sample", "n": 768, "mode": "backward", "round": 1, "block": 0, "label": "A", "sample": 6, "ms": 17.937536239624023}
{"event": "sample", "n": 768, "mode": "backward", "round": 1, "block": 0, "label": "A", "sample": 7, "ms": 17.937471389770508}
{"event": "sample", "n": 768, "mode": "backward", "round": 1, "block": 0, "label": "A", "sample": 8, "ms": 17.958463668823242}
{"event": "sample", "n": 768, "mode": "backward", "round": 1, "block": 0, "label": "A", "sample": 9, "ms": 17.972576141357422}
{"event": "sample", "n": 768, "mode": "backward", "round": 1, "block": 1, "label": "B", "sample": 0, "ms": 18.184864044189453}
{"event": "sample", "n": 768, "mode": "backward", "round": 1, "block": 1, "label": "B", "sample": 1, "ms": 17.96976089477539}
{"event": "sample", "n": 768, "mode": "backward", "round": 1, "block": 1, "label": "B", "sample": 2, "ms": 17.97724723815918}
{"event": "sample", "n": 768, "mode": "backward", "round": 1, "block": 1, "label": "B", "sample": 3, "ms": 17.975231170654297}
{"event": "sample", "n": 768, "mode": "backward", "round": 1, "block": 1, "label": "B", "sample": 4, "ms": 17.92937660217285}
{"event": "sample", "n": 768, "mode": "backward", "round": 1, "block": 1, "label": "B", "sample": 5, "ms": 17.93235206604004}
{"event": "sample", "n": 768, "mode": "backward", "round": 1, "block": 1, "label": "B", "sample": 6, "ms": 17.933216094970703}
{"event": "sample", "n": 768, "mode": "backward", "round": 1, "block": 1, "label": "B", "sample": 7, "ms": 17.93903923034668}
{"event": "sample", "n": 768, "mode": "backward", "round": 1, "block": 1, "label": "B", "sample": 8, "ms": 17.927711486816406}
{"event": "sample", "n": 768, "mode": "backward", "round": 1, "block": 1, "label": "B", "sample": 9, "ms": 17.960927963256836}
{"event": "sample", "n": 768, "mode": "backward", "round": 1, "block": 2, "label": "B", "sample": 0, "ms": 18.147520065307617}
{"event": "sample", "n": 768, "mode": "backward", "round": 1, "block": 2, "label": "B", "sample": 1, "ms": 17.973215103149414}
{"event": "sample", "n": 768, "mode": "backward", "round": 1, "block": 2, "label": "B", "sample": 2, "ms": 17.98371124267578}
{"event": "sample", "n": 768, "mode": "backward", "round": 1, "block": 2, "label": "B", "sample": 3, "ms": 17.965728759765625}
{"event": "sample", "n": 768, "mode": "backward", "round": 1, "block": 2, "label": "B", "sample": 4, "ms": 17.979167938232422}
{"event": "sample", "n": 768, "mode": "backward", "round": 1, "block": 2, "label": "B", "sample": 5, "ms": 17.920000076293945}
{"event": "sample", "n": 768, "mode": "backward", "round": 1, "block": 2, "label": "B", "sample": 6, "ms": 17.94483184814453}
{"event": "sample", "n": 768, "mode": "backward", "round": 1, "block": 2, "label": "B", "sample": 7, "ms": 17.94223976135254}
{"event": "sample", "n": 768, "mode": "backward", "round": 1, "block": 2, "label": "B", "sample": 8, "ms": 17.935136795043945}
{"event": "sample", "n": 768, "mode": "backward", "round": 1, "block": 2, "label": "B", "sample": 9, "ms": 17.915136337280273}
{"event": "sample", "n": 768, "mode": "backward", "round": 1, "block": 3, "label": "A", "sample": 0, "ms": 18.126176834106445}
{"event": "sample", "n": 768, "mode": "backward", "round": 1, "block": 3, "label": "A", "sample": 1, "ms": 18.009952545166016}
{"event": "sample", "n": 768, "mode": "backward", "round": 1, "block": 3, "label": "A", "sample": 2, "ms": 17.96895980834961}
{"event": "sample", "n": 768, "mode": "backward", "round": 1, "block": 3, "label": "A", "sample": 3, "ms": 17.976320266723633}
{"event": "sample", "n": 768, "mode": "backward", "round": 1, "block": 3, "label": "A", "sample": 4, "ms": 17.978368759155273}
{"event": "sample", "n": 768, "mode": "backward", "round": 1, "block": 3, "label": "A", "sample": 5, "ms": 17.98633575439453}
{"event": "sample", "n": 768, "mode": "backward", "round": 1, "block": 3, "label": "A", "sample": 6, "ms": 17.93292808532715}
{"event": "sample", "n": 768, "mode": "backward", "round": 1, "block": 3, "label": "A", "sample": 7, "ms": 17.918848037719727}
{"event": "sample", "n": 768, "mode": "backward", "round": 1, "block": 3, "label": "A", "sample": 8, "ms": 17.926368713378906}
{"event": "sample", "n": 768, "mode": "backward", "round": 1, "block": 3, "label": "A", "sample": 9, "ms": 17.939104080200195}
{"event": "sample", "n": 768, "mode": "backward", "round": 2, "block": 0, "label": "A", "sample": 0, "ms": 18.077024459838867}
{"event": "sample", "n": 768, "mode": "backward", "round": 2, "block": 0, "label": "A", "sample": 1, "ms": 17.957056045532227}
{"event": "sample", "n": 768, "mode": "backward", "round": 2, "block": 0, "label": "A", "sample": 2, "ms": 17.98361587524414}
{"event": "sample", "n": 768, "mode": "backward", "round": 2, "block": 0, "label": "A", "sample": 3, "ms": 17.969087600708008}
{"event": "sample", "n": 768, "mode": "backward", "round": 2, "block": 0, "label": "A", "sample": 4, "ms": 17.971935272216797}
{"event": "sample", "n": 768, "mode": "backward", "round": 2, "block": 0, "label": "A", "sample": 5, "ms": 17.970943450927734}
{"event": "sample", "n": 768, "mode": "backward", "round": 2, "block": 0, "label": "A", "sample": 6, "ms": 17.99350357055664}
{"event": "sample", "n": 768, "mode": "backward", "round": 2, "block": 0, "label": "A", "sample": 7, "ms": 17.945951461791992}
{"event": "sample", "n": 768, "mode": "backward", "round": 2, "block": 0, "label": "A", "sample": 8, "ms": 17.922943115234375}
{"event": "sample", "n": 768, "mode": "backward", "round": 2, "block": 0, "label": "A", "sample": 9, "ms": 17.934303283691406}
{"event": "sample", "n": 768, "mode": "backward", "round": 2, "block": 1, "label": "B", "sample": 0, "ms": 18.092159271240234}
{"event": "sample", "n": 768, "mode": "backward", "round": 2, "block": 1, "label": "B", "sample": 1, "ms": 17.938495635986328}
{"event": "sample", "n": 768, "mode": "backward", "round": 2, "block": 1, "label": "B", "sample": 2, "ms": 17.966495513916016}
{"event": "sample", "n": 768, "mode": "backward", "round": 2, "block": 1, "label": "B", "sample": 3, "ms": 17.982656478881836}
{"event": "sample", "n": 768, "mode": "backward", "round": 2, "block": 1, "label": "B", "sample": 4, "ms": 17.991519927978516}
{"event": "sample", "n": 768, "mode": "backward", "round": 2, "block": 1, "label": "B", "sample": 5, "ms": 17.962112426757812}
{"event": "sample", "n": 768, "mode": "backward", "round": 2, "block": 1, "label": "B", "sample": 6, "ms": 17.97702407836914}
{"event": "sample", "n": 768, "mode": "backward", "round": 2, "block": 1, "label": "B", "sample": 7, "ms": 17.967103958129883}
{"event": "sample", "n": 768, "mode": "backward", "round": 2, "block": 1, "label": "B", "sample": 8, "ms": 17.91868782043457}
{"event": "sample", "n": 768, "mode": "backward", "round": 2, "block": 1, "label": "B", "sample": 9, "ms": 17.931743621826172}
{"event": "sample", "n": 768, "mode": "backward", "round": 2, "block": 2, "label": "B", "sample": 0, "ms": 18.082719802856445}
{"event": "sample", "n": 768, "mode": "backward", "round": 2, "block": 2, "label": "B", "sample": 1, "ms": 17.948575973510742}
{"event": "sample", "n": 768, "mode": "backward", "round": 2, "block": 2, "label": "B", "sample": 2, "ms": 17.930208206176758}
{"event": "sample", "n": 768, "mode": "backward", "round": 2, "block": 2, "label": "B", "sample": 3, "ms": 17.939647674560547}
{"event": "sample", "n": 768, "mode": "backward", "round": 2, "block": 2, "label": "B", "sample": 4, "ms": 17.990367889404297}
{"event": "sample", "n": 768, "mode": "backward", "round": 2, "block": 2, "label": "B", "sample": 5, "ms": 17.96156883239746}
{"event": "sample", "n": 768, "mode": "backward", "round": 2, "block": 2, "label": "B", "sample": 6, "ms": 17.975648880004883}
{"event": "sample", "n": 768, "mode": "backward", "round": 2, "block": 2, "label": "B", "sample": 7, "ms": 17.993696212768555}
{"event": "sample", "n": 768, "mode": "backward", "round": 2, "block": 2, "label": "B", "sample": 8, "ms": 17.982784271240234}
{"event": "sample", "n": 768, "mode": "backward", "round": 2, "block": 2, "label": "B", "sample": 9, "ms": 17.958112716674805}
{"event": "sample", "n": 768, "mode": "backward", "round": 2, "block": 3, "label": "A", "sample": 0, "ms": 18.088287353515625}
{"event": "sample", "n": 768, "mode": "backward", "round": 2, "block": 3, "label": "A", "sample": 1, "ms": 17.946495056152344}
{"event": "sample", "n": 768, "mode": "backward", "round": 2, "block": 3, "label": "A", "sample": 2, "ms": 17.94175910949707}
{"event": "sample", "n": 768, "mode": "backward", "round": 2, "block": 3, "label": "A", "sample": 3, "ms": 17.932832717895508}
{"event": "sample", "n": 768, "mode": "backward", "round": 2, "block": 3, "label": "A", "sample": 4, "ms": 17.936416625976562}
{"event": "sample", "n": 768, "mode": "backward", "round": 2, "block": 3, "label": "A", "sample": 5, "ms": 17.92620849609375}
{"event": "sample", "n": 768, "mode": "backward", "round": 2, "block": 3, "label": "A", "sample": 6, "ms": 17.927648544311523}
{"event": "sample", "n": 768, "mode": "backward", "round": 2, "block": 3, "label": "A", "sample": 7, "ms": 17.921728134155273}
{"event": "sample", "n": 768, "mode": "backward", "round": 2, "block": 3, "label": "A", "sample": 8, "ms": 17.945119857788086}
{"event": "sample", "n": 768, "mode": "backward", "round": 2, "block": 3, "label": "A", "sample": 9, "ms": 17.9385929107666}
{"event": "summary", "n": 768, "mode": "backward", "median_ms": {"A": 17.94604778289795, "B": 17.96392059326172}, "speedup": 0.9990050718454816, "samples_per_label": 60}
{"event": "sample", "n": 768, "mode": "forward_backward", "round": 0, "block": 0, "label": "A", "sample": 0, "ms": 22.955455780029297}
{"event": "sample", "n": 768, "mode": "forward_backward", "round": 0, "block": 0, "label": "A", "sample": 1, "ms": 22.53436851501465}
{"event": "sample", "n": 768, "mode": "forward_backward", "round": 0, "block": 0, "label": "A", "sample": 2, "ms": 22.562335968017578}
{"event": "sample", "n": 768, "mode": "forward_backward", "round": 0, "block": 0, "label": "A", "sample": 3, "ms": 22.478591918945312}
{"event": "sample", "n": 768, "mode": "forward_backward", "round": 0, "block": 0, "label": "A", "sample": 4, "ms": 22.603744506835938}
{"event": "sample", "n": 768, "mode": "forward_backward", "round": 0, "block": 0, "label": "A", "sample": 5, "ms": 22.471296310424805}
{"event": "sample", "n": 768, "mode": "forward_backward", "round": 0, "block": 0, "label": "A", "sample": 6, "ms": 22.441984176635742}
{"event": "sample", "n": 768, "mode": "forward_backward", "round": 0, "block": 0, "label": "A", "sample": 7, "ms": 22.442943572998047}
{"event": "sample", "n": 768, "mode": "forward_backward", "round": 0, "block": 0, "label": "A", "sample": 8, "ms": 22.55388832092285}
{"event": "sample", "n": 768, "mode": "forward_backward", "round": 0, "block": 0, "label": "A", "sample": 9, "ms": 22.533344268798828}
{"event": "sample", "n": 768, "mode": "forward_backward", "round": 0, "block": 1, "label": "B", "sample": 0, "ms": 22.866239547729492}
{"event": "sample", "n": 768, "mode": "forward_backward", "round": 0, "block": 1, "label": "B", "sample": 1, "ms": 22.399967193603516}
{"event": "sample", "n": 768, "mode": "forward_backward", "round": 0, "block": 1, "label": "B", "sample": 2, "ms": 22.419551849365234}
{"event": "sample", "n": 768, "mode": "forward_backward", "round": 0, "block": 1, "label": "B", "sample": 3, "ms": 22.419776916503906}
{"event": "sample", "n": 768, "mode": "forward_backward", "round": 0, "block": 1, "label": "B", "sample": 4, "ms": 22.47862434387207}
{"event": "sample", "n": 768, "mode": "forward_backward", "round": 0, "block": 1, "label": "B", "sample": 5, "ms": 22.415679931640625}
{"event": "sample", "n": 768, "mode": "forward_backward", "round": 0, "block": 1, "label": "B", "sample": 6, "ms": 22.509376525878906}
{"event": "sample", "n": 768, "mode": "forward_backward", "round": 0, "block": 1, "label": "B", "sample": 7, "ms": 22.48259162902832}
{"event": "sample", "n": 768, "mode": "forward_backward", "round": 0, "block": 1, "label": "B", "sample": 8, "ms": 22.491167068481445}
{"event": "sample", "n": 768, "mode": "forward_backward", "round": 0, "block": 1, "label": "B", "sample": 9, "ms": 22.45792007446289}
{"event": "sample", "n": 768, "mode": "forward_backward", "round": 0, "block": 2, "label": "B", "sample": 0, "ms": 23.077695846557617}
{"event": "sample", "n": 768, "mode": "forward_backward", "round": 0, "block": 2, "label": "B", "sample": 1, "ms": 22.401824951171875}
{"event": "sample", "n": 768, "mode": "forward_backward", "round": 0, "block": 2, "label": "B", "sample": 2, "ms": 22.408384323120117}
{"event": "sample", "n": 768, "mode": "forward_backward", "round": 0, "block": 2, "label": "B", "sample": 3, "ms": 22.400543212890625}
{"event": "sample", "n": 768, "mode": "forward_backward", "round": 0, "block": 2, "label": "B", "sample": 4, "ms": 22.44473648071289}
{"event": "sample", "n": 768, "mode": "forward_backward", "round": 0, "block": 2, "label": "B", "sample": 5, "ms": 22.4849910736084}
{"event": "sample", "n": 768, "mode": "forward_backward", "round": 0, "block": 2, "label": "B", "sample": 6, "ms": 22.440383911132812}
{"event": "sample", "n": 768, "mode": "forward_backward", "round": 0, "block": 2, "label": "B", "sample": 7, "ms": 22.4715518951416}
{"event": "sample", "n": 768, "mode": "forward_backward", "round": 0, "block": 2, "label": "B", "sample": 8, "ms": 22.504287719726562}
{"event": "sample", "n": 768, "mode": "forward_backward", "round": 0, "block": 2, "label": "B", "sample": 9, "ms": 22.46361541748047}
{"event": "sample", "n": 768, "mode": "forward_backward", "round": 0, "block": 3, "label": "A", "sample": 0, "ms": 22.92211151123047}
{"event": "sample", "n": 768, "mode": "forward_backward", "round": 0, "block": 3, "label": "A", "sample": 1, "ms": 22.50943946838379}
{"event": "sample", "n": 768, "mode": "forward_backward", "round": 0, "block": 3, "label": "A", "sample": 2, "ms": 22.417760848999023}
{"event": "sample", "n": 768, "mode": "forward_backward", "round": 0, "block": 3, "label": "A", "sample": 3, "ms": 22.54400062561035}
{"event": "sample", "n": 768, "mode": "forward_backward", "round": 0, "block": 3, "label": "A", "sample": 4, "ms": 22.532320022583008}
{"event": "sample", "n": 768, "mode": "forward_backward", "round": 0, "block": 3, "label": "A", "sample": 5, "ms": 22.577760696411133}
{"event": "sample", "n": 768, "mode": "forward_backward", "round": 0, "block": 3, "label": "A", "sample": 6, "ms": 22.538463592529297}
{"event": "sample", "n": 768, "mode": "forward_backward", "round": 0, "block": 3, "label": "A", "sample": 7, "ms": 22.559295654296875}
{"event": "sample", "n": 768, "mode": "forward_backward", "round": 0, "block": 3, "label": "A", "sample": 8, "ms": 22.5449275970459}
{"event": "sample", "n": 768, "mode": "forward_backward", "round": 0, "block": 3, "label": "A", "sample": 9, "ms": 22.47942352294922}
{"event": "sample", "n": 768, "mode": "forward_backward", "round": 1, "block": 0, "label": "A", "sample": 0, "ms": 22.882463455200195}
{"event": "sample", "n": 768, "mode": "forward_backward", "round": 1, "block": 0, "label": "A", "sample": 1, "ms": 22.51024055480957}
{"event": "sample", "n": 768, "mode": "forward_backward", "round": 1, "block": 0, "label": "A", "sample": 2, "ms": 22.520896911621094}
{"event": "sample", "n": 768, "mode": "forward_backward", "round": 1, "block": 0, "label": "A", "sample": 3, "ms": 22.56585693359375}
{"event": "sample", "n": 768, "mode": "forward_backward", "round": 1, "block": 0, "label": "A", "sample": 4, "ms": 22.585216522216797}
{"event": "sample", "n": 768, "mode": "forward_backward", "round": 1, "block": 0, "label": "A", "sample": 5, "ms": 22.55353546142578}
{"event": "sample", "n": 768, "mode": "forward_backward", "round": 1, "block": 0, "label": "A", "sample": 6, "ms": 22.52387237548828}
{"event": "sample", "n": 768, "mode": "forward_backward", "round": 1, "block": 0, "label": "A", "sample": 7, "ms": 22.513376235961914}
{"event": "sample", "n": 768, "mode": "forward_backward", "round": 1, "block": 0, "label": "A", "sample": 8, "ms": 22.46384048461914}
{"event": "sample", "n": 768, "mode": "forward_backward", "round": 1, "block": 0, "label": "A", "sample": 9, "ms": 22.50204849243164}
{"event": "sample", "n": 768, "mode": "forward_backward", "round": 1, "block": 1, "label": "B", "sample": 0, "ms": 22.82022476196289}
{"event": "sample", "n": 768, "mode": "forward_backward", "round": 1, "block": 1, "label": "B", "sample": 1, "ms": 22.415775299072266}
{"event": "sample", "n": 768, "mode": "forward_backward", "round": 1, "block": 1, "label": "B", "sample": 2, "ms": 22.479007720947266}
{"event": "sample", "n": 768, "mode": "forward_backward", "round": 1, "block": 1, "label": "B", "sample": 3, "ms": 22.412160873413086}
{"event": "sample", "n": 768, "mode": "forward_backward", "round": 1, "block": 1, "label": "B", "sample": 4, "ms": 22.461984634399414}
{"event": "sample", "n": 768, "mode": "forward_backward", "round": 1, "block": 1, "label": "B", "sample": 5, "ms": 22.464191436767578}
{"event": "sample", "n": 768, "mode": "forward_backward", "round": 1, "block": 1, "label": "B", "sample": 6, "ms": 22.344287872314453}
{"event": "sample", "n": 768, "mode": "forward_backward", "round": 1, "block": 1, "label": "B", "sample": 7, "ms": 22.3438720703125}
{"event": "sample", "n": 768, "mode": "forward_backward", "round": 1, "block": 1, "label": "B", "sample": 8, "ms": 22.421247482299805}
{"event": "sample", "n": 768, "mode": "forward_backward", "round": 1, "block": 1, "label": "B", "sample": 9, "ms": 22.394752502441406}
{"event": "sample", "n": 768, "mode": "forward_backward", "round": 1, "block": 2, "label": "B", "sample": 0, "ms": 22.763967514038086}
{"event": "sample", "n": 768, "mode": "forward_backward", "round": 1, "block": 2, "label": "B", "sample": 1, "ms": 22.46441650390625}
{"event": "sample", "n": 768, "mode": "forward_backward", "round": 1, "block": 2, "label": "B", "sample": 2, "ms": 22.487232208251953}
{"event": "sample", "n": 768, "mode": "forward_backward", "round": 1, "block": 2, "label": "B", "sample": 3, "ms": 22.477792739868164}
{"event": "sample", "n": 768, "mode": "forward_backward", "round": 1, "block": 2, "label": "B", "sample": 4, "ms": 22.469919204711914}
{"event": "sample", "n": 768, "mode": "forward_backward", "round": 1, "block": 2, "label": "B", "sample": 5, "ms": 22.426591873168945}
{"event": "sample", "n": 768, "mode": "forward_backward", "round": 1, "block": 2, "label": "B", "sample": 6, "ms": 22.439647674560547}
{"event": "sample", "n": 768, "mode": "forward_backward", "round": 1, "block": 2, "label": "B", "sample": 7, "ms": 22.34124755859375}
{"event": "sample", "n": 768, "mode": "forward_backward", "round": 1, "block": 2, "label": "B", "sample": 8, "ms": 22.442975997924805}
{"event": "sample", "n": 768, "mode": "forward_backward", "round": 1, "block": 2, "label": "B", "sample": 9, "ms": 22.444223403930664}
{"event": "sample", "n": 768, "mode": "forward_backward", "round": 1, "block": 3, "label": "A", "sample": 0, "ms": 22.930431365966797}
{"event": "sample", "n": 768, "mode": "forward_backward", "round": 1, "block": 3, "label": "A", "sample": 1, "ms": 22.562175750732422}
{"event": "sample", "n": 768, "mode": "forward_backward", "round": 1, "block": 3, "label": "A", "sample": 2, "ms": 22.563488006591797}
{"event": "sample", "n": 768, "mode": "forward_backward", "round": 1, "block": 3, "label": "A", "sample": 3, "ms": 22.547008514404297}
{"event": "sample", "n": 768, "mode": "forward_backward", "round": 1, "block": 3, "label": "A", "sample": 4, "ms": 22.48579216003418}
{"event": "sample", "n": 768, "mode": "forward_backward", "round": 1, "block": 3, "label": "A", "sample": 5, "ms": 22.49567985534668}
{"event": "sample", "n": 768, "mode": "forward_backward", "round": 1, "block": 3, "label": "A", "sample": 6, "ms": 22.489408493041992}
{"event": "sample", "n": 768, "mode": "forward_backward", "round": 1, "block": 3, "label": "A", "sample": 7, "ms": 22.524320602416992}
{"event": "sample", "n": 768, "mode": "forward_backward", "round": 1, "block": 3, "label": "A", "sample": 8, "ms": 22.593599319458008}
{"event": "sample", "n": 768, "mode": "forward_backward", "round": 1, "block": 3, "label": "A", "sample": 9, "ms": 22.6046085357666}
{"event": "sample", "n": 768, "mode": "forward_backward", "round": 2, "block": 0, "label": "A", "sample": 0, "ms": 22.9520320892334}
{"event": "sample", "n": 768, "mode": "forward_backward", "round": 2, "block": 0, "label": "A", "sample": 1, "ms": 22.544607162475586}
{"event": "sample", "n": 768, "mode": "forward_backward", "round": 2, "block": 0, "label": "A", "sample": 2, "ms": 22.5086727142334}
{"event": "sample", "n": 768, "mode": "forward_backward", "round": 2, "block": 0, "label": "A", "sample": 3, "ms": 22.53545570373535}
{"event": "sample", "n": 768, "mode": "forward_backward", "round": 2, "block": 0, "label": "A", "sample": 4, "ms": 22.50796890258789}
{"event": "sample", "n": 768, "mode": "forward_backward", "round": 2, "block": 0, "label": "A", "sample": 5, "ms": 22.47884750366211}
{"event": "sample", "n": 768, "mode": "forward_backward", "round": 2, "block": 0, "label": "A", "sample": 6, "ms": 22.447519302368164}
{"event": "sample", "n": 768, "mode": "forward_backward", "round": 2, "block": 0, "label": "A", "sample": 7, "ms": 22.621856689453125}
{"event": "sample", "n": 768, "mode": "forward_backward", "round": 2, "block": 0, "label": "A", "sample": 8, "ms": 22.601184844970703}
{"event": "sample", "n": 768, "mode": "forward_backward", "round": 2, "block": 0, "label": "A", "sample": 9, "ms": 22.500608444213867}
{"event": "sample", "n": 768, "mode": "forward_backward", "round": 2, "block": 1, "label": "B", "sample": 0, "ms": 22.823936462402344}
{"event": "sample", "n": 768, "mode": "forward_backward", "round": 2, "block": 1, "label": "B", "sample": 1, "ms": 22.389568328857422}
{"event": "sample", "n": 768, "mode": "forward_backward", "round": 2, "block": 1, "label": "B", "sample": 2, "ms": 22.512128829956055}
{"event": "sample", "n": 768, "mode": "forward_backward", "round": 2, "block": 1, "label": "B", "sample": 3, "ms": 22.372831344604492}
{"event": "sample", "n": 768, "mode": "forward_backward", "round": 2, "block": 1, "label": "B", "sample": 4, "ms": 22.4400634765625}
{"event": "sample", "n": 768, "mode": "forward_backward", "round": 2, "block": 1, "label": "B", "sample": 5, "ms": 22.42460823059082}
{"event": "sample", "n": 768, "mode": "forward_backward", "round": 2, "block": 1, "label": "B", "sample": 6, "ms": 22.483455657958984}
{"event": "sample", "n": 768, "mode": "forward_backward", "round": 2, "block": 1, "label": "B", "sample": 7, "ms": 22.4498233795166}
{"event": "sample", "n": 768, "mode": "forward_backward", "round": 2, "block": 1, "label": "B", "sample": 8, "ms": 22.47283172607422}
{"event": "sample", "n": 768, "mode": "forward_backward", "round": 2, "block": 1, "label": "B", "sample": 9, "ms": 22.471296310424805}
{"event": "sample", "n": 768, "mode": "forward_backward", "round": 2, "block": 2, "label": "B", "sample": 0, "ms": 22.773887634277344}
{"event": "sample", "n": 768, "mode": "forward_backward", "round": 2, "block": 2, "label": "B", "sample": 1, "ms": 22.44313621520996}
{"event": "sample", "n": 768, "mode": "forward_backward", "round": 2, "block": 2, "label": "B", "sample": 2, "ms": 22.425567626953125}
{"event": "sample", "n": 768, "mode": "forward_backward", "round": 2, "block": 2, "label": "B", "sample": 3, "ms": 22.391584396362305}
{"event": "sample", "n": 768, "mode": "forward_backward", "round": 2, "block": 2, "label": "B", "sample": 4, "ms": 22.430143356323242}
{"event": "sample", "n": 768, "mode": "forward_backward", "round": 2, "block": 2, "label": "B", "sample": 5, "ms": 22.436960220336914}
{"event": "sample", "n": 768, "mode": "forward_backward", "round": 2, "block": 2, "label": "B", "sample": 6, "ms": 22.442623138427734}
{"event": "sample", "n": 768, "mode": "forward_backward", "round": 2, "block": 2, "label": "B", "sample": 7, "ms": 22.559104919433594}
{"event": "sample", "n": 768, "mode": "forward_backward", "round": 2, "block": 2, "label": "B", "sample": 8, "ms": 22.50454330444336}
{"event": "sample", "n": 768, "mode": "forward_backward", "round": 2, "block": 2, "label": "B", "sample": 9, "ms": 22.420000076293945}
{"event": "sample", "n": 768, "mode": "forward_backward", "round": 2, "block": 3, "label": "A", "sample": 0, "ms": 22.8918399810791}
{"event": "sample", "n": 768, "mode": "forward_backward", "round": 2, "block": 3, "label": "A", "sample": 1, "ms": 22.497215270996094}
{"event": "sample", "n": 768, "mode": "forward_backward", "round": 2, "block": 3, "label": "A", "sample": 2, "ms": 22.506559371948242}
{"event": "sample", "n": 768, "mode": "forward_backward", "round": 2, "block": 3, "label": "A", "sample": 3, "ms": 22.557376861572266}
{"event": "sample", "n": 768, "mode": "forward_backward", "round": 2, "block": 3, "label": "A", "sample": 4, "ms": 22.54457664489746}
{"event": "sample", "n": 768, "mode": "forward_backward", "round": 2, "block": 3, "label": "A", "sample": 5, "ms": 22.6180477142334}
{"event": "sample", "n": 768, "mode": "forward_backward", "round": 2, "block": 3, "label": "A", "sample": 6, "ms": 22.527008056640625}
{"event": "sample", "n": 768, "mode": "forward_backward", "round": 2, "block": 3, "label": "A", "sample": 7, "ms": 22.51206398010254}
{"event": "sample", "n": 768, "mode": "forward_backward", "round": 2, "block": 3, "label": "A", "sample": 8, "ms": 22.501983642578125}
{"event": "sample", "n": 768, "mode": "forward_backward", "round": 2, "block": 3, "label": "A", "sample": 9, "ms": 22.470592498779297}
{"event": "summary", "n": 768, "mode": "forward_backward", "median_ms": {"A": 22.53385639190674, "B": 22.444479942321777}, "speedup": 1.00398211274285, "samples_per_label": 60}
{"event": "parity", "n": 800, "checks": {"output": {"relative_l2": 0.0, "baseline_zero_max_abs_diagnostic": 0.0, "passed": true}, "dq": {"relative_l2": 1.765967499522958e-05, "baseline_zero_max_abs_diagnostic": 0.0, "passed": true}, "dk": {"relative_l2": 0.0, "baseline_zero_max_abs_diagnostic": 0.0, "passed": true}, "dv": {"relative_l2": 0.0, "baseline_zero_max_abs_diagnostic": 0.0, "passed": true}, "db": {"relative_l2": 1.0095118341268972e-05, "baseline_zero_max_abs_diagnostic": 0.0, "passed": true}}, "independent_reference": false}
{"event": "forward_configs", "n": 800, "configs": {"previous_fused_4b832de": {"kwargs": {"BLOCK_J": 64, "BLOCK_K": 64}, "num_warps": 4, "num_stages": 3, "num_ctas": 1, "maxnreg": null}, "optimized_fused": {"kwargs": {"BLOCK_J": 64, "BLOCK_K": 64}, "num_warps": 4, "num_stages": 2, "num_ctas": 1, "maxnreg": 96}}}
{"event": "memory", "n": 800, "measurements": {"A": {"peak_increment_bytes": 1530438656, "retained_increment_bytes": 1321451520}, "B": {"peak_increment_bytes": 1530438656, "retained_increment_bytes": 1321451520}}}
{"event": "sample", "n": 800, "mode": "forward", "round": 0, "block": 0, "label": "A", "sample": 0, "ms": 6.25164794921875}
{"event": "sample", "n": 800, "mode": "forward", "round": 0, "block": 0, "label": "A", "sample": 1, "ms": 5.932447910308838}
{"event": "sample", "n": 800, "mode": "forward", "round": 0, "block": 0, "label": "A", "sample": 2, "ms": 5.933152198791504}
{"event": "sample", "n": 800, "mode": "forward", "round": 0, "block": 0, "label": "A", "sample": 3, "ms": 5.933311939239502}
{"event": "sample", "n": 800, "mode": "forward", "round": 0, "block": 0, "label": "A", "sample": 4, "ms": 5.932544231414795}
{"event": "sample", "n": 800, "mode": "forward", "round": 0, "block": 0, "label": "A", "sample": 5, "ms": 5.932608127593994}
{"event": "sample", "n": 800, "mode": "forward", "round": 0, "block": 0, "label": "A", "sample": 6, "ms": 5.932447910308838}
{"event": "sample", "n": 800, "mode": "forward", "round": 0, "block": 0, "label": "A", "sample": 7, "ms": 5.9304962158203125}
{"event": "sample", "n": 800, "mode": "forward", "round": 0, "block": 0, "label": "A", "sample": 8, "ms": 5.930624008178711}
{"event": "sample", "n": 800, "mode": "forward", "round": 0, "block": 0, "label": "A", "sample": 9, "ms": 5.930528163909912}
{"event": "sample", "n": 800, "mode": "forward", "round": 0, "block": 1, "label": "B", "sample": 0, "ms": 6.130752086639404}
{"event": "sample", "n": 800, "mode": "forward", "round": 0, "block": 1, "label": "B", "sample": 1, "ms": 5.806303977966309}
{"event": "sample", "n": 800, "mode": "forward", "round": 0, "block": 1, "label": "B", "sample": 2, "ms": 5.805920124053955}
{"event": "sample", "n": 800, "mode": "forward", "round": 0, "block": 1, "label": "B", "sample": 3, "ms": 5.8060479164123535}
{"event": "sample", "n": 800, "mode": "forward", "round": 0, "block": 1, "label": "B", "sample": 4, "ms": 5.806399822235107}
{"event": "sample", "n": 800, "mode": "forward", "round": 0, "block": 1, "label": "B", "sample": 5, "ms": 5.8056960105896}
{"event": "sample", "n": 800, "mode": "forward", "round": 0, "block": 1, "label": "B", "sample": 6, "ms": 5.795839786529541}
{"event": "sample", "n": 800, "mode": "forward", "round": 0, "block": 1, "label": "B", "sample": 7, "ms": 5.794591903686523}
{"event": "sample", "n": 800, "mode": "forward", "round": 0, "block": 1, "label": "B", "sample": 8, "ms": 5.79475212097168}
{"event": "sample", "n": 800, "mode": "forward", "round": 0, "block": 1, "label": "B", "sample": 9, "ms": 5.793727874755859}
{"event": "sample", "n": 800, "mode": "forward", "round": 0, "block": 2, "label": "B", "sample": 0, "ms": 6.121568202972412}
{"event": "sample", "n": 800, "mode": "forward", "round": 0, "block": 2, "label": "B", "sample": 1, "ms": 5.792511940002441}
{"event": "sample", "n": 800, "mode": "forward", "round": 0, "block": 2, "label": "B", "sample": 2, "ms": 5.794816017150879}
{"event": "sample", "n": 800, "mode": "forward", "round": 0, "block": 2, "label": "B", "sample": 3, "ms": 5.794271945953369}
{"event": "sample", "n": 800, "mode": "forward", "round": 0, "block": 2, "label": "B", "sample": 4, "ms": 5.793568134307861}
{"event": "sample", "n": 800, "mode": "forward", "round": 0, "block": 2, "label": "B", "sample": 5, "ms": 5.794623851776123}
{"event": "sample", "n": 800, "mode": "forward", "round": 0, "block": 2, "label": "B", "sample": 6, "ms": 5.793536186218262}
{"event": "sample", "n": 800, "mode": "forward", "round": 0, "block": 2, "label": "B", "sample": 7, "ms": 5.794335842132568}
{"event": "sample", "n": 800, "mode": "forward", "round": 0, "block": 2, "label": "B", "sample": 8, "ms": 5.794432163238525}
{"event": "sample", "n": 800, "mode": "forward", "round": 0, "block": 2, "label": "B", "sample": 9, "ms": 5.7939839363098145}
{"event": "sample", "n": 800, "mode": "forward", "round": 0, "block": 3, "label": "A", "sample": 0, "ms": 6.246208190917969}
{"event": "sample", "n": 800, "mode": "forward", "round": 0, "block": 3, "label": "A", "sample": 1, "ms": 5.917151927947998}
{"event": "sample", "n": 800, "mode": "forward", "round": 0, "block": 3, "label": "A", "sample": 2, "ms": 5.920191764831543}
{"event": "sample", "n": 800, "mode": "forward", "round": 0, "block": 3, "label": "A", "sample": 3, "ms": 5.896480083465576}
{"event": "sample", "n": 800, "mode": "forward", "round": 0, "block": 3, "label": "A", "sample": 4, "ms": 5.888256072998047}
{"event": "sample", "n": 800, "mode": "forward", "round": 0, "block": 3, "label": "A", "sample": 5, "ms": 5.8848958015441895}
{"event": "sample", "n": 800, "mode": "forward", "round": 0, "block": 3, "label": "A", "sample": 6, "ms": 5.886943817138672}
{"event": "sample", "n": 800, "mode": "forward", "round": 0, "block": 3, "label": "A", "sample": 7, "ms": 5.888576030731201}
{"event": "sample", "n": 800, "mode": "forward", "round": 0, "block": 3, "label": "A", "sample": 8, "ms": 5.886911869049072}
{"event": "sample", "n": 800, "mode": "forward", "round": 0, "block": 3, "label": "A", "sample": 9, "ms": 5.8878397941589355}
{"event": "sample", "n": 800, "mode": "forward", "round": 1, "block": 0, "label": "A", "sample": 0, "ms": 6.226016044616699}
{"event": "sample", "n": 800, "mode": "forward", "round": 1, "block": 0, "label": "A", "sample": 1, "ms": 5.887616157531738}
{"event": "sample", "n": 800, "mode": "forward", "round": 1, "block": 0, "label": "A", "sample": 2, "ms": 5.888671875}
{"event": "sample", "n": 800, "mode": "forward", "round": 1, "block": 0, "label": "A", "sample": 3, "ms": 5.887135982513428}
{"event": "sample", "n": 800, "mode": "forward", "round": 1, "block": 0, "label": "A", "sample": 4, "ms": 5.888319969177246}
{"event": "sample", "n": 800, "mode": "forward", "round": 1, "block": 0, "label": "A", "sample": 5, "ms": 5.887392044067383}
{"event": "sample", "n": 800, "mode": "forward", "round": 1, "block": 0, "label": "A", "sample": 6, "ms": 5.887328147888184}
{"event": "sample", "n": 800, "mode": "forward", "round": 1, "block": 0, "label": "A", "sample": 7, "ms": 5.8863677978515625}
{"event": "sample", "n": 800, "mode": "forward", "round": 1, "block": 0, "label": "A", "sample": 8, "ms": 5.887519836425781}
{"event": "sample", "n": 800, "mode": "forward", "round": 1, "block": 0, "label": "A", "sample": 9, "ms": 5.882207870483398}
{"event": "sample", "n": 800, "mode": "forward", "round": 1, "block": 1, "label": "B", "sample": 0, "ms": 6.091775894165039}
{"event": "sample", "n": 800, "mode": "forward", "round": 1, "block": 1, "label": "B", "sample": 1, "ms": 5.75167989730835}
{"event": "sample", "n": 800, "mode": "forward", "round": 1, "block": 1, "label": "B", "sample": 2, "ms": 5.751999855041504}
{"event": "sample", "n": 800, "mode": "forward", "round": 1, "block": 1, "label": "B", "sample": 3, "ms": 5.754496097564697}
{"event": "sample", "n": 800, "mode": "forward", "round": 1, "block": 1, "label": "B", "sample": 4, "ms": 5.751711845397949}
{"event": "sample", "n": 800, "mode": "forward", "round": 1, "block": 1, "label": "B", "sample": 5, "ms": 5.7526397705078125}
{"event": "sample", "n": 800, "mode": "forward", "round": 1, "block": 1, "label": "B", "sample": 6, "ms": 5.751008033752441}
{"event": "sample", "n": 800, "mode": "forward", "round": 1, "block": 1, "label": "B", "sample": 7, "ms": 5.751552104949951}
{"event": "sample", "n": 800, "mode": "forward", "round": 1, "block": 1, "label": "B", "sample": 8, "ms": 5.752511978149414}
{"event": "sample", "n": 800, "mode": "forward", "round": 1, "block": 1, "label": "B", "sample": 9, "ms": 5.7505598068237305}
{"event": "sample", "n": 800, "mode": "forward", "round": 1, "block": 2, "label": "B", "sample": 0, "ms": 6.042304039001465}
{"event": "sample", "n": 800, "mode": "forward", "round": 1, "block": 2, "label": "B", "sample": 1, "ms": 5.751904010772705}
{"event": "sample", "n": 800, "mode": "forward", "round": 1, "block": 2, "label": "B", "sample": 2, "ms": 5.751840114593506}
{"event": "sample", "n": 800, "mode": "forward", "round": 1, "block": 2, "label": "B", "sample": 3, "ms": 5.752960205078125}
{"event": "sample", "n": 800, "mode": "forward", "round": 1, "block": 2, "label": "B", "sample": 4, "ms": 5.752799987792969}
{"event": "sample", "n": 800, "mode": "forward", "round": 1, "block": 2, "label": "B", "sample": 5, "ms": 5.751520156860352}
{"event": "sample", "n": 800, "mode": "forward", "round": 1, "block": 2, "label": "B", "sample": 6, "ms": 5.758912086486816}
{"event": "sample", "n": 800, "mode": "forward", "round": 1, "block": 2, "label": "B", "sample": 7, "ms": 5.763807773590088}
{"event": "sample", "n": 800, "mode": "forward", "round": 1, "block": 2, "label": "B", "sample": 8, "ms": 5.763455867767334}
{"event": "sample", "n": 800, "mode": "forward", "round": 1, "block": 2, "label": "B", "sample": 9, "ms": 5.764512062072754}
{"event": "sample", "n": 800, "mode": "forward", "round": 1, "block": 3, "label": "A", "sample": 0, "ms": 6.205567836761475}
{"event": "sample", "n": 800, "mode": "forward", "round": 1, "block": 3, "label": "A", "sample": 1, "ms": 5.886720180511475}
{"event": "sample", "n": 800, "mode": "forward", "round": 1, "block": 3, "label": "A", "sample": 2, "ms": 5.888544082641602}
{"event": "sample", "n": 800, "mode": "forward", "round": 1, "block": 3, "label": "A", "sample": 3, "ms": 5.887008190155029}
{"event": "sample", "n": 800, "mode": "forward", "round": 1, "block": 3, "label": "A", "sample": 4, "ms": 5.889056205749512}
{"event": "sample", "n": 800, "mode": "forward", "round": 1, "block": 3, "label": "A", "sample": 5, "ms": 5.8863677978515625}
{"event": "sample", "n": 800, "mode": "forward", "round": 1, "block": 3, "label": "A", "sample": 6, "ms": 5.8876800537109375}
{"event": "sample", "n": 800, "mode": "forward", "round": 1, "block": 3, "label": "A", "sample": 7, "ms": 5.889023780822754}
{"event": "sample", "n": 800, "mode": "forward", "round": 1, "block": 3, "label": "A", "sample": 8, "ms": 5.888224124908447}
{"event": "sample", "n": 800, "mode": "forward", "round": 1, "block": 3, "label": "A", "sample": 9, "ms": 5.8870720863342285}
{"event": "sample", "n": 800, "mode": "forward", "round": 2, "block": 0, "label": "A", "sample": 0, "ms": 6.234272003173828}
{"event": "sample", "n": 800, "mode": "forward", "round": 2, "block": 0, "label": "A", "sample": 1, "ms": 5.886784076690674}
{"event": "sample", "n": 800, "mode": "forward", "round": 2, "block": 0, "label": "A", "sample": 2, "ms": 5.888192176818848}
{"event": "sample", "n": 800, "mode": "forward", "round": 2, "block": 0, "label": "A", "sample": 3, "ms": 5.874080181121826}
{"event": "sample", "n": 800, "mode": "forward", "round": 2, "block": 0, "label": "A", "sample": 4, "ms": 5.873663902282715}
{"event": "sample", "n": 800, "mode": "forward", "round": 2, "block": 0, "label": "A", "sample": 5, "ms": 5.8730878829956055}
{"event": "sample", "n": 800, "mode": "forward", "round": 2, "block": 0, "label": "A", "sample": 6, "ms": 5.873119831085205}
{"event": "sample", "n": 800, "mode": "forward", "round": 2, "block": 0, "label": "A", "sample": 7, "ms": 5.871776103973389}
{"event": "sample", "n": 800, "mode": "forward", "round": 2, "block": 0, "label": "A", "sample": 8, "ms": 5.873311996459961}
{"event": "sample", "n": 800, "mode": "forward", "round": 2, "block": 0, "label": "A", "sample": 9, "ms": 5.873760223388672}
{"event": "sample", "n": 800, "mode": "forward", "round": 2, "block": 1, "label": "B", "sample": 0, "ms": 6.053887844085693}
{"event": "sample", "n": 800, "mode": "forward", "round": 2, "block": 1, "label": "B", "sample": 1, "ms": 5.751711845397949}
{"event": "sample", "n": 800, "mode": "forward", "round": 2, "block": 1, "label": "B", "sample": 2, "ms": 5.7512640953063965}
{"event": "sample", "n": 800, "mode": "forward", "round": 2, "block": 1, "label": "B", "sample": 3, "ms": 5.75267219543457}
{"event": "sample", "n": 800, "mode": "forward", "round": 2, "block": 1, "label": "B", "sample": 4, "ms": 5.753056049346924}
{"event": "sample", "n": 800, "mode": "forward", "round": 2, "block": 1, "label": "B", "sample": 5, "ms": 5.751391887664795}
{"event": "sample", "n": 800, "mode": "forward", "round": 2, "block": 1, "label": "B", "sample": 6, "ms": 5.750976085662842}
{"event": "sample", "n": 800, "mode": "forward", "round": 2, "block": 1, "label": "B", "sample": 7, "ms": 5.749983787536621}
{"event": "sample", "n": 800, "mode": "forward", "round": 2, "block": 1, "label": "B", "sample": 8, "ms": 5.7533440589904785}
{"event": "sample", "n": 800, "mode": "forward", "round": 2, "block": 1, "label": "B", "sample": 9, "ms": 5.752895832061768}
{"event": "sample", "n": 800, "mode": "forward", "round": 2, "block": 2, "label": "B", "sample": 0, "ms": 6.063039779663086}
{"event": "sample", "n": 800, "mode": "forward", "round": 2, "block": 2, "label": "B", "sample": 1, "ms": 5.752543926239014}
{"event": "sample", "n": 800, "mode": "forward", "round": 2, "block": 2, "label": "B", "sample": 2, "ms": 5.75164794921875}
{"event": "sample", "n": 800, "mode": "forward", "round": 2, "block": 2, "label": "B", "sample": 3, "ms": 5.75110387802124}
{"event": "sample", "n": 800, "mode": "forward", "round": 2, "block": 2, "label": "B", "sample": 4, "ms": 5.752352237701416}
{"event": "sample", "n": 800, "mode": "forward", "round": 2, "block": 2, "label": "B", "sample": 5, "ms": 5.751840114593506}
{"event": "sample", "n": 800, "mode": "forward", "round": 2, "block": 2, "label": "B", "sample": 6, "ms": 5.75219202041626}
{"event": "sample", "n": 800, "mode": "forward", "round": 2, "block": 2, "label": "B", "sample": 7, "ms": 5.751967906951904}
{"event": "sample", "n": 800, "mode": "forward", "round": 2, "block": 2, "label": "B", "sample": 8, "ms": 5.75167989730835}
{"event": "sample", "n": 800, "mode": "forward", "round": 2, "block": 2, "label": "B", "sample": 9, "ms": 5.753151893615723}
{"event": "sample", "n": 800, "mode": "forward", "round": 2, "block": 3, "label": "A", "sample": 0, "ms": 6.206399917602539}
{"event": "sample", "n": 800, "mode": "forward", "round": 2, "block": 3, "label": "A", "sample": 1, "ms": 5.873536109924316}
{"event": "sample", "n": 800, "mode": "forward", "round": 2, "block": 3, "label": "A", "sample": 2, "ms": 5.87446403503418}
{"event": "sample", "n": 800, "mode": "forward", "round": 2, "block": 3, "label": "A", "sample": 3, "ms": 5.87283182144165}
{"event": "sample", "n": 800, "mode": "forward", "round": 2, "block": 3, "label": "A", "sample": 4, "ms": 5.873983860015869}
{"event": "sample", "n": 800, "mode": "forward", "round": 2, "block": 3, "label": "A", "sample": 5, "ms": 5.872064113616943}
{"event": "sample", "n": 800, "mode": "forward", "round": 2, "block": 3, "label": "A", "sample": 6, "ms": 5.874720096588135}
{"event": "sample", "n": 800, "mode": "forward", "round": 2, "block": 3, "label": "A", "sample": 7, "ms": 5.886655807495117}
{"event": "sample", "n": 800, "mode": "forward", "round": 2, "block": 3, "label": "A", "sample": 8, "ms": 5.886816024780273}
{"event": "sample", "n": 800, "mode": "forward", "round": 2, "block": 3, "label": "A", "sample": 9, "ms": 5.886911869049072}
{"event": "summary", "n": 800, "mode": "forward", "median_ms": {"A": 5.88756799697876, "B": 5.753247976303101}, "speedup": 1.0233468157863013, "samples_per_label": 60}
{"event": "sample", "n": 800, "mode": "backward", "round": 0, "block": 0, "label": "A", "sample": 0, "ms": 23.850784301757812}
{"event": "sample", "n": 800, "mode": "backward", "round": 0, "block": 0, "label": "A", "sample": 1, "ms": 23.709823608398438}
{"event": "sample", "n": 800, "mode": "backward", "round": 0, "block": 0, "label": "A", "sample": 2, "ms": 23.697439193725586}
{"event": "sample", "n": 800, "mode": "backward", "round": 0, "block": 0, "label": "A", "sample": 3, "ms": 23.718528747558594}
{"event": "sample", "n": 800, "mode": "backward", "round": 0, "block": 0, "label": "A", "sample": 4, "ms": 23.709856033325195}
{"event": "sample", "n": 800, "mode": "backward", "round": 0, "block": 0, "label": "A", "sample": 5, "ms": 23.6843204498291}
{"event": "sample", "n": 800, "mode": "backward", "round": 0, "block": 0, "label": "A", "sample": 6, "ms": 23.672767639160156}
{"event": "sample", "n": 800, "mode": "backward", "round": 0, "block": 0, "label": "A", "sample": 7, "ms": 23.67024040222168}
{"event": "sample", "n": 800, "mode": "backward", "round": 0, "block": 0, "label": "A", "sample": 8, "ms": 23.66387176513672}
{"event": "sample", "n": 800, "mode": "backward", "round": 0, "block": 0, "label": "A", "sample": 9, "ms": 23.670944213867188}
{"event": "sample", "n": 800, "mode": "backward", "round": 0, "block": 1, "label": "B", "sample": 0, "ms": 23.87753677368164}
{"event": "sample", "n": 800, "mode": "backward", "round": 0, "block": 1, "label": "B", "sample": 1, "ms": 23.69219207763672}
{"event": "sample", "n": 800, "mode": "backward", "round": 0, "block": 1, "label": "B", "sample": 2, "ms": 23.701919555664062}
{"event": "sample", "n": 800, "mode": "backward", "round": 0, "block": 1, "label": "B", "sample": 3, "ms": 23.71491241455078}
{"event": "sample", "n": 800, "mode": "backward", "round": 0, "block": 1, "label": "B", "sample": 4, "ms": 23.665184020996094}
{"event": "sample", "n": 800, "mode": "backward", "round": 0, "block": 1, "label": "B", "sample": 5, "ms": 23.668384552001953}
{"event": "sample", "n": 800, "mode": "backward", "round": 0, "block": 1, "label": "B", "sample": 6, "ms": 23.65235137939453}
{"event": "sample", "n": 800, "mode": "backward", "round": 0, "block": 1, "label": "B", "sample": 7, "ms": 23.66748809814453}
{"event": "sample", "n": 800, "mode": "backward", "round": 0, "block": 1, "label": "B", "sample": 8, "ms": 23.673856735229492}
{"event": "sample", "n": 800, "mode": "backward", "round": 0, "block": 1, "label": "B", "sample": 9, "ms": 23.691360473632812}
{"event": "sample", "n": 800, "mode": "backward", "round": 0, "block": 2, "label": "B", "sample": 0, "ms": 23.873567581176758}
{"event": "sample", "n": 800, "mode": "backward", "round": 0, "block": 2, "label": "B", "sample": 1, "ms": 23.73004722595215}
{"event": "sample", "n": 800, "mode": "backward", "round": 0, "block": 2, "label": "B", "sample": 2, "ms": 23.64486312866211}
{"event": "sample", "n": 800, "mode": "backward", "round": 0, "block": 2, "label": "B", "sample": 3, "ms": 23.642976760864258}
{"event": "sample", "n": 800, "mode": "backward", "round": 0, "block": 2, "label": "B", "sample": 4, "ms": 23.66160011291504}
{"event": "sample", "n": 800, "mode": "backward", "round": 0, "block": 2, "label": "B", "sample": 5, "ms": 23.6474552154541}
{"event": "sample", "n": 800, "mode": "backward", "round": 0, "block": 2, "label": "B", "sample": 6, "ms": 23.687231063842773}
{"event": "sample", "n": 800, "mode": "backward", "round": 0, "block": 2, "label": "B", "sample": 7, "ms": 23.712608337402344}
{"event": "sample", "n": 800, "mode": "backward", "round": 0, "block": 2, "label": "B", "sample": 8, "ms": 23.687776565551758}
{"event": "sample", "n": 800, "mode": "backward", "round": 0, "block": 2, "label": "B", "sample": 9, "ms": 23.717119216918945}
{"event": "sample", "n": 800, "mode": "backward", "round": 0, "block": 3, "label": "A", "sample": 0, "ms": 23.902912139892578}
{"event": "sample", "n": 800, "mode": "backward", "round": 0, "block": 3, "label": "A", "sample": 1, "ms": 23.682144165039062}
{"event": "sample", "n": 800, "mode": "backward", "round": 0, "block": 3, "label": "A", "sample": 2, "ms": 23.67046356201172}
{"event": "sample", "n": 800, "mode": "backward", "round": 0, "block": 3, "label": "A", "sample": 3, "ms": 23.67318344116211}
{"event": "sample", "n": 800, "mode": "backward", "round": 0, "block": 3, "label": "A", "sample": 4, "ms": 23.662111282348633}
{"event": "sample", "n": 800, "mode": "backward", "round": 0, "block": 3, "label": "A", "sample": 5, "ms": 23.721216201782227}
{"event": "sample", "n": 800, "mode": "backward", "round": 0, "block": 3, "label": "A", "sample": 6, "ms": 23.727231979370117}
{"event": "sample", "n": 800, "mode": "backward", "round": 0, "block": 3, "label": "A", "sample": 7, "ms": 23.724096298217773}
{"event": "sample", "n": 800, "mode": "backward", "round": 0, "block": 3, "label": "A", "sample": 8, "ms": 23.719680786132812}
{"event": "sample", "n": 800, "mode": "backward", "round": 0, "block": 3, "label": "A", "sample": 9, "ms": 23.689855575561523}
{"event": "sample", "n": 800, "mode": "backward", "round": 1, "block": 0, "label": "A", "sample": 0, "ms": 23.886207580566406}
{"event": "sample", "n": 800, "mode": "backward", "round": 1, "block": 0, "label": "A", "sample": 1, "ms": 23.69183921813965}
{"event": "sample", "n": 800, "mode": "backward", "round": 1, "block": 0, "label": "A", "sample": 2, "ms": 23.67033576965332}
{"event": "sample", "n": 800, "mode": "backward", "round": 1, "block": 0, "label": "A", "sample": 3, "ms": 23.701696395874023}
{"event": "sample", "n": 800, "mode": "backward", "round": 1, "block": 0, "label": "A", "sample": 4, "ms": 23.70684814453125}
{"event": "sample", "n": 800, "mode": "backward", "round": 1, "block": 0, "label": "A", "sample": 5, "ms": 23.69158363342285}
{"event": "sample", "n": 800, "mode": "backward", "round": 1, "block": 0, "label": "A", "sample": 6, "ms": 23.72889518737793}
{"event": "sample", "n": 800, "mode": "backward", "round": 1, "block": 0, "label": "A", "sample": 7, "ms": 23.678592681884766}
{"event": "sample", "n": 800, "mode": "backward", "round": 1, "block": 0, "label": "A", "sample": 8, "ms": 23.668928146362305}
{"event": "sample", "n": 800, "mode": "backward", "round": 1, "block": 0, "label": "A", "sample": 9, "ms": 23.670400619506836}
{"event": "sample", "n": 800, "mode": "backward", "round": 1, "block": 1, "label": "B", "sample": 0, "ms": 23.86672019958496}
{"event": "sample", "n": 800, "mode": "backward", "round": 1, "block": 1, "label": "B", "sample": 1, "ms": 23.70403289794922}
{"event": "sample", "n": 800, "mode": "backward", "round": 1, "block": 1, "label": "B", "sample": 2, "ms": 23.72390365600586}
{"event": "sample", "n": 800, "mode": "backward", "round": 1, "block": 1, "label": "B", "sample": 3, "ms": 23.6943359375}
{"event": "sample", "n": 800, "mode": "backward", "round": 1, "block": 1, "label": "B", "sample": 4, "ms": 23.692960739135742}
{"event": "sample", "n": 800, "mode": "backward", "round": 1, "block": 1, "label": "B", "sample": 5, "ms": 23.696544647216797}
{"event": "sample", "n": 800, "mode": "backward", "round": 1, "block": 1, "label": "B", "sample": 6, "ms": 23.659103393554688}
{"event": "sample", "n": 800, "mode": "backward", "round": 1, "block": 1, "label": "B", "sample": 7, "ms": 23.67046356201172}
{"event": "sample", "n": 800, "mode": "backward", "round": 1, "block": 1, "label": "B", "sample": 8, "ms": 23.661727905273438}
{"event": "sample", "n": 800, "mode": "backward", "round": 1, "block": 1, "label": "B", "sample": 9, "ms": 23.665151596069336}
{"event": "sample", "n": 800, "mode": "backward", "round": 1, "block": 2, "label": "B", "sample": 0, "ms": 23.86649513244629}
{"event": "sample", "n": 800, "mode": "backward", "round": 1, "block": 2, "label": "B", "sample": 1, "ms": 23.709503173828125}
{"event": "sample", "n": 800, "mode": "backward", "round": 1, "block": 2, "label": "B", "sample": 2, "ms": 23.688608169555664}
{"event": "sample", "n": 800, "mode": "backward", "round": 1, "block": 2, "label": "B", "sample": 3, "ms": 23.704320907592773}
{"event": "sample", "n": 800, "mode": "backward", "round": 1, "block": 2, "label": "B", "sample": 4, "ms": 23.67344093322754}
{"event": "sample", "n": 800, "mode": "backward", "round": 1, "block": 2, "label": "B", "sample": 5, "ms": 23.66204833984375}
{"event": "sample", "n": 800, "mode": "backward", "round": 1, "block": 2, "label": "B", "sample": 6, "ms": 23.66988754272461}
{"event": "sample", "n": 800, "mode": "backward", "round": 1, "block": 2, "label": "B", "sample": 7, "ms": 23.672224044799805}
{"event": "sample", "n": 800, "mode": "backward", "round": 1, "block": 2, "label": "B", "sample": 8, "ms": 23.689023971557617}
{"event": "sample", "n": 800, "mode": "backward", "round": 1, "block": 2, "label": "B", "sample": 9, "ms": 23.684959411621094}
{"event": "sample", "n": 800, "mode": "backward", "round": 1, "block": 3, "label": "A", "sample": 0, "ms": 24.257247924804688}
{"event": "sample", "n": 800, "mode": "backward", "round": 1, "block": 3, "label": "A", "sample": 1, "ms": 23.71651268005371}
{"event": "sample", "n": 800, "mode": "backward", "round": 1, "block": 3, "label": "A", "sample": 2, "ms": 23.705408096313477}
{"event": "sample", "n": 800, "mode": "backward", "round": 1, "block": 3, "label": "A", "sample": 3, "ms": 23.66396713256836}
{"event": "sample", "n": 800, "mode": "backward", "round": 1, "block": 3, "label": "A", "sample": 4, "ms": 23.659616470336914}
{"event": "sample", "n": 800, "mode": "backward", "round": 1, "block": 3, "label": "A", "sample": 5, "ms": 23.652191162109375}
{"event": "sample", "n": 800, "mode": "backward", "round": 1, "block": 3, "label": "A", "sample": 6, "ms": 23.690431594848633}
{"event": "sample", "n": 800, "mode": "backward", "round": 1, "block": 3, "label": "A", "sample": 7, "ms": 23.707744598388672}
{"event": "sample", "n": 800, "mode": "backward", "round": 1, "block": 3, "label": "A", "sample": 8, "ms": 23.69811248779297}
{"event": "sample", "n": 800, "mode": "backward", "round": 1, "block": 3, "label": "A", "sample": 9, "ms": 23.70319938659668}
{"event": "sample", "n": 800, "mode": "backward", "round": 2, "block": 0, "label": "A", "sample": 0, "ms": 23.88163185119629}
{"event": "sample", "n": 800, "mode": "backward", "round": 2, "block": 0, "label": "A", "sample": 1, "ms": 23.68819236755371}
{"event": "sample", "n": 800, "mode": "backward", "round": 2, "block": 0, "label": "A", "sample": 2, "ms": 23.674272537231445}
{"event": "sample", "n": 800, "mode": "backward", "round": 2, "block": 0, "label": "A", "sample": 3, "ms": 23.671104431152344}
{"event": "sample", "n": 800, "mode": "backward", "round": 2, "block": 0, "label": "A", "sample": 4, "ms": 23.666271209716797}
{"event": "sample", "n": 800, "mode": "backward", "round": 2, "block": 0, "label": "A", "sample": 5, "ms": 23.715103149414062}
{"event": "sample", "n": 800, "mode": "backward", "round": 2, "block": 0, "label": "A", "sample": 6, "ms": 23.724031448364258}
{"event": "sample", "n": 800, "mode": "backward", "round": 2, "block": 0, "label": "A", "sample": 7, "ms": 23.695615768432617}
{"event": "sample", "n": 800, "mode": "backward", "round": 2, "block": 0, "label": "A", "sample": 8, "ms": 23.732831954956055}
{"event": "sample", "n": 800, "mode": "backward", "round": 2, "block": 0, "label": "A", "sample": 9, "ms": 23.688735961914062}
{"event": "sample", "n": 800, "mode": "backward", "round": 2, "block": 1, "label": "B", "sample": 0, "ms": 23.839807510375977}
{"event": "sample", "n": 800, "mode": "backward", "round": 2, "block": 1, "label": "B", "sample": 1, "ms": 23.66828727722168}
{"event": "sample", "n": 800, "mode": "backward", "round": 2, "block": 1, "label": "B", "sample": 2, "ms": 23.667104721069336}
{"event": "sample", "n": 800, "mode": "backward", "round": 2, "block": 1, "label": "B", "sample": 3, "ms": 23.703840255737305}
{"event": "sample", "n": 800, "mode": "backward", "round": 2, "block": 1, "label": "B", "sample": 4, "ms": 23.697568893432617}
{"event": "sample", "n": 800, "mode": "backward", "round": 2, "block": 1, "label": "B", "sample": 5, "ms": 23.71436882019043}
{"event": "sample", "n": 800, "mode": "backward", "round": 2, "block": 1, "label": "B", "sample": 6, "ms": 23.690048217773438}
{"event": "sample", "n": 800, "mode": "backward", "round": 2, "block": 1, "label": "B", "sample": 7, "ms": 23.69808006286621}
{"event": "sample", "n": 800, "mode": "backward", "round": 2, "block": 1, "label": "B", "sample": 8, "ms": 23.692384719848633}
{"event": "sample", "n": 800, "mode": "backward", "round": 2, "block": 1, "label": "B", "sample": 9, "ms": 23.64575958251953}
{"event": "sample", "n": 800, "mode": "backward", "round": 2, "block": 2, "label": "B", "sample": 0, "ms": 23.83475112915039}
{"event": "sample", "n": 800, "mode": "backward", "round": 2, "block": 2, "label": "B", "sample": 1, "ms": 23.637855529785156}
{"event": "sample", "n": 800, "mode": "backward", "round": 2, "block": 2, "label": "B", "sample": 2, "ms": 23.704416275024414}
{"event": "sample", "n": 800, "mode": "backward", "round": 2, "block": 2, "label": "B", "sample": 3, "ms": 23.707904815673828}
{"event": "sample", "n": 800, "mode": "backward", "round": 2, "block": 2, "label": "B", "sample": 4, "ms": 23.72003173828125}
{"event": "sample", "n": 800, "mode": "backward", "round": 2, "block": 2, "label": "B", "sample": 5, "ms": 23.676864624023438}
{"event": "sample", "n": 800, "mode": "backward", "round": 2, "block": 2, "label": "B", "sample": 6, "ms": 23.654399871826172}
{"event": "sample", "n": 800, "mode": "backward", "round": 2, "block": 2, "label": "B", "sample": 7, "ms": 23.649568557739258}
{"event": "sample", "n": 800, "mode": "backward", "round": 2, "block": 2, "label": "B", "sample": 8, "ms": 23.644575119018555}
{"event": "sample", "n": 800, "mode": "backward", "round": 2, "block": 2, "label": "B", "sample": 9, "ms": 23.66966438293457}
{"event": "sample", "n": 800, "mode": "backward", "round": 2, "block": 3, "label": "A", "sample": 0, "ms": 23.887807846069336}
{"event": "sample", "n": 800, "mode": "backward", "round": 2, "block": 3, "label": "A", "sample": 1, "ms": 23.713695526123047}
{"event": "sample", "n": 800, "mode": "backward", "round": 2, "block": 3, "label": "A", "sample": 2, "ms": 23.694015502929688}
{"event": "sample", "n": 800, "mode": "backward", "round": 2, "block": 3, "label": "A", "sample": 3, "ms": 23.69887924194336}
{"event": "sample", "n": 800, "mode": "backward", "round": 2, "block": 3, "label": "A", "sample": 4, "ms": 23.707551956176758}
{"event": "sample", "n": 800, "mode": "backward", "round": 2, "block": 3, "label": "A", "sample": 5, "ms": 23.677696228027344}
{"event": "sample", "n": 800, "mode": "backward", "round": 2, "block": 3, "label": "A", "sample": 6, "ms": 23.658655166625977}
{"event": "sample", "n": 800, "mode": "backward", "round": 2, "block": 3, "label": "A", "sample": 7, "ms": 23.685632705688477}
{"event": "sample", "n": 800, "mode": "backward", "round": 2, "block": 3, "label": "A", "sample": 8, "ms": 23.66646385192871}
{"event": "sample", "n": 800, "mode": "backward", "round": 2, "block": 3, "label": "A", "sample": 9, "ms": 23.70128059387207}
{"event": "summary", "n": 800, "mode": "backward", "median_ms": {"A": 23.694815635681152, "B": 23.68881607055664}, "speedup": 1.0002532657228054, "samples_per_label": 60}
{"event": "sample", "n": 800, "mode": "forward_backward", "round": 0, "block": 0, "label": "A", "sample": 0, "ms": 29.908735275268555}
{"event": "sample", "n": 800, "mode": "forward_backward", "round": 0, "block": 0, "label": "A", "sample": 1, "ms": 29.56105613708496}
{"event": "sample", "n": 800, "mode": "forward_backward", "round": 0, "block": 0, "label": "A", "sample": 2, "ms": 29.553279876708984}
{"event": "sample", "n": 800, "mode": "forward_backward", "round": 0, "block": 0, "label": "A", "sample": 3, "ms": 29.545568466186523}
{"event": "sample", "n": 800, "mode": "forward_backward", "round": 0, "block": 0, "label": "A", "sample": 4, "ms": 29.53446388244629}
{"event": "sample", "n": 800, "mode": "forward_backward", "round": 0, "block": 0, "label": "A", "sample": 5, "ms": 29.538719177246094}
{"event": "sample", "n": 800, "mode": "forward_backward", "round": 0, "block": 0, "label": "A", "sample": 6, "ms": 29.563968658447266}
{"event": "sample", "n": 800, "mode": "forward_backward", "round": 0, "block": 0, "label": "A", "sample": 7, "ms": 29.543359756469727}
{"event": "sample", "n": 800, "mode": "forward_backward", "round": 0, "block": 0, "label": "A", "sample": 8, "ms": 29.575231552124023}
{"event": "sample", "n": 800, "mode": "forward_backward", "round": 0, "block": 0, "label": "A", "sample": 9, "ms": 29.553279876708984}
{"event": "sample", "n": 800, "mode": "forward_backward", "round": 0, "block": 1, "label": "B", "sample": 0, "ms": 29.725568771362305}
{"event": "sample", "n": 800, "mode": "forward_backward", "round": 0, "block": 1, "label": "B", "sample": 1, "ms": 29.405471801757812}
{"event": "sample", "n": 800, "mode": "forward_backward", "round": 0, "block": 1, "label": "B", "sample": 2, "ms": 29.40166473388672}
{"event": "sample", "n": 800, "mode": "forward_backward", "round": 0, "block": 1, "label": "B", "sample": 3, "ms": 29.426143646240234}
{"event": "sample", "n": 800, "mode": "forward_backward", "round": 0, "block": 1, "label": "B", "sample": 4, "ms": 29.45235252380371}
{"event": "sample", "n": 800, "mode": "forward_backward", "round": 0, "block": 1, "label": "B", "sample": 5, "ms": 29.453472137451172}
{"event": "sample", "n": 800, "mode": "forward_backward", "round": 0, "block": 1, "label": "B", "sample": 6, "ms": 29.4685115814209}
{"event": "sample", "n": 800, "mode": "forward_backward", "round": 0, "block": 1, "label": "B", "sample": 7, "ms": 29.433216094970703}
{"event": "sample", "n": 800, "mode": "forward_backward", "round": 0, "block": 1, "label": "B", "sample": 8, "ms": 29.400672912597656}
{"event": "sample", "n": 800, "mode": "forward_backward", "round": 0, "block": 1, "label": "B", "sample": 9, "ms": 29.439584732055664}
{"event": "sample", "n": 800, "mode": "forward_backward", "round": 0, "block": 2, "label": "B", "sample": 0, "ms": 29.813568115234375}
{"event": "sample", "n": 800, "mode": "forward_backward", "round": 0, "block": 2, "label": "B", "sample": 1, "ms": 29.444416046142578}
{"event": "sample", "n": 800, "mode": "forward_backward", "round": 0, "block": 2, "label": "B", "sample": 2, "ms": 29.409536361694336}
{"event": "sample", "n": 800, "mode": "forward_backward", "round": 0, "block": 2, "label": "B", "sample": 3, "ms": 29.43075180053711}
{"event": "sample", "n": 800, "mode": "forward_backward", "round": 0, "block": 2, "label": "B", "sample": 4, "ms": 29.393728256225586}
{"event": "sample", "n": 800, "mode": "forward_backward", "round": 0, "block": 2, "label": "B", "sample": 5, "ms": 29.376352310180664}
{"event": "sample", "n": 800, "mode": "forward_backward", "round": 0, "block": 2, "label": "B", "sample": 6, "ms": 29.415807723999023}
{"event": "sample", "n": 800, "mode": "forward_backward", "round": 0, "block": 2, "label": "B", "sample": 7, "ms": 29.418272018432617}
{"event": "sample", "n": 800, "mode": "forward_backward", "round": 0, "block": 2, "label": "B", "sample": 8, "ms": 29.45302391052246}
{"event": "sample", "n": 800, "mode": "forward_backward", "round": 0, "block": 2, "label": "B", "sample": 9, "ms": 29.459999084472656}
{"event": "sample", "n": 800, "mode": "forward_backward", "round": 0, "block": 3, "label": "A", "sample": 0, "ms": 29.926847457885742}
{"event": "sample", "n": 800, "mode": "forward_backward", "round": 0, "block": 3, "label": "A", "sample": 1, "ms": 29.528160095214844}
{"event": "sample", "n": 800, "mode": "forward_backward", "round": 0, "block": 3, "label": "A", "sample": 2, "ms": 29.51817512512207}
{"event": "sample", "n": 800, "mode": "forward_backward", "round": 0, "block": 3, "label": "A", "sample": 3, "ms": 29.53913688659668}
{"event": "sample", "n": 800, "mode": "forward_backward", "round": 0, "block": 3, "label": "A", "sample": 4, "ms": 29.555328369140625}
{"event": "sample", "n": 800, "mode": "forward_backward", "round": 0, "block": 3, "label": "A", "sample": 5, "ms": 29.56604766845703}
{"event": "sample", "n": 800, "mode": "forward_backward", "round": 0, "block": 3, "label": "A", "sample": 6, "ms": 29.59097671508789}
{"event": "sample", "n": 800, "mode": "forward_backward", "round": 0, "block": 3, "label": "A", "sample": 7, "ms": 29.518047332763672}
{"event": "sample", "n": 800, "mode": "forward_backward", "round": 0, "block": 3, "label": "A", "sample": 8, "ms": 29.505504608154297}
{"event": "sample", "n": 800, "mode": "forward_backward", "round": 0, "block": 3, "label": "A", "sample": 9, "ms": 29.525760650634766}
{"event": "sample", "n": 800, "mode": "forward_backward", "round": 1, "block": 0, "label": "A", "sample": 0, "ms": 30.185216903686523}
{"event": "sample", "n": 800, "mode": "forward_backward", "round": 1, "block": 0, "label": "A", "sample": 1, "ms": 29.546688079833984}
{"event": "sample", "n": 800, "mode": "forward_backward", "round": 1, "block": 0, "label": "A", "sample": 2, "ms": 29.579328536987305}
{"event": "sample", "n": 800, "mode": "forward_backward", "round": 1, "block": 0, "label": "A", "sample": 3, "ms": 29.563583374023438}
{"event": "sample", "n": 800, "mode": "forward_backward", "round": 1, "block": 0, "label": "A", "sample": 4, "ms": 29.53264045715332}
{"event": "sample", "n": 800, "mode": "forward_backward", "round": 1, "block": 0, "label": "A", "sample": 5, "ms": 29.55027198791504}
{"event": "sample", "n": 800, "mode": "forward_backward", "round": 1, "block": 0, "label": "A", "sample": 6, "ms": 29.531583786010742}
{"event": "sample", "n": 800, "mode": "forward_backward", "round": 1, "block": 0, "label": "A", "sample": 7, "ms": 29.578271865844727}
{"event": "sample", "n": 800, "mode": "forward_backward", "round": 1, "block": 0, "label": "A", "sample": 8, "ms": 29.58038330078125}
{"event": "sample", "n": 800, "mode": "forward_backward", "round": 1, "block": 0, "label": "A", "sample": 9, "ms": 29.598623275756836}
{"event": "sample", "n": 800, "mode": "forward_backward", "round": 1, "block": 1, "label": "B", "sample": 0, "ms": 29.791872024536133}
{"event": "sample", "n": 800, "mode": "forward_backward", "round": 1, "block": 1, "label": "B", "sample": 1, "ms": 29.409664154052734}
{"event": "sample", "n": 800, "mode": "forward_backward", "round": 1, "block": 1, "label": "B", "sample": 2, "ms": 29.38287925720215}
{"event": "sample", "n": 800, "mode": "forward_backward", "round": 1, "block": 1, "label": "B", "sample": 3, "ms": 29.402175903320312}
{"event": "sample", "n": 800, "mode": "forward_backward", "round": 1, "block": 1, "label": "B", "sample": 4, "ms": 29.47590446472168}
{"event": "sample", "n": 800, "mode": "forward_backward", "round": 1, "block": 1, "label": "B", "sample": 5, "ms": 29.42246437072754}
{"event": "sample", "n": 800, "mode": "forward_backward", "round": 1, "block": 1, "label": "B", "sample": 6, "ms": 29.431743621826172}
{"event": "sample", "n": 800, "mode": "forward_backward", "round": 1, "block": 1, "label": "B", "sample": 7, "ms": 29.40457534790039}
{"event": "sample", "n": 800, "mode": "forward_backward", "round": 1, "block": 1, "label": "B", "sample": 8, "ms": 29.43846321105957}
{"event": "sample", "n": 800, "mode": "forward_backward", "round": 1, "block": 1, "label": "B", "sample": 9, "ms": 29.387487411499023}
{"event": "sample", "n": 800, "mode": "forward_backward", "round": 1, "block": 2, "label": "B", "sample": 0, "ms": 29.791616439819336}
{"event": "sample", "n": 800, "mode": "forward_backward", "round": 1, "block": 2, "label": "B", "sample": 1, "ms": 29.456512451171875}
{"event": "sample", "n": 800, "mode": "forward_backward", "round": 1, "block": 2, "label": "B", "sample": 2, "ms": 29.45542335510254}
{"event": "sample", "n": 800, "mode": "forward_backward", "round": 1, "block": 2, "label": "B", "sample": 3, "ms": 29.40083122253418}
{"event": "sample", "n": 800, "mode": "forward_backward", "round": 1, "block": 2, "label": "B", "sample": 4, "ms": 29.417951583862305}
{"event": "sample", "n": 800, "mode": "forward_backward", "round": 1, "block": 2, "label": "B", "sample": 5, "ms": 29.406719207763672}
{"event": "sample", "n": 800, "mode": "forward_backward", "round": 1, "block": 2, "label": "B", "sample": 6, "ms": 29.403648376464844}
{"event": "sample", "n": 800, "mode": "forward_backward", "round": 1, "block": 2, "label": "B", "sample": 7, "ms": 29.474624633789062}
{"event": "sample", "n": 800, "mode": "forward_backward", "round": 1, "block": 2, "label": "B", "sample": 8, "ms": 29.428064346313477}
{"event": "sample", "n": 800, "mode": "forward_backward", "round": 1, "block": 2, "label": "B", "sample": 9, "ms": 29.450559616088867}
{"event": "sample", "n": 800, "mode": "forward_backward", "round": 1, "block": 3, "label": "A", "sample": 0, "ms": 29.873472213745117}
{"event": "sample", "n": 800, "mode": "forward_backward", "round": 1, "block": 3, "label": "A", "sample": 1, "ms": 29.498367309570312}
{"event": "sample", "n": 800, "mode": "forward_backward", "round": 1, "block": 3, "label": "A", "sample": 2, "ms": 29.531103134155273}
{"event": "sample", "n": 800, "mode": "forward_backward", "round": 1, "block": 3, "label": "A", "sample": 3, "ms": 29.52547264099121}
{"event": "sample", "n": 800, "mode": "forward_backward", "round": 1, "block": 3, "label": "A", "sample": 4, "ms": 29.522048950195312}
{"event": "sample", "n": 800, "mode": "forward_backward", "round": 1, "block": 3, "label": "A", "sample": 5, "ms": 29.56118392944336}
{"event": "sample", "n": 800, "mode": "forward_backward", "round": 1, "block": 3, "label": "A", "sample": 6, "ms": 29.552671432495117}
{"event": "sample", "n": 800, "mode": "forward_backward", "round": 1, "block": 3, "label": "A", "sample": 7, "ms": 29.523712158203125}
{"event": "sample", "n": 800, "mode": "forward_backward", "round": 1, "block": 3, "label": "A", "sample": 8, "ms": 29.479455947875977}
{"event": "sample", "n": 800, "mode": "forward_backward", "round": 1, "block": 3, "label": "A", "sample": 9, "ms": 29.55344009399414}
{"event": "sample", "n": 800, "mode": "forward_backward", "round": 2, "block": 0, "label": "A", "sample": 0, "ms": 29.899263381958008}
{"event": "sample", "n": 800, "mode": "forward_backward", "round": 2, "block": 0, "label": "A", "sample": 1, "ms": 29.58176040649414}
{"event": "sample", "n": 800, "mode": "forward_backward", "round": 2, "block": 0, "label": "A", "sample": 2, "ms": 29.577407836914062}
{"event": "sample", "n": 800, "mode": "forward_backward", "round": 2, "block": 0, "label": "A", "sample": 3, "ms": 29.607648849487305}
{"event": "sample", "n": 800, "mode": "forward_backward", "round": 2, "block": 0, "label": "A", "sample": 4, "ms": 29.53878402709961}
{"event": "sample", "n": 800, "mode": "forward_backward", "round": 2, "block": 0, "label": "A", "sample": 5, "ms": 29.505279541015625}
{"event": "sample", "n": 800, "mode": "forward_backward", "round": 2, "block": 0, "label": "A", "sample": 6, "ms": 29.53023910522461}
{"event": "sample", "n": 800, "mode": "forward_backward", "round": 2, "block": 0, "label": "A", "sample": 7, "ms": 29.529312133789062}
{"event": "sample", "n": 800, "mode": "forward_backward", "round": 2, "block": 0, "label": "A", "sample": 8, "ms": 29.59040069580078}
{"event": "sample", "n": 800, "mode": "forward_backward", "round": 2, "block": 0, "label": "A", "sample": 9, "ms": 29.533504486083984}
{"event": "sample", "n": 800, "mode": "forward_backward", "round": 2, "block": 1, "label": "B", "sample": 0, "ms": 29.772159576416016}
{"event": "sample", "n": 800, "mode": "forward_backward", "round": 2, "block": 1, "label": "B", "sample": 1, "ms": 29.433120727539062}
{"event": "sample", "n": 800, "mode": "forward_backward", "round": 2, "block": 1, "label": "B", "sample": 2, "ms": 29.39673614501953}
{"event": "sample", "n": 800, "mode": "forward_backward", "round": 2, "block": 1, "label": "B", "sample": 3, "ms": 29.379039764404297}
{"event": "sample", "n": 800, "mode": "forward_backward", "round": 2, "block": 1, "label": "B", "sample": 4, "ms": 29.41689682006836}
{"event": "sample", "n": 800, "mode": "forward_backward", "round": 2, "block": 1, "label": "B", "sample": 5, "ms": 29.441152572631836}
{"event": "sample", "n": 800, "mode": "forward_backward", "round": 2, "block": 1, "label": "B", "sample": 6, "ms": 29.43836784362793}
{"event": "sample", "n": 800, "mode": "forward_backward", "round": 2, "block": 1, "label": "B", "sample": 7, "ms": 29.423967361450195}
{"event": "sample", "n": 800, "mode": "forward_backward", "round": 2, "block": 1, "label": "B", "sample": 8, "ms": 29.418304443359375}
{"event": "sample", "n": 800, "mode": "forward_backward", "round": 2, "block": 1, "label": "B", "sample": 9, "ms": 29.39036750793457}
{"event": "sample", "n": 800, "mode": "forward_backward", "round": 2, "block": 2, "label": "B", "sample": 0, "ms": 29.791711807250977}
{"event": "sample", "n": 800, "mode": "forward_backward", "round": 2, "block": 2, "label": "B", "sample": 1, "ms": 29.475807189941406}
{"event": "sample", "n": 800, "mode": "forward_backward", "round": 2, "block": 2, "label": "B", "sample": 2, "ms": 29.45564842224121}
{"event": "sample", "n": 800, "mode": "forward_backward", "round": 2, "block": 2, "label": "B", "sample": 3, "ms": 29.451583862304688}
{"event": "sample", "n": 800, "mode": "forward_backward", "round": 2, "block": 2, "label": "B", "sample": 4, "ms": 29.421344757080078}
{"event": "sample", "n": 800, "mode": "forward_backward", "round": 2, "block": 2, "label": "B", "sample": 5, "ms": 29.376319885253906}
{"event": "sample", "n": 800, "mode": "forward_backward", "round": 2, "block": 2, "label": "B", "sample": 6, "ms": 29.410207748413086}
{"event": "sample", "n": 800, "mode": "forward_backward", "round": 2, "block": 2, "label": "B", "sample": 7, "ms": 29.44486427307129}
{"event": "sample", "n": 800, "mode": "forward_backward", "round": 2, "block": 2, "label": "B", "sample": 8, "ms": 29.455232620239258}
{"event": "sample", "n": 800, "mode": "forward_backward", "round": 2, "block": 2, "label": "B", "sample": 9, "ms": 29.442399978637695}
{"event": "sample", "n": 800, "mode": "forward_backward", "round": 2, "block": 3, "label": "A", "sample": 0, "ms": 29.929920196533203}
{"event": "sample", "n": 800, "mode": "forward_backward", "round": 2, "block": 3, "label": "A", "sample": 1, "ms": 29.50966453552246}
{"event": "sample", "n": 800, "mode": "forward_backward", "round": 2, "block": 3, "label": "A", "sample": 2, "ms": 29.534912109375}
{"event": "sample", "n": 800, "mode": "forward_backward", "round": 2, "block": 3, "label": "A", "sample": 3, "ms": 29.5216007232666}
{"event": "sample", "n": 800, "mode": "forward_backward", "round": 2, "block": 3, "label": "A", "sample": 4, "ms": 29.534208297729492}
{"event": "sample", "n": 800, "mode": "forward_backward", "round": 2, "block": 3, "label": "A", "sample": 5, "ms": 29.56051254272461}
{"event": "sample", "n": 800, "mode": "forward_backward", "round": 2, "block": 3, "label": "A", "sample": 6, "ms": 29.561695098876953}
{"event": "sample", "n": 800, "mode": "forward_backward", "round": 2, "block": 3, "label": "A", "sample": 7, "ms": 29.539039611816406}
{"event": "sample", "n": 800, "mode": "forward_backward", "round": 2, "block": 3, "label": "A", "sample": 8, "ms": 29.533184051513672}
{"event": "sample", "n": 800, "mode": "forward_backward", "round": 2, "block": 3, "label": "A", "sample": 9, "ms": 29.5383358001709}
{"event": "summary", "n": 800, "mode": "forward_backward", "median_ms": {"A": 29.546128273010254, "B": 29.43124771118164}, "speedup": 1.003903353434281, "samples_per_label": 60}
{"event": "parity", "n": 1024, "checks": {"output": {"relative_l2": 0.0, "baseline_zero_max_abs_diagnostic": 0.0, "passed": true}, "dq": {"relative_l2": 1.7635135009186342e-05, "baseline_zero_max_abs_diagnostic": 0.0, "passed": true}, "dk": {"relative_l2": 0.0, "baseline_zero_max_abs_diagnostic": 0.0, "passed": true}, "dv": {"relative_l2": 0.0, "baseline_zero_max_abs_diagnostic": 0.0, "passed": true}, "db": {"relative_l2": 1.138872994488338e-05, "baseline_zero_max_abs_diagnostic": 0.0, "passed": true}}, "independent_reference": false}
{"event": "forward_configs", "n": 1024, "configs": {"previous_fused_4b832de": {"kwargs": {"BLOCK_J": 64, "BLOCK_K": 64}, "num_warps": 4, "num_stages": 3, "num_ctas": 1, "maxnreg": null}, "optimized_fused": {"kwargs": {"BLOCK_J": 64, "BLOCK_K": 64}, "num_warps": 4, "num_stages": 2, "num_ctas": 1, "maxnreg": 96}}}
{"event": "memory", "n": 1024, "measurements": {"A": {"peak_increment_bytes": 2433777664, "retained_increment_bytes": 2164260864}, "B": {"peak_increment_bytes": 2433777664, "retained_increment_bytes": 2164260864}}}
{"event": "sample", "n": 1024, "mode": "forward", "round": 0, "block": 0, "label": "A", "sample": 0, "ms": 10.827263832092285}
{"event": "sample", "n": 1024, "mode": "forward", "round": 0, "block": 0, "label": "A", "sample": 1, "ms": 10.556832313537598}
{"event": "sample", "n": 1024, "mode": "forward", "round": 0, "block": 0, "label": "A", "sample": 2, "ms": 10.55561637878418}
{"event": "sample", "n": 1024, "mode": "forward", "round": 0, "block": 0, "label": "A", "sample": 3, "ms": 10.55561637878418}
{"event": "sample", "n": 1024, "mode": "forward", "round": 0, "block": 0, "label": "A", "sample": 4, "ms": 10.557696342468262}
{"event": "sample", "n": 1024, "mode": "forward", "round": 0, "block": 0, "label": "A", "sample": 5, "ms": 10.556639671325684}
{"event": "sample", "n": 1024, "mode": "forward", "round": 0, "block": 0, "label": "A", "sample": 6, "ms": 10.557151794433594}
{"event": "sample", "n": 1024, "mode": "forward", "round": 0, "block": 0, "label": "A", "sample": 7, "ms": 10.55679988861084}
{"event": "sample", "n": 1024, "mode": "forward", "round": 0, "block": 0, "label": "A", "sample": 8, "ms": 10.55519962310791}
{"event": "sample", "n": 1024, "mode": "forward", "round": 0, "block": 0, "label": "A", "sample": 9, "ms": 10.55737590789795}
{"event": "sample", "n": 1024, "mode": "forward", "round": 0, "block": 1, "label": "B", "sample": 0, "ms": 10.729248046875}
{"event": "sample", "n": 1024, "mode": "forward", "round": 0, "block": 1, "label": "B", "sample": 1, "ms": 10.383744239807129}
{"event": "sample", "n": 1024, "mode": "forward", "round": 0, "block": 1, "label": "B", "sample": 2, "ms": 10.385024070739746}
{"event": "sample", "n": 1024, "mode": "forward", "round": 0, "block": 1, "label": "B", "sample": 3, "ms": 10.384639739990234}
{"event": "sample", "n": 1024, "mode": "forward", "round": 0, "block": 1, "label": "B", "sample": 4, "ms": 10.386879920959473}
{"event": "sample", "n": 1024, "mode": "forward", "round": 0, "block": 1, "label": "B", "sample": 5, "ms": 10.38486385345459}
{"event": "sample", "n": 1024, "mode": "forward", "round": 0, "block": 1, "label": "B", "sample": 6, "ms": 10.386528015136719}
{"event": "sample", "n": 1024, "mode": "forward", "round": 0, "block": 1, "label": "B", "sample": 7, "ms": 10.420543670654297}
{"event": "sample", "n": 1024, "mode": "forward", "round": 0, "block": 1, "label": "B", "sample": 8, "ms": 10.464223861694336}
{"event": "sample", "n": 1024, "mode": "forward", "round": 0, "block": 1, "label": "B", "sample": 9, "ms": 10.459327697753906}
{"event": "sample", "n": 1024, "mode": "forward", "round": 0, "block": 2, "label": "B", "sample": 0, "ms": 11.053983688354492}
{"event": "sample", "n": 1024, "mode": "forward", "round": 0, "block": 2, "label": "B", "sample": 1, "ms": 10.452159881591797}
{"event": "sample", "n": 1024, "mode": "forward", "round": 0, "block": 2, "label": "B", "sample": 2, "ms": 10.453215599060059}
{"event": "sample", "n": 1024, "mode": "forward", "round": 0, "block": 2, "label": "B", "sample": 3, "ms": 10.451711654663086}
{"event": "sample", "n": 1024, "mode": "forward", "round": 0, "block": 2, "label": "B", "sample": 4, "ms": 10.452544212341309}
{"event": "sample", "n": 1024, "mode": "forward", "round": 0, "block": 2, "label": "B", "sample": 5, "ms": 10.450976371765137}
{"event": "sample", "n": 1024, "mode": "forward", "round": 0, "block": 2, "label": "B", "sample": 6, "ms": 10.450624465942383}
{"event": "sample", "n": 1024, "mode": "forward", "round": 0, "block": 2, "label": "B", "sample": 7, "ms": 10.452320098876953}
{"event": "sample", "n": 1024, "mode": "forward", "round": 0, "block": 2, "label": "B", "sample": 8, "ms": 10.452128410339355}
{"event": "sample", "n": 1024, "mode": "forward", "round": 0, "block": 2, "label": "B", "sample": 9, "ms": 10.462047576904297}
{"event": "sample", "n": 1024, "mode": "forward", "round": 0, "block": 3, "label": "A", "sample": 0, "ms": 11.02940845489502}
{"event": "sample", "n": 1024, "mode": "forward", "round": 0, "block": 3, "label": "A", "sample": 1, "ms": 10.636704444885254}
{"event": "sample", "n": 1024, "mode": "forward", "round": 0, "block": 3, "label": "A", "sample": 2, "ms": 10.637311935424805}
{"event": "sample", "n": 1024, "mode": "forward", "round": 0, "block": 3, "label": "A", "sample": 3, "ms": 10.636544227600098}
{"event": "sample", "n": 1024, "mode": "forward", "round": 0, "block": 3, "label": "A", "sample": 4, "ms": 10.638815879821777}
{"event": "sample", "n": 1024, "mode": "forward", "round": 0, "block": 3, "label": "A", "sample": 5, "ms": 10.639424324035645}
{"event": "sample", "n": 1024, "mode": "forward", "round": 0, "block": 3, "label": "A", "sample": 6, "ms": 10.638239860534668}
{"event": "sample", "n": 1024, "mode": "forward", "round": 0, "block": 3, "label": "A", "sample": 7, "ms": 10.637503623962402}
{"event": "sample", "n": 1024, "mode": "forward", "round": 0, "block": 3, "label": "A", "sample": 8, "ms": 10.656800270080566}
{"event": "sample", "n": 1024, "mode": "forward", "round": 0, "block": 3, "label": "A", "sample": 9, "ms": 10.664735794067383}
{"event": "sample", "n": 1024, "mode": "forward", "round": 1, "block": 0, "label": "A", "sample": 0, "ms": 11.013312339782715}
{"event": "sample", "n": 1024, "mode": "forward", "round": 1, "block": 0, "label": "A", "sample": 1, "ms": 10.662303924560547}
{"event": "sample", "n": 1024, "mode": "forward", "round": 1, "block": 0, "label": "A", "sample": 2, "ms": 10.661760330200195}
{"event": "sample", "n": 1024, "mode": "forward", "round": 1, "block": 0, "label": "A", "sample": 3, "ms": 10.6627197265625}
{"event": "sample", "n": 1024, "mode": "forward", "round": 1, "block": 0, "label": "A", "sample": 4, "ms": 10.662400245666504}
{"event": "sample", "n": 1024, "mode": "forward", "round": 1, "block": 0, "label": "A", "sample": 5, "ms": 10.662528038024902}
{"event": "sample", "n": 1024, "mode": "forward", "round": 1, "block": 0, "label": "A", "sample": 6, "ms": 10.6627836227417}
{"event": "sample", "n": 1024, "mode": "forward", "round": 1, "block": 0, "label": "A", "sample": 7, "ms": 10.651712417602539}
{"event": "sample", "n": 1024, "mode": "forward", "round": 1, "block": 0, "label": "A", "sample": 8, "ms": 10.636639595031738}
{"event": "sample", "n": 1024, "mode": "forward", "round": 1, "block": 0, "label": "A", "sample": 9, "ms": 10.636896133422852}
{"event": "sample", "n": 1024, "mode": "forward", "round": 1, "block": 1, "label": "B", "sample": 0, "ms": 10.770463943481445}
{"event": "sample", "n": 1024, "mode": "forward", "round": 1, "block": 1, "label": "B", "sample": 1, "ms": 10.462847709655762}
{"event": "sample", "n": 1024, "mode": "forward", "round": 1, "block": 1, "label": "B", "sample": 2, "ms": 10.46288013458252}
{"event": "sample", "n": 1024, "mode": "forward", "round": 1, "block": 1, "label": "B", "sample": 3, "ms": 10.463104248046875}
{"event": "sample", "n": 1024, "mode": "forward", "round": 1, "block": 1, "label": "B", "sample": 4, "ms": 10.454303741455078}
{"event": "sample", "n": 1024, "mode": "forward", "round": 1, "block": 1, "label": "B", "sample": 5, "ms": 10.38588809967041}
{"event": "sample", "n": 1024, "mode": "forward", "round": 1, "block": 1, "label": "B", "sample": 6, "ms": 10.398240089416504}
{"event": "sample", "n": 1024, "mode": "forward", "round": 1, "block": 1, "label": "B", "sample": 7, "ms": 10.461600303649902}
{"event": "sample", "n": 1024, "mode": "forward", "round": 1, "block": 1, "label": "B", "sample": 8, "ms": 10.46281623840332}
{"event": "sample", "n": 1024, "mode": "forward", "round": 1, "block": 1, "label": "B", "sample": 9, "ms": 10.4618558883667}
{"event": "sample", "n": 1024, "mode": "forward", "round": 1, "block": 2, "label": "B", "sample": 0, "ms": 10.794816017150879}
{"event": "sample", "n": 1024, "mode": "forward", "round": 1, "block": 2, "label": "B", "sample": 1, "ms": 10.463808059692383}
{"event": "sample", "n": 1024, "mode": "forward", "round": 1, "block": 2, "label": "B", "sample": 2, "ms": 10.46332836151123}
{"event": "sample", "n": 1024, "mode": "forward", "round": 1, "block": 2, "label": "B", "sample": 3, "ms": 10.578240394592285}
{"event": "sample", "n": 1024, "mode": "forward", "round": 1, "block": 2, "label": "B", "sample": 4, "ms": 10.750240325927734}
{"event": "sample", "n": 1024, "mode": "forward", "round": 1, "block": 2, "label": "B", "sample": 5, "ms": 10.804479598999023}
{"event": "sample", "n": 1024, "mode": "forward", "round": 1, "block": 2, "label": "B", "sample": 6, "ms": 10.954848289489746}
{"event": "sample", "n": 1024, "mode": "forward", "round": 1, "block": 2, "label": "B", "sample": 7, "ms": 10.987808227539062}
{"event": "sample", "n": 1024, "mode": "forward", "round": 1, "block": 2, "label": "B", "sample": 8, "ms": 10.988032341003418}
{"event": "sample", "n": 1024, "mode": "forward", "round": 1, "block": 2, "label": "B", "sample": 9, "ms": 11.0033597946167}
{"event": "sample", "n": 1024, "mode": "forward", "round": 1, "block": 3, "label": "A", "sample": 0, "ms": 11.642463684082031}
{"event": "sample", "n": 1024, "mode": "forward", "round": 1, "block": 3, "label": "A", "sample": 1, "ms": 11.305791854858398}
{"event": "sample", "n": 1024, "mode": "forward", "round": 1, "block": 3, "label": "A", "sample": 2, "ms": 11.14732837677002}
{"event": "sample", "n": 1024, "mode": "forward", "round": 1, "block": 3, "label": "A", "sample": 3, "ms": 11.027104377746582}
{"event": "sample", "n": 1024, "mode": "forward", "round": 1, "block": 3, "label": "A", "sample": 4, "ms": 11.001407623291016}
{"event": "sample", "n": 1024, "mode": "forward", "round": 1, "block": 3, "label": "A", "sample": 5, "ms": 11.023615837097168}
{"event": "sample", "n": 1024, "mode": "forward", "round": 1, "block": 3, "label": "A", "sample": 6, "ms": 11.035039901733398}
{"event": "sample", "n": 1024, "mode": "forward", "round": 1, "block": 3, "label": "A", "sample": 7, "ms": 11.034208297729492}
{"event": "sample", "n": 1024, "mode": "forward", "round": 1, "block": 3, "label": "A", "sample": 8, "ms": 11.011136054992676}
{"event": "sample", "n": 1024, "mode": "forward", "round": 1, "block": 3, "label": "A", "sample": 9, "ms": 10.941696166992188}
{"event": "sample", "n": 1024, "mode": "forward", "round": 2, "block": 0, "label": "A", "sample": 0, "ms": 11.269439697265625}
{"event": "sample", "n": 1024, "mode": "forward", "round": 2, "block": 0, "label": "A", "sample": 1, "ms": 10.859328269958496}
{"event": "sample", "n": 1024, "mode": "forward", "round": 2, "block": 0, "label": "A", "sample": 2, "ms": 10.713760375976562}
{"event": "sample", "n": 1024, "mode": "forward", "round": 2, "block": 0, "label": "A", "sample": 3, "ms": 10.663711547851562}
{"event": "sample", "n": 1024, "mode": "forward", "round": 2, "block": 0, "label": "A", "sample": 4, "ms": 10.637439727783203}
{"event": "sample", "n": 1024, "mode": "forward", "round": 2, "block": 0, "label": "A", "sample": 5, "ms": 10.625215530395508}
{"event": "sample", "n": 1024, "mode": "forward", "round": 2, "block": 0, "label": "A", "sample": 6, "ms": 10.624735832214355}
{"event": "sample", "n": 1024, "mode": "forward", "round": 2, "block": 0, "label": "A", "sample": 7, "ms": 10.622847557067871}
{"event": "sample", "n": 1024, "mode": "forward", "round": 2, "block": 0, "label": "A", "sample": 8, "ms": 10.624544143676758}
{"event": "sample", "n": 1024, "mode": "forward", "round": 2, "block": 0, "label": "A", "sample": 9, "ms": 10.624768257141113}
{"event": "sample", "n": 1024, "mode": "forward", "round": 2, "block": 1, "label": "B", "sample": 0, "ms": 10.771903991699219}
{"event": "sample", "n": 1024, "mode": "forward", "round": 2, "block": 1, "label": "B", "sample": 1, "ms": 10.449248313903809}
{"event": "sample", "n": 1024, "mode": "forward", "round": 2, "block": 1, "label": "B", "sample": 2, "ms": 10.453375816345215}
{"event": "sample", "n": 1024, "mode": "forward", "round": 2, "block": 1, "label": "B", "sample": 3, "ms": 10.594240188598633}
{"event": "sample", "n": 1024, "mode": "forward", "round": 2, "block": 1, "label": "B", "sample": 4, "ms": 10.747679710388184}
{"event": "sample", "n": 1024, "mode": "forward", "round": 2, "block": 1, "label": "B", "sample": 5, "ms": 10.806079864501953}
{"event": "sample", "n": 1024, "mode": "forward", "round": 2, "block": 1, "label": "B", "sample": 6, "ms": 10.83779239654541}
{"event": "sample", "n": 1024, "mode": "forward", "round": 2, "block": 1, "label": "B", "sample": 7, "ms": 10.83795166015625}
{"event": "sample", "n": 1024, "mode": "forward", "round": 2, "block": 1, "label": "B", "sample": 8, "ms": 10.8406400680542}
{"event": "sample", "n": 1024, "mode": "forward", "round": 2, "block": 1, "label": "B", "sample": 9, "ms": 10.826432228088379}
{"event": "sample", "n": 1024, "mode": "forward", "round": 2, "block": 2, "label": "B", "sample": 0, "ms": 11.042559623718262}
{"event": "sample", "n": 1024, "mode": "forward", "round": 2, "block": 2, "label": "B", "sample": 1, "ms": 10.641599655151367}
{"event": "sample", "n": 1024, "mode": "forward", "round": 2, "block": 2, "label": "B", "sample": 2, "ms": 10.596896171569824}
{"event": "sample", "n": 1024, "mode": "forward", "round": 2, "block": 2, "label": "B", "sample": 3, "ms": 10.464320182800293}
{"event": "sample", "n": 1024, "mode": "forward", "round": 2, "block": 2, "label": "B", "sample": 4, "ms": 10.461952209472656}
{"event": "sample", "n": 1024, "mode": "forward", "round": 2, "block": 2, "label": "B", "sample": 5, "ms": 10.460672378540039}
{"event": "sample", "n": 1024, "mode": "forward", "round": 2, "block": 2, "label": "B", "sample": 6, "ms": 10.462112426757812}
{"event": "sample", "n": 1024, "mode": "forward", "round": 2, "block": 2, "label": "B", "sample": 7, "ms": 10.463071823120117}
{"event": "sample", "n": 1024, "mode": "forward", "round": 2, "block": 2, "label": "B", "sample": 8, "ms": 10.463935852050781}
{"event": "sample", "n": 1024, "mode": "forward", "round": 2, "block": 2, "label": "B", "sample": 9, "ms": 10.462976455688477}
{"event": "sample", "n": 1024, "mode": "forward", "round": 2, "block": 3, "label": "A", "sample": 0, "ms": 11.118464469909668}
{"event": "sample", "n": 1024, "mode": "forward", "round": 2, "block": 3, "label": "A", "sample": 1, "ms": 10.807583808898926}
{"event": "sample", "n": 1024, "mode": "forward", "round": 2, "block": 3, "label": "A", "sample": 2, "ms": 10.646688461303711}
{"event": "sample", "n": 1024, "mode": "forward", "round": 2, "block": 3, "label": "A", "sample": 3, "ms": 10.638912200927734}
{"event": "sample", "n": 1024, "mode": "forward", "round": 2, "block": 3, "label": "A", "sample": 4, "ms": 10.637855529785156}
{"event": "sample", "n": 1024, "mode": "forward", "round": 2, "block": 3, "label": "A", "sample": 5, "ms": 10.63759994506836}
{"event": "sample", "n": 1024, "mode": "forward", "round": 2, "block": 3, "label": "A", "sample": 6, "ms": 10.638879776000977}
{"event": "sample", "n": 1024, "mode": "forward", "round": 2, "block": 3, "label": "A", "sample": 7, "ms": 10.638496398925781}
{"event": "sample", "n": 1024, "mode": "forward", "round": 2, "block": 3, "label": "A", "sample": 8, "ms": 10.638336181640625}
{"event": "sample", "n": 1024, "mode": "forward", "round": 2, "block": 3, "label": "A", "sample": 9, "ms": 10.638272285461426}
{"event": "summary", "n": 1024, "mode": "forward", "median_ms": {"A": 10.63916826248169, "B": 10.462928295135498}, "speedup": 1.0168442296816782, "samples_per_label": 60}
{"event": "sample", "n": 1024, "mode": "backward", "round": 0, "block": 0, "label": "A", "sample": 0, "ms": 41.20380783081055}
{"event": "sample", "n": 1024, "mode": "backward", "round": 0, "block": 0, "label": "A", "sample": 1, "ms": 40.96847915649414}
{"event": "sample", "n": 1024, "mode": "backward", "round": 0, "block": 0, "label": "A", "sample": 2, "ms": 40.97711944580078}
{"event": "sample", "n": 1024, "mode": "backward", "round": 0, "block": 0, "label": "A", "sample": 3, "ms": 41.02841567993164}
{"event": "sample", "n": 1024, "mode": "backward", "round": 0, "block": 0, "label": "A", "sample": 4, "ms": 41.05807876586914}
{"event": "sample", "n": 1024, "mode": "backward", "round": 0, "block": 0, "label": "A", "sample": 5, "ms": 41.03315353393555}
{"event": "sample", "n": 1024, "mode": "backward", "round": 0, "block": 0, "label": "A", "sample": 6, "ms": 40.976863861083984}
{"event": "sample", "n": 1024, "mode": "backward", "round": 0, "block": 0, "label": "A", "sample": 7, "ms": 40.94713592529297}
{"event": "sample", "n": 1024, "mode": "backward", "round": 0, "block": 0, "label": "A", "sample": 8, "ms": 40.971649169921875}
{"event": "sample", "n": 1024, "mode": "backward", "round": 0, "block": 0, "label": "A", "sample": 9, "ms": 41.042816162109375}
{"event": "sample", "n": 1024, "mode": "backward", "round": 0, "block": 1, "label": "B", "sample": 0, "ms": 41.17465591430664}
{"event": "sample", "n": 1024, "mode": "backward", "round": 0, "block": 1, "label": "B", "sample": 1, "ms": 40.97964859008789}
{"event": "sample", "n": 1024, "mode": "backward", "round": 0, "block": 1, "label": "B", "sample": 2, "ms": 40.972129821777344}
{"event": "sample", "n": 1024, "mode": "backward", "round": 0, "block": 1, "label": "B", "sample": 3, "ms": 41.049983978271484}
{"event": "sample", "n": 1024, "mode": "backward", "round": 0, "block": 1, "label": "B", "sample": 4, "ms": 41.03251266479492}
{"event": "sample", "n": 1024, "mode": "backward", "round": 0, "block": 1, "label": "B", "sample": 5, "ms": 41.02239990234375}
{"event": "sample", "n": 1024, "mode": "backward", "round": 0, "block": 1, "label": "B", "sample": 6, "ms": 40.93443298339844}
{"event": "sample", "n": 1024, "mode": "backward", "round": 0, "block": 1, "label": "B", "sample": 7, "ms": 40.96931076049805}
{"event": "sample", "n": 1024, "mode": "backward", "round": 0, "block": 1, "label": "B", "sample": 8, "ms": 41.027103424072266}
{"event": "sample", "n": 1024, "mode": "backward", "round": 0, "block": 1, "label": "B", "sample": 9, "ms": 41.01686477661133}
{"event": "sample", "n": 1024, "mode": "backward", "round": 0, "block": 2, "label": "B", "sample": 0, "ms": 41.17967987060547}
{"event": "sample", "n": 1024, "mode": "backward", "round": 0, "block": 2, "label": "B", "sample": 1, "ms": 40.95711898803711}
{"event": "sample", "n": 1024, "mode": "backward", "round": 0, "block": 2, "label": "B", "sample": 2, "ms": 40.901695251464844}
{"event": "sample", "n": 1024, "mode": "backward", "round": 0, "block": 2, "label": "B", "sample": 3, "ms": 41.005985260009766}
{"event": "sample", "n": 1024, "mode": "backward", "round": 0, "block": 2, "label": "B", "sample": 4, "ms": 41.022430419921875}
{"event": "sample", "n": 1024, "mode": "backward", "round": 0, "block": 2, "label": "B", "sample": 5, "ms": 40.995521545410156}
{"event": "sample", "n": 1024, "mode": "backward", "round": 0, "block": 2, "label": "B", "sample": 6, "ms": 40.968257904052734}
{"event": "sample", "n": 1024, "mode": "backward", "round": 0, "block": 2, "label": "B", "sample": 7, "ms": 41.00688171386719}
{"event": "sample", "n": 1024, "mode": "backward", "round": 0, "block": 2, "label": "B", "sample": 8, "ms": 41.06233596801758}
{"event": "sample", "n": 1024, "mode": "backward", "round": 0, "block": 2, "label": "B", "sample": 9, "ms": 41.02220916748047}
{"event": "sample", "n": 1024, "mode": "backward", "round": 0, "block": 3, "label": "A", "sample": 0, "ms": 41.13836669921875}
{"event": "sample", "n": 1024, "mode": "backward", "round": 0, "block": 3, "label": "A", "sample": 1, "ms": 40.951168060302734}
{"event": "sample", "n": 1024, "mode": "backward", "round": 0, "block": 3, "label": "A", "sample": 2, "ms": 40.99484634399414}
{"event": "sample", "n": 1024, "mode": "backward", "round": 0, "block": 3, "label": "A", "sample": 3, "ms": 41.036705017089844}
{"event": "sample", "n": 1024, "mode": "backward", "round": 0, "block": 3, "label": "A", "sample": 4, "ms": 41.025630950927734}
{"event": "sample", "n": 1024, "mode": "backward", "round": 0, "block": 3, "label": "A", "sample": 5, "ms": 41.00284957885742}
{"event": "sample", "n": 1024, "mode": "backward", "round": 0, "block": 3, "label": "A", "sample": 6, "ms": 40.991905212402344}
{"event": "sample", "n": 1024, "mode": "backward", "round": 0, "block": 3, "label": "A", "sample": 7, "ms": 40.96761703491211}
{"event": "sample", "n": 1024, "mode": "backward", "round": 0, "block": 3, "label": "A", "sample": 8, "ms": 41.072479248046875}
{"event": "sample", "n": 1024, "mode": "backward", "round": 0, "block": 3, "label": "A", "sample": 9, "ms": 41.03228759765625}
{"event": "sample", "n": 1024, "mode": "backward", "round": 1, "block": 0, "label": "A", "sample": 0, "ms": 41.13363265991211}
{"event": "sample", "n": 1024, "mode": "backward", "round": 1, "block": 0, "label": "A", "sample": 1, "ms": 40.96201705932617}
{"event": "sample", "n": 1024, "mode": "backward", "round": 1, "block": 0, "label": "A", "sample": 2, "ms": 40.964927673339844}
{"event": "sample", "n": 1024, "mode": "backward", "round": 1, "block": 0, "label": "A", "sample": 3, "ms": 41.03510284423828}
{"event": "sample", "n": 1024, "mode": "backward", "round": 1, "block": 0, "label": "A", "sample": 4, "ms": 41.017024993896484}
{"event": "sample", "n": 1024, "mode": "backward", "round": 1, "block": 0, "label": "A", "sample": 5, "ms": 40.972286224365234}
{"event": "sample", "n": 1024, "mode": "backward", "round": 1, "block": 0, "label": "A", "sample": 6, "ms": 40.96307373046875}
{"event": "sample", "n": 1024, "mode": "backward", "round": 1, "block": 0, "label": "A", "sample": 7, "ms": 41.021183013916016}
{"event": "sample", "n": 1024, "mode": "backward", "round": 1, "block": 0, "label": "A", "sample": 8, "ms": 41.01804733276367}
{"event": "sample", "n": 1024, "mode": "backward", "round": 1, "block": 0, "label": "A", "sample": 9, "ms": 40.997249603271484}
{"event": "sample", "n": 1024, "mode": "backward", "round": 1, "block": 1, "label": "B", "sample": 0, "ms": 41.46940612792969}
{"event": "sample", "n": 1024, "mode": "backward", "round": 1, "block": 1, "label": "B", "sample": 1, "ms": 40.99296188354492}
{"event": "sample", "n": 1024, "mode": "backward", "round": 1, "block": 1, "label": "B", "sample": 2, "ms": 40.99955368041992}
{"event": "sample", "n": 1024, "mode": "backward", "round": 1, "block": 1, "label": "B", "sample": 3, "ms": 41.00624084472656}
{"event": "sample", "n": 1024, "mode": "backward", "round": 1, "block": 1, "label": "B", "sample": 4, "ms": 41.02115249633789}
{"event": "sample", "n": 1024, "mode": "backward", "round": 1, "block": 1, "label": "B", "sample": 5, "ms": 40.91996765136719}
{"event": "sample", "n": 1024, "mode": "backward", "round": 1, "block": 1, "label": "B", "sample": 6, "ms": 40.93779373168945}
{"event": "sample", "n": 1024, "mode": "backward", "round": 1, "block": 1, "label": "B", "sample": 7, "ms": 41.050689697265625}
{"event": "sample", "n": 1024, "mode": "backward", "round": 1, "block": 1, "label": "B", "sample": 8, "ms": 41.007232666015625}
{"event": "sample", "n": 1024, "mode": "backward", "round": 1, "block": 1, "label": "B", "sample": 9, "ms": 41.00624084472656}
{"event": "sample", "n": 1024, "mode": "backward", "round": 1, "block": 2, "label": "B", "sample": 0, "ms": 41.13334274291992}
{"event": "sample", "n": 1024, "mode": "backward", "round": 1, "block": 2, "label": "B", "sample": 1, "ms": 40.98662567138672}
{"event": "sample", "n": 1024, "mode": "backward", "round": 1, "block": 2, "label": "B", "sample": 2, "ms": 41.039615631103516}
{"event": "sample", "n": 1024, "mode": "backward", "round": 1, "block": 2, "label": "B", "sample": 3, "ms": 41.01299285888672}
{"event": "sample", "n": 1024, "mode": "backward", "round": 1, "block": 2, "label": "B", "sample": 4, "ms": 40.98348617553711}
{"event": "sample", "n": 1024, "mode": "backward", "round": 1, "block": 2, "label": "B", "sample": 5, "ms": 40.9788818359375}
{"event": "sample", "n": 1024, "mode": "backward", "round": 1, "block": 2, "label": "B", "sample": 6, "ms": 40.98175811767578}
{"event": "sample", "n": 1024, "mode": "backward", "round": 1, "block": 2, "label": "B", "sample": 7, "ms": 41.03785705566406}
{"event": "sample", "n": 1024, "mode": "backward", "round": 1, "block": 2, "label": "B", "sample": 8, "ms": 41.00729751586914}
{"event": "sample", "n": 1024, "mode": "backward", "round": 1, "block": 2, "label": "B", "sample": 9, "ms": 40.99523162841797}
{"event": "sample", "n": 1024, "mode": "backward", "round": 1, "block": 3, "label": "A", "sample": 0, "ms": 41.123329162597656}
{"event": "sample", "n": 1024, "mode": "backward", "round": 1, "block": 3, "label": "A", "sample": 1, "ms": 40.96995162963867}
{"event": "sample", "n": 1024, "mode": "backward", "round": 1, "block": 3, "label": "A", "sample": 2, "ms": 41.01580810546875}
{"event": "sample", "n": 1024, "mode": "backward", "round": 1, "block": 3, "label": "A", "sample": 3, "ms": 41.01766586303711}
{"event": "sample", "n": 1024, "mode": "backward", "round": 1, "block": 3, "label": "A", "sample": 4, "ms": 40.990943908691406}
{"event": "sample", "n": 1024, "mode": "backward", "round": 1, "block": 3, "label": "A", "sample": 5, "ms": 41.00979232788086}
{"event": "sample", "n": 1024, "mode": "backward", "round": 1, "block": 3, "label": "A", "sample": 6, "ms": 40.98019027709961}
{"event": "sample", "n": 1024, "mode": "backward", "round": 1, "block": 3, "label": "A", "sample": 7, "ms": 41.016353607177734}
{"event": "sample", "n": 1024, "mode": "backward", "round": 1, "block": 3, "label": "A", "sample": 8, "ms": 41.04108810424805}
{"event": "sample", "n": 1024, "mode": "backward", "round": 1, "block": 3, "label": "A", "sample": 9, "ms": 40.95756912231445}
{"event": "sample", "n": 1024, "mode": "backward", "round": 2, "block": 0, "label": "A", "sample": 0, "ms": 41.11356735229492}
{"event": "sample", "n": 1024, "mode": "backward", "round": 2, "block": 0, "label": "A", "sample": 1, "ms": 40.952606201171875}
{"event": "sample", "n": 1024, "mode": "backward", "round": 2, "block": 0, "label": "A", "sample": 2, "ms": 41.04576110839844}
{"event": "sample", "n": 1024, "mode": "backward", "round": 2, "block": 0, "label": "A", "sample": 3, "ms": 40.99580764770508}
{"event": "sample", "n": 1024, "mode": "backward", "round": 2, "block": 0, "label": "A", "sample": 4, "ms": 40.955936431884766}
{"event": "sample", "n": 1024, "mode": "backward", "round": 2, "block": 0, "label": "A", "sample": 5, "ms": 40.9422721862793}
{"event": "sample", "n": 1024, "mode": "backward", "round": 2, "block": 0, "label": "A", "sample": 6, "ms": 41.032257080078125}
{"event": "sample", "n": 1024, "mode": "backward", "round": 2, "block": 0, "label": "A", "sample": 7, "ms": 41.01820755004883}
{"event": "sample", "n": 1024, "mode": "backward", "round": 2, "block": 0, "label": "A", "sample": 8, "ms": 40.990142822265625}
{"event": "sample", "n": 1024, "mode": "backward", "round": 2, "block": 0, "label": "A", "sample": 9, "ms": 40.94224166870117}
{"event": "sample", "n": 1024, "mode": "backward", "round": 2, "block": 1, "label": "B", "sample": 0, "ms": 41.135135650634766}
{"event": "sample", "n": 1024, "mode": "backward", "round": 2, "block": 1, "label": "B", "sample": 1, "ms": 41.04207992553711}
{"event": "sample", "n": 1024, "mode": "backward", "round": 2, "block": 1, "label": "B", "sample": 2, "ms": 41.02102279663086}
{"event": "sample", "n": 1024, "mode": "backward", "round": 2, "block": 1, "label": "B", "sample": 3, "ms": 41.015838623046875}
{"event": "sample", "n": 1024, "mode": "backward", "round": 2, "block": 1, "label": "B", "sample": 4, "ms": 40.963871002197266}
{"event": "sample", "n": 1024, "mode": "backward", "round": 2, "block": 1, "label": "B", "sample": 5, "ms": 40.985633850097656}
{"event": "sample", "n": 1024, "mode": "backward", "round": 2, "block": 1, "label": "B", "sample": 6, "ms": 41.0333137512207}
{"event": "sample", "n": 1024, "mode": "backward", "round": 2, "block": 1, "label": "B", "sample": 7, "ms": 41.03996658325195}
{"event": "sample", "n": 1024, "mode": "backward", "round": 2, "block": 1, "label": "B", "sample": 8, "ms": 41.02329635620117}
{"event": "sample", "n": 1024, "mode": "backward", "round": 2, "block": 1, "label": "B", "sample": 9, "ms": 40.936641693115234}
{"event": "sample", "n": 1024, "mode": "backward", "round": 2, "block": 2, "label": "B", "sample": 0, "ms": 41.13545608520508}
{"event": "sample", "n": 1024, "mode": "backward", "round": 2, "block": 2, "label": "B", "sample": 1, "ms": 41.04111862182617}
{"event": "sample", "n": 1024, "mode": "backward", "round": 2, "block": 2, "label": "B", "sample": 2, "ms": 41.03472137451172}
{"event": "sample", "n": 1024, "mode": "backward", "round": 2, "block": 2, "label": "B", "sample": 3, "ms": 41.009857177734375}
{"event": "sample", "n": 1024, "mode": "backward", "round": 2, "block": 2, "label": "B", "sample": 4, "ms": 40.978721618652344}
{"event": "sample", "n": 1024, "mode": "backward", "round": 2, "block": 2, "label": "B", "sample": 5, "ms": 41.025665283203125}
{"event": "sample", "n": 1024, "mode": "backward", "round": 2, "block": 2, "label": "B", "sample": 6, "ms": 41.0142707824707}
{"event": "sample", "n": 1024, "mode": "backward", "round": 2, "block": 2, "label": "B", "sample": 7, "ms": 41.01865768432617}
{"event": "sample", "n": 1024, "mode": "backward", "round": 2, "block": 2, "label": "B", "sample": 8, "ms": 41.00076675415039}
{"event": "sample", "n": 1024, "mode": "backward", "round": 2, "block": 2, "label": "B", "sample": 9, "ms": 40.96223831176758}
{"event": "sample", "n": 1024, "mode": "backward", "round": 2, "block": 3, "label": "A", "sample": 0, "ms": 41.157535552978516}
{"event": "sample", "n": 1024, "mode": "backward", "round": 2, "block": 3, "label": "A", "sample": 1, "ms": 41.02707290649414}
{"event": "sample", "n": 1024, "mode": "backward", "round": 2, "block": 3, "label": "A", "sample": 2, "ms": 41.051361083984375}
{"event": "sample", "n": 1024, "mode": "backward", "round": 2, "block": 3, "label": "A", "sample": 3, "ms": 40.981441497802734}
{"event": "sample", "n": 1024, "mode": "backward", "round": 2, "block": 3, "label": "A", "sample": 4, "ms": 40.947967529296875}
{"event": "sample", "n": 1024, "mode": "backward", "round": 2, "block": 3, "label": "A", "sample": 5, "ms": 41.017601013183594}
{"event": "sample", "n": 1024, "mode": "backward", "round": 2, "block": 3, "label": "A", "sample": 6, "ms": 41.04195022583008}
{"event": "sample", "n": 1024, "mode": "backward", "round": 2, "block": 3, "label": "A", "sample": 7, "ms": 41.025535583496094}
{"event": "sample", "n": 1024, "mode": "backward", "round": 2, "block": 3, "label": "A", "sample": 8, "ms": 40.978912353515625}
{"event": "sample", "n": 1024, "mode": "backward", "round": 2, "block": 3, "label": "A", "sample": 9, "ms": 40.992286682128906}
{"event": "summary", "n": 1024, "mode": "backward", "median_ms": {"A": 41.012800216674805, "B": 41.01142501831055}, "speedup": 1.0000335320795033, "samples_per_label": 60}
{"event": "sample", "n": 1024, "mode": "forward_backward", "round": 0, "block": 0, "label": "A", "sample": 0, "ms": 52.1262092590332}
{"event": "sample", "n": 1024, "mode": "forward_backward", "round": 0, "block": 0, "label": "A", "sample": 1, "ms": 51.510047912597656}
{"event": "sample", "n": 1024, "mode": "forward_backward", "round": 0, "block": 0, "label": "A", "sample": 2, "ms": 51.586273193359375}
{"event": "sample", "n": 1024, "mode": "forward_backward", "round": 0, "block": 0, "label": "A", "sample": 3, "ms": 51.60847854614258}
{"event": "sample", "n": 1024, "mode": "forward_backward", "round": 0, "block": 0, "label": "A", "sample": 4, "ms": 51.5081901550293}
{"event": "sample", "n": 1024, "mode": "forward_backward", "round": 0, "block": 0, "label": "A", "sample": 5, "ms": 51.51811218261719}
{"event": "sample", "n": 1024, "mode": "forward_backward", "round": 0, "block": 0, "label": "A", "sample": 6, "ms": 51.637760162353516}
{"event": "sample", "n": 1024, "mode": "forward_backward", "round": 0, "block": 0, "label": "A", "sample": 7, "ms": 51.62019348144531}
{"event": "sample", "n": 1024, "mode": "forward_backward", "round": 0, "block": 0, "label": "A", "sample": 8, "ms": 51.51036834716797}
{"event": "sample", "n": 1024, "mode": "forward_backward", "round": 0, "block": 0, "label": "A", "sample": 9, "ms": 51.52460861206055}
{"event": "sample", "n": 1024, "mode": "forward_backward", "round": 0, "block": 1, "label": "B", "sample": 0, "ms": 51.803775787353516}
{"event": "sample", "n": 1024, "mode": "forward_backward", "round": 0, "block": 1, "label": "B", "sample": 1, "ms": 51.382591247558594}
{"event": "sample", "n": 1024, "mode": "forward_backward", "round": 0, "block": 1, "label": "B", "sample": 2, "ms": 51.34716796875}
{"event": "sample", "n": 1024, "mode": "forward_backward", "round": 0, "block": 1, "label": "B", "sample": 3, "ms": 51.393760681152344}
{"event": "sample", "n": 1024, "mode": "forward_backward", "round": 0, "block": 1, "label": "B", "sample": 4, "ms": 51.39139175415039}
{"event": "sample", "n": 1024, "mode": "forward_backward", "round": 0, "block": 1, "label": "B", "sample": 5, "ms": 51.37519836425781}
{"event": "sample", "n": 1024, "mode": "forward_backward", "round": 0, "block": 1, "label": "B", "sample": 6, "ms": 51.34329605102539}
{"event": "sample", "n": 1024, "mode": "forward_backward", "round": 0, "block": 1, "label": "B", "sample": 7, "ms": 51.397918701171875}
{"event": "sample", "n": 1024, "mode": "forward_backward", "round": 0, "block": 1, "label": "B", "sample": 8, "ms": 51.431583404541016}
{"event": "sample", "n": 1024, "mode": "forward_backward", "round": 0, "block": 1, "label": "B", "sample": 9, "ms": 51.389217376708984}
{"event": "sample", "n": 1024, "mode": "forward_backward", "round": 0, "block": 2, "label": "B", "sample": 0, "ms": 51.68320083618164}
{"event": "sample", "n": 1024, "mode": "forward_backward", "round": 0, "block": 2, "label": "B", "sample": 1, "ms": 51.376670837402344}
{"event": "sample", "n": 1024, "mode": "forward_backward", "round": 0, "block": 2, "label": "B", "sample": 2, "ms": 51.408958435058594}
{"event": "sample", "n": 1024, "mode": "forward_backward", "round": 0, "block": 2, "label": "B", "sample": 3, "ms": 51.37071990966797}
{"event": "sample", "n": 1024, "mode": "forward_backward", "round": 0, "block": 2, "label": "B", "sample": 4, "ms": 51.36764907836914}
{"event": "sample", "n": 1024, "mode": "forward_backward", "round": 0, "block": 2, "label": "B", "sample": 5, "ms": 51.38518524169922}
{"event": "sample", "n": 1024, "mode": "forward_backward", "round": 0, "block": 2, "label": "B", "sample": 6, "ms": 51.4334716796875}
{"event": "sample", "n": 1024, "mode": "forward_backward", "round": 0, "block": 2, "label": "B", "sample": 7, "ms": 51.351680755615234}
{"event": "sample", "n": 1024, "mode": "forward_backward", "round": 0, "block": 2, "label": "B", "sample": 8, "ms": 51.337215423583984}
{"event": "sample", "n": 1024, "mode": "forward_backward", "round": 0, "block": 2, "label": "B", "sample": 9, "ms": 51.40380859375}
{"event": "sample", "n": 1024, "mode": "forward_backward", "round": 0, "block": 3, "label": "A", "sample": 0, "ms": 51.94688034057617}
{"event": "sample", "n": 1024, "mode": "forward_backward", "round": 0, "block": 3, "label": "A", "sample": 1, "ms": 51.50563049316406}
{"event": "sample", "n": 1024, "mode": "forward_backward", "round": 0, "block": 3, "label": "A", "sample": 2, "ms": 51.522560119628906}
{"event": "sample", "n": 1024, "mode": "forward_backward", "round": 0, "block": 3, "label": "A", "sample": 3, "ms": 51.588287353515625}
{"event": "sample", "n": 1024, "mode": "forward_backward", "round": 0, "block": 3, "label": "A", "sample": 4, "ms": 51.619136810302734}
{"event": "sample", "n": 1024, "mode": "forward_backward", "round": 0, "block": 3, "label": "A", "sample": 5, "ms": 51.5068473815918}
{"event": "sample", "n": 1024, "mode": "forward_backward", "round": 0, "block": 3, "label": "A", "sample": 6, "ms": 51.513118743896484}
{"event": "sample", "n": 1024, "mode": "forward_backward", "round": 0, "block": 3, "label": "A", "sample": 7, "ms": 51.58003234863281}
{"event": "sample", "n": 1024, "mode": "forward_backward", "round": 0, "block": 3, "label": "A", "sample": 8, "ms": 51.58063888549805}
{"event": "sample", "n": 1024, "mode": "forward_backward", "round": 0, "block": 3, "label": "A", "sample": 9, "ms": 51.519710540771484}
{"event": "sample", "n": 1024, "mode": "forward_backward", "round": 1, "block": 0, "label": "A", "sample": 0, "ms": 51.872127532958984}
{"event": "sample", "n": 1024, "mode": "forward_backward", "round": 1, "block": 0, "label": "A", "sample": 1, "ms": 51.56857681274414}
{"event": "sample", "n": 1024, "mode": "forward_backward", "round": 1, "block": 0, "label": "A", "sample": 2, "ms": 51.578304290771484}
{"event": "sample", "n": 1024, "mode": "forward_backward", "round": 1, "block": 0, "label": "A", "sample": 3, "ms": 51.55311965942383}
{"event": "sample", "n": 1024, "mode": "forward_backward", "round": 1, "block": 0, "label": "A", "sample": 4, "ms": 51.56892776489258}
{"event": "sample", "n": 1024, "mode": "forward_backward", "round": 1, "block": 0, "label": "A", "sample": 5, "ms": 51.575679779052734}
{"event": "sample", "n": 1024, "mode": "forward_backward", "round": 1, "block": 0, "label": "A", "sample": 6, "ms": 51.54460906982422}
{"event": "sample", "n": 1024, "mode": "forward_backward", "round": 1, "block": 0, "label": "A", "sample": 7, "ms": 51.51219177246094}
{"event": "sample", "n": 1024, "mode": "forward_backward", "round": 1, "block": 0, "label": "A", "sample": 8, "ms": 51.557247161865234}
{"event": "sample", "n": 1024, "mode": "forward_backward", "round": 1, "block": 0, "label": "A", "sample": 9, "ms": 51.61103820800781}
{"event": "sample", "n": 1024, "mode": "forward_backward", "round": 1, "block": 1, "label": "B", "sample": 0, "ms": 51.6959342956543}
{"event": "sample", "n": 1024, "mode": "forward_backward", "round": 1, "block": 1, "label": "B", "sample": 1, "ms": 51.31827163696289}
{"event": "sample", "n": 1024, "mode": "forward_backward", "round": 1, "block": 1, "label": "B", "sample": 2, "ms": 51.3702392578125}
{"event": "sample", "n": 1024, "mode": "forward_backward", "round": 1, "block": 1, "label": "B", "sample": 3, "ms": 51.39926528930664}
{"event": "sample", "n": 1024, "mode": "forward_backward", "round": 1, "block": 1, "label": "B", "sample": 4, "ms": 51.336544036865234}
{"event": "sample", "n": 1024, "mode": "forward_backward", "round": 1, "block": 1, "label": "B", "sample": 5, "ms": 51.31526565551758}
{"event": "sample", "n": 1024, "mode": "forward_backward", "round": 1, "block": 1, "label": "B", "sample": 6, "ms": 51.41231918334961}
{"event": "sample", "n": 1024, "mode": "forward_backward", "round": 1, "block": 1, "label": "B", "sample": 7, "ms": 51.43987274169922}
{"event": "sample", "n": 1024, "mode": "forward_backward", "round": 1, "block": 1, "label": "B", "sample": 8, "ms": 51.355838775634766}
{"event": "sample", "n": 1024, "mode": "forward_backward", "round": 1, "block": 1, "label": "B", "sample": 9, "ms": 51.33446502685547}
{"event": "sample", "n": 1024, "mode": "forward_backward", "round": 1, "block": 2, "label": "B", "sample": 0, "ms": 51.80207824707031}
{"event": "sample", "n": 1024, "mode": "forward_backward", "round": 1, "block": 2, "label": "B", "sample": 1, "ms": 51.382591247558594}
{"event": "sample", "n": 1024, "mode": "forward_backward", "round": 1, "block": 2, "label": "B", "sample": 2, "ms": 51.32611083984375}
{"event": "sample", "n": 1024, "mode": "forward_backward", "round": 1, "block": 2, "label": "B", "sample": 3, "ms": 51.3359375}
{"event": "sample", "n": 1024, "mode": "forward_backward", "round": 1, "block": 2, "label": "B", "sample": 4, "ms": 51.418880462646484}
{"event": "sample", "n": 1024, "mode": "forward_backward", "round": 1, "block": 2, "label": "B", "sample": 5, "ms": 51.40140914916992}
{"event": "sample", "n": 1024, "mode": "forward_backward", "round": 1, "block": 2, "label": "B", "sample": 6, "ms": 51.34873580932617}
{"event": "sample", "n": 1024, "mode": "forward_backward", "round": 1, "block": 2, "label": "B", "sample": 7, "ms": 51.351200103759766}
{"event": "sample", "n": 1024, "mode": "forward_backward", "round": 1, "block": 2, "label": "B", "sample": 8, "ms": 51.39353561401367}
{"event": "sample", "n": 1024, "mode": "forward_backward", "round": 1, "block": 2, "label": "B", "sample": 9, "ms": 51.42233657836914}
{"event": "sample", "n": 1024, "mode": "forward_backward", "round": 1, "block": 3, "label": "A", "sample": 0, "ms": 51.88060760498047}
{"event": "sample", "n": 1024, "mode": "forward_backward", "round": 1, "block": 3, "label": "A", "sample": 1, "ms": 51.526432037353516}
{"event": "sample", "n": 1024, "mode": "forward_backward", "round": 1, "block": 3, "label": "A", "sample": 2, "ms": 51.58041763305664}
{"event": "sample", "n": 1024, "mode": "forward_backward", "round": 1, "block": 3, "label": "A", "sample": 3, "ms": 51.5731201171875}
{"event": "sample", "n": 1024, "mode": "forward_backward", "round": 1, "block": 3, "label": "A", "sample": 4, "ms": 51.515167236328125}
{"event": "sample", "n": 1024, "mode": "forward_backward", "round": 1, "block": 3, "label": "A", "sample": 5, "ms": 51.51299285888672}
{"event": "sample", "n": 1024, "mode": "forward_backward", "round": 1, "block": 3, "label": "A", "sample": 6, "ms": 51.588191986083984}
{"event": "sample", "n": 1024, "mode": "forward_backward", "round": 1, "block": 3, "label": "A", "sample": 7, "ms": 51.54819107055664}
{"event": "sample", "n": 1024, "mode": "forward_backward", "round": 1, "block": 3, "label": "A", "sample": 8, "ms": 51.5195198059082}
{"event": "sample", "n": 1024, "mode": "forward_backward", "round": 1, "block": 3, "label": "A", "sample": 9, "ms": 51.562625885009766}
{"event": "sample", "n": 1024, "mode": "forward_backward", "round": 2, "block": 0, "label": "A", "sample": 0, "ms": 52.262977600097656}
{"event": "sample", "n": 1024, "mode": "forward_backward", "round": 2, "block": 0, "label": "A", "sample": 1, "ms": 51.53385543823242}
{"event": "sample", "n": 1024, "mode": "forward_backward", "round": 2, "block": 0, "label": "A", "sample": 2, "ms": 51.4951057434082}
{"event": "sample", "n": 1024, "mode": "forward_backward", "round": 2, "block": 0, "label": "A", "sample": 3, "ms": 51.57187271118164}
{"event": "sample", "n": 1024, "mode": "forward_backward", "round": 2, "block": 0, "label": "A", "sample": 4, "ms": 51.622528076171875}
{"event": "sample", "n": 1024, "mode": "forward_backward", "round": 2, "block": 0, "label": "A", "sample": 5, "ms": 51.48992156982422}
{"event": "sample", "n": 1024, "mode": "forward_backward", "round": 2, "block": 0, "label": "A", "sample": 6, "ms": 51.49532699584961}
{"event": "sample", "n": 1024, "mode": "forward_backward", "round": 2, "block": 0, "label": "A", "sample": 7, "ms": 51.57084655761719}
{"event": "sample", "n": 1024, "mode": "forward_backward", "round": 2, "block": 0, "label": "A", "sample": 8, "ms": 51.56195068359375}
{"event": "sample", "n": 1024, "mode": "forward_backward", "round": 2, "block": 0, "label": "A", "sample": 9, "ms": 51.537086486816406}
{"event": "sample", "n": 1024, "mode": "forward_backward", "round": 2, "block": 1, "label": "B", "sample": 0, "ms": 51.73139190673828}
{"event": "sample", "n": 1024, "mode": "forward_backward", "round": 2, "block": 1, "label": "B", "sample": 1, "ms": 51.40825653076172}
{"event": "sample", "n": 1024, "mode": "forward_backward", "round": 2, "block": 1, "label": "B", "sample": 2, "ms": 51.40486526489258}
{"event": "sample", "n": 1024, "mode": "forward_backward", "round": 2, "block": 1, "label": "B", "sample": 3, "ms": 51.33977508544922}
{"event": "sample", "n": 1024, "mode": "forward_backward", "round": 2, "block": 1, "label": "B", "sample": 4, "ms": 51.37907028198242}
{"event": "sample", "n": 1024, "mode": "forward_backward", "round": 2, "block": 1, "label": "B", "sample": 5, "ms": 51.38595199584961}
{"event": "sample", "n": 1024, "mode": "forward_backward", "round": 2, "block": 1, "label": "B", "sample": 6, "ms": 51.40127944946289}
{"event": "sample", "n": 1024, "mode": "forward_backward", "round": 2, "block": 1, "label": "B", "sample": 7, "ms": 51.35734558105469}
{"event": "sample", "n": 1024, "mode": "forward_backward", "round": 2, "block": 1, "label": "B", "sample": 8, "ms": 51.358848571777344}
{"event": "sample", "n": 1024, "mode": "forward_backward", "round": 2, "block": 1, "label": "B", "sample": 9, "ms": 51.395233154296875}
{"event": "sample", "n": 1024, "mode": "forward_backward", "round": 2, "block": 2, "label": "B", "sample": 0, "ms": 51.80739212036133}
{"event": "sample", "n": 1024, "mode": "forward_backward", "round": 2, "block": 2, "label": "B", "sample": 1, "ms": 51.328575134277344}
{"event": "sample", "n": 1024, "mode": "forward_backward", "round": 2, "block": 2, "label": "B", "sample": 2, "ms": 51.33321762084961}
{"event": "sample", "n": 1024, "mode": "forward_backward", "round": 2, "block": 2, "label": "B", "sample": 3, "ms": 51.36876678466797}
{"event": "sample", "n": 1024, "mode": "forward_backward", "round": 2, "block": 2, "label": "B", "sample": 4, "ms": 51.406558990478516}
{"event": "sample", "n": 1024, "mode": "forward_backward", "round": 2, "block": 2, "label": "B", "sample": 5, "ms": 51.403743743896484}
{"event": "sample", "n": 1024, "mode": "forward_backward", "round": 2, "block": 2, "label": "B", "sample": 6, "ms": 51.37945556640625}
{"event": "sample", "n": 1024, "mode": "forward_backward", "round": 2, "block": 2, "label": "B", "sample": 7, "ms": 51.39932632446289}
{"event": "sample", "n": 1024, "mode": "forward_backward", "round": 2, "block": 2, "label": "B", "sample": 8, "ms": 51.34076690673828}
{"event": "sample", "n": 1024, "mode": "forward_backward", "round": 2, "block": 2, "label": "B", "sample": 9, "ms": 51.32780838012695}
{"event": "sample", "n": 1024, "mode": "forward_backward", "round": 2, "block": 3, "label": "A", "sample": 0, "ms": 51.86569595336914}
{"event": "sample", "n": 1024, "mode": "forward_backward", "round": 2, "block": 3, "label": "A", "sample": 1, "ms": 51.55564880371094}
{"event": "sample", "n": 1024, "mode": "forward_backward", "round": 2, "block": 3, "label": "A", "sample": 2, "ms": 51.56697463989258}
{"event": "sample", "n": 1024, "mode": "forward_backward", "round": 2, "block": 3, "label": "A", "sample": 3, "ms": 51.58793640136719}
{"event": "sample", "n": 1024, "mode": "forward_backward", "round": 2, "block": 3, "label": "A", "sample": 4, "ms": 51.56611251831055}
{"event": "sample", "n": 1024, "mode": "forward_backward", "round": 2, "block": 3, "label": "A", "sample": 5, "ms": 51.53923034667969}
{"event": "sample", "n": 1024, "mode": "forward_backward", "round": 2, "block": 3, "label": "A", "sample": 6, "ms": 51.5002555847168}
{"event": "sample", "n": 1024, "mode": "forward_backward", "round": 2, "block": 3, "label": "A", "sample": 7, "ms": 51.48758316040039}
{"event": "sample", "n": 1024, "mode": "forward_backward", "round": 2, "block": 3, "label": "A", "sample": 8, "ms": 51.56371307373047}
{"event": "sample", "n": 1024, "mode": "forward_backward", "round": 2, "block": 3, "label": "A", "sample": 9, "ms": 51.57961654663086}
{"event": "summary", "n": 1024, "mode": "forward_backward", "median_ms": {"A": 51.56316947937012, "B": 51.383888244628906}, "speedup": 1.0034890554386948, "samples_per_label": 60}
{"event": "complete"}
