{"event": "environment", "args": {"shapes": "500,512,513,640,768,800,1024", "dtype": "bf16", "batch": 1, "heads": 8, "dim": 32, "rounds": 3, "samples": 10, "warmup": 3, "chunk_i": 128, "noncontiguous_do": false, "modes": "forward,backward,forward_backward"}, "torch": "2.13.0a0+9186a08b2c.nv26.07", "triton": "3.7.1", "gpu": "NVIDIA H20-3e", "capability": [9, 0], "revision": "66dbd695c878c73bba0b0184c64f72626e6374fa", "sources": {"/tmp/compare-previous-qdp8mth5/previous_forward.py": "5ad70d1a4aa834033f7c05edd799ff1f1424a2de4ca4b30faa39d9e801de0009", "/workspace/experiments/forward-tuning-20260922/compare_previous.py": "094199c6af549c9d6948ef2a2d4126e4fccf50994fd329b3468127cb498eec10", "/workspace/experiments/forward-tuning-20260922/previous_autotune_helpers.py": "8bfc1a3c2ec06c001188766b6231523cb767466c22d6fbcae2089f2a410e9b9a", "/workspace/experiments/forward-tuning-20260922/previous_fused_forward_tma.py": "efc15ab503ed6045f89ad47b4cf245523a039e52811fc76e81cb9dd902768053", "/workspace/trifast-pr/src/trifast/__init__.py": "7991e4899fe05dabd35c0ba453c516f9a22a7f1b7d7b6937441d202bf1fc8caf", "/workspace/trifast-pr/src/trifast/_fused_backward.py": "fdcd722a80b298d3700833946c8b16ff6ed8a70db2046768e44df2cc8d4df0e8", "/workspace/trifast-pr/src/trifast/_fused_chunked.py": "07bb4debb8a37943bbd89aeac8e632b27481d5d8982722428b97f7eb26a2095d", "/workspace/trifast-pr/src/trifast/_fused_dispatch.py": "3b3378a917455e066f42e43d07fa34eeaef7330a1e82cf020f9a7bb47cb95cfa", "/workspace/trifast-pr/src/trifast/_fused_forward.py": "a44e96aa9c3a82c6cbe330b1edbe707be1a89e1591b96e0e18bdec4d9a9a0113", "/workspace/trifast-pr/src/trifast/_fused_forward_tma.py": "aaa35b70610a5ee60900f1e093cb32bfcf76d59a2bab65cb73a8c9cd9b994a14", "/workspace/trifast-pr/src/trifast/autotune.py": "0909cf562b06259aae34986a5d826e4c8fb2860816689b6b6ba56be3a44595b9", "/workspace/trifast-pr/src/trifast/autotune_helpers.py": "8bfc1a3c2ec06c001188766b6231523cb767466c22d6fbcae2089f2a410e9b9a", "/workspace/trifast-pr/src/trifast/equiv.py": "d8b293f80a605d4912704ae35e9b60b8dbe18c83e81c8be85657afc58a197097", "/workspace/trifast-pr/src/trifast/fused_api.py": "474ad68aecc5e4d29ced3daee8b88dee021dde75335c4ceb459a58463a723343", "/workspace/trifast-pr/src/trifast/fused_low_memory_api.py": "3f4d3035d569d4717951ca6651f1af01d448c461a933d4d6d4933cdf01c1e92e", "/workspace/trifast-pr/src/trifast/torch.py": "ccbd6dabc51f89132b4f0ce17506376a83484a5430f210b5bd7b23ef02641d72", "/workspace/trifast-pr/src/trifast/triton.py": "e71e3f7493e10235efd9b4a63ba5e4940f8e27bd84b5959d51dda2964e1849a9", "/workspace/trifast-pr/src/trifast/tune.py": "e960cf5e0074c8481211d754d8db24831b6b7d9f75fcab589b7bbe73c361e132", "/workspace/trifast-pr/src/trifast/utils.py": "59be46971a782cae0ade81747b553ce7b4669879890d023e0caf0f3852dcf212"}, "labels": {"A": "previous_fused_4b832de", "B": "optimized_fused"}, "previous_revision": "4b832de", "private_cache": "/tmp/compare-previous-qdp8mth5", "comparison": "same current fused backward; only old/new TMA forward differs; eager only", "previous_configs": ["BLOCK_J: 64, BLOCK_K: 32, num_warps: 4, num_ctas: 1, num_stages: 3, maxnreg: 80", "BLOCK_J: 64, BLOCK_K: 32, num_warps: 4, num_ctas: 1, num_stages: 3, maxnreg: None", "BLOCK_J: 32, BLOCK_K: 32, num_warps: 4, num_ctas: 1, num_stages: 3, maxnreg: None", "BLOCK_J: 128, BLOCK_K: 32, num_warps: 8, num_ctas: 1, num_stages: 1, maxnreg: None", "BLOCK_J: 64, BLOCK_K: 64, num_warps: 4, num_ctas: 1, num_stages: 2, maxnreg: None", "BLOCK_J: 64, BLOCK_K: 64, num_warps: 4, num_ctas: 1, num_stages: 3, maxnreg: None", "BLOCK_J: 128, BLOCK_K: 64, num_warps: 8, num_ctas: 1, num_stages: 2, maxnreg: None", "BLOCK_J: 64, BLOCK_K: 128, num_warps: 4, num_ctas: 1, num_stages: 2, maxnreg: None"], "mask_probability": 0.2, "timing": "CUDA event per iteration; warm ABBA; no CUDA graphs"}
{"event": "parity", "n": 500, "checks": {"output": {"relative_l2": 0.0, "baseline_zero_max_abs_diagnostic": 0.0, "passed": true}, "dq": {"relative_l2": 1.3619281162391417e-05, "baseline_zero_max_abs_diagnostic": 0.0, "passed": true}, "dk": {"relative_l2": 0.0, "baseline_zero_max_abs_diagnostic": 0.0, "passed": true}, "dv": {"relative_l2": 0.0, "baseline_zero_max_abs_diagnostic": 0.0, "passed": true}, "db": {"relative_l2": 1.4595450920751318e-05, "baseline_zero_max_abs_diagnostic": 0.0, "passed": true}}, "independent_reference": false}
{"event": "forward_configs", "n": 500, "configs": {"previous_fused_4b832de": {"kwargs": {"BLOCK_J": 64, "BLOCK_K": 64}, "num_warps": 4, "num_stages": 3, "num_ctas": 1, "maxnreg": null}, "optimized_fused": {"kwargs": {"BLOCK_J": 64, "BLOCK_K": 64}, "num_warps": 4, "num_stages": 2, "num_ctas": 1, "maxnreg": 96}}}
{"event": "memory", "n": 500, "measurements": {"A": {"peak_increment_bytes": 620007424, "retained_increment_bytes": 516000256}, "B": {"peak_increment_bytes": 620007424, "retained_increment_bytes": 516000256}}}
{"event": "sample", "n": 500, "mode": "forward", "round": 0, "block": 0, "label": "A", "sample": 0, "ms": 1.8914239406585693}
{"event": "sample", "n": 500, "mode": "forward", "round": 0, "block": 0, "label": "A", "sample": 1, "ms": 1.5895999670028687}
{"event": "sample", "n": 500, "mode": "forward", "round": 0, "block": 0, "label": "A", "sample": 2, "ms": 1.5901119709014893}
{"event": "sample", "n": 500, "mode": "forward", "round": 0, "block": 0, "label": "A", "sample": 3, "ms": 1.5903359651565552}
{"event": "sample", "n": 500, "mode": "forward", "round": 0, "block": 0, "label": "A", "sample": 4, "ms": 1.5902080535888672}
{"event": "sample", "n": 500, "mode": "forward", "round": 0, "block": 0, "label": "A", "sample": 5, "ms": 1.5905280113220215}
{"event": "sample", "n": 500, "mode": "forward", "round": 0, "block": 0, "label": "A", "sample": 6, "ms": 1.5891519784927368}
{"event": "sample", "n": 500, "mode": "forward", "round": 0, "block": 0, "label": "A", "sample": 7, "ms": 1.5916160345077515}
{"event": "sample", "n": 500, "mode": "forward", "round": 0, "block": 0, "label": "A", "sample": 8, "ms": 1.589184045791626}
{"event": "sample", "n": 500, "mode": "forward", "round": 0, "block": 0, "label": "A", "sample": 9, "ms": 1.5911359786987305}
{"event": "sample", "n": 500, "mode": "forward", "round": 0, "block": 1, "label": "B", "sample": 0, "ms": 1.9427200555801392}
{"event": "sample", "n": 500, "mode": "forward", "round": 0, "block": 1, "label": "B", "sample": 1, "ms": 1.5511679649353027}
{"event": "sample", "n": 500, "mode": "forward", "round": 0, "block": 1, "label": "B", "sample": 2, "ms": 1.5488640069961548}
{"event": "sample", "n": 500, "mode": "forward", "round": 0, "block": 1, "label": "B", "sample": 3, "ms": 1.5498559474945068}
{"event": "sample", "n": 500, "mode": "forward", "round": 0, "block": 1, "label": "B", "sample": 4, "ms": 1.5474879741668701}
{"event": "sample", "n": 500, "mode": "forward", "round": 0, "block": 1, "label": "B", "sample": 5, "ms": 1.5494400262832642}
{"event": "sample", "n": 500, "mode": "forward", "round": 0, "block": 1, "label": "B", "sample": 6, "ms": 1.5471999645233154}
{"event": "sample", "n": 500, "mode": "forward", "round": 0, "block": 1, "label": "B", "sample": 7, "ms": 1.549023985862732}
{"event": "sample", "n": 500, "mode": "forward", "round": 0, "block": 1, "label": "B", "sample": 8, "ms": 1.5497599840164185}
{"event": "sample", "n": 500, "mode": "forward", "round": 0, "block": 1, "label": "B", "sample": 9, "ms": 1.5506559610366821}
{"event": "sample", "n": 500, "mode": "forward", "round": 0, "block": 2, "label": "B", "sample": 0, "ms": 1.925920009613037}
{"event": "sample", "n": 500, "mode": "forward", "round": 0, "block": 2, "label": "B", "sample": 1, "ms": 1.5486079454421997}
{"event": "sample", "n": 500, "mode": "forward", "round": 0, "block": 2, "label": "B", "sample": 2, "ms": 1.5490880012512207}
{"event": "sample", "n": 500, "mode": "forward", "round": 0, "block": 2, "label": "B", "sample": 3, "ms": 1.5505280494689941}
{"event": "sample", "n": 500, "mode": "forward", "round": 0, "block": 2, "label": "B", "sample": 4, "ms": 1.5486719608306885}
{"event": "sample", "n": 500, "mode": "forward", "round": 0, "block": 2, "label": "B", "sample": 5, "ms": 1.55075204372406}
{"event": "sample", "n": 500, "mode": "forward", "round": 0, "block": 2, "label": "B", "sample": 6, "ms": 1.5495359897613525}
{"event": "sample", "n": 500, "mode": "forward", "round": 0, "block": 2, "label": "B", "sample": 7, "ms": 1.5499199628829956}
{"event": "sample", "n": 500, "mode": "forward", "round": 0, "block": 2, "label": "B", "sample": 8, "ms": 1.5473599433898926}
{"event": "sample", "n": 500, "mode": "forward", "round": 0, "block": 2, "label": "B", "sample": 9, "ms": 1.5501439571380615}
{"event": "sample", "n": 500, "mode": "forward", "round": 0, "block": 3, "label": "A", "sample": 0, "ms": 1.9355839490890503}
{"event": "sample", "n": 500, "mode": "forward", "round": 0, "block": 3, "label": "A", "sample": 1, "ms": 1.5926079750061035}
{"event": "sample", "n": 500, "mode": "forward", "round": 0, "block": 3, "label": "A", "sample": 2, "ms": 1.5911999940872192}
{"event": "sample", "n": 500, "mode": "forward", "round": 0, "block": 3, "label": "A", "sample": 3, "ms": 1.5932480096817017}
{"event": "sample", "n": 500, "mode": "forward", "round": 0, "block": 3, "label": "A", "sample": 4, "ms": 1.5925120115280151}
{"event": "sample", "n": 500, "mode": "forward", "round": 0, "block": 3, "label": "A", "sample": 5, "ms": 1.5930559635162354}
{"event": "sample", "n": 500, "mode": "forward", "round": 0, "block": 3, "label": "A", "sample": 6, "ms": 1.5913280248641968}
{"event": "sample", "n": 500, "mode": "forward", "round": 0, "block": 3, "label": "A", "sample": 7, "ms": 1.5939840078353882}
{"event": "sample", "n": 500, "mode": "forward", "round": 0, "block": 3, "label": "A", "sample": 8, "ms": 1.5915520191192627}
{"event": "sample", "n": 500, "mode": "forward", "round": 0, "block": 3, "label": "A", "sample": 9, "ms": 1.5921599864959717}
{"event": "sample", "n": 500, "mode": "forward", "round": 1, "block": 0, "label": "A", "sample": 0, "ms": 1.9505280256271362}
{"event": "sample", "n": 500, "mode": "forward", "round": 1, "block": 0, "label": "A", "sample": 1, "ms": 1.5924160480499268}
{"event": "sample", "n": 500, "mode": "forward", "round": 1, "block": 0, "label": "A", "sample": 2, "ms": 1.59225594997406}
{"event": "sample", "n": 500, "mode": "forward", "round": 1, "block": 0, "label": "A", "sample": 3, "ms": 1.5931199789047241}
{"event": "sample", "n": 500, "mode": "forward", "round": 1, "block": 0, "label": "A", "sample": 4, "ms": 1.5916800498962402}
{"event": "sample", "n": 500, "mode": "forward", "round": 1, "block": 0, "label": "A", "sample": 5, "ms": 1.5937919616699219}
{"event": "sample", "n": 500, "mode": "forward", "round": 1, "block": 0, "label": "A", "sample": 6, "ms": 1.5918400287628174}
{"event": "sample", "n": 500, "mode": "forward", "round": 1, "block": 0, "label": "A", "sample": 7, "ms": 1.592576026916504}
{"event": "sample", "n": 500, "mode": "forward", "round": 1, "block": 0, "label": "A", "sample": 8, "ms": 1.5912959575653076}
{"event": "sample", "n": 500, "mode": "forward", "round": 1, "block": 0, "label": "A", "sample": 9, "ms": 1.5939840078353882}
{"event": "sample", "n": 500, "mode": "forward", "round": 1, "block": 1, "label": "B", "sample": 0, "ms": 1.893407940864563}
{"event": "sample", "n": 500, "mode": "forward", "round": 1, "block": 1, "label": "B", "sample": 1, "ms": 1.548192024230957}
{"event": "sample", "n": 500, "mode": "forward", "round": 1, "block": 1, "label": "B", "sample": 2, "ms": 1.5487680435180664}
{"event": "sample", "n": 500, "mode": "forward", "round": 1, "block": 1, "label": "B", "sample": 3, "ms": 1.5515520572662354}
{"event": "sample", "n": 500, "mode": "forward", "round": 1, "block": 1, "label": "B", "sample": 4, "ms": 1.549056053161621}
{"event": "sample", "n": 500, "mode": "forward", "round": 1, "block": 1, "label": "B", "sample": 5, "ms": 1.550495982170105}
{"event": "sample", "n": 500, "mode": "forward", "round": 1, "block": 1, "label": "B", "sample": 6, "ms": 1.5487040281295776}
{"event": "sample", "n": 500, "mode": "forward", "round": 1, "block": 1, "label": "B", "sample": 7, "ms": 1.5494719743728638}
{"event": "sample", "n": 500, "mode": "forward", "round": 1, "block": 1, "label": "B", "sample": 8, "ms": 1.5491520166397095}
{"event": "sample", "n": 500, "mode": "forward", "round": 1, "block": 1, "label": "B", "sample": 9, "ms": 1.5490880012512207}
{"event": "sample", "n": 500, "mode": "forward", "round": 1, "block": 2, "label": "B", "sample": 0, "ms": 1.909440040588379}
{"event": "sample", "n": 500, "mode": "forward", "round": 1, "block": 2, "label": "B", "sample": 1, "ms": 1.5490880012512207}
{"event": "sample", "n": 500, "mode": "forward", "round": 1, "block": 2, "label": "B", "sample": 2, "ms": 1.5496000051498413}
{"event": "sample", "n": 500, "mode": "forward", "round": 1, "block": 2, "label": "B", "sample": 3, "ms": 1.5503679513931274}
{"event": "sample", "n": 500, "mode": "forward", "round": 1, "block": 2, "label": "B", "sample": 4, "ms": 1.5484479665756226}
{"event": "sample", "n": 500, "mode": "forward", "round": 1, "block": 2, "label": "B", "sample": 5, "ms": 1.550112009048462}
{"event": "sample", "n": 500, "mode": "forward", "round": 1, "block": 2, "label": "B", "sample": 6, "ms": 1.5492160320281982}
{"event": "sample", "n": 500, "mode": "forward", "round": 1, "block": 2, "label": "B", "sample": 7, "ms": 1.5503040552139282}
{"event": "sample", "n": 500, "mode": "forward", "round": 1, "block": 2, "label": "B", "sample": 8, "ms": 1.5483520030975342}
{"event": "sample", "n": 500, "mode": "forward", "round": 1, "block": 2, "label": "B", "sample": 9, "ms": 1.5493439435958862}
{"event": "sample", "n": 500, "mode": "forward", "round": 1, "block": 3, "label": "A", "sample": 0, "ms": 1.9757119417190552}
{"event": "sample", "n": 500, "mode": "forward", "round": 1, "block": 3, "label": "A", "sample": 1, "ms": 1.5911680459976196}
{"event": "sample", "n": 500, "mode": "forward", "round": 1, "block": 3, "label": "A", "sample": 2, "ms": 1.588927984237671}
{"event": "sample", "n": 500, "mode": "forward", "round": 1, "block": 3, "label": "A", "sample": 3, "ms": 1.591040015220642}
{"event": "sample", "n": 500, "mode": "forward", "round": 1, "block": 3, "label": "A", "sample": 4, "ms": 1.5900479555130005}
{"event": "sample", "n": 500, "mode": "forward", "round": 1, "block": 3, "label": "A", "sample": 5, "ms": 1.5909759998321533}
{"event": "sample", "n": 500, "mode": "forward", "round": 1, "block": 3, "label": "A", "sample": 6, "ms": 1.58896005153656}
{"event": "sample", "n": 500, "mode": "forward", "round": 1, "block": 3, "label": "A", "sample": 7, "ms": 1.5904639959335327}
{"event": "sample", "n": 500, "mode": "forward", "round": 1, "block": 3, "label": "A", "sample": 8, "ms": 1.5895040035247803}
{"event": "sample", "n": 500, "mode": "forward", "round": 1, "block": 3, "label": "A", "sample": 9, "ms": 1.5903680324554443}
{"event": "sample", "n": 500, "mode": "forward", "round": 2, "block": 0, "label": "A", "sample": 0, "ms": 1.9205119609832764}
{"event": "sample", "n": 500, "mode": "forward", "round": 2, "block": 0, "label": "A", "sample": 1, "ms": 1.5902080535888672}
{"event": "sample", "n": 500, "mode": "forward", "round": 2, "block": 0, "label": "A", "sample": 2, "ms": 1.5904959440231323}
{"event": "sample", "n": 500, "mode": "forward", "round": 2, "block": 0, "label": "A", "sample": 3, "ms": 1.5911040306091309}
{"event": "sample", "n": 500, "mode": "forward", "round": 2, "block": 0, "label": "A", "sample": 4, "ms": 1.5899200439453125}
{"event": "sample", "n": 500, "mode": "forward", "round": 2, "block": 0, "label": "A", "sample": 5, "ms": 1.5909759998321533}
{"event": "sample", "n": 500, "mode": "forward", "round": 2, "block": 0, "label": "A", "sample": 6, "ms": 1.5902080535888672}
{"event": "sample", "n": 500, "mode": "forward", "round": 2, "block": 0, "label": "A", "sample": 7, "ms": 1.5910719633102417}
{"event": "sample", "n": 500, "mode": "forward", "round": 2, "block": 0, "label": "A", "sample": 8, "ms": 1.5896960496902466}
{"event": "sample", "n": 500, "mode": "forward", "round": 2, "block": 0, "label": "A", "sample": 9, "ms": 1.5913280248641968}
{"event": "sample", "n": 500, "mode": "forward", "round": 2, "block": 1, "label": "B", "sample": 0, "ms": 1.9001280069351196}
{"event": "sample", "n": 500, "mode": "forward", "round": 2, "block": 1, "label": "B", "sample": 1, "ms": 1.5465600490570068}
{"event": "sample", "n": 500, "mode": "forward", "round": 2, "block": 1, "label": "B", "sample": 2, "ms": 1.5465919971466064}
{"event": "sample", "n": 500, "mode": "forward", "round": 2, "block": 1, "label": "B", "sample": 3, "ms": 1.548416018486023}
{"event": "sample", "n": 500, "mode": "forward", "round": 2, "block": 1, "label": "B", "sample": 4, "ms": 1.5471999645233154}
{"event": "sample", "n": 500, "mode": "forward", "round": 2, "block": 1, "label": "B", "sample": 5, "ms": 1.5486079454421997}
{"event": "sample", "n": 500, "mode": "forward", "round": 2, "block": 1, "label": "B", "sample": 6, "ms": 1.5469119548797607}
{"event": "sample", "n": 500, "mode": "forward", "round": 2, "block": 1, "label": "B", "sample": 7, "ms": 1.5482239723205566}
{"event": "sample", "n": 500, "mode": "forward", "round": 2, "block": 1, "label": "B", "sample": 8, "ms": 1.5470720529556274}
{"event": "sample", "n": 500, "mode": "forward", "round": 2, "block": 1, "label": "B", "sample": 9, "ms": 1.548799991607666}
{"event": "sample", "n": 500, "mode": "forward", "round": 2, "block": 2, "label": "B", "sample": 0, "ms": 1.8856960535049438}
{"event": "sample", "n": 500, "mode": "forward", "round": 2, "block": 2, "label": "B", "sample": 1, "ms": 1.5462080240249634}
{"event": "sample", "n": 500, "mode": "forward", "round": 2, "block": 2, "label": "B", "sample": 2, "ms": 1.5462080240249634}
{"event": "sample", "n": 500, "mode": "forward", "round": 2, "block": 2, "label": "B", "sample": 3, "ms": 1.5483520030975342}
{"event": "sample", "n": 500, "mode": "forward", "round": 2, "block": 2, "label": "B", "sample": 4, "ms": 1.54694402217865}
{"event": "sample", "n": 500, "mode": "forward", "round": 2, "block": 2, "label": "B", "sample": 5, "ms": 1.5486400127410889}
{"event": "sample", "n": 500, "mode": "forward", "round": 2, "block": 2, "label": "B", "sample": 6, "ms": 1.5476160049438477}
{"event": "sample", "n": 500, "mode": "forward", "round": 2, "block": 2, "label": "B", "sample": 7, "ms": 1.5474560260772705}
{"event": "sample", "n": 500, "mode": "forward", "round": 2, "block": 2, "label": "B", "sample": 8, "ms": 1.5460799932479858}
{"event": "sample", "n": 500, "mode": "forward", "round": 2, "block": 2, "label": "B", "sample": 9, "ms": 1.5489280223846436}
{"event": "sample", "n": 500, "mode": "forward", "round": 2, "block": 3, "label": "A", "sample": 0, "ms": 1.9239360094070435}
{"event": "sample", "n": 500, "mode": "forward", "round": 2, "block": 3, "label": "A", "sample": 1, "ms": 1.5900479555130005}
{"event": "sample", "n": 500, "mode": "forward", "round": 2, "block": 3, "label": "A", "sample": 2, "ms": 1.589184045791626}
{"event": "sample", "n": 500, "mode": "forward", "round": 2, "block": 3, "label": "A", "sample": 3, "ms": 1.5908160209655762}
{"event": "sample", "n": 500, "mode": "forward", "round": 2, "block": 3, "label": "A", "sample": 4, "ms": 1.5895040035247803}
{"event": "sample", "n": 500, "mode": "forward", "round": 2, "block": 3, "label": "A", "sample": 5, "ms": 1.5906239748001099}
{"event": "sample", "n": 500, "mode": "forward", "round": 2, "block": 3, "label": "A", "sample": 6, "ms": 1.5895359516143799}
{"event": "sample", "n": 500, "mode": "forward", "round": 2, "block": 3, "label": "A", "sample": 7, "ms": 1.591488003730774}
{"event": "sample", "n": 500, "mode": "forward", "round": 2, "block": 3, "label": "A", "sample": 8, "ms": 1.5895040035247803}
{"event": "sample", "n": 500, "mode": "forward", "round": 2, "block": 3, "label": "A", "sample": 9, "ms": 1.5911359786987305}
{"event": "summary", "n": 500, "mode": "forward", "median_ms": {"A": 1.5911200046539307, "B": 1.5490400195121765}, "speedup": 1.0271652020681854, "samples_per_label": 60}
{"event": "sample", "n": 500, "mode": "backward", "round": 0, "block": 0, "label": "A", "sample": 0, "ms": 6.653471946716309}
{"event": "sample", "n": 500, "mode": "backward", "round": 0, "block": 0, "label": "A", "sample": 1, "ms": 6.506144046783447}
{"event": "sample", "n": 500, "mode": "backward", "round": 0, "block": 0, "label": "A", "sample": 2, "ms": 6.492063999176025}
{"event": "sample", "n": 500, "mode": "backward", "round": 0, "block": 0, "label": "A", "sample": 3, "ms": 6.506656169891357}
{"event": "sample", "n": 500, "mode": "backward", "round": 0, "block": 0, "label": "A", "sample": 4, "ms": 6.498688220977783}
{"event": "sample", "n": 500, "mode": "backward", "round": 0, "block": 0, "label": "A", "sample": 5, "ms": 6.493696212768555}
{"event": "sample", "n": 500, "mode": "backward", "round": 0, "block": 0, "label": "A", "sample": 6, "ms": 6.511263847351074}
{"event": "sample", "n": 500, "mode": "backward", "round": 0, "block": 0, "label": "A", "sample": 7, "ms": 6.495071887969971}
{"event": "sample", "n": 500, "mode": "backward", "round": 0, "block": 0, "label": "A", "sample": 8, "ms": 6.508096218109131}
{"event": "sample", "n": 500, "mode": "backward", "round": 0, "block": 0, "label": "A", "sample": 9, "ms": 6.523744106292725}
{"event": "sample", "n": 500, "mode": "backward", "round": 0, "block": 1, "label": "B", "sample": 0, "ms": 6.639200210571289}
{"event": "sample", "n": 500, "mode": "backward", "round": 0, "block": 1, "label": "B", "sample": 1, "ms": 6.503583908081055}
{"event": "sample", "n": 500, "mode": "backward", "round": 0, "block": 1, "label": "B", "sample": 2, "ms": 6.503104209899902}
{"event": "sample", "n": 500, "mode": "backward", "round": 0, "block": 1, "label": "B", "sample": 3, "ms": 6.501728057861328}
{"event": "sample", "n": 500, "mode": "backward", "round": 0, "block": 1, "label": "B", "sample": 4, "ms": 6.489535808563232}
{"event": "sample", "n": 500, "mode": "backward", "round": 0, "block": 1, "label": "B", "sample": 5, "ms": 6.486944198608398}
{"event": "sample", "n": 500, "mode": "backward", "round": 0, "block": 1, "label": "B", "sample": 6, "ms": 6.489696025848389}
{"event": "sample", "n": 500, "mode": "backward", "round": 0, "block": 1, "label": "B", "sample": 7, "ms": 6.493120193481445}
{"event": "sample", "n": 500, "mode": "backward", "round": 0, "block": 1, "label": "B", "sample": 8, "ms": 6.488768100738525}
{"event": "sample", "n": 500, "mode": "backward", "round": 0, "block": 1, "label": "B", "sample": 9, "ms": 6.488607883453369}
{"event": "sample", "n": 500, "mode": "backward", "round": 0, "block": 2, "label": "B", "sample": 0, "ms": 6.69001579284668}
{"event": "sample", "n": 500, "mode": "backward", "round": 0, "block": 2, "label": "B", "sample": 1, "ms": 6.487296104431152}
{"event": "sample", "n": 500, "mode": "backward", "round": 0, "block": 2, "label": "B", "sample": 2, "ms": 6.4844160079956055}
{"event": "sample", "n": 500, "mode": "backward", "round": 0, "block": 2, "label": "B", "sample": 3, "ms": 6.488128185272217}
{"event": "sample", "n": 500, "mode": "backward", "round": 0, "block": 2, "label": "B", "sample": 4, "ms": 6.485695838928223}
{"event": "sample", "n": 500, "mode": "backward", "round": 0, "block": 2, "label": "B", "sample": 5, "ms": 6.48803186416626}
{"event": "sample", "n": 500, "mode": "backward", "round": 0, "block": 2, "label": "B", "sample": 6, "ms": 6.509632110595703}
{"event": "sample", "n": 500, "mode": "backward", "round": 0, "block": 2, "label": "B", "sample": 7, "ms": 6.5054402351379395}
{"event": "sample", "n": 500, "mode": "backward", "round": 0, "block": 2, "label": "B", "sample": 8, "ms": 6.4925761222839355}
{"event": "sample", "n": 500, "mode": "backward", "round": 0, "block": 2, "label": "B", "sample": 9, "ms": 6.497759819030762}
{"event": "sample", "n": 500, "mode": "backward", "round": 0, "block": 3, "label": "A", "sample": 0, "ms": 6.657472133636475}
{"event": "sample", "n": 500, "mode": "backward", "round": 0, "block": 3, "label": "A", "sample": 1, "ms": 6.496863842010498}
{"event": "sample", "n": 500, "mode": "backward", "round": 0, "block": 3, "label": "A", "sample": 2, "ms": 6.49724817276001}
{"event": "sample", "n": 500, "mode": "backward", "round": 0, "block": 3, "label": "A", "sample": 3, "ms": 6.518655776977539}
{"event": "sample", "n": 500, "mode": "backward", "round": 0, "block": 3, "label": "A", "sample": 4, "ms": 6.5000319480896}
{"event": "sample", "n": 500, "mode": "backward", "round": 0, "block": 3, "label": "A", "sample": 5, "ms": 6.51200008392334}
{"event": "sample", "n": 500, "mode": "backward", "round": 0, "block": 3, "label": "A", "sample": 6, "ms": 6.496960163116455}
{"event": "sample", "n": 500, "mode": "backward", "round": 0, "block": 3, "label": "A", "sample": 7, "ms": 6.506591796875}
{"event": "sample", "n": 500, "mode": "backward", "round": 0, "block": 3, "label": "A", "sample": 8, "ms": 6.499584197998047}
{"event": "sample", "n": 500, "mode": "backward", "round": 0, "block": 3, "label": "A", "sample": 9, "ms": 6.494143962860107}
{"event": "sample", "n": 500, "mode": "backward", "round": 1, "block": 0, "label": "A", "sample": 0, "ms": 6.677152156829834}
{"event": "sample", "n": 500, "mode": "backward", "round": 1, "block": 0, "label": "A", "sample": 1, "ms": 6.498784065246582}
{"event": "sample", "n": 500, "mode": "backward", "round": 1, "block": 0, "label": "A", "sample": 2, "ms": 6.480224132537842}
{"event": "sample", "n": 500, "mode": "backward", "round": 1, "block": 0, "label": "A", "sample": 3, "ms": 6.482656002044678}
{"event": "sample", "n": 500, "mode": "backward", "round": 1, "block": 0, "label": "A", "sample": 4, "ms": 6.483712196350098}
{"event": "sample", "n": 500, "mode": "backward", "round": 1, "block": 0, "label": "A", "sample": 5, "ms": 6.493343830108643}
{"event": "sample", "n": 500, "mode": "backward", "round": 1, "block": 0, "label": "A", "sample": 6, "ms": 6.493023872375488}
{"event": "sample", "n": 500, "mode": "backward", "round": 1, "block": 0, "label": "A", "sample": 7, "ms": 6.481919765472412}
{"event": "sample", "n": 500, "mode": "backward", "round": 1, "block": 0, "label": "A", "sample": 8, "ms": 6.4818878173828125}
{"event": "sample", "n": 500, "mode": "backward", "round": 1, "block": 0, "label": "A", "sample": 9, "ms": 6.491968154907227}
{"event": "sample", "n": 500, "mode": "backward", "round": 1, "block": 1, "label": "B", "sample": 0, "ms": 6.632415771484375}
{"event": "sample", "n": 500, "mode": "backward", "round": 1, "block": 1, "label": "B", "sample": 1, "ms": 6.486239910125732}
{"event": "sample", "n": 500, "mode": "backward", "round": 1, "block": 1, "label": "B", "sample": 2, "ms": 6.492767810821533}
{"event": "sample", "n": 500, "mode": "backward", "round": 1, "block": 1, "label": "B", "sample": 3, "ms": 6.4925761222839355}
{"event": "sample", "n": 500, "mode": "backward", "round": 1, "block": 1, "label": "B", "sample": 4, "ms": 6.502111911773682}
{"event": "sample", "n": 500, "mode": "backward", "round": 1, "block": 1, "label": "B", "sample": 5, "ms": 6.496032238006592}
{"event": "sample", "n": 500, "mode": "backward", "round": 1, "block": 1, "label": "B", "sample": 6, "ms": 6.496511936187744}
{"event": "sample", "n": 500, "mode": "backward", "round": 1, "block": 1, "label": "B", "sample": 7, "ms": 6.506976127624512}
{"event": "sample", "n": 500, "mode": "backward", "round": 1, "block": 1, "label": "B", "sample": 8, "ms": 6.501344203948975}
{"event": "sample", "n": 500, "mode": "backward", "round": 1, "block": 1, "label": "B", "sample": 9, "ms": 6.505631923675537}
{"event": "sample", "n": 500, "mode": "backward", "round": 1, "block": 2, "label": "B", "sample": 0, "ms": 6.653471946716309}
{"event": "sample", "n": 500, "mode": "backward", "round": 1, "block": 2, "label": "B", "sample": 1, "ms": 6.512447834014893}
{"event": "sample", "n": 500, "mode": "backward", "round": 1, "block": 2, "label": "B", "sample": 2, "ms": 6.505951881408691}
{"event": "sample", "n": 500, "mode": "backward", "round": 1, "block": 2, "label": "B", "sample": 3, "ms": 6.496511936187744}
{"event": "sample", "n": 500, "mode": "backward", "round": 1, "block": 2, "label": "B", "sample": 4, "ms": 6.504703998565674}
{"event": "sample", "n": 500, "mode": "backward", "round": 1, "block": 2, "label": "B", "sample": 5, "ms": 6.507391929626465}
{"event": "sample", "n": 500, "mode": "backward", "round": 1, "block": 2, "label": "B", "sample": 6, "ms": 6.498688220977783}
{"event": "sample", "n": 500, "mode": "backward", "round": 1, "block": 2, "label": "B", "sample": 7, "ms": 6.498559951782227}
{"event": "sample", "n": 500, "mode": "backward", "round": 1, "block": 2, "label": "B", "sample": 8, "ms": 6.494815826416016}
{"event": "sample", "n": 500, "mode": "backward", "round": 1, "block": 2, "label": "B", "sample": 9, "ms": 6.503039836883545}
{"event": "sample", "n": 500, "mode": "backward", "round": 1, "block": 3, "label": "A", "sample": 0, "ms": 6.6418561935424805}
{"event": "sample", "n": 500, "mode": "backward", "round": 1, "block": 3, "label": "A", "sample": 1, "ms": 6.499135971069336}
{"event": "sample", "n": 500, "mode": "backward", "round": 1, "block": 3, "label": "A", "sample": 2, "ms": 6.490848064422607}
{"event": "sample", "n": 500, "mode": "backward", "round": 1, "block": 3, "label": "A", "sample": 3, "ms": 6.499135971069336}
{"event": "sample", "n": 500, "mode": "backward", "round": 1, "block": 3, "label": "A", "sample": 4, "ms": 6.488959789276123}
{"event": "sample", "n": 500, "mode": "backward", "round": 1, "block": 3, "label": "A", "sample": 5, "ms": 6.497600078582764}
{"event": "sample", "n": 500, "mode": "backward", "round": 1, "block": 3, "label": "A", "sample": 6, "ms": 6.492959976196289}
{"event": "sample", "n": 500, "mode": "backward", "round": 1, "block": 3, "label": "A", "sample": 7, "ms": 6.4950079917907715}
{"event": "sample", "n": 500, "mode": "backward", "round": 1, "block": 3, "label": "A", "sample": 8, "ms": 6.485856056213379}
{"event": "sample", "n": 500, "mode": "backward", "round": 1, "block": 3, "label": "A", "sample": 9, "ms": 6.500127792358398}
{"event": "sample", "n": 500, "mode": "backward", "round": 2, "block": 0, "label": "A", "sample": 0, "ms": 6.632544040679932}
{"event": "sample", "n": 500, "mode": "backward", "round": 2, "block": 0, "label": "A", "sample": 1, "ms": 6.4858880043029785}
{"event": "sample", "n": 500, "mode": "backward", "round": 2, "block": 0, "label": "A", "sample": 2, "ms": 6.488224029541016}
{"event": "sample", "n": 500, "mode": "backward", "round": 2, "block": 0, "label": "A", "sample": 3, "ms": 6.48851203918457}
{"event": "sample", "n": 500, "mode": "backward", "round": 2, "block": 0, "label": "A", "sample": 4, "ms": 6.4879679679870605}
{"event": "sample", "n": 500, "mode": "backward", "round": 2, "block": 0, "label": "A", "sample": 5, "ms": 6.499135971069336}
{"event": "sample", "n": 500, "mode": "backward", "round": 2, "block": 0, "label": "A", "sample": 6, "ms": 6.501440048217773}
{"event": "sample", "n": 500, "mode": "backward", "round": 2, "block": 0, "label": "A", "sample": 7, "ms": 6.491072177886963}
{"event": "sample", "n": 500, "mode": "backward", "round": 2, "block": 0, "label": "A", "sample": 8, "ms": 6.496287822723389}
{"event": "sample", "n": 500, "mode": "backward", "round": 2, "block": 0, "label": "A", "sample": 9, "ms": 6.507040023803711}
{"event": "sample", "n": 500, "mode": "backward", "round": 2, "block": 1, "label": "B", "sample": 0, "ms": 6.653503894805908}
{"event": "sample", "n": 500, "mode": "backward", "round": 2, "block": 1, "label": "B", "sample": 1, "ms": 6.494368076324463}
{"event": "sample", "n": 500, "mode": "backward", "round": 2, "block": 1, "label": "B", "sample": 2, "ms": 6.509984016418457}
{"event": "sample", "n": 500, "mode": "backward", "round": 2, "block": 1, "label": "B", "sample": 3, "ms": 6.488863945007324}
{"event": "sample", "n": 500, "mode": "backward", "round": 2, "block": 1, "label": "B", "sample": 4, "ms": 6.497856140136719}
{"event": "sample", "n": 500, "mode": "backward", "round": 2, "block": 1, "label": "B", "sample": 5, "ms": 6.489696025848389}
{"event": "sample", "n": 500, "mode": "backward", "round": 2, "block": 1, "label": "B", "sample": 6, "ms": 6.519360065460205}
{"event": "sample", "n": 500, "mode": "backward", "round": 2, "block": 1, "label": "B", "sample": 7, "ms": 6.505375862121582}
{"event": "sample", "n": 500, "mode": "backward", "round": 2, "block": 1, "label": "B", "sample": 8, "ms": 6.490015983581543}
{"event": "sample", "n": 500, "mode": "backward", "round": 2, "block": 1, "label": "B", "sample": 9, "ms": 6.506495952606201}
{"event": "sample", "n": 500, "mode": "backward", "round": 2, "block": 2, "label": "B", "sample": 0, "ms": 6.653183937072754}
{"event": "sample", "n": 500, "mode": "backward", "round": 2, "block": 2, "label": "B", "sample": 1, "ms": 6.515903949737549}
{"event": "sample", "n": 500, "mode": "backward", "round": 2, "block": 2, "label": "B", "sample": 2, "ms": 6.49724817276001}
{"event": "sample", "n": 500, "mode": "backward", "round": 2, "block": 2, "label": "B", "sample": 3, "ms": 6.483839988708496}
{"event": "sample", "n": 500, "mode": "backward", "round": 2, "block": 2, "label": "B", "sample": 4, "ms": 6.4964799880981445}
{"event": "sample", "n": 500, "mode": "backward", "round": 2, "block": 2, "label": "B", "sample": 5, "ms": 6.500095844268799}
{"event": "sample", "n": 500, "mode": "backward", "round": 2, "block": 2, "label": "B", "sample": 6, "ms": 6.487936019897461}
{"event": "sample", "n": 500, "mode": "backward", "round": 2, "block": 2, "label": "B", "sample": 7, "ms": 6.491072177886963}
{"event": "sample", "n": 500, "mode": "backward", "round": 2, "block": 2, "label": "B", "sample": 8, "ms": 6.4966721534729}
{"event": "sample", "n": 500, "mode": "backward", "round": 2, "block": 2, "label": "B", "sample": 9, "ms": 6.4912638664245605}
{"event": "sample", "n": 500, "mode": "backward", "round": 2, "block": 3, "label": "A", "sample": 0, "ms": 6.651167869567871}
{"event": "sample", "n": 500, "mode": "backward", "round": 2, "block": 3, "label": "A", "sample": 1, "ms": 6.493504047393799}
{"event": "sample", "n": 500, "mode": "backward", "round": 2, "block": 3, "label": "A", "sample": 2, "ms": 6.490560054779053}
{"event": "sample", "n": 500, "mode": "backward", "round": 2, "block": 3, "label": "A", "sample": 3, "ms": 6.485504150390625}
{"event": "sample", "n": 500, "mode": "backward", "round": 2, "block": 3, "label": "A", "sample": 4, "ms": 6.492544174194336}
{"event": "sample", "n": 500, "mode": "backward", "round": 2, "block": 3, "label": "A", "sample": 5, "ms": 6.486783981323242}
{"event": "sample", "n": 500, "mode": "backward", "round": 2, "block": 3, "label": "A", "sample": 6, "ms": 6.5030717849731445}
{"event": "sample", "n": 500, "mode": "backward", "round": 2, "block": 3, "label": "A", "sample": 7, "ms": 6.488255977630615}
{"event": "sample", "n": 500, "mode": "backward", "round": 2, "block": 3, "label": "A", "sample": 8, "ms": 6.507455825805664}
{"event": "sample", "n": 500, "mode": "backward", "round": 2, "block": 3, "label": "A", "sample": 9, "ms": 6.495039939880371}
{"event": "summary", "n": 500, "mode": "backward", "median_ms": {"A": 6.496575832366943, "B": 6.497503995895386}, "speedup": 0.9998571507568093, "samples_per_label": 60}
{"event": "sample", "n": 500, "mode": "forward_backward", "round": 0, "block": 0, "label": "A", "sample": 0, "ms": 8.45359992980957}
{"event": "sample", "n": 500, "mode": "forward_backward", "round": 0, "block": 0, "label": "A", "sample": 1, "ms": 8.093600273132324}
{"event": "sample", "n": 500, "mode": "forward_backward", "round": 0, "block": 0, "label": "A", "sample": 2, "ms": 8.083104133605957}
{"event": "sample", "n": 500, "mode": "forward_backward", "round": 0, "block": 0, "label": "A", "sample": 3, "ms": 8.0895357131958}
{"event": "sample", "n": 500, "mode": "forward_backward", "round": 0, "block": 0, "label": "A", "sample": 4, "ms": 8.091391563415527}
{"event": "sample", "n": 500, "mode": "forward_backward", "round": 0, "block": 0, "label": "A", "sample": 5, "ms": 8.059295654296875}
{"event": "sample", "n": 500, "mode": "forward_backward", "round": 0, "block": 0, "label": "A", "sample": 6, "ms": 8.072287559509277}
{"event": "sample", "n": 500, "mode": "forward_backward", "round": 0, "block": 0, "label": "A", "sample": 7, "ms": 8.073535919189453}
{"event": "sample", "n": 500, "mode": "forward_backward", "round": 0, "block": 0, "label": "A", "sample": 8, "ms": 8.07040023803711}
{"event": "sample", "n": 500, "mode": "forward_backward", "round": 0, "block": 0, "label": "A", "sample": 9, "ms": 8.084447860717773}
{"event": "sample", "n": 500, "mode": "forward_backward", "round": 0, "block": 1, "label": "B", "sample": 0, "ms": 8.432095527648926}
{"event": "sample", "n": 500, "mode": "forward_backward", "round": 0, "block": 1, "label": "B", "sample": 1, "ms": 8.03667163848877}
{"event": "sample", "n": 500, "mode": "forward_backward", "round": 0, "block": 1, "label": "B", "sample": 2, "ms": 8.03219223022461}
{"event": "sample", "n": 500, "mode": "forward_backward", "round": 0, "block": 1, "label": "B", "sample": 3, "ms": 8.023807525634766}
{"event": "sample", "n": 500, "mode": "forward_backward", "round": 0, "block": 1, "label": "B", "sample": 4, "ms": 8.042048454284668}
{"event": "sample", "n": 500, "mode": "forward_backward", "round": 0, "block": 1, "label": "B", "sample": 5, "ms": 8.036767959594727}
{"event": "sample", "n": 500, "mode": "forward_backward", "round": 0, "block": 1, "label": "B", "sample": 6, "ms": 8.053791999816895}
{"event": "sample", "n": 500, "mode": "forward_backward", "round": 0, "block": 1, "label": "B", "sample": 7, "ms": 8.038399696350098}
{"event": "sample", "n": 500, "mode": "forward_backward", "round": 0, "block": 1, "label": "B", "sample": 8, "ms": 8.041855812072754}
{"event": "sample", "n": 500, "mode": "forward_backward", "round": 0, "block": 1, "label": "B", "sample": 9, "ms": 8.050911903381348}
{"event": "sample", "n": 500, "mode": "forward_backward", "round": 0, "block": 2, "label": "B", "sample": 0, "ms": 8.451007843017578}
{"event": "sample", "n": 500, "mode": "forward_backward", "round": 0, "block": 2, "label": "B", "sample": 1, "ms": 8.053407669067383}
{"event": "sample", "n": 500, "mode": "forward_backward", "round": 0, "block": 2, "label": "B", "sample": 2, "ms": 8.044960021972656}
{"event": "sample", "n": 500, "mode": "forward_backward", "round": 0, "block": 2, "label": "B", "sample": 3, "ms": 8.04582405090332}
{"event": "sample", "n": 500, "mode": "forward_backward", "round": 0, "block": 2, "label": "B", "sample": 4, "ms": 8.04041576385498}
{"event": "sample", "n": 500, "mode": "forward_backward", "round": 0, "block": 2, "label": "B", "sample": 5, "ms": 8.052895545959473}
{"event": "sample", "n": 500, "mode": "forward_backward", "round": 0, "block": 2, "label": "B", "sample": 6, "ms": 8.0349760055542}
{"event": "sample", "n": 500, "mode": "forward_backward", "round": 0, "block": 2, "label": "B", "sample": 7, "ms": 8.039584159851074}
{"event": "sample", "n": 500, "mode": "forward_backward", "round": 0, "block": 2, "label": "B", "sample": 8, "ms": 8.028608322143555}
{"event": "sample", "n": 500, "mode": "forward_backward", "round": 0, "block": 2, "label": "B", "sample": 9, "ms": 8.036767959594727}
{"event": "sample", "n": 500, "mode": "forward_backward", "round": 0, "block": 3, "label": "A", "sample": 0, "ms": 9.07481575012207}
{"event": "sample", "n": 500, "mode": "forward_backward", "round": 0, "block": 3, "label": "A", "sample": 1, "ms": 8.07590389251709}
{"event": "sample", "n": 500, "mode": "forward_backward", "round": 0, "block": 3, "label": "A", "sample": 2, "ms": 8.068703651428223}
{"event": "sample", "n": 500, "mode": "forward_backward", "round": 0, "block": 3, "label": "A", "sample": 3, "ms": 8.067456245422363}
{"event": "sample", "n": 500, "mode": "forward_backward", "round": 0, "block": 3, "label": "A", "sample": 4, "ms": 8.076704025268555}
{"event": "sample", "n": 500, "mode": "forward_backward", "round": 0, "block": 3, "label": "A", "sample": 5, "ms": 8.06704044342041}
{"event": "sample", "n": 500, "mode": "forward_backward", "round": 0, "block": 3, "label": "A", "sample": 6, "ms": 8.072575569152832}
{"event": "sample", "n": 500, "mode": "forward_backward", "round": 0, "block": 3, "label": "A", "sample": 7, "ms": 8.06719970703125}
{"event": "sample", "n": 500, "mode": "forward_backward", "round": 0, "block": 3, "label": "A", "sample": 8, "ms": 8.072799682617188}
{"event": "sample", "n": 500, "mode": "forward_backward", "round": 0, "block": 3, "label": "A", "sample": 9, "ms": 8.064831733703613}
{"event": "sample", "n": 500, "mode": "forward_backward", "round": 1, "block": 0, "label": "A", "sample": 0, "ms": 8.461152076721191}
{"event": "sample", "n": 500, "mode": "forward_backward", "round": 1, "block": 0, "label": "A", "sample": 1, "ms": 8.091296195983887}
{"event": "sample", "n": 500, "mode": "forward_backward", "round": 1, "block": 0, "label": "A", "sample": 2, "ms": 8.082592010498047}
{"event": "sample", "n": 500, "mode": "forward_backward", "round": 1, "block": 0, "label": "A", "sample": 3, "ms": 8.088479995727539}
{"event": "sample", "n": 500, "mode": "forward_backward", "round": 1, "block": 0, "label": "A", "sample": 4, "ms": 8.08681583404541}
{"event": "sample", "n": 500, "mode": "forward_backward", "round": 1, "block": 0, "label": "A", "sample": 5, "ms": 8.086496353149414}
{"event": "sample", "n": 500, "mode": "forward_backward", "round": 1, "block": 0, "label": "A", "sample": 6, "ms": 8.076224327087402}
{"event": "sample", "n": 500, "mode": "forward_backward", "round": 1, "block": 0, "label": "A", "sample": 7, "ms": 8.076767921447754}
{"event": "sample", "n": 500, "mode": "forward_backward", "round": 1, "block": 0, "label": "A", "sample": 8, "ms": 8.081024169921875}
{"event": "sample", "n": 500, "mode": "forward_backward", "round": 1, "block": 0, "label": "A", "sample": 9, "ms": 8.079584121704102}
{"event": "sample", "n": 500, "mode": "forward_backward", "round": 1, "block": 1, "label": "B", "sample": 0, "ms": 8.555808067321777}
{"event": "sample", "n": 500, "mode": "forward_backward", "round": 1, "block": 1, "label": "B", "sample": 1, "ms": 8.051775932312012}
{"event": "sample", "n": 500, "mode": "forward_backward", "round": 1, "block": 1, "label": "B", "sample": 2, "ms": 8.036959648132324}
{"event": "sample", "n": 500, "mode": "forward_backward", "round": 1, "block": 1, "label": "B", "sample": 3, "ms": 8.029376029968262}
{"event": "sample", "n": 500, "mode": "forward_backward", "round": 1, "block": 1, "label": "B", "sample": 4, "ms": 8.028127670288086}
{"event": "sample", "n": 500, "mode": "forward_backward", "round": 1, "block": 1, "label": "B", "sample": 5, "ms": 8.030143737792969}
{"event": "sample", "n": 500, "mode": "forward_backward", "round": 1, "block": 1, "label": "B", "sample": 6, "ms": 8.028736114501953}
{"event": "sample", "n": 500, "mode": "forward_backward", "round": 1, "block": 1, "label": "B", "sample": 7, "ms": 8.032832145690918}
{"event": "sample", "n": 500, "mode": "forward_backward", "round": 1, "block": 1, "label": "B", "sample": 8, "ms": 8.034720420837402}
{"event": "sample", "n": 500, "mode": "forward_backward", "round": 1, "block": 1, "label": "B", "sample": 9, "ms": 8.030688285827637}
{"event": "sample", "n": 500, "mode": "forward_backward", "round": 1, "block": 2, "label": "B", "sample": 0, "ms": 8.416511535644531}
{"event": "sample", "n": 500, "mode": "forward_backward", "round": 1, "block": 2, "label": "B", "sample": 1, "ms": 8.03337574005127}
{"event": "sample", "n": 500, "mode": "forward_backward", "round": 1, "block": 2, "label": "B", "sample": 2, "ms": 8.031744003295898}
{"event": "sample", "n": 500, "mode": "forward_backward", "round": 1, "block": 2, "label": "B", "sample": 3, "ms": 8.034367561340332}
{"event": "sample", "n": 500, "mode": "forward_backward", "round": 1, "block": 2, "label": "B", "sample": 4, "ms": 8.036640167236328}
{"event": "sample", "n": 500, "mode": "forward_backward", "round": 1, "block": 2, "label": "B", "sample": 5, "ms": 8.042464256286621}
{"event": "sample", "n": 500, "mode": "forward_backward", "round": 1, "block": 2, "label": "B", "sample": 6, "ms": 8.037376403808594}
{"event": "sample", "n": 500, "mode": "forward_backward", "round": 1, "block": 2, "label": "B", "sample": 7, "ms": 8.042367935180664}
{"event": "sample", "n": 500, "mode": "forward_backward", "round": 1, "block": 2, "label": "B", "sample": 8, "ms": 8.046815872192383}
{"event": "sample", "n": 500, "mode": "forward_backward", "round": 1, "block": 2, "label": "B", "sample": 9, "ms": 8.0382080078125}
{"event": "sample", "n": 500, "mode": "forward_backward", "round": 1, "block": 3, "label": "A", "sample": 0, "ms": 8.489215850830078}
{"event": "sample", "n": 500, "mode": "forward_backward", "round": 1, "block": 3, "label": "A", "sample": 1, "ms": 8.082655906677246}
{"event": "sample", "n": 500, "mode": "forward_backward", "round": 1, "block": 3, "label": "A", "sample": 2, "ms": 8.081791877746582}
{"event": "sample", "n": 500, "mode": "forward_backward", "round": 1, "block": 3, "label": "A", "sample": 3, "ms": 8.087679862976074}
{"event": "sample", "n": 500, "mode": "forward_backward", "round": 1, "block": 3, "label": "A", "sample": 4, "ms": 8.096223831176758}
{"event": "sample", "n": 500, "mode": "forward_backward", "round": 1, "block": 3, "label": "A", "sample": 5, "ms": 8.099072456359863}
{"event": "sample", "n": 500, "mode": "forward_backward", "round": 1, "block": 3, "label": "A", "sample": 6, "ms": 8.07260799407959}
{"event": "sample", "n": 500, "mode": "forward_backward", "round": 1, "block": 3, "label": "A", "sample": 7, "ms": 8.076543807983398}
{"event": "sample", "n": 500, "mode": "forward_backward", "round": 1, "block": 3, "label": "A", "sample": 8, "ms": 8.071295738220215}
{"event": "sample", "n": 500, "mode": "forward_backward", "round": 1, "block": 3, "label": "A", "sample": 9, "ms": 8.07049560546875}
{"event": "sample", "n": 500, "mode": "forward_backward", "round": 2, "block": 0, "label": "A", "sample": 0, "ms": 8.447104454040527}
{"event": "sample", "n": 500, "mode": "forward_backward", "round": 2, "block": 0, "label": "A", "sample": 1, "ms": 8.06550407409668}
{"event": "sample", "n": 500, "mode": "forward_backward", "round": 2, "block": 0, "label": "A", "sample": 2, "ms": 8.07699203491211}
{"event": "sample", "n": 500, "mode": "forward_backward", "round": 2, "block": 0, "label": "A", "sample": 3, "ms": 8.076288223266602}
{"event": "sample", "n": 500, "mode": "forward_backward", "round": 2, "block": 0, "label": "A", "sample": 4, "ms": 8.071743965148926}
{"event": "sample", "n": 500, "mode": "forward_backward", "round": 2, "block": 0, "label": "A", "sample": 5, "ms": 8.086527824401855}
{"event": "sample", "n": 500, "mode": "forward_backward", "round": 2, "block": 0, "label": "A", "sample": 6, "ms": 8.086015701293945}
{"event": "sample", "n": 500, "mode": "forward_backward", "round": 2, "block": 0, "label": "A", "sample": 7, "ms": 8.079168319702148}
{"event": "sample", "n": 500, "mode": "forward_backward", "round": 2, "block": 0, "label": "A", "sample": 8, "ms": 8.070624351501465}
{"event": "sample", "n": 500, "mode": "forward_backward", "round": 2, "block": 0, "label": "A", "sample": 9, "ms": 8.084863662719727}
{"event": "sample", "n": 500, "mode": "forward_backward", "round": 2, "block": 1, "label": "B", "sample": 0, "ms": 8.465727806091309}
{"event": "sample", "n": 500, "mode": "forward_backward", "round": 2, "block": 1, "label": "B", "sample": 1, "ms": 8.060992240905762}
{"event": "sample", "n": 500, "mode": "forward_backward", "round": 2, "block": 1, "label": "B", "sample": 2, "ms": 8.044992446899414}
{"event": "sample", "n": 500, "mode": "forward_backward", "round": 2, "block": 1, "label": "B", "sample": 3, "ms": 8.0382719039917}
{"event": "sample", "n": 500, "mode": "forward_backward", "round": 2, "block": 1, "label": "B", "sample": 4, "ms": 8.04361629486084}
{"event": "sample", "n": 500, "mode": "forward_backward", "round": 2, "block": 1, "label": "B", "sample": 5, "ms": 8.034591674804688}
{"event": "sample", "n": 500, "mode": "forward_backward", "round": 2, "block": 1, "label": "B", "sample": 6, "ms": 8.037599563598633}
{"event": "sample", "n": 500, "mode": "forward_backward", "round": 2, "block": 1, "label": "B", "sample": 7, "ms": 8.044992446899414}
{"event": "sample", "n": 500, "mode": "forward_backward", "round": 2, "block": 1, "label": "B", "sample": 8, "ms": 8.038911819458008}
{"event": "sample", "n": 500, "mode": "forward_backward", "round": 2, "block": 1, "label": "B", "sample": 9, "ms": 8.040639877319336}
{"event": "sample", "n": 500, "mode": "forward_backward", "round": 2, "block": 2, "label": "B", "sample": 0, "ms": 8.454272270202637}
{"event": "sample", "n": 500, "mode": "forward_backward", "round": 2, "block": 2, "label": "B", "sample": 1, "ms": 8.037343978881836}
{"event": "sample", "n": 500, "mode": "forward_backward", "round": 2, "block": 2, "label": "B", "sample": 2, "ms": 8.028639793395996}
{"event": "sample", "n": 500, "mode": "forward_backward", "round": 2, "block": 2, "label": "B", "sample": 3, "ms": 8.027104377746582}
{"event": "sample", "n": 500, "mode": "forward_backward", "round": 2, "block": 2, "label": "B", "sample": 4, "ms": 8.029791831970215}
{"event": "sample", "n": 500, "mode": "forward_backward", "round": 2, "block": 2, "label": "B", "sample": 5, "ms": 8.033727645874023}
{"event": "sample", "n": 500, "mode": "forward_backward", "round": 2, "block": 2, "label": "B", "sample": 6, "ms": 8.026240348815918}
{"event": "sample", "n": 500, "mode": "forward_backward", "round": 2, "block": 2, "label": "B", "sample": 7, "ms": 8.031135559082031}
{"event": "sample", "n": 500, "mode": "forward_backward", "round": 2, "block": 2, "label": "B", "sample": 8, "ms": 8.029919624328613}
{"event": "sample", "n": 500, "mode": "forward_backward", "round": 2, "block": 2, "label": "B", "sample": 9, "ms": 8.026047706604004}
{"event": "sample", "n": 500, "mode": "forward_backward", "round": 2, "block": 3, "label": "A", "sample": 0, "ms": 8.469023704528809}
{"event": "sample", "n": 500, "mode": "forward_backward", "round": 2, "block": 3, "label": "A", "sample": 1, "ms": 8.069024085998535}
{"event": "sample", "n": 500, "mode": "forward_backward", "round": 2, "block": 3, "label": "A", "sample": 2, "ms": 8.08124828338623}
{"event": "sample", "n": 500, "mode": "forward_backward", "round": 2, "block": 3, "label": "A", "sample": 3, "ms": 8.077312469482422}
{"event": "sample", "n": 500, "mode": "forward_backward", "round": 2, "block": 3, "label": "A", "sample": 4, "ms": 8.079551696777344}
{"event": "sample", "n": 500, "mode": "forward_backward", "round": 2, "block": 3, "label": "A", "sample": 5, "ms": 8.076128005981445}
{"event": "sample", "n": 500, "mode": "forward_backward", "round": 2, "block": 3, "label": "A", "sample": 6, "ms": 8.093728065490723}
{"event": "sample", "n": 500, "mode": "forward_backward", "round": 2, "block": 3, "label": "A", "sample": 7, "ms": 8.085344314575195}
{"event": "sample", "n": 500, "mode": "forward_backward", "round": 2, "block": 3, "label": "A", "sample": 8, "ms": 8.08182430267334}
{"event": "sample", "n": 500, "mode": "forward_backward", "round": 2, "block": 3, "label": "A", "sample": 9, "ms": 8.08182430267334}
{"event": "summary", "n": 500, "mode": "forward_backward", "median_ms": {"A": 8.080304145812988, "B": 8.037487983703613}, "speedup": 1.0053270576822244, "samples_per_label": 60}
{"event": "parity", "n": 512, "checks": {"output": {"relative_l2": 0.0, "baseline_zero_max_abs_diagnostic": 0.0, "passed": true}, "dq": {"relative_l2": 1.5306986824725755e-05, "baseline_zero_max_abs_diagnostic": 9.313225746154785e-09, "passed": true}, "dk": {"relative_l2": 0.0, "baseline_zero_max_abs_diagnostic": 0.0, "passed": true}, "dv": {"relative_l2": 0.0, "baseline_zero_max_abs_diagnostic": 0.0, "passed": true}, "db": {"relative_l2": 1.7213375031133182e-05, "baseline_zero_max_abs_diagnostic": 0.0, "passed": true}}, "independent_reference": false}
{"event": "forward_configs", "n": 512, "configs": {"previous_fused_4b832de": {"kwargs": {"BLOCK_J": 64, "BLOCK_K": 64}, "num_warps": 4, "num_stages": 3, "num_ctas": 1, "maxnreg": null}, "optimized_fused": {"kwargs": {"BLOCK_J": 64, "BLOCK_K": 64}, "num_warps": 4, "num_stages": 2, "num_ctas": 1, "maxnreg": 96}}}
{"event": "memory", "n": 512, "measurements": {"A": {"peak_increment_bytes": 642269184, "retained_increment_bytes": 541065216}, "B": {"peak_increment_bytes": 642269184, "retained_increment_bytes": 541065216}}}
{"event": "sample", "n": 512, "mode": "forward", "round": 0, "block": 0, "label": "A", "sample": 0, "ms": 1.738752007484436}
{"event": "sample", "n": 512, "mode": "forward", "round": 0, "block": 0, "label": "A", "sample": 1, "ms": 1.4426239728927612}
{"event": "sample", "n": 512, "mode": "forward", "round": 0, "block": 0, "label": "A", "sample": 2, "ms": 1.4437439441680908}
{"event": "sample", "n": 512, "mode": "forward", "round": 0, "block": 0, "label": "A", "sample": 3, "ms": 1.4435839653015137}
{"event": "sample", "n": 512, "mode": "forward", "round": 0, "block": 0, "label": "A", "sample": 4, "ms": 1.443168044090271}
{"event": "sample", "n": 512, "mode": "forward", "round": 0, "block": 0, "label": "A", "sample": 5, "ms": 1.4436479806900024}
{"event": "sample", "n": 512, "mode": "forward", "round": 0, "block": 0, "label": "A", "sample": 6, "ms": 1.4438079595565796}
{"event": "sample", "n": 512, "mode": "forward", "round": 0, "block": 0, "label": "A", "sample": 7, "ms": 1.4434239864349365}
{"event": "sample", "n": 512, "mode": "forward", "round": 0, "block": 0, "label": "A", "sample": 8, "ms": 1.443168044090271}
{"event": "sample", "n": 512, "mode": "forward", "round": 0, "block": 0, "label": "A", "sample": 9, "ms": 1.4443520307540894}
{"event": "sample", "n": 512, "mode": "forward", "round": 0, "block": 1, "label": "B", "sample": 0, "ms": 1.7655999660491943}
{"event": "sample", "n": 512, "mode": "forward", "round": 0, "block": 1, "label": "B", "sample": 1, "ms": 1.4121919870376587}
{"event": "sample", "n": 512, "mode": "forward", "round": 0, "block": 1, "label": "B", "sample": 2, "ms": 1.41212797164917}
{"event": "sample", "n": 512, "mode": "forward", "round": 0, "block": 1, "label": "B", "sample": 3, "ms": 1.4126399755477905}
{"event": "sample", "n": 512, "mode": "forward", "round": 0, "block": 1, "label": "B", "sample": 4, "ms": 1.412608027458191}
{"event": "sample", "n": 512, "mode": "forward", "round": 0, "block": 1, "label": "B", "sample": 5, "ms": 1.412287950515747}
{"event": "sample", "n": 512, "mode": "forward", "round": 0, "block": 1, "label": "B", "sample": 6, "ms": 1.4109439849853516}
{"event": "sample", "n": 512, "mode": "forward", "round": 0, "block": 1, "label": "B", "sample": 7, "ms": 1.412384033203125}
{"event": "sample", "n": 512, "mode": "forward", "round": 0, "block": 1, "label": "B", "sample": 8, "ms": 1.4121919870376587}
{"event": "sample", "n": 512, "mode": "forward", "round": 0, "block": 1, "label": "B", "sample": 9, "ms": 1.4117120504379272}
{"event": "sample", "n": 512, "mode": "forward", "round": 0, "block": 2, "label": "B", "sample": 0, "ms": 1.740224003791809}
{"event": "sample", "n": 512, "mode": "forward", "round": 0, "block": 2, "label": "B", "sample": 1, "ms": 1.413375973701477}
{"event": "sample", "n": 512, "mode": "forward", "round": 0, "block": 2, "label": "B", "sample": 2, "ms": 1.4113279581069946}
{"event": "sample", "n": 512, "mode": "forward", "round": 0, "block": 2, "label": "B", "sample": 3, "ms": 1.4128639698028564}
{"event": "sample", "n": 512, "mode": "forward", "round": 0, "block": 2, "label": "B", "sample": 4, "ms": 1.4116480350494385}
{"event": "sample", "n": 512, "mode": "forward", "round": 0, "block": 2, "label": "B", "sample": 5, "ms": 1.4128320217132568}
{"event": "sample", "n": 512, "mode": "forward", "round": 0, "block": 2, "label": "B", "sample": 6, "ms": 1.4110080003738403}
{"event": "sample", "n": 512, "mode": "forward", "round": 0, "block": 2, "label": "B", "sample": 7, "ms": 1.4113919734954834}
{"event": "sample", "n": 512, "mode": "forward", "round": 0, "block": 2, "label": "B", "sample": 8, "ms": 1.412287950515747}
{"event": "sample", "n": 512, "mode": "forward", "round": 0, "block": 2, "label": "B", "sample": 9, "ms": 1.4119679927825928}
{"event": "sample", "n": 512, "mode": "forward", "round": 0, "block": 3, "label": "A", "sample": 0, "ms": 1.7738560438156128}
{"event": "sample", "n": 512, "mode": "forward", "round": 0, "block": 3, "label": "A", "sample": 1, "ms": 1.442080020904541}
{"event": "sample", "n": 512, "mode": "forward", "round": 0, "block": 3, "label": "A", "sample": 2, "ms": 1.4437439441680908}
{"event": "sample", "n": 512, "mode": "forward", "round": 0, "block": 3, "label": "A", "sample": 3, "ms": 1.443295955657959}
{"event": "sample", "n": 512, "mode": "forward", "round": 0, "block": 3, "label": "A", "sample": 4, "ms": 1.4437119960784912}
{"event": "sample", "n": 512, "mode": "forward", "round": 0, "block": 3, "label": "A", "sample": 5, "ms": 1.4436160326004028}
{"event": "sample", "n": 512, "mode": "forward", "round": 0, "block": 3, "label": "A", "sample": 6, "ms": 1.4434239864349365}
{"event": "sample", "n": 512, "mode": "forward", "round": 0, "block": 3, "label": "A", "sample": 7, "ms": 1.443392038345337}
{"event": "sample", "n": 512, "mode": "forward", "round": 0, "block": 3, "label": "A", "sample": 8, "ms": 1.443168044090271}
{"event": "sample", "n": 512, "mode": "forward", "round": 0, "block": 3, "label": "A", "sample": 9, "ms": 1.444383978843689}
{"event": "sample", "n": 512, "mode": "forward", "round": 1, "block": 0, "label": "A", "sample": 0, "ms": 1.7890880107879639}
{"event": "sample", "n": 512, "mode": "forward", "round": 1, "block": 0, "label": "A", "sample": 1, "ms": 1.4419840574264526}
{"event": "sample", "n": 512, "mode": "forward", "round": 1, "block": 0, "label": "A", "sample": 2, "ms": 1.4434239864349365}
{"event": "sample", "n": 512, "mode": "forward", "round": 1, "block": 0, "label": "A", "sample": 3, "ms": 1.4431359767913818}
{"event": "sample", "n": 512, "mode": "forward", "round": 1, "block": 0, "label": "A", "sample": 4, "ms": 1.4429759979248047}
{"event": "sample", "n": 512, "mode": "forward", "round": 1, "block": 0, "label": "A", "sample": 5, "ms": 1.4433599710464478}
{"event": "sample", "n": 512, "mode": "forward", "round": 1, "block": 0, "label": "A", "sample": 6, "ms": 1.4425280094146729}
{"event": "sample", "n": 512, "mode": "forward", "round": 1, "block": 0, "label": "A", "sample": 7, "ms": 1.4439040422439575}
{"event": "sample", "n": 512, "mode": "forward", "round": 1, "block": 0, "label": "A", "sample": 8, "ms": 1.4441280364990234}
{"event": "sample", "n": 512, "mode": "forward", "round": 1, "block": 0, "label": "A", "sample": 9, "ms": 1.4454400539398193}
{"event": "sample", "n": 512, "mode": "forward", "round": 1, "block": 1, "label": "B", "sample": 0, "ms": 1.7277120351791382}
{"event": "sample", "n": 512, "mode": "forward", "round": 1, "block": 1, "label": "B", "sample": 1, "ms": 1.4154560565948486}
{"event": "sample", "n": 512, "mode": "forward", "round": 1, "block": 1, "label": "B", "sample": 2, "ms": 1.4143359661102295}
{"event": "sample", "n": 512, "mode": "forward", "round": 1, "block": 1, "label": "B", "sample": 3, "ms": 1.4158079624176025}
{"event": "sample", "n": 512, "mode": "forward", "round": 1, "block": 1, "label": "B", "sample": 4, "ms": 1.4127999544143677}
{"event": "sample", "n": 512, "mode": "forward", "round": 1, "block": 1, "label": "B", "sample": 5, "ms": 1.4132800102233887}
{"event": "sample", "n": 512, "mode": "forward", "round": 1, "block": 1, "label": "B", "sample": 6, "ms": 1.4128320217132568}
{"event": "sample", "n": 512, "mode": "forward", "round": 1, "block": 1, "label": "B", "sample": 7, "ms": 1.4135359525680542}
{"event": "sample", "n": 512, "mode": "forward", "round": 1, "block": 1, "label": "B", "sample": 8, "ms": 1.4131200313568115}
{"event": "sample", "n": 512, "mode": "forward", "round": 1, "block": 1, "label": "B", "sample": 9, "ms": 1.4137279987335205}
{"event": "sample", "n": 512, "mode": "forward", "round": 1, "block": 2, "label": "B", "sample": 0, "ms": 1.742784023284912}
{"event": "sample", "n": 512, "mode": "forward", "round": 1, "block": 2, "label": "B", "sample": 1, "ms": 1.4148160219192505}
{"event": "sample", "n": 512, "mode": "forward", "round": 1, "block": 2, "label": "B", "sample": 2, "ms": 1.4127360582351685}
{"event": "sample", "n": 512, "mode": "forward", "round": 1, "block": 2, "label": "B", "sample": 3, "ms": 1.4142400026321411}
{"event": "sample", "n": 512, "mode": "forward", "round": 1, "block": 2, "label": "B", "sample": 4, "ms": 1.4130879640579224}
{"event": "sample", "n": 512, "mode": "forward", "round": 1, "block": 2, "label": "B", "sample": 5, "ms": 1.4143359661102295}
{"event": "sample", "n": 512, "mode": "forward", "round": 1, "block": 2, "label": "B", "sample": 6, "ms": 1.4137599468231201}
{"event": "sample", "n": 512, "mode": "forward", "round": 1, "block": 2, "label": "B", "sample": 7, "ms": 1.4142719507217407}
{"event": "sample", "n": 512, "mode": "forward", "round": 1, "block": 2, "label": "B", "sample": 8, "ms": 1.4136320352554321}
{"event": "sample", "n": 512, "mode": "forward", "round": 1, "block": 2, "label": "B", "sample": 9, "ms": 1.4133119583129883}
{"event": "sample", "n": 512, "mode": "forward", "round": 1, "block": 3, "label": "A", "sample": 0, "ms": 1.7887359857559204}
{"event": "sample", "n": 512, "mode": "forward", "round": 1, "block": 3, "label": "A", "sample": 1, "ms": 1.4446719884872437}
{"event": "sample", "n": 512, "mode": "forward", "round": 1, "block": 3, "label": "A", "sample": 2, "ms": 1.4454400539398193}
{"event": "sample", "n": 512, "mode": "forward", "round": 1, "block": 3, "label": "A", "sample": 3, "ms": 1.4458240270614624}
{"event": "sample", "n": 512, "mode": "forward", "round": 1, "block": 3, "label": "A", "sample": 4, "ms": 1.4457279443740845}
{"event": "sample", "n": 512, "mode": "forward", "round": 1, "block": 3, "label": "A", "sample": 5, "ms": 1.4457919597625732}
{"event": "sample", "n": 512, "mode": "forward", "round": 1, "block": 3, "label": "A", "sample": 6, "ms": 1.4437439441680908}
{"event": "sample", "n": 512, "mode": "forward", "round": 1, "block": 3, "label": "A", "sample": 7, "ms": 1.4448959827423096}
{"event": "sample", "n": 512, "mode": "forward", "round": 1, "block": 3, "label": "A", "sample": 8, "ms": 1.4456959962844849}
{"event": "sample", "n": 512, "mode": "forward", "round": 1, "block": 3, "label": "A", "sample": 9, "ms": 1.4456000328063965}
{"event": "sample", "n": 512, "mode": "forward", "round": 2, "block": 0, "label": "A", "sample": 0, "ms": 1.7914880514144897}
{"event": "sample", "n": 512, "mode": "forward", "round": 2, "block": 0, "label": "A", "sample": 1, "ms": 1.4442239999771118}
{"event": "sample", "n": 512, "mode": "forward", "round": 2, "block": 0, "label": "A", "sample": 2, "ms": 1.4451520442962646}
{"event": "sample", "n": 512, "mode": "forward", "round": 2, "block": 0, "label": "A", "sample": 3, "ms": 1.4453760385513306}
{"event": "sample", "n": 512, "mode": "forward", "round": 2, "block": 0, "label": "A", "sample": 4, "ms": 1.4453120231628418}
{"event": "sample", "n": 512, "mode": "forward", "round": 2, "block": 0, "label": "A", "sample": 5, "ms": 1.4450880289077759}
{"event": "sample", "n": 512, "mode": "forward", "round": 2, "block": 0, "label": "A", "sample": 6, "ms": 1.4449599981307983}
{"event": "sample", "n": 512, "mode": "forward", "round": 2, "block": 0, "label": "A", "sample": 7, "ms": 1.4457919597625732}
{"event": "sample", "n": 512, "mode": "forward", "round": 2, "block": 0, "label": "A", "sample": 8, "ms": 1.4455679655075073}
{"event": "sample", "n": 512, "mode": "forward", "round": 2, "block": 0, "label": "A", "sample": 9, "ms": 1.4456640481948853}
{"event": "sample", "n": 512, "mode": "forward", "round": 2, "block": 1, "label": "B", "sample": 0, "ms": 1.7200000286102295}
{"event": "sample", "n": 512, "mode": "forward", "round": 2, "block": 1, "label": "B", "sample": 1, "ms": 1.4146560430526733}
{"event": "sample", "n": 512, "mode": "forward", "round": 2, "block": 1, "label": "B", "sample": 2, "ms": 1.4135359525680542}
{"event": "sample", "n": 512, "mode": "forward", "round": 2, "block": 1, "label": "B", "sample": 3, "ms": 1.4151999950408936}
{"event": "sample", "n": 512, "mode": "forward", "round": 2, "block": 1, "label": "B", "sample": 4, "ms": 1.4128320217132568}
{"event": "sample", "n": 512, "mode": "forward", "round": 2, "block": 1, "label": "B", "sample": 5, "ms": 1.4135359525680542}
{"event": "sample", "n": 512, "mode": "forward", "round": 2, "block": 1, "label": "B", "sample": 6, "ms": 1.4134399890899658}
{"event": "sample", "n": 512, "mode": "forward", "round": 2, "block": 1, "label": "B", "sample": 7, "ms": 1.413696050643921}
{"event": "sample", "n": 512, "mode": "forward", "round": 2, "block": 1, "label": "B", "sample": 8, "ms": 1.4129600524902344}
{"event": "sample", "n": 512, "mode": "forward", "round": 2, "block": 1, "label": "B", "sample": 9, "ms": 1.413472056388855}
{"event": "sample", "n": 512, "mode": "forward", "round": 2, "block": 2, "label": "B", "sample": 0, "ms": 1.739967942237854}
{"event": "sample", "n": 512, "mode": "forward", "round": 2, "block": 2, "label": "B", "sample": 1, "ms": 1.4142080545425415}
{"event": "sample", "n": 512, "mode": "forward", "round": 2, "block": 2, "label": "B", "sample": 2, "ms": 1.413599967956543}
{"event": "sample", "n": 512, "mode": "forward", "round": 2, "block": 2, "label": "B", "sample": 3, "ms": 1.4143999814987183}
{"event": "sample", "n": 512, "mode": "forward", "round": 2, "block": 2, "label": "B", "sample": 4, "ms": 1.4130560159683228}
{"event": "sample", "n": 512, "mode": "forward", "round": 2, "block": 2, "label": "B", "sample": 5, "ms": 1.414463996887207}
{"event": "sample", "n": 512, "mode": "forward", "round": 2, "block": 2, "label": "B", "sample": 6, "ms": 1.4133119583129883}
{"event": "sample", "n": 512, "mode": "forward", "round": 2, "block": 2, "label": "B", "sample": 7, "ms": 1.4132479429244995}
{"event": "sample", "n": 512, "mode": "forward", "round": 2, "block": 2, "label": "B", "sample": 8, "ms": 1.4126399755477905}
{"event": "sample", "n": 512, "mode": "forward", "round": 2, "block": 2, "label": "B", "sample": 9, "ms": 1.4137279987335205}
{"event": "sample", "n": 512, "mode": "forward", "round": 2, "block": 3, "label": "A", "sample": 0, "ms": 1.7832319736480713}
{"event": "sample", "n": 512, "mode": "forward", "round": 2, "block": 3, "label": "A", "sample": 1, "ms": 1.4443199634552002}
{"event": "sample", "n": 512, "mode": "forward", "round": 2, "block": 3, "label": "A", "sample": 2, "ms": 1.4451520442962646}
{"event": "sample", "n": 512, "mode": "forward", "round": 2, "block": 3, "label": "A", "sample": 3, "ms": 1.4448000192642212}
{"event": "sample", "n": 512, "mode": "forward", "round": 2, "block": 3, "label": "A", "sample": 4, "ms": 1.4454079866409302}
{"event": "sample", "n": 512, "mode": "forward", "round": 2, "block": 3, "label": "A", "sample": 5, "ms": 1.445024013519287}
{"event": "sample", "n": 512, "mode": "forward", "round": 2, "block": 3, "label": "A", "sample": 6, "ms": 1.4451199769973755}
{"event": "sample", "n": 512, "mode": "forward", "round": 2, "block": 3, "label": "A", "sample": 7, "ms": 1.4454400539398193}
{"event": "sample", "n": 512, "mode": "forward", "round": 2, "block": 3, "label": "A", "sample": 8, "ms": 1.445472002029419}
{"event": "sample", "n": 512, "mode": "forward", "round": 2, "block": 3, "label": "A", "sample": 9, "ms": 1.4457919597625732}
{"event": "summary", "n": 512, "mode": "forward", "median_ms": {"A": 1.4447360038757324, "B": 1.4133439660072327}, "speedup": 1.0222111804511282, "samples_per_label": 60}
{"event": "sample", "n": 512, "mode": "backward", "round": 0, "block": 0, "label": "A", "sample": 0, "ms": 5.678016185760498}
{"event": "sample", "n": 512, "mode": "backward", "round": 0, "block": 0, "label": "A", "sample": 1, "ms": 5.558112144470215}
{"event": "sample", "n": 512, "mode": "backward", "round": 0, "block": 0, "label": "A", "sample": 2, "ms": 5.557504177093506}
{"event": "sample", "n": 512, "mode": "backward", "round": 0, "block": 0, "label": "A", "sample": 3, "ms": 5.558495998382568}
{"event": "sample", "n": 512, "mode": "backward", "round": 0, "block": 0, "label": "A", "sample": 4, "ms": 5.551648139953613}
{"event": "sample", "n": 512, "mode": "backward", "round": 0, "block": 0, "label": "A", "sample": 5, "ms": 5.548384189605713}
{"event": "sample", "n": 512, "mode": "backward", "round": 0, "block": 0, "label": "A", "sample": 6, "ms": 5.552544116973877}
{"event": "sample", "n": 512, "mode": "backward", "round": 0, "block": 0, "label": "A", "sample": 7, "ms": 5.554111957550049}
{"event": "sample", "n": 512, "mode": "backward", "round": 0, "block": 0, "label": "A", "sample": 8, "ms": 5.555456161499023}
{"event": "sample", "n": 512, "mode": "backward", "round": 0, "block": 0, "label": "A", "sample": 9, "ms": 5.565120220184326}
{"event": "sample", "n": 512, "mode": "backward", "round": 0, "block": 1, "label": "B", "sample": 0, "ms": 5.7300801277160645}
{"event": "sample", "n": 512, "mode": "backward", "round": 0, "block": 1, "label": "B", "sample": 1, "ms": 5.556608200073242}
{"event": "sample", "n": 512, "mode": "backward", "round": 0, "block": 1, "label": "B", "sample": 2, "ms": 5.550367832183838}
{"event": "sample", "n": 512, "mode": "backward", "round": 0, "block": 1, "label": "B", "sample": 3, "ms": 5.570752143859863}
{"event": "sample", "n": 512, "mode": "backward", "round": 0, "block": 1, "label": "B", "sample": 4, "ms": 5.553631782531738}
{"event": "sample", "n": 512, "mode": "backward", "round": 0, "block": 1, "label": "B", "sample": 5, "ms": 5.559743881225586}
{"event": "sample", "n": 512, "mode": "backward", "round": 0, "block": 1, "label": "B", "sample": 6, "ms": 5.554656028747559}
{"event": "sample", "n": 512, "mode": "backward", "round": 0, "block": 1, "label": "B", "sample": 7, "ms": 5.553376197814941}
{"event": "sample", "n": 512, "mode": "backward", "round": 0, "block": 1, "label": "B", "sample": 8, "ms": 5.556447982788086}
{"event": "sample", "n": 512, "mode": "backward", "round": 0, "block": 1, "label": "B", "sample": 9, "ms": 5.56220817565918}
{"event": "sample", "n": 512, "mode": "backward", "round": 0, "block": 2, "label": "B", "sample": 0, "ms": 5.6775360107421875}
{"event": "sample", "n": 512, "mode": "backward", "round": 0, "block": 2, "label": "B", "sample": 1, "ms": 5.556352138519287}
{"event": "sample", "n": 512, "mode": "backward", "round": 0, "block": 2, "label": "B", "sample": 2, "ms": 5.553279876708984}
{"event": "sample", "n": 512, "mode": "backward", "round": 0, "block": 2, "label": "B", "sample": 3, "ms": 5.559135913848877}
{"event": "sample", "n": 512, "mode": "backward", "round": 0, "block": 2, "label": "B", "sample": 4, "ms": 5.565087795257568}
{"event": "sample", "n": 512, "mode": "backward", "round": 0, "block": 2, "label": "B", "sample": 5, "ms": 5.5535359382629395}
{"event": "sample", "n": 512, "mode": "backward", "round": 0, "block": 2, "label": "B", "sample": 6, "ms": 5.556575775146484}
{"event": "sample", "n": 512, "mode": "backward", "round": 0, "block": 2, "label": "B", "sample": 7, "ms": 5.55398416519165}
{"event": "sample", "n": 512, "mode": "backward", "round": 0, "block": 2, "label": "B", "sample": 8, "ms": 5.551455974578857}
{"event": "sample", "n": 512, "mode": "backward", "round": 0, "block": 2, "label": "B", "sample": 9, "ms": 5.547872066497803}
{"event": "sample", "n": 512, "mode": "backward", "round": 0, "block": 3, "label": "A", "sample": 0, "ms": 5.676991939544678}
{"event": "sample", "n": 512, "mode": "backward", "round": 0, "block": 3, "label": "A", "sample": 1, "ms": 5.543007850646973}
{"event": "sample", "n": 512, "mode": "backward", "round": 0, "block": 3, "label": "A", "sample": 2, "ms": 5.548223972320557}
{"event": "sample", "n": 512, "mode": "backward", "round": 0, "block": 3, "label": "A", "sample": 3, "ms": 5.553440093994141}
{"event": "sample", "n": 512, "mode": "backward", "round": 0, "block": 3, "label": "A", "sample": 4, "ms": 5.547359943389893}
{"event": "sample", "n": 512, "mode": "backward", "round": 0, "block": 3, "label": "A", "sample": 5, "ms": 5.539872169494629}
{"event": "sample", "n": 512, "mode": "backward", "round": 0, "block": 3, "label": "A", "sample": 6, "ms": 5.551040172576904}
{"event": "sample", "n": 512, "mode": "backward", "round": 0, "block": 3, "label": "A", "sample": 7, "ms": 5.551616191864014}
{"event": "sample", "n": 512, "mode": "backward", "round": 0, "block": 3, "label": "A", "sample": 8, "ms": 5.551072120666504}
{"event": "sample", "n": 512, "mode": "backward", "round": 0, "block": 3, "label": "A", "sample": 9, "ms": 5.547840118408203}
{"event": "sample", "n": 512, "mode": "backward", "round": 1, "block": 0, "label": "A", "sample": 0, "ms": 5.6787519454956055}
{"event": "sample", "n": 512, "mode": "backward", "round": 1, "block": 0, "label": "A", "sample": 1, "ms": 5.5542402267456055}
{"event": "sample", "n": 512, "mode": "backward", "round": 1, "block": 0, "label": "A", "sample": 2, "ms": 5.546271800994873}
{"event": "sample", "n": 512, "mode": "backward", "round": 1, "block": 0, "label": "A", "sample": 3, "ms": 5.551199913024902}
{"event": "sample", "n": 512, "mode": "backward", "round": 1, "block": 0, "label": "A", "sample": 4, "ms": 5.556064128875732}
{"event": "sample", "n": 512, "mode": "backward", "round": 1, "block": 0, "label": "A", "sample": 5, "ms": 5.562687873840332}
{"event": "sample", "n": 512, "mode": "backward", "round": 1, "block": 0, "label": "A", "sample": 6, "ms": 5.54860782623291}
{"event": "sample", "n": 512, "mode": "backward", "round": 1, "block": 0, "label": "A", "sample": 7, "ms": 5.556416034698486}
{"event": "sample", "n": 512, "mode": "backward", "round": 1, "block": 0, "label": "A", "sample": 8, "ms": 5.5590081214904785}
{"event": "sample", "n": 512, "mode": "backward", "round": 1, "block": 0, "label": "A", "sample": 9, "ms": 5.551424026489258}
{"event": "sample", "n": 512, "mode": "backward", "round": 1, "block": 1, "label": "B", "sample": 0, "ms": 5.6820478439331055}
{"event": "sample", "n": 512, "mode": "backward", "round": 1, "block": 1, "label": "B", "sample": 1, "ms": 5.558207988739014}
{"event": "sample", "n": 512, "mode": "backward", "round": 1, "block": 1, "label": "B", "sample": 2, "ms": 5.556896209716797}
{"event": "sample", "n": 512, "mode": "backward", "round": 1, "block": 1, "label": "B", "sample": 3, "ms": 5.553823947906494}
{"event": "sample", "n": 512, "mode": "backward", "round": 1, "block": 1, "label": "B", "sample": 4, "ms": 5.559487819671631}
{"event": "sample", "n": 512, "mode": "backward", "round": 1, "block": 1, "label": "B", "sample": 5, "ms": 5.551680088043213}
{"event": "sample", "n": 512, "mode": "backward", "round": 1, "block": 1, "label": "B", "sample": 6, "ms": 5.5537919998168945}
{"event": "sample", "n": 512, "mode": "backward", "round": 1, "block": 1, "label": "B", "sample": 7, "ms": 5.557375907897949}
{"event": "sample", "n": 512, "mode": "backward", "round": 1, "block": 1, "label": "B", "sample": 8, "ms": 5.55676794052124}
{"event": "sample", "n": 512, "mode": "backward", "round": 1, "block": 1, "label": "B", "sample": 9, "ms": 5.555039882659912}
{"event": "sample", "n": 512, "mode": "backward", "round": 1, "block": 2, "label": "B", "sample": 0, "ms": 5.696991920471191}
{"event": "sample", "n": 512, "mode": "backward", "round": 1, "block": 2, "label": "B", "sample": 1, "ms": 5.559455871582031}
{"event": "sample", "n": 512, "mode": "backward", "round": 1, "block": 2, "label": "B", "sample": 2, "ms": 5.552383899688721}
{"event": "sample", "n": 512, "mode": "backward", "round": 1, "block": 2, "label": "B", "sample": 3, "ms": 5.5550079345703125}
{"event": "sample", "n": 512, "mode": "backward", "round": 1, "block": 2, "label": "B", "sample": 4, "ms": 5.548096179962158}
{"event": "sample", "n": 512, "mode": "backward", "round": 1, "block": 2, "label": "B", "sample": 5, "ms": 5.542880058288574}
{"event": "sample", "n": 512, "mode": "backward", "round": 1, "block": 2, "label": "B", "sample": 6, "ms": 5.557568073272705}
{"event": "sample", "n": 512, "mode": "backward", "round": 1, "block": 2, "label": "B", "sample": 7, "ms": 5.544832229614258}
{"event": "sample", "n": 512, "mode": "backward", "round": 1, "block": 2, "label": "B", "sample": 8, "ms": 5.551263809204102}
{"event": "sample", "n": 512, "mode": "backward", "round": 1, "block": 2, "label": "B", "sample": 9, "ms": 5.550655841827393}
{"event": "sample", "n": 512, "mode": "backward", "round": 1, "block": 3, "label": "A", "sample": 0, "ms": 5.7030720710754395}
{"event": "sample", "n": 512, "mode": "backward", "round": 1, "block": 3, "label": "A", "sample": 1, "ms": 5.55676794052124}
{"event": "sample", "n": 512, "mode": "backward", "round": 1, "block": 3, "label": "A", "sample": 2, "ms": 5.548480033874512}
{"event": "sample", "n": 512, "mode": "backward", "round": 1, "block": 3, "label": "A", "sample": 3, "ms": 5.543776035308838}
{"event": "sample", "n": 512, "mode": "backward", "round": 1, "block": 3, "label": "A", "sample": 4, "ms": 5.557055950164795}
{"event": "sample", "n": 512, "mode": "backward", "round": 1, "block": 3, "label": "A", "sample": 5, "ms": 5.555168151855469}
{"event": "sample", "n": 512, "mode": "backward", "round": 1, "block": 3, "label": "A", "sample": 6, "ms": 5.546304225921631}
{"event": "sample", "n": 512, "mode": "backward", "round": 1, "block": 3, "label": "A", "sample": 7, "ms": 5.544608116149902}
{"event": "sample", "n": 512, "mode": "backward", "round": 1, "block": 3, "label": "A", "sample": 8, "ms": 5.547008037567139}
{"event": "sample", "n": 512, "mode": "backward", "round": 1, "block": 3, "label": "A", "sample": 9, "ms": 5.553855895996094}
{"event": "sample", "n": 512, "mode": "backward", "round": 2, "block": 0, "label": "A", "sample": 0, "ms": 5.704448223114014}
{"event": "sample", "n": 512, "mode": "backward", "round": 2, "block": 0, "label": "A", "sample": 1, "ms": 5.551743984222412}
{"event": "sample", "n": 512, "mode": "backward", "round": 2, "block": 0, "label": "A", "sample": 2, "ms": 5.569952011108398}
{"event": "sample", "n": 512, "mode": "backward", "round": 2, "block": 0, "label": "A", "sample": 3, "ms": 5.554944038391113}
{"event": "sample", "n": 512, "mode": "backward", "round": 2, "block": 0, "label": "A", "sample": 4, "ms": 5.555935859680176}
{"event": "sample", "n": 512, "mode": "backward", "round": 2, "block": 0, "label": "A", "sample": 5, "ms": 5.563327789306641}
{"event": "sample", "n": 512, "mode": "backward", "round": 2, "block": 0, "label": "A", "sample": 6, "ms": 5.556735992431641}
{"event": "sample", "n": 512, "mode": "backward", "round": 2, "block": 0, "label": "A", "sample": 7, "ms": 5.55676794052124}
{"event": "sample", "n": 512, "mode": "backward", "round": 2, "block": 0, "label": "A", "sample": 8, "ms": 5.554687976837158}
{"event": "sample", "n": 512, "mode": "backward", "round": 2, "block": 0, "label": "A", "sample": 9, "ms": 5.553919792175293}
{"event": "sample", "n": 512, "mode": "backward", "round": 2, "block": 1, "label": "B", "sample": 0, "ms": 5.710495948791504}
{"event": "sample", "n": 512, "mode": "backward", "round": 2, "block": 1, "label": "B", "sample": 1, "ms": 5.551807880401611}
{"event": "sample", "n": 512, "mode": "backward", "round": 2, "block": 1, "label": "B", "sample": 2, "ms": 5.563231945037842}
{"event": "sample", "n": 512, "mode": "backward", "round": 2, "block": 1, "label": "B", "sample": 3, "ms": 5.546879768371582}
{"event": "sample", "n": 512, "mode": "backward", "round": 2, "block": 1, "label": "B", "sample": 4, "ms": 5.5602240562438965}
{"event": "sample", "n": 512, "mode": "backward", "round": 2, "block": 1, "label": "B", "sample": 5, "ms": 5.553855895996094}
{"event": "sample", "n": 512, "mode": "backward", "round": 2, "block": 1, "label": "B", "sample": 6, "ms": 5.560351848602295}
{"event": "sample", "n": 512, "mode": "backward", "round": 2, "block": 1, "label": "B", "sample": 7, "ms": 5.556447982788086}
{"event": "sample", "n": 512, "mode": "backward", "round": 2, "block": 1, "label": "B", "sample": 8, "ms": 5.555456161499023}
{"event": "sample", "n": 512, "mode": "backward", "round": 2, "block": 1, "label": "B", "sample": 9, "ms": 5.546879768371582}
{"event": "sample", "n": 512, "mode": "backward", "round": 2, "block": 2, "label": "B", "sample": 0, "ms": 5.734879970550537}
{"event": "sample", "n": 512, "mode": "backward", "round": 2, "block": 2, "label": "B", "sample": 1, "ms": 5.545375823974609}
{"event": "sample", "n": 512, "mode": "backward", "round": 2, "block": 2, "label": "B", "sample": 2, "ms": 5.5557122230529785}
{"event": "sample", "n": 512, "mode": "backward", "round": 2, "block": 2, "label": "B", "sample": 3, "ms": 5.553696155548096}
{"event": "sample", "n": 512, "mode": "backward", "round": 2, "block": 2, "label": "B", "sample": 4, "ms": 5.543647766113281}
{"event": "sample", "n": 512, "mode": "backward", "round": 2, "block": 2, "label": "B", "sample": 5, "ms": 5.547039985656738}
{"event": "sample", "n": 512, "mode": "backward", "round": 2, "block": 2, "label": "B", "sample": 6, "ms": 5.543392181396484}
{"event": "sample", "n": 512, "mode": "backward", "round": 2, "block": 2, "label": "B", "sample": 7, "ms": 5.54863977432251}
{"event": "sample", "n": 512, "mode": "backward", "round": 2, "block": 2, "label": "B", "sample": 8, "ms": 5.555647850036621}
{"event": "sample", "n": 512, "mode": "backward", "round": 2, "block": 2, "label": "B", "sample": 9, "ms": 5.542304039001465}
{"event": "sample", "n": 512, "mode": "backward", "round": 2, "block": 3, "label": "A", "sample": 0, "ms": 5.6635518074035645}
{"event": "sample", "n": 512, "mode": "backward", "round": 2, "block": 3, "label": "A", "sample": 1, "ms": 5.549088001251221}
{"event": "sample", "n": 512, "mode": "backward", "round": 2, "block": 3, "label": "A", "sample": 2, "ms": 5.549952030181885}
{"event": "sample", "n": 512, "mode": "backward", "round": 2, "block": 3, "label": "A", "sample": 3, "ms": 5.54099178314209}
{"event": "sample", "n": 512, "mode": "backward", "round": 2, "block": 3, "label": "A", "sample": 4, "ms": 5.5484161376953125}
{"event": "sample", "n": 512, "mode": "backward", "round": 2, "block": 3, "label": "A", "sample": 5, "ms": 5.562111854553223}
{"event": "sample", "n": 512, "mode": "backward", "round": 2, "block": 3, "label": "A", "sample": 6, "ms": 5.557216167449951}
{"event": "sample", "n": 512, "mode": "backward", "round": 2, "block": 3, "label": "A", "sample": 7, "ms": 5.548831939697266}
{"event": "sample", "n": 512, "mode": "backward", "round": 2, "block": 3, "label": "A", "sample": 8, "ms": 5.554880142211914}
{"event": "sample", "n": 512, "mode": "backward", "round": 2, "block": 3, "label": "A", "sample": 9, "ms": 5.551040172576904}
{"event": "summary", "n": 512, "mode": "backward", "median_ms": {"A": 5.554015874862671, "B": 5.555023908615112}, "speedup": 0.9998185365591535, "samples_per_label": 60}
{"event": "sample", "n": 512, "mode": "forward_backward", "round": 0, "block": 0, "label": "A", "sample": 0, "ms": 7.374239921569824}
{"event": "sample", "n": 512, "mode": "forward_backward", "round": 0, "block": 0, "label": "A", "sample": 1, "ms": 6.98956823348999}
{"event": "sample", "n": 512, "mode": "forward_backward", "round": 0, "block": 0, "label": "A", "sample": 2, "ms": 6.993984222412109}
{"event": "sample", "n": 512, "mode": "forward_backward", "round": 0, "block": 0, "label": "A", "sample": 3, "ms": 6.993824005126953}
{"event": "sample", "n": 512, "mode": "forward_backward", "round": 0, "block": 0, "label": "A", "sample": 4, "ms": 6.988255977630615}
{"event": "sample", "n": 512, "mode": "forward_backward", "round": 0, "block": 0, "label": "A", "sample": 5, "ms": 6.9884161949157715}
{"event": "sample", "n": 512, "mode": "forward_backward", "round": 0, "block": 0, "label": "A", "sample": 6, "ms": 6.979743957519531}
{"event": "sample", "n": 512, "mode": "forward_backward", "round": 0, "block": 0, "label": "A", "sample": 7, "ms": 6.991551876068115}
{"event": "sample", "n": 512, "mode": "forward_backward", "round": 0, "block": 0, "label": "A", "sample": 8, "ms": 6.9911041259765625}
{"event": "sample", "n": 512, "mode": "forward_backward", "round": 0, "block": 0, "label": "A", "sample": 9, "ms": 6.992800235748291}
{"event": "sample", "n": 512, "mode": "forward_backward", "round": 0, "block": 1, "label": "B", "sample": 0, "ms": 7.30515193939209}
{"event": "sample", "n": 512, "mode": "forward_backward", "round": 0, "block": 1, "label": "B", "sample": 1, "ms": 6.957024097442627}
{"event": "sample", "n": 512, "mode": "forward_backward", "round": 0, "block": 1, "label": "B", "sample": 2, "ms": 6.9516801834106445}
{"event": "sample", "n": 512, "mode": "forward_backward", "round": 0, "block": 1, "label": "B", "sample": 3, "ms": 6.9543681144714355}
{"event": "sample", "n": 512, "mode": "forward_backward", "round": 0, "block": 1, "label": "B", "sample": 4, "ms": 6.95849609375}
{"event": "sample", "n": 512, "mode": "forward_backward", "round": 0, "block": 1, "label": "B", "sample": 5, "ms": 6.9617600440979}
{"event": "sample", "n": 512, "mode": "forward_backward", "round": 0, "block": 1, "label": "B", "sample": 6, "ms": 6.961919784545898}
{"event": "sample", "n": 512, "mode": "forward_backward", "round": 0, "block": 1, "label": "B", "sample": 7, "ms": 6.956768035888672}
{"event": "sample", "n": 512, "mode": "forward_backward", "round": 0, "block": 1, "label": "B", "sample": 8, "ms": 6.955296039581299}
{"event": "sample", "n": 512, "mode": "forward_backward", "round": 0, "block": 1, "label": "B", "sample": 9, "ms": 6.965216159820557}
{"event": "sample", "n": 512, "mode": "forward_backward", "round": 0, "block": 2, "label": "B", "sample": 0, "ms": 7.318079948425293}
{"event": "sample", "n": 512, "mode": "forward_backward", "round": 0, "block": 2, "label": "B", "sample": 1, "ms": 6.982880115509033}
{"event": "sample", "n": 512, "mode": "forward_backward", "round": 0, "block": 2, "label": "B", "sample": 2, "ms": 6.965695858001709}
{"event": "sample", "n": 512, "mode": "forward_backward", "round": 0, "block": 2, "label": "B", "sample": 3, "ms": 6.968736171722412}
{"event": "sample", "n": 512, "mode": "forward_backward", "round": 0, "block": 2, "label": "B", "sample": 4, "ms": 6.964992046356201}
{"event": "sample", "n": 512, "mode": "forward_backward", "round": 0, "block": 2, "label": "B", "sample": 5, "ms": 6.974368095397949}
{"event": "sample", "n": 512, "mode": "forward_backward", "round": 0, "block": 2, "label": "B", "sample": 6, "ms": 6.960480213165283}
{"event": "sample", "n": 512, "mode": "forward_backward", "round": 0, "block": 2, "label": "B", "sample": 7, "ms": 6.962368011474609}
{"event": "sample", "n": 512, "mode": "forward_backward", "round": 0, "block": 2, "label": "B", "sample": 8, "ms": 6.9701762199401855}
{"event": "sample", "n": 512, "mode": "forward_backward", "round": 0, "block": 2, "label": "B", "sample": 9, "ms": 6.973567962646484}
{"event": "sample", "n": 512, "mode": "forward_backward", "round": 0, "block": 3, "label": "A", "sample": 0, "ms": 7.373311996459961}
{"event": "sample", "n": 512, "mode": "forward_backward", "round": 0, "block": 3, "label": "A", "sample": 1, "ms": 7.002719879150391}
{"event": "sample", "n": 512, "mode": "forward_backward", "round": 0, "block": 3, "label": "A", "sample": 2, "ms": 6.993951797485352}
{"event": "sample", "n": 512, "mode": "forward_backward", "round": 0, "block": 3, "label": "A", "sample": 3, "ms": 6.996416091918945}
{"event": "sample", "n": 512, "mode": "forward_backward", "round": 0, "block": 3, "label": "A", "sample": 4, "ms": 6.9890241622924805}
{"event": "sample", "n": 512, "mode": "forward_backward", "round": 0, "block": 3, "label": "A", "sample": 5, "ms": 6.993408203125}
{"event": "sample", "n": 512, "mode": "forward_backward", "round": 0, "block": 3, "label": "A", "sample": 6, "ms": 6.990079879760742}
{"event": "sample", "n": 512, "mode": "forward_backward", "round": 0, "block": 3, "label": "A", "sample": 7, "ms": 6.978623867034912}
{"event": "sample", "n": 512, "mode": "forward_backward", "round": 0, "block": 3, "label": "A", "sample": 8, "ms": 6.978559970855713}
{"event": "sample", "n": 512, "mode": "forward_backward", "round": 0, "block": 3, "label": "A", "sample": 9, "ms": 6.98908805847168}
{"event": "sample", "n": 512, "mode": "forward_backward", "round": 1, "block": 0, "label": "A", "sample": 0, "ms": 7.376704216003418}
{"event": "sample", "n": 512, "mode": "forward_backward", "round": 1, "block": 0, "label": "A", "sample": 1, "ms": 6.993504047393799}
{"event": "sample", "n": 512, "mode": "forward_backward", "round": 1, "block": 0, "label": "A", "sample": 2, "ms": 6.977439880371094}
{"event": "sample", "n": 512, "mode": "forward_backward", "round": 1, "block": 0, "label": "A", "sample": 3, "ms": 6.992032051086426}
{"event": "sample", "n": 512, "mode": "forward_backward", "round": 1, "block": 0, "label": "A", "sample": 4, "ms": 6.99238395690918}
{"event": "sample", "n": 512, "mode": "forward_backward", "round": 1, "block": 0, "label": "A", "sample": 5, "ms": 6.984096050262451}
{"event": "sample", "n": 512, "mode": "forward_backward", "round": 1, "block": 0, "label": "A", "sample": 6, "ms": 6.98415994644165}
{"event": "sample", "n": 512, "mode": "forward_backward", "round": 1, "block": 0, "label": "A", "sample": 7, "ms": 6.994272232055664}
{"event": "sample", "n": 512, "mode": "forward_backward", "round": 1, "block": 0, "label": "A", "sample": 8, "ms": 6.991392135620117}
{"event": "sample", "n": 512, "mode": "forward_backward", "round": 1, "block": 0, "label": "A", "sample": 9, "ms": 7.002975940704346}
{"event": "sample", "n": 512, "mode": "forward_backward", "round": 1, "block": 1, "label": "B", "sample": 0, "ms": 7.320767879486084}
{"event": "sample", "n": 512, "mode": "forward_backward", "round": 1, "block": 1, "label": "B", "sample": 1, "ms": 6.966815948486328}
{"event": "sample", "n": 512, "mode": "forward_backward", "round": 1, "block": 1, "label": "B", "sample": 2, "ms": 6.988351821899414}
{"event": "sample", "n": 512, "mode": "forward_backward", "round": 1, "block": 1, "label": "B", "sample": 3, "ms": 6.975232124328613}
{"event": "sample", "n": 512, "mode": "forward_backward", "round": 1, "block": 1, "label": "B", "sample": 4, "ms": 6.960832118988037}
{"event": "sample", "n": 512, "mode": "forward_backward", "round": 1, "block": 1, "label": "B", "sample": 5, "ms": 6.9712958335876465}
{"event": "sample", "n": 512, "mode": "forward_backward", "round": 1, "block": 1, "label": "B", "sample": 6, "ms": 6.966879844665527}
{"event": "sample", "n": 512, "mode": "forward_backward", "round": 1, "block": 1, "label": "B", "sample": 7, "ms": 6.970240116119385}
{"event": "sample", "n": 512, "mode": "forward_backward", "round": 1, "block": 1, "label": "B", "sample": 8, "ms": 6.959104061126709}
{"event": "sample", "n": 512, "mode": "forward_backward", "round": 1, "block": 1, "label": "B", "sample": 9, "ms": 6.968160152435303}
{"event": "sample", "n": 512, "mode": "forward_backward", "round": 1, "block": 2, "label": "B", "sample": 0, "ms": 7.342463970184326}
{"event": "sample", "n": 512, "mode": "forward_backward", "round": 1, "block": 2, "label": "B", "sample": 1, "ms": 6.969600200653076}
{"event": "sample", "n": 512, "mode": "forward_backward", "round": 1, "block": 2, "label": "B", "sample": 2, "ms": 6.973696231842041}
{"event": "sample", "n": 512, "mode": "forward_backward", "round": 1, "block": 2, "label": "B", "sample": 3, "ms": 6.971583843231201}
{"event": "sample", "n": 512, "mode": "forward_backward", "round": 1, "block": 2, "label": "B", "sample": 4, "ms": 6.970719814300537}
{"event": "sample", "n": 512, "mode": "forward_backward", "round": 1, "block": 2, "label": "B", "sample": 5, "ms": 6.9648637771606445}
{"event": "sample", "n": 512, "mode": "forward_backward", "round": 1, "block": 2, "label": "B", "sample": 6, "ms": 6.971648216247559}
{"event": "sample", "n": 512, "mode": "forward_backward", "round": 1, "block": 2, "label": "B", "sample": 7, "ms": 6.967616081237793}
{"event": "sample", "n": 512, "mode": "forward_backward", "round": 1, "block": 2, "label": "B", "sample": 8, "ms": 6.960319995880127}
{"event": "sample", "n": 512, "mode": "forward_backward", "round": 1, "block": 2, "label": "B", "sample": 9, "ms": 6.970399856567383}
{"event": "sample", "n": 512, "mode": "forward_backward", "round": 1, "block": 3, "label": "A", "sample": 0, "ms": 7.370175838470459}
{"event": "sample", "n": 512, "mode": "forward_backward", "round": 1, "block": 3, "label": "A", "sample": 1, "ms": 6.999104022979736}
{"event": "sample", "n": 512, "mode": "forward_backward", "round": 1, "block": 3, "label": "A", "sample": 2, "ms": 6.995327949523926}
{"event": "sample", "n": 512, "mode": "forward_backward", "round": 1, "block": 3, "label": "A", "sample": 3, "ms": 6.994688034057617}
{"event": "sample", "n": 512, "mode": "forward_backward", "round": 1, "block": 3, "label": "A", "sample": 4, "ms": 7.006175994873047}
{"event": "sample", "n": 512, "mode": "forward_backward", "round": 1, "block": 3, "label": "A", "sample": 5, "ms": 6.996096134185791}
{"event": "sample", "n": 512, "mode": "forward_backward", "round": 1, "block": 3, "label": "A", "sample": 6, "ms": 6.9923200607299805}
{"event": "sample", "n": 512, "mode": "forward_backward", "round": 1, "block": 3, "label": "A", "sample": 7, "ms": 6.994656085968018}
{"event": "sample", "n": 512, "mode": "forward_backward", "round": 1, "block": 3, "label": "A", "sample": 8, "ms": 6.993728160858154}
{"event": "sample", "n": 512, "mode": "forward_backward", "round": 1, "block": 3, "label": "A", "sample": 9, "ms": 6.993311882019043}
{"event": "sample", "n": 512, "mode": "forward_backward", "round": 2, "block": 0, "label": "A", "sample": 0, "ms": 7.38486385345459}
{"event": "sample", "n": 512, "mode": "forward_backward", "round": 2, "block": 0, "label": "A", "sample": 1, "ms": 6.999392032623291}
{"event": "sample", "n": 512, "mode": "forward_backward", "round": 2, "block": 0, "label": "A", "sample": 2, "ms": 6.9958720207214355}
{"event": "sample", "n": 512, "mode": "forward_backward", "round": 2, "block": 0, "label": "A", "sample": 3, "ms": 6.994719982147217}
{"event": "sample", "n": 512, "mode": "forward_backward", "round": 2, "block": 0, "label": "A", "sample": 4, "ms": 7.012959957122803}
{"event": "sample", "n": 512, "mode": "forward_backward", "round": 2, "block": 0, "label": "A", "sample": 5, "ms": 6.994112014770508}
{"event": "sample", "n": 512, "mode": "forward_backward", "round": 2, "block": 0, "label": "A", "sample": 6, "ms": 7.00380802154541}
{"event": "sample", "n": 512, "mode": "forward_backward", "round": 2, "block": 0, "label": "A", "sample": 7, "ms": 6.997375965118408}
{"event": "sample", "n": 512, "mode": "forward_backward", "round": 2, "block": 0, "label": "A", "sample": 8, "ms": 6.993408203125}
{"event": "sample", "n": 512, "mode": "forward_backward", "round": 2, "block": 0, "label": "A", "sample": 9, "ms": 6.994207859039307}
{"event": "sample", "n": 512, "mode": "forward_backward", "round": 2, "block": 1, "label": "B", "sample": 0, "ms": 7.345823764801025}
{"event": "sample", "n": 512, "mode": "forward_backward", "round": 2, "block": 1, "label": "B", "sample": 1, "ms": 6.952608108520508}
{"event": "sample", "n": 512, "mode": "forward_backward", "round": 2, "block": 1, "label": "B", "sample": 2, "ms": 6.950496196746826}
{"event": "sample", "n": 512, "mode": "forward_backward", "round": 2, "block": 1, "label": "B", "sample": 3, "ms": 6.952832221984863}
{"event": "sample", "n": 512, "mode": "forward_backward", "round": 2, "block": 1, "label": "B", "sample": 4, "ms": 6.958367824554443}
{"event": "sample", "n": 512, "mode": "forward_backward", "round": 2, "block": 1, "label": "B", "sample": 5, "ms": 6.959904193878174}
{"event": "sample", "n": 512, "mode": "forward_backward", "round": 2, "block": 1, "label": "B", "sample": 6, "ms": 6.951935768127441}
{"event": "sample", "n": 512, "mode": "forward_backward", "round": 2, "block": 1, "label": "B", "sample": 7, "ms": 6.964064121246338}
{"event": "sample", "n": 512, "mode": "forward_backward", "round": 2, "block": 1, "label": "B", "sample": 8, "ms": 6.955423831939697}
{"event": "sample", "n": 512, "mode": "forward_backward", "round": 2, "block": 1, "label": "B", "sample": 9, "ms": 6.956128120422363}
{"event": "sample", "n": 512, "mode": "forward_backward", "round": 2, "block": 2, "label": "B", "sample": 0, "ms": 7.30620813369751}
{"event": "sample", "n": 512, "mode": "forward_backward", "round": 2, "block": 2, "label": "B", "sample": 1, "ms": 6.959743976593018}
{"event": "sample", "n": 512, "mode": "forward_backward", "round": 2, "block": 2, "label": "B", "sample": 2, "ms": 6.955391883850098}
{"event": "sample", "n": 512, "mode": "forward_backward", "round": 2, "block": 2, "label": "B", "sample": 3, "ms": 6.964608192443848}
{"event": "sample", "n": 512, "mode": "forward_backward", "round": 2, "block": 2, "label": "B", "sample": 4, "ms": 6.972799777984619}
{"event": "sample", "n": 512, "mode": "forward_backward", "round": 2, "block": 2, "label": "B", "sample": 5, "ms": 6.970399856567383}
{"event": "sample", "n": 512, "mode": "forward_backward", "round": 2, "block": 2, "label": "B", "sample": 6, "ms": 6.9618239402771}
{"event": "sample", "n": 512, "mode": "forward_backward", "round": 2, "block": 2, "label": "B", "sample": 7, "ms": 6.963967800140381}
{"event": "sample", "n": 512, "mode": "forward_backward", "round": 2, "block": 2, "label": "B", "sample": 8, "ms": 6.964288234710693}
{"event": "sample", "n": 512, "mode": "forward_backward", "round": 2, "block": 2, "label": "B", "sample": 9, "ms": 6.960671901702881}
{"event": "sample", "n": 512, "mode": "forward_backward", "round": 2, "block": 3, "label": "A", "sample": 0, "ms": 7.383999824523926}
{"event": "sample", "n": 512, "mode": "forward_backward", "round": 2, "block": 3, "label": "A", "sample": 1, "ms": 6.9925761222839355}
{"event": "sample", "n": 512, "mode": "forward_backward", "round": 2, "block": 3, "label": "A", "sample": 2, "ms": 7.002175807952881}
{"event": "sample", "n": 512, "mode": "forward_backward", "round": 2, "block": 3, "label": "A", "sample": 3, "ms": 6.994592189788818}
{"event": "sample", "n": 512, "mode": "forward_backward", "round": 2, "block": 3, "label": "A", "sample": 4, "ms": 6.989215850830078}
{"event": "sample", "n": 512, "mode": "forward_backward", "round": 2, "block": 3, "label": "A", "sample": 5, "ms": 6.9991679191589355}
{"event": "sample", "n": 512, "mode": "forward_backward", "round": 2, "block": 3, "label": "A", "sample": 6, "ms": 6.9904961585998535}
{"event": "sample", "n": 512, "mode": "forward_backward", "round": 2, "block": 3, "label": "A", "sample": 7, "ms": 7.001023769378662}
{"event": "sample", "n": 512, "mode": "forward_backward", "round": 2, "block": 3, "label": "A", "sample": 8, "ms": 6.9984002113342285}
{"event": "sample", "n": 512, "mode": "forward_backward", "round": 2, "block": 3, "label": "A", "sample": 9, "ms": 6.993951797485352}
{"event": "summary", "n": 512, "mode": "forward_backward", "median_ms": {"A": 6.9939680099487305, "B": 6.964927911758423}, "speedup": 1.004169475773221, "samples_per_label": 60}
{"event": "parity", "n": 513, "checks": {"output": {"relative_l2": 0.0, "baseline_zero_max_abs_diagnostic": 0.0, "passed": true}, "dq": {"relative_l2": 1.4207602362148464e-05, "baseline_zero_max_abs_diagnostic": 0.0, "passed": true}, "dk": {"relative_l2": 0.0, "baseline_zero_max_abs_diagnostic": 0.0, "passed": true}, "dv": {"relative_l2": 0.0, "baseline_zero_max_abs_diagnostic": 0.0, "passed": true}, "db": {"relative_l2": 3.631309300544672e-05, "baseline_zero_max_abs_diagnostic": 0.0, "passed": true}}, "independent_reference": false}
{"event": "forward_configs", "n": 513, "configs": {"previous_fused_4b832de": {"kwargs": {"BLOCK_J": 64, "BLOCK_K": 64}, "num_warps": 4, "num_stages": 3, "num_ctas": 1, "maxnreg": null}, "optimized_fused": {"kwargs": {"BLOCK_J": 64, "BLOCK_K": 64}, "num_warps": 4, "num_stages": 2, "num_ctas": 1, "maxnreg": 96}}}
{"event": "memory", "n": 513, "measurements": {"A": {"peak_increment_bytes": 661444096, "retained_increment_bytes": 543181312}, "B": {"peak_increment_bytes": 661444096, "retained_increment_bytes": 543181312}}}
{"event": "sample", "n": 513, "mode": "forward", "round": 0, "block": 0, "label": "A", "sample": 0, "ms": 2.319904088973999}
{"event": "sample", "n": 513, "mode": "forward", "round": 0, "block": 0, "label": "A", "sample": 1, "ms": 1.9945919513702393}
{"event": "sample", "n": 513, "mode": "forward", "round": 0, "block": 0, "label": "A", "sample": 2, "ms": 1.995743989944458}
{"event": "sample", "n": 513, "mode": "forward", "round": 0, "block": 0, "label": "A", "sample": 3, "ms": 1.994912028312683}
{"event": "sample", "n": 513, "mode": "forward", "round": 0, "block": 0, "label": "A", "sample": 4, "ms": 1.9962559938430786}
{"event": "sample", "n": 513, "mode": "forward", "round": 0, "block": 0, "label": "A", "sample": 5, "ms": 1.994912028312683}
{"event": "sample", "n": 513, "mode": "forward", "round": 0, "block": 0, "label": "A", "sample": 6, "ms": 1.9955840110778809}
{"event": "sample", "n": 513, "mode": "forward", "round": 0, "block": 0, "label": "A", "sample": 7, "ms": 1.994431972503662}
{"event": "sample", "n": 513, "mode": "forward", "round": 0, "block": 0, "label": "A", "sample": 8, "ms": 1.9954880475997925}
{"event": "sample", "n": 513, "mode": "forward", "round": 0, "block": 0, "label": "A", "sample": 9, "ms": 1.9952319860458374}
{"event": "sample", "n": 513, "mode": "forward", "round": 0, "block": 1, "label": "B", "sample": 0, "ms": 2.3136959075927734}
{"event": "sample", "n": 513, "mode": "forward", "round": 0, "block": 1, "label": "B", "sample": 1, "ms": 1.9446719884872437}
{"event": "sample", "n": 513, "mode": "forward", "round": 0, "block": 1, "label": "B", "sample": 2, "ms": 1.9462080001831055}
{"event": "sample", "n": 513, "mode": "forward", "round": 0, "block": 1, "label": "B", "sample": 3, "ms": 1.9458240270614624}
{"event": "sample", "n": 513, "mode": "forward", "round": 0, "block": 1, "label": "B", "sample": 4, "ms": 1.9466240406036377}
{"event": "sample", "n": 513, "mode": "forward", "round": 0, "block": 1, "label": "B", "sample": 5, "ms": 1.9451520442962646}
{"event": "sample", "n": 513, "mode": "forward", "round": 0, "block": 1, "label": "B", "sample": 6, "ms": 1.9455360174179077}
{"event": "sample", "n": 513, "mode": "forward", "round": 0, "block": 1, "label": "B", "sample": 7, "ms": 1.945248007774353}
{"event": "sample", "n": 513, "mode": "forward", "round": 0, "block": 1, "label": "B", "sample": 8, "ms": 1.9456959962844849}
{"event": "sample", "n": 513, "mode": "forward", "round": 0, "block": 1, "label": "B", "sample": 9, "ms": 1.9466880559921265}
{"event": "sample", "n": 513, "mode": "forward", "round": 0, "block": 2, "label": "B", "sample": 0, "ms": 2.395456075668335}
{"event": "sample", "n": 513, "mode": "forward", "round": 0, "block": 2, "label": "B", "sample": 1, "ms": 1.9457919597625732}
{"event": "sample", "n": 513, "mode": "forward", "round": 0, "block": 2, "label": "B", "sample": 2, "ms": 1.9455039501190186}
{"event": "sample", "n": 513, "mode": "forward", "round": 0, "block": 2, "label": "B", "sample": 3, "ms": 1.946112036705017}
{"event": "sample", "n": 513, "mode": "forward", "round": 0, "block": 2, "label": "B", "sample": 4, "ms": 1.9464000463485718}
{"event": "sample", "n": 513, "mode": "forward", "round": 0, "block": 2, "label": "B", "sample": 5, "ms": 1.9449280500411987}
{"event": "sample", "n": 513, "mode": "forward", "round": 0, "block": 2, "label": "B", "sample": 6, "ms": 1.9458240270614624}
{"event": "sample", "n": 513, "mode": "forward", "round": 0, "block": 2, "label": "B", "sample": 7, "ms": 1.945855975151062}
{"event": "sample", "n": 513, "mode": "forward", "round": 0, "block": 2, "label": "B", "sample": 8, "ms": 1.9468480348587036}
{"event": "sample", "n": 513, "mode": "forward", "round": 0, "block": 2, "label": "B", "sample": 9, "ms": 1.9463039636611938}
{"event": "sample", "n": 513, "mode": "forward", "round": 0, "block": 3, "label": "A", "sample": 0, "ms": 2.33459210395813}
{"event": "sample", "n": 513, "mode": "forward", "round": 0, "block": 3, "label": "A", "sample": 1, "ms": 1.9935359954833984}
{"event": "sample", "n": 513, "mode": "forward", "round": 0, "block": 3, "label": "A", "sample": 2, "ms": 1.9952960014343262}
{"event": "sample", "n": 513, "mode": "forward", "round": 0, "block": 3, "label": "A", "sample": 3, "ms": 1.9925440549850464}
{"event": "sample", "n": 513, "mode": "forward", "round": 0, "block": 3, "label": "A", "sample": 4, "ms": 1.9931199550628662}
{"event": "sample", "n": 513, "mode": "forward", "round": 0, "block": 3, "label": "A", "sample": 5, "ms": 1.9925119876861572}
{"event": "sample", "n": 513, "mode": "forward", "round": 0, "block": 3, "label": "A", "sample": 6, "ms": 1.9925119876861572}
{"event": "sample", "n": 513, "mode": "forward", "round": 0, "block": 3, "label": "A", "sample": 7, "ms": 1.9921599626541138}
{"event": "sample", "n": 513, "mode": "forward", "round": 0, "block": 3, "label": "A", "sample": 8, "ms": 1.992959976196289}
{"event": "sample", "n": 513, "mode": "forward", "round": 0, "block": 3, "label": "A", "sample": 9, "ms": 1.9933439493179321}
{"event": "sample", "n": 513, "mode": "forward", "round": 1, "block": 0, "label": "A", "sample": 0, "ms": 2.315999984741211}
{"event": "sample", "n": 513, "mode": "forward", "round": 1, "block": 0, "label": "A", "sample": 1, "ms": 1.9922239780426025}
{"event": "sample", "n": 513, "mode": "forward", "round": 1, "block": 0, "label": "A", "sample": 2, "ms": 1.9922239780426025}
{"event": "sample", "n": 513, "mode": "forward", "round": 1, "block": 0, "label": "A", "sample": 3, "ms": 1.992319941520691}
{"event": "sample", "n": 513, "mode": "forward", "round": 1, "block": 0, "label": "A", "sample": 4, "ms": 1.9910720586776733}
{"event": "sample", "n": 513, "mode": "forward", "round": 1, "block": 0, "label": "A", "sample": 5, "ms": 1.9926719665527344}
{"event": "sample", "n": 513, "mode": "forward", "round": 1, "block": 0, "label": "A", "sample": 6, "ms": 1.9931520223617554}
{"event": "sample", "n": 513, "mode": "forward", "round": 1, "block": 0, "label": "A", "sample": 7, "ms": 1.9922239780426025}
{"event": "sample", "n": 513, "mode": "forward", "round": 1, "block": 0, "label": "A", "sample": 8, "ms": 1.9930239915847778}
{"event": "sample", "n": 513, "mode": "forward", "round": 1, "block": 0, "label": "A", "sample": 9, "ms": 1.9916160106658936}
{"event": "sample", "n": 513, "mode": "forward", "round": 1, "block": 1, "label": "B", "sample": 0, "ms": 2.3293120861053467}
{"event": "sample", "n": 513, "mode": "forward", "round": 1, "block": 1, "label": "B", "sample": 1, "ms": 1.9421440362930298}
{"event": "sample", "n": 513, "mode": "forward", "round": 1, "block": 1, "label": "B", "sample": 2, "ms": 1.9427200555801392}
{"event": "sample", "n": 513, "mode": "forward", "round": 1, "block": 1, "label": "B", "sample": 3, "ms": 1.9432320594787598}
{"event": "sample", "n": 513, "mode": "forward", "round": 1, "block": 1, "label": "B", "sample": 4, "ms": 1.9427200555801392}
{"event": "sample", "n": 513, "mode": "forward", "round": 1, "block": 1, "label": "B", "sample": 5, "ms": 1.9424959421157837}
{"event": "sample", "n": 513, "mode": "forward", "round": 1, "block": 1, "label": "B", "sample": 6, "ms": 1.9432320594787598}
{"event": "sample", "n": 513, "mode": "forward", "round": 1, "block": 1, "label": "B", "sample": 7, "ms": 1.9432320594787598}
{"event": "sample", "n": 513, "mode": "forward", "round": 1, "block": 1, "label": "B", "sample": 8, "ms": 1.9439359903335571}
{"event": "sample", "n": 513, "mode": "forward", "round": 1, "block": 1, "label": "B", "sample": 9, "ms": 1.9437119960784912}
{"event": "sample", "n": 513, "mode": "forward", "round": 1, "block": 2, "label": "B", "sample": 0, "ms": 2.285088062286377}
{"event": "sample", "n": 513, "mode": "forward", "round": 1, "block": 2, "label": "B", "sample": 1, "ms": 1.942304015159607}
{"event": "sample", "n": 513, "mode": "forward", "round": 1, "block": 2, "label": "B", "sample": 2, "ms": 1.9432640075683594}
{"event": "sample", "n": 513, "mode": "forward", "round": 1, "block": 2, "label": "B", "sample": 3, "ms": 1.9439680576324463}
{"event": "sample", "n": 513, "mode": "forward", "round": 1, "block": 2, "label": "B", "sample": 4, "ms": 1.9423359632492065}
{"event": "sample", "n": 513, "mode": "forward", "round": 1, "block": 2, "label": "B", "sample": 5, "ms": 1.9433280229568481}
{"event": "sample", "n": 513, "mode": "forward", "round": 1, "block": 2, "label": "B", "sample": 6, "ms": 1.9436800479888916}
{"event": "sample", "n": 513, "mode": "forward", "round": 1, "block": 2, "label": "B", "sample": 7, "ms": 1.943071961402893}
{"event": "sample", "n": 513, "mode": "forward", "round": 1, "block": 2, "label": "B", "sample": 8, "ms": 1.9442880153656006}
{"event": "sample", "n": 513, "mode": "forward", "round": 1, "block": 2, "label": "B", "sample": 9, "ms": 1.942463994026184}
{"event": "sample", "n": 513, "mode": "forward", "round": 1, "block": 3, "label": "A", "sample": 0, "ms": 2.3298559188842773}
{"event": "sample", "n": 513, "mode": "forward", "round": 1, "block": 3, "label": "A", "sample": 1, "ms": 1.99126398563385}
{"event": "sample", "n": 513, "mode": "forward", "round": 1, "block": 3, "label": "A", "sample": 2, "ms": 1.9927359819412231}
{"event": "sample", "n": 513, "mode": "forward", "round": 1, "block": 3, "label": "A", "sample": 3, "ms": 1.9921280145645142}
{"event": "sample", "n": 513, "mode": "forward", "round": 1, "block": 3, "label": "A", "sample": 4, "ms": 1.9920320510864258}
{"event": "sample", "n": 513, "mode": "forward", "round": 1, "block": 3, "label": "A", "sample": 5, "ms": 1.9921280145645142}
{"event": "sample", "n": 513, "mode": "forward", "round": 1, "block": 3, "label": "A", "sample": 6, "ms": 1.9928640127182007}
{"event": "sample", "n": 513, "mode": "forward", "round": 1, "block": 3, "label": "A", "sample": 7, "ms": 1.991871953010559}
{"event": "sample", "n": 513, "mode": "forward", "round": 1, "block": 3, "label": "A", "sample": 8, "ms": 1.9930880069732666}
{"event": "sample", "n": 513, "mode": "forward", "round": 1, "block": 3, "label": "A", "sample": 9, "ms": 1.9930239915847778}
{"event": "sample", "n": 513, "mode": "forward", "round": 2, "block": 0, "label": "A", "sample": 0, "ms": 2.3697280883789062}
{"event": "sample", "n": 513, "mode": "forward", "round": 2, "block": 0, "label": "A", "sample": 1, "ms": 1.995360016822815}
{"event": "sample", "n": 513, "mode": "forward", "round": 2, "block": 0, "label": "A", "sample": 2, "ms": 1.9948480129241943}
{"event": "sample", "n": 513, "mode": "forward", "round": 2, "block": 0, "label": "A", "sample": 3, "ms": 1.9955519437789917}
{"event": "sample", "n": 513, "mode": "forward", "round": 2, "block": 0, "label": "A", "sample": 4, "ms": 1.9953919649124146}
{"event": "sample", "n": 513, "mode": "forward", "round": 2, "block": 0, "label": "A", "sample": 5, "ms": 1.9943679571151733}
{"event": "sample", "n": 513, "mode": "forward", "round": 2, "block": 0, "label": "A", "sample": 6, "ms": 1.9946240186691284}
{"event": "sample", "n": 513, "mode": "forward", "round": 2, "block": 0, "label": "A", "sample": 7, "ms": 1.99452805519104}
{"event": "sample", "n": 513, "mode": "forward", "round": 2, "block": 0, "label": "A", "sample": 8, "ms": 1.9951039552688599}
{"event": "sample", "n": 513, "mode": "forward", "round": 2, "block": 0, "label": "A", "sample": 9, "ms": 1.9952640533447266}
{"event": "sample", "n": 513, "mode": "forward", "round": 2, "block": 1, "label": "B", "sample": 0, "ms": 2.3042240142822266}
{"event": "sample", "n": 513, "mode": "forward", "round": 2, "block": 1, "label": "B", "sample": 1, "ms": 1.9448000192642212}
{"event": "sample", "n": 513, "mode": "forward", "round": 2, "block": 1, "label": "B", "sample": 2, "ms": 1.9451199769973755}
{"event": "sample", "n": 513, "mode": "forward", "round": 2, "block": 1, "label": "B", "sample": 3, "ms": 1.9442880153656006}
{"event": "sample", "n": 513, "mode": "forward", "round": 2, "block": 1, "label": "B", "sample": 4, "ms": 1.9464000463485718}
{"event": "sample", "n": 513, "mode": "forward", "round": 2, "block": 1, "label": "B", "sample": 5, "ms": 1.9449280500411987}
{"event": "sample", "n": 513, "mode": "forward", "round": 2, "block": 1, "label": "B", "sample": 6, "ms": 1.9461439847946167}
{"event": "sample", "n": 513, "mode": "forward", "round": 2, "block": 1, "label": "B", "sample": 7, "ms": 1.944767951965332}
{"event": "sample", "n": 513, "mode": "forward", "round": 2, "block": 1, "label": "B", "sample": 8, "ms": 1.9459199905395508}
{"event": "sample", "n": 513, "mode": "forward", "round": 2, "block": 1, "label": "B", "sample": 9, "ms": 1.9455039501190186}
{"event": "sample", "n": 513, "mode": "forward", "round": 2, "block": 2, "label": "B", "sample": 0, "ms": 2.3177599906921387}
{"event": "sample", "n": 513, "mode": "forward", "round": 2, "block": 2, "label": "B", "sample": 1, "ms": 1.9442559480667114}
{"event": "sample", "n": 513, "mode": "forward", "round": 2, "block": 2, "label": "B", "sample": 2, "ms": 1.945248007774353}
{"event": "sample", "n": 513, "mode": "forward", "round": 2, "block": 2, "label": "B", "sample": 3, "ms": 1.945472002029419}
{"event": "sample", "n": 513, "mode": "forward", "round": 2, "block": 2, "label": "B", "sample": 4, "ms": 1.945855975151062}
{"event": "sample", "n": 513, "mode": "forward", "round": 2, "block": 2, "label": "B", "sample": 5, "ms": 1.9456959962844849}
{"event": "sample", "n": 513, "mode": "forward", "round": 2, "block": 2, "label": "B", "sample": 6, "ms": 1.944640040397644}
{"event": "sample", "n": 513, "mode": "forward", "round": 2, "block": 2, "label": "B", "sample": 7, "ms": 1.945472002029419}
{"event": "sample", "n": 513, "mode": "forward", "round": 2, "block": 2, "label": "B", "sample": 8, "ms": 1.9462720155715942}
{"event": "sample", "n": 513, "mode": "forward", "round": 2, "block": 2, "label": "B", "sample": 9, "ms": 1.946336030960083}
{"event": "sample", "n": 513, "mode": "forward", "round": 2, "block": 3, "label": "A", "sample": 0, "ms": 2.361311912536621}
{"event": "sample", "n": 513, "mode": "forward", "round": 2, "block": 3, "label": "A", "sample": 1, "ms": 1.9940160512924194}
{"event": "sample", "n": 513, "mode": "forward", "round": 2, "block": 3, "label": "A", "sample": 2, "ms": 1.9946880340576172}
{"event": "sample", "n": 513, "mode": "forward", "round": 2, "block": 3, "label": "A", "sample": 3, "ms": 1.995136022567749}
{"event": "sample", "n": 513, "mode": "forward", "round": 2, "block": 3, "label": "A", "sample": 4, "ms": 1.9956480264663696}
{"event": "sample", "n": 513, "mode": "forward", "round": 2, "block": 3, "label": "A", "sample": 5, "ms": 1.994431972503662}
{"event": "sample", "n": 513, "mode": "forward", "round": 2, "block": 3, "label": "A", "sample": 6, "ms": 1.994879961013794}
{"event": "sample", "n": 513, "mode": "forward", "round": 2, "block": 3, "label": "A", "sample": 7, "ms": 1.9954559803009033}
{"event": "sample", "n": 513, "mode": "forward", "round": 2, "block": 3, "label": "A", "sample": 8, "ms": 1.9955519437789917}
{"event": "sample", "n": 513, "mode": "forward", "round": 2, "block": 3, "label": "A", "sample": 9, "ms": 1.9961919784545898}
{"event": "summary", "n": 513, "mode": "forward", "median_ms": {"A": 1.994480013847351, "B": 1.945360004901886}, "speedup": 1.0252498297598867, "samples_per_label": 60}
{"event": "sample", "n": 513, "mode": "backward", "round": 0, "block": 0, "label": "A", "sample": 0, "ms": 7.833312034606934}
{"event": "sample", "n": 513, "mode": "backward", "round": 0, "block": 0, "label": "A", "sample": 1, "ms": 7.6694722175598145}
{"event": "sample", "n": 513, "mode": "backward", "round": 0, "block": 0, "label": "A", "sample": 2, "ms": 7.660575866699219}
{"event": "sample", "n": 513, "mode": "backward", "round": 0, "block": 0, "label": "A", "sample": 3, "ms": 7.668447971343994}
{"event": "sample", "n": 513, "mode": "backward", "round": 0, "block": 0, "label": "A", "sample": 4, "ms": 7.662879943847656}
{"event": "sample", "n": 513, "mode": "backward", "round": 0, "block": 0, "label": "A", "sample": 5, "ms": 7.671487808227539}
{"event": "sample", "n": 513, "mode": "backward", "round": 0, "block": 0, "label": "A", "sample": 6, "ms": 7.670080184936523}
{"event": "sample", "n": 513, "mode": "backward", "round": 0, "block": 0, "label": "A", "sample": 7, "ms": 7.662112236022949}
{"event": "sample", "n": 513, "mode": "backward", "round": 0, "block": 0, "label": "A", "sample": 8, "ms": 7.671072006225586}
{"event": "sample", "n": 513, "mode": "backward", "round": 0, "block": 0, "label": "A", "sample": 9, "ms": 7.668799877166748}
{"event": "sample", "n": 513, "mode": "backward", "round": 0, "block": 1, "label": "B", "sample": 0, "ms": 7.895455837249756}
{"event": "sample", "n": 513, "mode": "backward", "round": 0, "block": 1, "label": "B", "sample": 1, "ms": 7.674176216125488}
{"event": "sample", "n": 513, "mode": "backward", "round": 0, "block": 1, "label": "B", "sample": 2, "ms": 7.67299222946167}
{"event": "sample", "n": 513, "mode": "backward", "round": 0, "block": 1, "label": "B", "sample": 3, "ms": 7.674304008483887}
{"event": "sample", "n": 513, "mode": "backward", "round": 0, "block": 1, "label": "B", "sample": 4, "ms": 7.689824104309082}
{"event": "sample", "n": 513, "mode": "backward", "round": 0, "block": 1, "label": "B", "sample": 5, "ms": 7.6727681159973145}
{"event": "sample", "n": 513, "mode": "backward", "round": 0, "block": 1, "label": "B", "sample": 6, "ms": 7.6842241287231445}
{"event": "sample", "n": 513, "mode": "backward", "round": 0, "block": 1, "label": "B", "sample": 7, "ms": 7.671616077423096}
{"event": "sample", "n": 513, "mode": "backward", "round": 0, "block": 1, "label": "B", "sample": 8, "ms": 7.677279949188232}
{"event": "sample", "n": 513, "mode": "backward", "round": 0, "block": 1, "label": "B", "sample": 9, "ms": 7.670080184936523}
{"event": "sample", "n": 513, "mode": "backward", "round": 0, "block": 2, "label": "B", "sample": 0, "ms": 7.872384071350098}
{"event": "sample", "n": 513, "mode": "backward", "round": 0, "block": 2, "label": "B", "sample": 1, "ms": 7.671999931335449}
{"event": "sample", "n": 513, "mode": "backward", "round": 0, "block": 2, "label": "B", "sample": 2, "ms": 7.6617279052734375}
{"event": "sample", "n": 513, "mode": "backward", "round": 0, "block": 2, "label": "B", "sample": 3, "ms": 7.668928146362305}
{"event": "sample", "n": 513, "mode": "backward", "round": 0, "block": 2, "label": "B", "sample": 4, "ms": 7.6663360595703125}
{"event": "sample", "n": 513, "mode": "backward", "round": 0, "block": 2, "label": "B", "sample": 5, "ms": 7.668320178985596}
{"event": "sample", "n": 513, "mode": "backward", "round": 0, "block": 2, "label": "B", "sample": 6, "ms": 7.671807765960693}
{"event": "sample", "n": 513, "mode": "backward", "round": 0, "block": 2, "label": "B", "sample": 7, "ms": 7.661695957183838}
{"event": "sample", "n": 513, "mode": "backward", "round": 0, "block": 2, "label": "B", "sample": 8, "ms": 7.671040058135986}
{"event": "sample", "n": 513, "mode": "backward", "round": 0, "block": 2, "label": "B", "sample": 9, "ms": 7.663616180419922}
{"event": "sample", "n": 513, "mode": "backward", "round": 0, "block": 3, "label": "A", "sample": 0, "ms": 8.191935539245605}
{"event": "sample", "n": 513, "mode": "backward", "round": 0, "block": 3, "label": "A", "sample": 1, "ms": 7.670144081115723}
{"event": "sample", "n": 513, "mode": "backward", "round": 0, "block": 3, "label": "A", "sample": 2, "ms": 7.674464225769043}
{"event": "sample", "n": 513, "mode": "backward", "round": 0, "block": 3, "label": "A", "sample": 3, "ms": 7.670271873474121}
{"event": "sample", "n": 513, "mode": "backward", "round": 0, "block": 3, "label": "A", "sample": 4, "ms": 7.6678080558776855}
{"event": "sample", "n": 513, "mode": "backward", "round": 0, "block": 3, "label": "A", "sample": 5, "ms": 7.687007904052734}
{"event": "sample", "n": 513, "mode": "backward", "round": 0, "block": 3, "label": "A", "sample": 6, "ms": 7.682208061218262}
{"event": "sample", "n": 513, "mode": "backward", "round": 0, "block": 3, "label": "A", "sample": 7, "ms": 7.682079792022705}
{"event": "sample", "n": 513, "mode": "backward", "round": 0, "block": 3, "label": "A", "sample": 8, "ms": 7.680416107177734}
{"event": "sample", "n": 513, "mode": "backward", "round": 0, "block": 3, "label": "A", "sample": 9, "ms": 7.669888019561768}
{"event": "sample", "n": 513, "mode": "backward", "round": 1, "block": 0, "label": "A", "sample": 0, "ms": 7.899199962615967}
{"event": "sample", "n": 513, "mode": "backward", "round": 1, "block": 0, "label": "A", "sample": 1, "ms": 7.682176113128662}
{"event": "sample", "n": 513, "mode": "backward", "round": 1, "block": 0, "label": "A", "sample": 2, "ms": 7.677055835723877}
{"event": "sample", "n": 513, "mode": "backward", "round": 1, "block": 0, "label": "A", "sample": 3, "ms": 7.677824020385742}
{"event": "sample", "n": 513, "mode": "backward", "round": 1, "block": 0, "label": "A", "sample": 4, "ms": 7.68617582321167}
{"event": "sample", "n": 513, "mode": "backward", "round": 1, "block": 0, "label": "A", "sample": 5, "ms": 7.678080081939697}
{"event": "sample", "n": 513, "mode": "backward", "round": 1, "block": 0, "label": "A", "sample": 6, "ms": 7.684991836547852}
{"event": "sample", "n": 513, "mode": "backward", "round": 1, "block": 0, "label": "A", "sample": 7, "ms": 7.672063827514648}
{"event": "sample", "n": 513, "mode": "backward", "round": 1, "block": 0, "label": "A", "sample": 8, "ms": 7.66377592086792}
{"event": "sample", "n": 513, "mode": "backward", "round": 1, "block": 0, "label": "A", "sample": 9, "ms": 7.666751861572266}
{"event": "sample", "n": 513, "mode": "backward", "round": 1, "block": 1, "label": "B", "sample": 0, "ms": 8.01302433013916}
{"event": "sample", "n": 513, "mode": "backward", "round": 1, "block": 1, "label": "B", "sample": 1, "ms": 7.66703987121582}
{"event": "sample", "n": 513, "mode": "backward", "round": 1, "block": 1, "label": "B", "sample": 2, "ms": 7.666272163391113}
{"event": "sample", "n": 513, "mode": "backward", "round": 1, "block": 1, "label": "B", "sample": 3, "ms": 7.66758394241333}
{"event": "sample", "n": 513, "mode": "backward", "round": 1, "block": 1, "label": "B", "sample": 4, "ms": 7.662879943847656}
{"event": "sample", "n": 513, "mode": "backward", "round": 1, "block": 1, "label": "B", "sample": 5, "ms": 7.667424201965332}
{"event": "sample", "n": 513, "mode": "backward", "round": 1, "block": 1, "label": "B", "sample": 6, "ms": 7.673408031463623}
{"event": "sample", "n": 513, "mode": "backward", "round": 1, "block": 1, "label": "B", "sample": 7, "ms": 7.6650238037109375}
{"event": "sample", "n": 513, "mode": "backward", "round": 1, "block": 1, "label": "B", "sample": 8, "ms": 7.66918420791626}
{"event": "sample", "n": 513, "mode": "backward", "round": 1, "block": 1, "label": "B", "sample": 9, "ms": 7.667327880859375}
{"event": "sample", "n": 513, "mode": "backward", "round": 1, "block": 2, "label": "B", "sample": 0, "ms": 7.912288188934326}
{"event": "sample", "n": 513, "mode": "backward", "round": 1, "block": 2, "label": "B", "sample": 1, "ms": 7.678719997406006}
{"event": "sample", "n": 513, "mode": "backward", "round": 1, "block": 2, "label": "B", "sample": 2, "ms": 7.669760227203369}
{"event": "sample", "n": 513, "mode": "backward", "round": 1, "block": 2, "label": "B", "sample": 3, "ms": 7.6833600997924805}
{"event": "sample", "n": 513, "mode": "backward", "round": 1, "block": 2, "label": "B", "sample": 4, "ms": 7.6702399253845215}
{"event": "sample", "n": 513, "mode": "backward", "round": 1, "block": 2, "label": "B", "sample": 5, "ms": 7.673727989196777}
{"event": "sample", "n": 513, "mode": "backward", "round": 1, "block": 2, "label": "B", "sample": 6, "ms": 7.677248001098633}
{"event": "sample", "n": 513, "mode": "backward", "round": 1, "block": 2, "label": "B", "sample": 7, "ms": 7.680448055267334}
{"event": "sample", "n": 513, "mode": "backward", "round": 1, "block": 2, "label": "B", "sample": 8, "ms": 7.668960094451904}
{"event": "sample", "n": 513, "mode": "backward", "round": 1, "block": 2, "label": "B", "sample": 9, "ms": 7.683104038238525}
{"event": "sample", "n": 513, "mode": "backward", "round": 1, "block": 3, "label": "A", "sample": 0, "ms": 7.911168098449707}
{"event": "sample", "n": 513, "mode": "backward", "round": 1, "block": 3, "label": "A", "sample": 1, "ms": 7.668352127075195}
{"event": "sample", "n": 513, "mode": "backward", "round": 1, "block": 3, "label": "A", "sample": 2, "ms": 7.680704116821289}
{"event": "sample", "n": 513, "mode": "backward", "round": 1, "block": 3, "label": "A", "sample": 3, "ms": 7.670623779296875}
{"event": "sample", "n": 513, "mode": "backward", "round": 1, "block": 3, "label": "A", "sample": 4, "ms": 7.6671037673950195}
{"event": "sample", "n": 513, "mode": "backward", "round": 1, "block": 3, "label": "A", "sample": 5, "ms": 7.667744159698486}
{"event": "sample", "n": 513, "mode": "backward", "round": 1, "block": 3, "label": "A", "sample": 6, "ms": 7.665184020996094}
{"event": "sample", "n": 513, "mode": "backward", "round": 1, "block": 3, "label": "A", "sample": 7, "ms": 7.661215782165527}
{"event": "sample", "n": 513, "mode": "backward", "round": 1, "block": 3, "label": "A", "sample": 8, "ms": 7.666272163391113}
{"event": "sample", "n": 513, "mode": "backward", "round": 1, "block": 3, "label": "A", "sample": 9, "ms": 7.670112133026123}
{"event": "sample", "n": 513, "mode": "backward", "round": 2, "block": 0, "label": "A", "sample": 0, "ms": 7.890431880950928}
{"event": "sample", "n": 513, "mode": "backward", "round": 2, "block": 0, "label": "A", "sample": 1, "ms": 7.667679786682129}
{"event": "sample", "n": 513, "mode": "backward", "round": 2, "block": 0, "label": "A", "sample": 2, "ms": 7.666975975036621}
{"event": "sample", "n": 513, "mode": "backward", "round": 2, "block": 0, "label": "A", "sample": 3, "ms": 7.663072109222412}
{"event": "sample", "n": 513, "mode": "backward", "round": 2, "block": 0, "label": "A", "sample": 4, "ms": 7.670815944671631}
{"event": "sample", "n": 513, "mode": "backward", "round": 2, "block": 0, "label": "A", "sample": 5, "ms": 7.6624321937561035}
{"event": "sample", "n": 513, "mode": "backward", "round": 2, "block": 0, "label": "A", "sample": 6, "ms": 7.675168037414551}
{"event": "sample", "n": 513, "mode": "backward", "round": 2, "block": 0, "label": "A", "sample": 7, "ms": 7.673567771911621}
{"event": "sample", "n": 513, "mode": "backward", "round": 2, "block": 0, "label": "A", "sample": 8, "ms": 7.677631855010986}
{"event": "sample", "n": 513, "mode": "backward", "round": 2, "block": 0, "label": "A", "sample": 9, "ms": 7.672224044799805}
{"event": "sample", "n": 513, "mode": "backward", "round": 2, "block": 1, "label": "B", "sample": 0, "ms": 7.891039848327637}
{"event": "sample", "n": 513, "mode": "backward", "round": 2, "block": 1, "label": "B", "sample": 1, "ms": 7.679327964782715}
{"event": "sample", "n": 513, "mode": "backward", "round": 2, "block": 1, "label": "B", "sample": 2, "ms": 7.671743869781494}
{"event": "sample", "n": 513, "mode": "backward", "round": 2, "block": 1, "label": "B", "sample": 3, "ms": 7.672095775604248}
{"event": "sample", "n": 513, "mode": "backward", "round": 2, "block": 1, "label": "B", "sample": 4, "ms": 7.673312187194824}
{"event": "sample", "n": 513, "mode": "backward", "round": 2, "block": 1, "label": "B", "sample": 5, "ms": 7.676799774169922}
{"event": "sample", "n": 513, "mode": "backward", "round": 2, "block": 1, "label": "B", "sample": 6, "ms": 7.682464122772217}
{"event": "sample", "n": 513, "mode": "backward", "round": 2, "block": 1, "label": "B", "sample": 7, "ms": 7.684991836547852}
{"event": "sample", "n": 513, "mode": "backward", "round": 2, "block": 1, "label": "B", "sample": 8, "ms": 7.676000118255615}
{"event": "sample", "n": 513, "mode": "backward", "round": 2, "block": 1, "label": "B", "sample": 9, "ms": 7.664383888244629}
{"event": "sample", "n": 513, "mode": "backward", "round": 2, "block": 2, "label": "B", "sample": 0, "ms": 7.842048168182373}
{"event": "sample", "n": 513, "mode": "backward", "round": 2, "block": 2, "label": "B", "sample": 1, "ms": 7.674623966217041}
{"event": "sample", "n": 513, "mode": "backward", "round": 2, "block": 2, "label": "B", "sample": 2, "ms": 7.665760040283203}
{"event": "sample", "n": 513, "mode": "backward", "round": 2, "block": 2, "label": "B", "sample": 3, "ms": 7.664159774780273}
{"event": "sample", "n": 513, "mode": "backward", "round": 2, "block": 2, "label": "B", "sample": 4, "ms": 7.657120227813721}
{"event": "sample", "n": 513, "mode": "backward", "round": 2, "block": 2, "label": "B", "sample": 5, "ms": 7.669248104095459}
{"event": "sample", "n": 513, "mode": "backward", "round": 2, "block": 2, "label": "B", "sample": 6, "ms": 7.658463954925537}
{"event": "sample", "n": 513, "mode": "backward", "round": 2, "block": 2, "label": "B", "sample": 7, "ms": 7.673279762268066}
{"event": "sample", "n": 513, "mode": "backward", "round": 2, "block": 2, "label": "B", "sample": 8, "ms": 7.672639846801758}
{"event": "sample", "n": 513, "mode": "backward", "round": 2, "block": 2, "label": "B", "sample": 9, "ms": 7.669792175292969}
{"event": "sample", "n": 513, "mode": "backward", "round": 2, "block": 3, "label": "A", "sample": 0, "ms": 7.8823041915893555}
{"event": "sample", "n": 513, "mode": "backward", "round": 2, "block": 3, "label": "A", "sample": 1, "ms": 7.671328067779541}
{"event": "sample", "n": 513, "mode": "backward", "round": 2, "block": 3, "label": "A", "sample": 2, "ms": 7.681312084197998}
{"event": "sample", "n": 513, "mode": "backward", "round": 2, "block": 3, "label": "A", "sample": 3, "ms": 7.681568145751953}
{"event": "sample", "n": 513, "mode": "backward", "round": 2, "block": 3, "label": "A", "sample": 4, "ms": 7.677792072296143}
{"event": "sample", "n": 513, "mode": "backward", "round": 2, "block": 3, "label": "A", "sample": 5, "ms": 7.669760227203369}
{"event": "sample", "n": 513, "mode": "backward", "round": 2, "block": 3, "label": "A", "sample": 6, "ms": 7.6787519454956055}
{"event": "sample", "n": 513, "mode": "backward", "round": 2, "block": 3, "label": "A", "sample": 7, "ms": 7.674335956573486}
{"event": "sample", "n": 513, "mode": "backward", "round": 2, "block": 3, "label": "A", "sample": 8, "ms": 7.682623863220215}
{"event": "sample", "n": 513, "mode": "backward", "round": 2, "block": 3, "label": "A", "sample": 9, "ms": 7.677216053009033}
{"event": "summary", "n": 513, "mode": "backward", "median_ms": {"A": 7.671775817871094, "B": 7.672047853469849}, "speedup": 0.9999645419835811, "samples_per_label": 60}
{"event": "sample", "n": 513, "mode": "forward_backward", "round": 0, "block": 0, "label": "A", "sample": 0, "ms": 10.031455993652344}
{"event": "sample", "n": 513, "mode": "forward_backward", "round": 0, "block": 0, "label": "A", "sample": 1, "ms": 9.651616096496582}
{"event": "sample", "n": 513, "mode": "forward_backward", "round": 0, "block": 0, "label": "A", "sample": 2, "ms": 9.650976181030273}
{"event": "sample", "n": 513, "mode": "forward_backward", "round": 0, "block": 0, "label": "A", "sample": 3, "ms": 9.659392356872559}
{"event": "sample", "n": 513, "mode": "forward_backward", "round": 0, "block": 0, "label": "A", "sample": 4, "ms": 9.650431632995605}
{"event": "sample", "n": 513, "mode": "forward_backward", "round": 0, "block": 0, "label": "A", "sample": 5, "ms": 9.643712043762207}
{"event": "sample", "n": 513, "mode": "forward_backward", "round": 0, "block": 0, "label": "A", "sample": 6, "ms": 9.65452766418457}
{"event": "sample", "n": 513, "mode": "forward_backward", "round": 0, "block": 0, "label": "A", "sample": 7, "ms": 9.664928436279297}
{"event": "sample", "n": 513, "mode": "forward_backward", "round": 0, "block": 0, "label": "A", "sample": 8, "ms": 9.662495613098145}
{"event": "sample", "n": 513, "mode": "forward_backward", "round": 0, "block": 0, "label": "A", "sample": 9, "ms": 9.666336059570312}
{"event": "sample", "n": 513, "mode": "forward_backward", "round": 0, "block": 1, "label": "B", "sample": 0, "ms": 10.041119575500488}
{"event": "sample", "n": 513, "mode": "forward_backward", "round": 0, "block": 1, "label": "B", "sample": 1, "ms": 9.622688293457031}
{"event": "sample", "n": 513, "mode": "forward_backward", "round": 0, "block": 1, "label": "B", "sample": 2, "ms": 9.629983901977539}
{"event": "sample", "n": 513, "mode": "forward_backward", "round": 0, "block": 1, "label": "B", "sample": 3, "ms": 9.626591682434082}
{"event": "sample", "n": 513, "mode": "forward_backward", "round": 0, "block": 1, "label": "B", "sample": 4, "ms": 9.622912406921387}
{"event": "sample", "n": 513, "mode": "forward_backward", "round": 0, "block": 1, "label": "B", "sample": 5, "ms": 9.625503540039062}
{"event": "sample", "n": 513, "mode": "forward_backward", "round": 0, "block": 1, "label": "B", "sample": 6, "ms": 9.6212158203125}
{"event": "sample", "n": 513, "mode": "forward_backward", "round": 0, "block": 1, "label": "B", "sample": 7, "ms": 9.628352165222168}
{"event": "sample", "n": 513, "mode": "forward_backward", "round": 0, "block": 1, "label": "B", "sample": 8, "ms": 9.600543975830078}
{"event": "sample", "n": 513, "mode": "forward_backward", "round": 0, "block": 1, "label": "B", "sample": 9, "ms": 9.599776268005371}
{"event": "sample", "n": 513, "mode": "forward_backward", "round": 0, "block": 2, "label": "B", "sample": 0, "ms": 9.990912437438965}
{"event": "sample", "n": 513, "mode": "forward_backward", "round": 0, "block": 2, "label": "B", "sample": 1, "ms": 9.608384132385254}
{"event": "sample", "n": 513, "mode": "forward_backward", "round": 0, "block": 2, "label": "B", "sample": 2, "ms": 9.60854434967041}
{"event": "sample", "n": 513, "mode": "forward_backward", "round": 0, "block": 2, "label": "B", "sample": 3, "ms": 9.614975929260254}
{"event": "sample", "n": 513, "mode": "forward_backward", "round": 0, "block": 2, "label": "B", "sample": 4, "ms": 9.625184059143066}
{"event": "sample", "n": 513, "mode": "forward_backward", "round": 0, "block": 2, "label": "B", "sample": 5, "ms": 9.609024047851562}
{"event": "sample", "n": 513, "mode": "forward_backward", "round": 0, "block": 2, "label": "B", "sample": 6, "ms": 9.609184265136719}
{"event": "sample", "n": 513, "mode": "forward_backward", "round": 0, "block": 2, "label": "B", "sample": 7, "ms": 9.606911659240723}
{"event": "sample", "n": 513, "mode": "forward_backward", "round": 0, "block": 2, "label": "B", "sample": 8, "ms": 9.618464469909668}
{"event": "sample", "n": 513, "mode": "forward_backward", "round": 0, "block": 2, "label": "B", "sample": 9, "ms": 9.614784240722656}
{"event": "sample", "n": 513, "mode": "forward_backward", "round": 0, "block": 3, "label": "A", "sample": 0, "ms": 10.085536003112793}
{"event": "sample", "n": 513, "mode": "forward_backward", "round": 0, "block": 3, "label": "A", "sample": 1, "ms": 9.671039581298828}
{"event": "sample", "n": 513, "mode": "forward_backward", "round": 0, "block": 3, "label": "A", "sample": 2, "ms": 9.666784286499023}
{"event": "sample", "n": 513, "mode": "forward_backward", "round": 0, "block": 3, "label": "A", "sample": 3, "ms": 9.668831825256348}
{"event": "sample", "n": 513, "mode": "forward_backward", "round": 0, "block": 3, "label": "A", "sample": 4, "ms": 9.673760414123535}
{"event": "sample", "n": 513, "mode": "forward_backward", "round": 0, "block": 3, "label": "A", "sample": 5, "ms": 9.66211223602295}
{"event": "sample", "n": 513, "mode": "forward_backward", "round": 0, "block": 3, "label": "A", "sample": 6, "ms": 9.667712211608887}
{"event": "sample", "n": 513, "mode": "forward_backward", "round": 0, "block": 3, "label": "A", "sample": 7, "ms": 9.671039581298828}
{"event": "sample", "n": 513, "mode": "forward_backward", "round": 0, "block": 3, "label": "A", "sample": 8, "ms": 9.662976264953613}
{"event": "sample", "n": 513, "mode": "forward_backward", "round": 0, "block": 3, "label": "A", "sample": 9, "ms": 9.670271873474121}
{"event": "sample", "n": 513, "mode": "forward_backward", "round": 1, "block": 0, "label": "A", "sample": 0, "ms": 10.082816123962402}
{"event": "sample", "n": 513, "mode": "forward_backward", "round": 1, "block": 0, "label": "A", "sample": 1, "ms": 9.661408424377441}
{"event": "sample", "n": 513, "mode": "forward_backward", "round": 1, "block": 0, "label": "A", "sample": 2, "ms": 9.670880317687988}
{"event": "sample", "n": 513, "mode": "forward_backward", "round": 1, "block": 0, "label": "A", "sample": 3, "ms": 9.669983863830566}
{"event": "sample", "n": 513, "mode": "forward_backward", "round": 1, "block": 0, "label": "A", "sample": 4, "ms": 9.667872428894043}
{"event": "sample", "n": 513, "mode": "forward_backward", "round": 1, "block": 0, "label": "A", "sample": 5, "ms": 9.659647941589355}
{"event": "sample", "n": 513, "mode": "forward_backward", "round": 1, "block": 0, "label": "A", "sample": 6, "ms": 9.674783706665039}
{"event": "sample", "n": 513, "mode": "forward_backward", "round": 1, "block": 0, "label": "A", "sample": 7, "ms": 9.675999641418457}
{"event": "sample", "n": 513, "mode": "forward_backward", "round": 1, "block": 0, "label": "A", "sample": 8, "ms": 9.675680160522461}
{"event": "sample", "n": 513, "mode": "forward_backward", "round": 1, "block": 0, "label": "A", "sample": 9, "ms": 9.66476821899414}
{"event": "sample", "n": 513, "mode": "forward_backward", "round": 1, "block": 1, "label": "B", "sample": 0, "ms": 9.99731159210205}
{"event": "sample", "n": 513, "mode": "forward_backward", "round": 1, "block": 1, "label": "B", "sample": 1, "ms": 9.618111610412598}
{"event": "sample", "n": 513, "mode": "forward_backward", "round": 1, "block": 1, "label": "B", "sample": 2, "ms": 9.623744010925293}
{"event": "sample", "n": 513, "mode": "forward_backward", "round": 1, "block": 1, "label": "B", "sample": 3, "ms": 9.630720138549805}
{"event": "sample", "n": 513, "mode": "forward_backward", "round": 1, "block": 1, "label": "B", "sample": 4, "ms": 9.630623817443848}
{"event": "sample", "n": 513, "mode": "forward_backward", "round": 1, "block": 1, "label": "B", "sample": 5, "ms": 9.625951766967773}
{"event": "sample", "n": 513, "mode": "forward_backward", "round": 1, "block": 1, "label": "B", "sample": 6, "ms": 9.627967834472656}
{"event": "sample", "n": 513, "mode": "forward_backward", "round": 1, "block": 1, "label": "B", "sample": 7, "ms": 9.621024131774902}
{"event": "sample", "n": 513, "mode": "forward_backward", "round": 1, "block": 1, "label": "B", "sample": 8, "ms": 9.619551658630371}
{"event": "sample", "n": 513, "mode": "forward_backward", "round": 1, "block": 1, "label": "B", "sample": 9, "ms": 9.614496231079102}
{"event": "sample", "n": 513, "mode": "forward_backward", "round": 1, "block": 2, "label": "B", "sample": 0, "ms": 9.996992111206055}
{"event": "sample", "n": 513, "mode": "forward_backward", "round": 1, "block": 2, "label": "B", "sample": 1, "ms": 9.618047714233398}
{"event": "sample", "n": 513, "mode": "forward_backward", "round": 1, "block": 2, "label": "B", "sample": 2, "ms": 9.61631965637207}
{"event": "sample", "n": 513, "mode": "forward_backward", "round": 1, "block": 2, "label": "B", "sample": 3, "ms": 9.600735664367676}
{"event": "sample", "n": 513, "mode": "forward_backward", "round": 1, "block": 2, "label": "B", "sample": 4, "ms": 9.60927963256836}
{"event": "sample", "n": 513, "mode": "forward_backward", "round": 1, "block": 2, "label": "B", "sample": 5, "ms": 9.609087944030762}
{"event": "sample", "n": 513, "mode": "forward_backward", "round": 1, "block": 2, "label": "B", "sample": 6, "ms": 9.615360260009766}
{"event": "sample", "n": 513, "mode": "forward_backward", "round": 1, "block": 2, "label": "B", "sample": 7, "ms": 9.617280006408691}
{"event": "sample", "n": 513, "mode": "forward_backward", "round": 1, "block": 2, "label": "B", "sample": 8, "ms": 9.616415977478027}
{"event": "sample", "n": 513, "mode": "forward_backward", "round": 1, "block": 2, "label": "B", "sample": 9, "ms": 9.630144119262695}
{"event": "sample", "n": 513, "mode": "forward_backward", "round": 1, "block": 3, "label": "A", "sample": 0, "ms": 10.077471733093262}
{"event": "sample", "n": 513, "mode": "forward_backward", "round": 1, "block": 3, "label": "A", "sample": 1, "ms": 9.669983863830566}
{"event": "sample", "n": 513, "mode": "forward_backward", "round": 1, "block": 3, "label": "A", "sample": 2, "ms": 9.66812801361084}
{"event": "sample", "n": 513, "mode": "forward_backward", "round": 1, "block": 3, "label": "A", "sample": 3, "ms": 9.668319702148438}
{"event": "sample", "n": 513, "mode": "forward_backward", "round": 1, "block": 3, "label": "A", "sample": 4, "ms": 9.680512428283691}
{"event": "sample", "n": 513, "mode": "forward_backward", "round": 1, "block": 3, "label": "A", "sample": 5, "ms": 9.675680160522461}
{"event": "sample", "n": 513, "mode": "forward_backward", "round": 1, "block": 3, "label": "A", "sample": 6, "ms": 9.658528327941895}
{"event": "sample", "n": 513, "mode": "forward_backward", "round": 1, "block": 3, "label": "A", "sample": 7, "ms": 9.668607711791992}
{"event": "sample", "n": 513, "mode": "forward_backward", "round": 1, "block": 3, "label": "A", "sample": 8, "ms": 9.664896011352539}
{"event": "sample", "n": 513, "mode": "forward_backward", "round": 1, "block": 3, "label": "A", "sample": 9, "ms": 9.659263610839844}
{"event": "sample", "n": 513, "mode": "forward_backward", "round": 2, "block": 0, "label": "A", "sample": 0, "ms": 10.031071662902832}
{"event": "sample", "n": 513, "mode": "forward_backward", "round": 2, "block": 0, "label": "A", "sample": 1, "ms": 9.644576072692871}
{"event": "sample", "n": 513, "mode": "forward_backward", "round": 2, "block": 0, "label": "A", "sample": 2, "ms": 9.657119750976562}
{"event": "sample", "n": 513, "mode": "forward_backward", "round": 2, "block": 0, "label": "A", "sample": 3, "ms": 9.663968086242676}
{"event": "sample", "n": 513, "mode": "forward_backward", "round": 2, "block": 0, "label": "A", "sample": 4, "ms": 9.673279762268066}
{"event": "sample", "n": 513, "mode": "forward_backward", "round": 2, "block": 0, "label": "A", "sample": 5, "ms": 9.655743598937988}
{"event": "sample", "n": 513, "mode": "forward_backward", "round": 2, "block": 0, "label": "A", "sample": 6, "ms": 9.653152465820312}
{"event": "sample", "n": 513, "mode": "forward_backward", "round": 2, "block": 0, "label": "A", "sample": 7, "ms": 9.666624069213867}
{"event": "sample", "n": 513, "mode": "forward_backward", "round": 2, "block": 0, "label": "A", "sample": 8, "ms": 9.654848098754883}
{"event": "sample", "n": 513, "mode": "forward_backward", "round": 2, "block": 0, "label": "A", "sample": 9, "ms": 9.672160148620605}
{"event": "sample", "n": 513, "mode": "forward_backward", "round": 2, "block": 1, "label": "B", "sample": 0, "ms": 10.036128044128418}
{"event": "sample", "n": 513, "mode": "forward_backward", "round": 2, "block": 1, "label": "B", "sample": 1, "ms": 9.625151634216309}
{"event": "sample", "n": 513, "mode": "forward_backward", "round": 2, "block": 1, "label": "B", "sample": 2, "ms": 9.626751899719238}
{"event": "sample", "n": 513, "mode": "forward_backward", "round": 2, "block": 1, "label": "B", "sample": 3, "ms": 9.610112190246582}
{"event": "sample", "n": 513, "mode": "forward_backward", "round": 2, "block": 1, "label": "B", "sample": 4, "ms": 9.615903854370117}
{"event": "sample", "n": 513, "mode": "forward_backward", "round": 2, "block": 1, "label": "B", "sample": 5, "ms": 9.62230396270752}
{"event": "sample", "n": 513, "mode": "forward_backward", "round": 2, "block": 1, "label": "B", "sample": 6, "ms": 9.62992000579834}
{"event": "sample", "n": 513, "mode": "forward_backward", "round": 2, "block": 1, "label": "B", "sample": 7, "ms": 9.631135940551758}
{"event": "sample", "n": 513, "mode": "forward_backward", "round": 2, "block": 1, "label": "B", "sample": 8, "ms": 9.616191864013672}
{"event": "sample", "n": 513, "mode": "forward_backward", "round": 2, "block": 1, "label": "B", "sample": 9, "ms": 9.62342357635498}
{"event": "sample", "n": 513, "mode": "forward_backward", "round": 2, "block": 2, "label": "B", "sample": 0, "ms": 10.060768127441406}
{"event": "sample", "n": 513, "mode": "forward_backward", "round": 2, "block": 2, "label": "B", "sample": 1, "ms": 9.605440139770508}
{"event": "sample", "n": 513, "mode": "forward_backward", "round": 2, "block": 2, "label": "B", "sample": 2, "ms": 9.615455627441406}
{"event": "sample", "n": 513, "mode": "forward_backward", "round": 2, "block": 2, "label": "B", "sample": 3, "ms": 9.61184024810791}
{"event": "sample", "n": 513, "mode": "forward_backward", "round": 2, "block": 2, "label": "B", "sample": 4, "ms": 9.614336013793945}
{"event": "sample", "n": 513, "mode": "forward_backward", "round": 2, "block": 2, "label": "B", "sample": 5, "ms": 9.616255760192871}
{"event": "sample", "n": 513, "mode": "forward_backward", "round": 2, "block": 2, "label": "B", "sample": 6, "ms": 9.614720344543457}
{"event": "sample", "n": 513, "mode": "forward_backward", "round": 2, "block": 2, "label": "B", "sample": 7, "ms": 9.603903770446777}
{"event": "sample", "n": 513, "mode": "forward_backward", "round": 2, "block": 2, "label": "B", "sample": 8, "ms": 9.61734390258789}
{"event": "sample", "n": 513, "mode": "forward_backward", "round": 2, "block": 2, "label": "B", "sample": 9, "ms": 9.61404800415039}
{"event": "sample", "n": 513, "mode": "forward_backward", "round": 2, "block": 3, "label": "A", "sample": 0, "ms": 10.077919960021973}
{"event": "sample", "n": 513, "mode": "forward_backward", "round": 2, "block": 3, "label": "A", "sample": 1, "ms": 9.667648315429688}
{"event": "sample", "n": 513, "mode": "forward_backward", "round": 2, "block": 3, "label": "A", "sample": 2, "ms": 9.675968170166016}
{"event": "sample", "n": 513, "mode": "forward_backward", "round": 2, "block": 3, "label": "A", "sample": 3, "ms": 9.66643238067627}
{"event": "sample", "n": 513, "mode": "forward_backward", "round": 2, "block": 3, "label": "A", "sample": 4, "ms": 9.678079605102539}
{"event": "sample", "n": 513, "mode": "forward_backward", "round": 2, "block": 3, "label": "A", "sample": 5, "ms": 9.667167663574219}
{"event": "sample", "n": 513, "mode": "forward_backward", "round": 2, "block": 3, "label": "A", "sample": 6, "ms": 9.65561580657959}
{"event": "sample", "n": 513, "mode": "forward_backward", "round": 2, "block": 3, "label": "A", "sample": 7, "ms": 9.668031692504883}
{"event": "sample", "n": 513, "mode": "forward_backward", "round": 2, "block": 3, "label": "A", "sample": 8, "ms": 9.668543815612793}
{"event": "sample", "n": 513, "mode": "forward_backward", "round": 2, "block": 3, "label": "A", "sample": 9, "ms": 9.663552284240723}
{"event": "summary", "n": 513, "mode": "forward_backward", "median_ms": {"A": 9.667680263519287, "B": 9.618079662322998}, "speedup": 1.0051570170904895, "samples_per_label": 60}
{"event": "parity", "n": 640, "checks": {"output": {"relative_l2": 0.0, "baseline_zero_max_abs_diagnostic": 0.0, "passed": true}, "dq": {"relative_l2": 1.635228909435682e-05, "baseline_zero_max_abs_diagnostic": 0.0, "passed": true}, "dk": {"relative_l2": 0.0, "baseline_zero_max_abs_diagnostic": 0.0, "passed": true}, "dv": {"relative_l2": 0.0, "baseline_zero_max_abs_diagnostic": 0.0, "passed": true}, "db": {"relative_l2": 3.03478300338611e-05, "baseline_zero_max_abs_diagnostic": 0.0, "passed": true}}, "independent_reference": false}
{"event": "forward_configs", "n": 640, "configs": {"previous_fused_4b832de": {"kwargs": {"BLOCK_J": 64, "BLOCK_K": 64}, "num_warps": 4, "num_stages": 3, "num_ctas": 1, "maxnreg": null}, "optimized_fused": {"kwargs": {"BLOCK_J": 64, "BLOCK_K": 64}, "num_warps": 4, "num_stages": 2, "num_ctas": 1, "maxnreg": 96}}}
{"event": "memory", "n": 640, "measurements": {"A": {"peak_increment_bytes": 1000755200, "retained_increment_bytes": 845414400}, "B": {"peak_increment_bytes": 1000755200, "retained_increment_bytes": 845414400}}}
{"event": "sample", "n": 640, "mode": "forward", "round": 0, "block": 0, "label": "A", "sample": 0, "ms": 3.0366721153259277}
{"event": "sample", "n": 640, "mode": "forward", "round": 0, "block": 0, "label": "A", "sample": 1, "ms": 2.726655960083008}
{"event": "sample", "n": 640, "mode": "forward", "round": 0, "block": 0, "label": "A", "sample": 2, "ms": 2.726975917816162}
{"event": "sample", "n": 640, "mode": "forward", "round": 0, "block": 0, "label": "A", "sample": 3, "ms": 2.72489595413208}
{"event": "sample", "n": 640, "mode": "forward", "round": 0, "block": 0, "label": "A", "sample": 4, "ms": 2.725759983062744}
{"event": "sample", "n": 640, "mode": "forward", "round": 0, "block": 0, "label": "A", "sample": 5, "ms": 2.725152015686035}
{"event": "sample", "n": 640, "mode": "forward", "round": 0, "block": 0, "label": "A", "sample": 6, "ms": 2.7249279022216797}
{"event": "sample", "n": 640, "mode": "forward", "round": 0, "block": 0, "label": "A", "sample": 7, "ms": 2.7261440753936768}
{"event": "sample", "n": 640, "mode": "forward", "round": 0, "block": 0, "label": "A", "sample": 8, "ms": 2.7255361080169678}
{"event": "sample", "n": 640, "mode": "forward", "round": 0, "block": 0, "label": "A", "sample": 9, "ms": 2.7259199619293213}
{"event": "sample", "n": 640, "mode": "forward", "round": 0, "block": 1, "label": "B", "sample": 0, "ms": 3.029344081878662}
{"event": "sample", "n": 640, "mode": "forward", "round": 0, "block": 1, "label": "B", "sample": 1, "ms": 2.6765758991241455}
{"event": "sample", "n": 640, "mode": "forward", "round": 0, "block": 1, "label": "B", "sample": 2, "ms": 2.6759679317474365}
{"event": "sample", "n": 640, "mode": "forward", "round": 0, "block": 1, "label": "B", "sample": 3, "ms": 2.675584077835083}
{"event": "sample", "n": 640, "mode": "forward", "round": 0, "block": 1, "label": "B", "sample": 4, "ms": 2.6749439239501953}
{"event": "sample", "n": 640, "mode": "forward", "round": 0, "block": 1, "label": "B", "sample": 5, "ms": 2.6755518913269043}
{"event": "sample", "n": 640, "mode": "forward", "round": 0, "block": 1, "label": "B", "sample": 6, "ms": 2.67574405670166}
{"event": "sample", "n": 640, "mode": "forward", "round": 0, "block": 1, "label": "B", "sample": 7, "ms": 2.6767680644989014}
{"event": "sample", "n": 640, "mode": "forward", "round": 0, "block": 1, "label": "B", "sample": 8, "ms": 2.676543951034546}
{"event": "sample", "n": 640, "mode": "forward", "round": 0, "block": 1, "label": "B", "sample": 9, "ms": 2.6760640144348145}
{"event": "sample", "n": 640, "mode": "forward", "round": 0, "block": 2, "label": "B", "sample": 0, "ms": 3.007967948913574}
{"event": "sample", "n": 640, "mode": "forward", "round": 0, "block": 2, "label": "B", "sample": 1, "ms": 2.67523193359375}
{"event": "sample", "n": 640, "mode": "forward", "round": 0, "block": 2, "label": "B", "sample": 2, "ms": 2.6773440837860107}
{"event": "sample", "n": 640, "mode": "forward", "round": 0, "block": 2, "label": "B", "sample": 3, "ms": 2.675935983657837}
{"event": "sample", "n": 640, "mode": "forward", "round": 0, "block": 2, "label": "B", "sample": 4, "ms": 2.6757121086120605}
{"event": "sample", "n": 640, "mode": "forward", "round": 0, "block": 2, "label": "B", "sample": 5, "ms": 2.6769919395446777}
{"event": "sample", "n": 640, "mode": "forward", "round": 0, "block": 2, "label": "B", "sample": 6, "ms": 2.676095962524414}
{"event": "sample", "n": 640, "mode": "forward", "round": 0, "block": 2, "label": "B", "sample": 7, "ms": 2.6750400066375732}
{"event": "sample", "n": 640, "mode": "forward", "round": 0, "block": 2, "label": "B", "sample": 8, "ms": 2.675584077835083}
{"event": "sample", "n": 640, "mode": "forward", "round": 0, "block": 2, "label": "B", "sample": 9, "ms": 2.675136089324951}
{"event": "sample", "n": 640, "mode": "forward", "round": 0, "block": 3, "label": "A", "sample": 0, "ms": 3.1013760566711426}
{"event": "sample", "n": 640, "mode": "forward", "round": 0, "block": 3, "label": "A", "sample": 1, "ms": 2.72707200050354}
{"event": "sample", "n": 640, "mode": "forward", "round": 0, "block": 3, "label": "A", "sample": 2, "ms": 2.7271358966827393}
{"event": "sample", "n": 640, "mode": "forward", "round": 0, "block": 3, "label": "A", "sample": 3, "ms": 2.725759983062744}
{"event": "sample", "n": 640, "mode": "forward", "round": 0, "block": 3, "label": "A", "sample": 4, "ms": 2.7257919311523438}
{"event": "sample", "n": 640, "mode": "forward", "round": 0, "block": 3, "label": "A", "sample": 5, "ms": 2.7251200675964355}
{"event": "sample", "n": 640, "mode": "forward", "round": 0, "block": 3, "label": "A", "sample": 6, "ms": 2.725663900375366}
{"event": "sample", "n": 640, "mode": "forward", "round": 0, "block": 3, "label": "A", "sample": 7, "ms": 2.7252800464630127}
{"event": "sample", "n": 640, "mode": "forward", "round": 0, "block": 3, "label": "A", "sample": 8, "ms": 2.725248098373413}
{"event": "sample", "n": 640, "mode": "forward", "round": 0, "block": 3, "label": "A", "sample": 9, "ms": 2.7257919311523438}
{"event": "sample", "n": 640, "mode": "forward", "round": 1, "block": 0, "label": "A", "sample": 0, "ms": 3.072767972946167}
{"event": "sample", "n": 640, "mode": "forward", "round": 1, "block": 0, "label": "A", "sample": 1, "ms": 2.7268478870391846}
{"event": "sample", "n": 640, "mode": "forward", "round": 1, "block": 0, "label": "A", "sample": 2, "ms": 2.7260799407958984}
{"event": "sample", "n": 640, "mode": "forward", "round": 1, "block": 0, "label": "A", "sample": 3, "ms": 2.7262399196624756}
{"event": "sample", "n": 640, "mode": "forward", "round": 1, "block": 0, "label": "A", "sample": 4, "ms": 2.7257280349731445}
{"event": "sample", "n": 640, "mode": "forward", "round": 1, "block": 0, "label": "A", "sample": 5, "ms": 2.725152015686035}
{"event": "sample", "n": 640, "mode": "forward", "round": 1, "block": 0, "label": "A", "sample": 6, "ms": 2.7254080772399902}
{"event": "sample", "n": 640, "mode": "forward", "round": 1, "block": 0, "label": "A", "sample": 7, "ms": 2.725248098373413}
{"event": "sample", "n": 640, "mode": "forward", "round": 1, "block": 0, "label": "A", "sample": 8, "ms": 2.7248640060424805}
{"event": "sample", "n": 640, "mode": "forward", "round": 1, "block": 0, "label": "A", "sample": 9, "ms": 2.7258241176605225}
{"event": "sample", "n": 640, "mode": "forward", "round": 1, "block": 1, "label": "B", "sample": 0, "ms": 3.013184070587158}
{"event": "sample", "n": 640, "mode": "forward", "round": 1, "block": 1, "label": "B", "sample": 1, "ms": 2.6765758991241455}
{"event": "sample", "n": 640, "mode": "forward", "round": 1, "block": 1, "label": "B", "sample": 2, "ms": 2.6763200759887695}
{"event": "sample", "n": 640, "mode": "forward", "round": 1, "block": 1, "label": "B", "sample": 3, "ms": 2.677567958831787}
{"event": "sample", "n": 640, "mode": "forward", "round": 1, "block": 1, "label": "B", "sample": 4, "ms": 2.675935983657837}
{"event": "sample", "n": 640, "mode": "forward", "round": 1, "block": 1, "label": "B", "sample": 5, "ms": 2.6750080585479736}
{"event": "sample", "n": 640, "mode": "forward", "round": 1, "block": 1, "label": "B", "sample": 6, "ms": 2.676703929901123}
{"event": "sample", "n": 640, "mode": "forward", "round": 1, "block": 1, "label": "B", "sample": 7, "ms": 2.676448106765747}
{"event": "sample", "n": 640, "mode": "forward", "round": 1, "block": 1, "label": "B", "sample": 8, "ms": 2.6769280433654785}
{"event": "sample", "n": 640, "mode": "forward", "round": 1, "block": 1, "label": "B", "sample": 9, "ms": 2.676192045211792}
{"event": "sample", "n": 640, "mode": "forward", "round": 1, "block": 2, "label": "B", "sample": 0, "ms": 2.983936071395874}
{"event": "sample", "n": 640, "mode": "forward", "round": 1, "block": 2, "label": "B", "sample": 1, "ms": 2.675487995147705}
{"event": "sample", "n": 640, "mode": "forward", "round": 1, "block": 2, "label": "B", "sample": 2, "ms": 2.675679922103882}
{"event": "sample", "n": 640, "mode": "forward", "round": 1, "block": 2, "label": "B", "sample": 3, "ms": 2.682271957397461}
{"event": "sample", "n": 640, "mode": "forward", "round": 1, "block": 2, "label": "B", "sample": 4, "ms": 2.6827518939971924}
{"event": "sample", "n": 640, "mode": "forward", "round": 1, "block": 2, "label": "B", "sample": 5, "ms": 2.6805760860443115}
{"event": "sample", "n": 640, "mode": "forward", "round": 1, "block": 2, "label": "B", "sample": 6, "ms": 2.6814401149749756}
{"event": "sample", "n": 640, "mode": "forward", "round": 1, "block": 2, "label": "B", "sample": 7, "ms": 2.6810240745544434}
{"event": "sample", "n": 640, "mode": "forward", "round": 1, "block": 2, "label": "B", "sample": 8, "ms": 2.6828479766845703}
{"event": "sample", "n": 640, "mode": "forward", "round": 1, "block": 2, "label": "B", "sample": 9, "ms": 2.6825919151306152}
{"event": "sample", "n": 640, "mode": "forward", "round": 1, "block": 3, "label": "A", "sample": 0, "ms": 3.0951359272003174}
{"event": "sample", "n": 640, "mode": "forward", "round": 1, "block": 3, "label": "A", "sample": 1, "ms": 2.732736110687256}
{"event": "sample", "n": 640, "mode": "forward", "round": 1, "block": 3, "label": "A", "sample": 2, "ms": 2.733504056930542}
{"event": "sample", "n": 640, "mode": "forward", "round": 1, "block": 3, "label": "A", "sample": 3, "ms": 2.7331840991973877}
{"event": "sample", "n": 640, "mode": "forward", "round": 1, "block": 3, "label": "A", "sample": 4, "ms": 2.732703924179077}
{"event": "sample", "n": 640, "mode": "forward", "round": 1, "block": 3, "label": "A", "sample": 5, "ms": 2.732736110687256}
{"event": "sample", "n": 640, "mode": "forward", "round": 1, "block": 3, "label": "A", "sample": 6, "ms": 2.7328639030456543}
{"event": "sample", "n": 640, "mode": "forward", "round": 1, "block": 3, "label": "A", "sample": 7, "ms": 2.731935977935791}
{"event": "sample", "n": 640, "mode": "forward", "round": 1, "block": 3, "label": "A", "sample": 8, "ms": 2.7319040298461914}
{"event": "sample", "n": 640, "mode": "forward", "round": 1, "block": 3, "label": "A", "sample": 9, "ms": 2.7331840991973877}
{"event": "sample", "n": 640, "mode": "forward", "round": 2, "block": 0, "label": "A", "sample": 0, "ms": 3.084991931915283}
{"event": "sample", "n": 640, "mode": "forward", "round": 2, "block": 0, "label": "A", "sample": 1, "ms": 2.7340478897094727}
{"event": "sample", "n": 640, "mode": "forward", "round": 2, "block": 0, "label": "A", "sample": 2, "ms": 2.7334721088409424}
{"event": "sample", "n": 640, "mode": "forward", "round": 2, "block": 0, "label": "A", "sample": 3, "ms": 2.731519937515259}
{"event": "sample", "n": 640, "mode": "forward", "round": 2, "block": 0, "label": "A", "sample": 4, "ms": 2.731872081756592}
{"event": "sample", "n": 640, "mode": "forward", "round": 2, "block": 0, "label": "A", "sample": 5, "ms": 2.7319040298461914}
{"event": "sample", "n": 640, "mode": "forward", "round": 2, "block": 0, "label": "A", "sample": 6, "ms": 2.7318079471588135}
{"event": "sample", "n": 640, "mode": "forward", "round": 2, "block": 0, "label": "A", "sample": 7, "ms": 2.7312960624694824}
{"event": "sample", "n": 640, "mode": "forward", "round": 2, "block": 0, "label": "A", "sample": 8, "ms": 2.7313919067382812}
{"event": "sample", "n": 640, "mode": "forward", "round": 2, "block": 0, "label": "A", "sample": 9, "ms": 2.7316479682922363}
{"event": "sample", "n": 640, "mode": "forward", "round": 2, "block": 1, "label": "B", "sample": 0, "ms": 3.0001280307769775}
{"event": "sample", "n": 640, "mode": "forward", "round": 2, "block": 1, "label": "B", "sample": 1, "ms": 2.6806399822235107}
{"event": "sample", "n": 640, "mode": "forward", "round": 2, "block": 1, "label": "B", "sample": 2, "ms": 2.682784080505371}
{"event": "sample", "n": 640, "mode": "forward", "round": 2, "block": 1, "label": "B", "sample": 3, "ms": 2.6810240745544434}
{"event": "sample", "n": 640, "mode": "forward", "round": 2, "block": 1, "label": "B", "sample": 4, "ms": 2.680799961090088}
{"event": "sample", "n": 640, "mode": "forward", "round": 2, "block": 1, "label": "B", "sample": 5, "ms": 2.6812798976898193}
{"event": "sample", "n": 640, "mode": "forward", "round": 2, "block": 1, "label": "B", "sample": 6, "ms": 2.6825599670410156}
{"event": "sample", "n": 640, "mode": "forward", "round": 2, "block": 1, "label": "B", "sample": 7, "ms": 2.674527883529663}
{"event": "sample", "n": 640, "mode": "forward", "round": 2, "block": 1, "label": "B", "sample": 8, "ms": 2.6757121086120605}
{"event": "sample", "n": 640, "mode": "forward", "round": 2, "block": 1, "label": "B", "sample": 9, "ms": 2.6763200759887695}
{"event": "sample", "n": 640, "mode": "forward", "round": 2, "block": 2, "label": "B", "sample": 0, "ms": 2.978111982345581}
{"event": "sample", "n": 640, "mode": "forward", "round": 2, "block": 2, "label": "B", "sample": 1, "ms": 2.675424098968506}
{"event": "sample", "n": 640, "mode": "forward", "round": 2, "block": 2, "label": "B", "sample": 2, "ms": 2.6747519969940186}
{"event": "sample", "n": 640, "mode": "forward", "round": 2, "block": 2, "label": "B", "sample": 3, "ms": 2.67523193359375}
{"event": "sample", "n": 640, "mode": "forward", "round": 2, "block": 2, "label": "B", "sample": 4, "ms": 2.6763200759887695}
{"event": "sample", "n": 640, "mode": "forward", "round": 2, "block": 2, "label": "B", "sample": 5, "ms": 2.675679922103882}
{"event": "sample", "n": 640, "mode": "forward", "round": 2, "block": 2, "label": "B", "sample": 6, "ms": 2.67740797996521}
{"event": "sample", "n": 640, "mode": "forward", "round": 2, "block": 2, "label": "B", "sample": 7, "ms": 2.67740797996521}
{"event": "sample", "n": 640, "mode": "forward", "round": 2, "block": 2, "label": "B", "sample": 8, "ms": 2.676192045211792}
{"event": "sample", "n": 640, "mode": "forward", "round": 2, "block": 2, "label": "B", "sample": 9, "ms": 2.674976110458374}
{"event": "sample", "n": 640, "mode": "forward", "round": 2, "block": 3, "label": "A", "sample": 0, "ms": 3.0618560314178467}
{"event": "sample", "n": 640, "mode": "forward", "round": 2, "block": 3, "label": "A", "sample": 1, "ms": 2.7268800735473633}
{"event": "sample", "n": 640, "mode": "forward", "round": 2, "block": 3, "label": "A", "sample": 2, "ms": 2.727168083190918}
{"event": "sample", "n": 640, "mode": "forward", "round": 2, "block": 3, "label": "A", "sample": 3, "ms": 2.725152015686035}
{"event": "sample", "n": 640, "mode": "forward", "round": 2, "block": 3, "label": "A", "sample": 4, "ms": 2.7250239849090576}
{"event": "sample", "n": 640, "mode": "forward", "round": 2, "block": 3, "label": "A", "sample": 5, "ms": 2.7247040271759033}
{"event": "sample", "n": 640, "mode": "forward", "round": 2, "block": 3, "label": "A", "sample": 6, "ms": 2.7251839637756348}
{"event": "sample", "n": 640, "mode": "forward", "round": 2, "block": 3, "label": "A", "sample": 7, "ms": 2.724992036819458}
{"event": "sample", "n": 640, "mode": "forward", "round": 2, "block": 3, "label": "A", "sample": 8, "ms": 2.7264320850372314}
{"event": "sample", "n": 640, "mode": "forward", "round": 2, "block": 3, "label": "A", "sample": 9, "ms": 2.7262721061706543}
{"event": "summary", "n": 640, "mode": "forward", "median_ms": {"A": 2.726751923561096, "B": 2.6764960289001465}, "speedup": 1.0187767491968227, "samples_per_label": 60}
{"event": "sample", "n": 640, "mode": "backward", "round": 0, "block": 0, "label": "A", "sample": 0, "ms": 10.727871894836426}
{"event": "sample", "n": 640, "mode": "backward", "round": 0, "block": 0, "label": "A", "sample": 1, "ms": 10.575551986694336}
{"event": "sample", "n": 640, "mode": "backward", "round": 0, "block": 0, "label": "A", "sample": 2, "ms": 10.560640335083008}
{"event": "sample", "n": 640, "mode": "backward", "round": 0, "block": 0, "label": "A", "sample": 3, "ms": 10.575712203979492}
{"event": "sample", "n": 640, "mode": "backward", "round": 0, "block": 0, "label": "A", "sample": 4, "ms": 10.575263977050781}
{"event": "sample", "n": 640, "mode": "backward", "round": 0, "block": 0, "label": "A", "sample": 5, "ms": 10.557408332824707}
{"event": "sample", "n": 640, "mode": "backward", "round": 0, "block": 0, "label": "A", "sample": 6, "ms": 10.541791915893555}
{"event": "sample", "n": 640, "mode": "backward", "round": 0, "block": 0, "label": "A", "sample": 7, "ms": 10.541952133178711}
{"event": "sample", "n": 640, "mode": "backward", "round": 0, "block": 0, "label": "A", "sample": 8, "ms": 10.538592338562012}
{"event": "sample", "n": 640, "mode": "backward", "round": 0, "block": 0, "label": "A", "sample": 9, "ms": 10.53923225402832}
{"event": "sample", "n": 640, "mode": "backward", "round": 0, "block": 1, "label": "B", "sample": 0, "ms": 10.692447662353516}
{"event": "sample", "n": 640, "mode": "backward", "round": 0, "block": 1, "label": "B", "sample": 1, "ms": 10.54428768157959}
{"event": "sample", "n": 640, "mode": "backward", "round": 0, "block": 1, "label": "B", "sample": 2, "ms": 10.542400360107422}
{"event": "sample", "n": 640, "mode": "backward", "round": 0, "block": 1, "label": "B", "sample": 3, "ms": 10.551712036132812}
{"event": "sample", "n": 640, "mode": "backward", "round": 0, "block": 1, "label": "B", "sample": 4, "ms": 10.541855812072754}
{"event": "sample", "n": 640, "mode": "backward", "round": 0, "block": 1, "label": "B", "sample": 5, "ms": 10.555487632751465}
{"event": "sample", "n": 640, "mode": "backward", "round": 0, "block": 1, "label": "B", "sample": 6, "ms": 10.591360092163086}
{"event": "sample", "n": 640, "mode": "backward", "round": 0, "block": 1, "label": "B", "sample": 7, "ms": 10.581664085388184}
{"event": "sample", "n": 640, "mode": "backward", "round": 0, "block": 1, "label": "B", "sample": 8, "ms": 10.571904182434082}
{"event": "sample", "n": 640, "mode": "backward", "round": 0, "block": 1, "label": "B", "sample": 9, "ms": 10.567935943603516}
{"event": "sample", "n": 640, "mode": "backward", "round": 0, "block": 2, "label": "B", "sample": 0, "ms": 11.213408470153809}
{"event": "sample", "n": 640, "mode": "backward", "round": 0, "block": 2, "label": "B", "sample": 1, "ms": 10.56339168548584}
{"event": "sample", "n": 640, "mode": "backward", "round": 0, "block": 2, "label": "B", "sample": 2, "ms": 10.568991661071777}
{"event": "sample", "n": 640, "mode": "backward", "round": 0, "block": 2, "label": "B", "sample": 3, "ms": 10.560352325439453}
{"event": "sample", "n": 640, "mode": "backward", "round": 0, "block": 2, "label": "B", "sample": 4, "ms": 10.565376281738281}
{"event": "sample", "n": 640, "mode": "backward", "round": 0, "block": 2, "label": "B", "sample": 5, "ms": 10.545984268188477}
{"event": "sample", "n": 640, "mode": "backward", "round": 0, "block": 2, "label": "B", "sample": 6, "ms": 10.542336463928223}
{"event": "sample", "n": 640, "mode": "backward", "round": 0, "block": 2, "label": "B", "sample": 7, "ms": 10.550623893737793}
{"event": "sample", "n": 640, "mode": "backward", "round": 0, "block": 2, "label": "B", "sample": 8, "ms": 10.540191650390625}
{"event": "sample", "n": 640, "mode": "backward", "round": 0, "block": 2, "label": "B", "sample": 9, "ms": 10.542367935180664}
{"event": "sample", "n": 640, "mode": "backward", "round": 0, "block": 3, "label": "A", "sample": 0, "ms": 10.706656455993652}
{"event": "sample", "n": 640, "mode": "backward", "round": 0, "block": 3, "label": "A", "sample": 1, "ms": 10.542271614074707}
{"event": "sample", "n": 640, "mode": "backward", "round": 0, "block": 3, "label": "A", "sample": 2, "ms": 10.539487838745117}
{"event": "sample", "n": 640, "mode": "backward", "round": 0, "block": 3, "label": "A", "sample": 3, "ms": 10.54793643951416}
{"event": "sample", "n": 640, "mode": "backward", "round": 0, "block": 3, "label": "A", "sample": 4, "ms": 10.569279670715332}
{"event": "sample", "n": 640, "mode": "backward", "round": 0, "block": 3, "label": "A", "sample": 5, "ms": 10.573472023010254}
{"event": "sample", "n": 640, "mode": "backward", "round": 0, "block": 3, "label": "A", "sample": 6, "ms": 10.573920249938965}
{"event": "sample", "n": 640, "mode": "backward", "round": 0, "block": 3, "label": "A", "sample": 7, "ms": 10.56390380859375}
{"event": "sample", "n": 640, "mode": "backward", "round": 0, "block": 3, "label": "A", "sample": 8, "ms": 10.572640419006348}
{"event": "sample", "n": 640, "mode": "backward", "round": 0, "block": 3, "label": "A", "sample": 9, "ms": 10.574624061584473}
{"event": "sample", "n": 640, "mode": "backward", "round": 1, "block": 0, "label": "A", "sample": 0, "ms": 10.716608047485352}
{"event": "sample", "n": 640, "mode": "backward", "round": 1, "block": 0, "label": "A", "sample": 1, "ms": 10.572863578796387}
{"event": "sample", "n": 640, "mode": "backward", "round": 1, "block": 0, "label": "A", "sample": 2, "ms": 10.568960189819336}
{"event": "sample", "n": 640, "mode": "backward", "round": 1, "block": 0, "label": "A", "sample": 3, "ms": 10.553215980529785}
{"event": "sample", "n": 640, "mode": "backward", "round": 1, "block": 0, "label": "A", "sample": 4, "ms": 10.534624099731445}
{"event": "sample", "n": 640, "mode": "backward", "round": 1, "block": 0, "label": "A", "sample": 5, "ms": 10.543135643005371}
{"event": "sample", "n": 640, "mode": "backward", "round": 1, "block": 0, "label": "A", "sample": 6, "ms": 10.545984268188477}
{"event": "sample", "n": 640, "mode": "backward", "round": 1, "block": 0, "label": "A", "sample": 7, "ms": 10.535776138305664}
{"event": "sample", "n": 640, "mode": "backward", "round": 1, "block": 0, "label": "A", "sample": 8, "ms": 10.557696342468262}
{"event": "sample", "n": 640, "mode": "backward", "round": 1, "block": 0, "label": "A", "sample": 9, "ms": 10.539936065673828}
{"event": "sample", "n": 640, "mode": "backward", "round": 1, "block": 1, "label": "B", "sample": 0, "ms": 10.71343994140625}
{"event": "sample", "n": 640, "mode": "backward", "round": 1, "block": 1, "label": "B", "sample": 1, "ms": 10.55504035949707}
{"event": "sample", "n": 640, "mode": "backward", "round": 1, "block": 1, "label": "B", "sample": 2, "ms": 10.546815872192383}
{"event": "sample", "n": 640, "mode": "backward", "round": 1, "block": 1, "label": "B", "sample": 3, "ms": 10.54259204864502}
{"event": "sample", "n": 640, "mode": "backward", "round": 1, "block": 1, "label": "B", "sample": 4, "ms": 10.545087814331055}
{"event": "sample", "n": 640, "mode": "backward", "round": 1, "block": 1, "label": "B", "sample": 5, "ms": 10.538880348205566}
{"event": "sample", "n": 640, "mode": "backward", "round": 1, "block": 1, "label": "B", "sample": 6, "ms": 10.528863906860352}
{"event": "sample", "n": 640, "mode": "backward", "round": 1, "block": 1, "label": "B", "sample": 7, "ms": 10.541088104248047}
{"event": "sample", "n": 640, "mode": "backward", "round": 1, "block": 1, "label": "B", "sample": 8, "ms": 10.545696258544922}
{"event": "sample", "n": 640, "mode": "backward", "round": 1, "block": 1, "label": "B", "sample": 9, "ms": 10.547072410583496}
{"event": "sample", "n": 640, "mode": "backward", "round": 1, "block": 2, "label": "B", "sample": 0, "ms": 10.697407722473145}
{"event": "sample", "n": 640, "mode": "backward", "round": 1, "block": 2, "label": "B", "sample": 1, "ms": 10.554304122924805}
{"event": "sample", "n": 640, "mode": "backward", "round": 1, "block": 2, "label": "B", "sample": 2, "ms": 10.542783737182617}
{"event": "sample", "n": 640, "mode": "backward", "round": 1, "block": 2, "label": "B", "sample": 3, "ms": 10.556159973144531}
{"event": "sample", "n": 640, "mode": "backward", "round": 1, "block": 2, "label": "B", "sample": 4, "ms": 10.548288345336914}
{"event": "sample", "n": 640, "mode": "backward", "round": 1, "block": 2, "label": "B", "sample": 5, "ms": 10.539072036743164}
{"event": "sample", "n": 640, "mode": "backward", "round": 1, "block": 2, "label": "B", "sample": 6, "ms": 10.546560287475586}
{"event": "sample", "n": 640, "mode": "backward", "round": 1, "block": 2, "label": "B", "sample": 7, "ms": 10.54470443725586}
{"event": "sample", "n": 640, "mode": "backward", "round": 1, "block": 2, "label": "B", "sample": 8, "ms": 10.54918384552002}
{"event": "sample", "n": 640, "mode": "backward", "round": 1, "block": 2, "label": "B", "sample": 9, "ms": 10.545663833618164}
{"event": "sample", "n": 640, "mode": "backward", "round": 1, "block": 3, "label": "A", "sample": 0, "ms": 10.698335647583008}
{"event": "sample", "n": 640, "mode": "backward", "round": 1, "block": 3, "label": "A", "sample": 1, "ms": 10.548704147338867}
{"event": "sample", "n": 640, "mode": "backward", "round": 1, "block": 3, "label": "A", "sample": 2, "ms": 10.54969596862793}
{"event": "sample", "n": 640, "mode": "backward", "round": 1, "block": 3, "label": "A", "sample": 3, "ms": 10.54419231414795}
{"event": "sample", "n": 640, "mode": "backward", "round": 1, "block": 3, "label": "A", "sample": 4, "ms": 10.550975799560547}
{"event": "sample", "n": 640, "mode": "backward", "round": 1, "block": 3, "label": "A", "sample": 5, "ms": 10.54537582397461}
{"event": "sample", "n": 640, "mode": "backward", "round": 1, "block": 3, "label": "A", "sample": 6, "ms": 10.564672470092773}
{"event": "sample", "n": 640, "mode": "backward", "round": 1, "block": 3, "label": "A", "sample": 7, "ms": 10.558048248291016}
{"event": "sample", "n": 640, "mode": "backward", "round": 1, "block": 3, "label": "A", "sample": 8, "ms": 10.546208381652832}
{"event": "sample", "n": 640, "mode": "backward", "round": 1, "block": 3, "label": "A", "sample": 9, "ms": 10.541088104248047}
{"event": "sample", "n": 640, "mode": "backward", "round": 2, "block": 0, "label": "A", "sample": 0, "ms": 10.702176094055176}
{"event": "sample", "n": 640, "mode": "backward", "round": 2, "block": 0, "label": "A", "sample": 1, "ms": 10.54588794708252}
{"event": "sample", "n": 640, "mode": "backward", "round": 2, "block": 0, "label": "A", "sample": 2, "ms": 10.530752182006836}
{"event": "sample", "n": 640, "mode": "backward", "round": 2, "block": 0, "label": "A", "sample": 3, "ms": 10.536383628845215}
{"event": "sample", "n": 640, "mode": "backward", "round": 2, "block": 0, "label": "A", "sample": 4, "ms": 10.523263931274414}
{"event": "sample", "n": 640, "mode": "backward", "round": 2, "block": 0, "label": "A", "sample": 5, "ms": 10.526623725891113}
{"event": "sample", "n": 640, "mode": "backward", "round": 2, "block": 0, "label": "A", "sample": 6, "ms": 10.534111976623535}
{"event": "sample", "n": 640, "mode": "backward", "round": 2, "block": 0, "label": "A", "sample": 7, "ms": 10.536352157592773}
{"event": "sample", "n": 640, "mode": "backward", "round": 2, "block": 0, "label": "A", "sample": 8, "ms": 10.538847923278809}
{"event": "sample", "n": 640, "mode": "backward", "round": 2, "block": 0, "label": "A", "sample": 9, "ms": 10.530976295471191}
{"event": "sample", "n": 640, "mode": "backward", "round": 2, "block": 1, "label": "B", "sample": 0, "ms": 10.690048217773438}
{"event": "sample", "n": 640, "mode": "backward", "round": 2, "block": 1, "label": "B", "sample": 1, "ms": 10.552767753601074}
{"event": "sample", "n": 640, "mode": "backward", "round": 2, "block": 1, "label": "B", "sample": 2, "ms": 10.550623893737793}
{"event": "sample", "n": 640, "mode": "backward", "round": 2, "block": 1, "label": "B", "sample": 3, "ms": 10.529855728149414}
{"event": "sample", "n": 640, "mode": "backward", "round": 2, "block": 1, "label": "B", "sample": 4, "ms": 10.535072326660156}
{"event": "sample", "n": 640, "mode": "backward", "round": 2, "block": 1, "label": "B", "sample": 5, "ms": 10.552127838134766}
{"event": "sample", "n": 640, "mode": "backward", "round": 2, "block": 1, "label": "B", "sample": 6, "ms": 10.540063858032227}
{"event": "sample", "n": 640, "mode": "backward", "round": 2, "block": 1, "label": "B", "sample": 7, "ms": 10.554271697998047}
{"event": "sample", "n": 640, "mode": "backward", "round": 2, "block": 1, "label": "B", "sample": 8, "ms": 10.539392471313477}
{"event": "sample", "n": 640, "mode": "backward", "round": 2, "block": 1, "label": "B", "sample": 9, "ms": 10.544416427612305}
{"event": "sample", "n": 640, "mode": "backward", "round": 2, "block": 2, "label": "B", "sample": 0, "ms": 10.69696044921875}
{"event": "sample", "n": 640, "mode": "backward", "round": 2, "block": 2, "label": "B", "sample": 1, "ms": 10.522080421447754}
{"event": "sample", "n": 640, "mode": "backward", "round": 2, "block": 2, "label": "B", "sample": 2, "ms": 10.536128044128418}
{"event": "sample", "n": 640, "mode": "backward", "round": 2, "block": 2, "label": "B", "sample": 3, "ms": 10.5282564163208}
{"event": "sample", "n": 640, "mode": "backward", "round": 2, "block": 2, "label": "B", "sample": 4, "ms": 10.53548812866211}
{"event": "sample", "n": 640, "mode": "backward", "round": 2, "block": 2, "label": "B", "sample": 5, "ms": 10.517855644226074}
{"event": "sample", "n": 640, "mode": "backward", "round": 2, "block": 2, "label": "B", "sample": 6, "ms": 10.529664039611816}
{"event": "sample", "n": 640, "mode": "backward", "round": 2, "block": 2, "label": "B", "sample": 7, "ms": 10.52560043334961}
{"event": "sample", "n": 640, "mode": "backward", "round": 2, "block": 2, "label": "B", "sample": 8, "ms": 10.52137565612793}
{"event": "sample", "n": 640, "mode": "backward", "round": 2, "block": 2, "label": "B", "sample": 9, "ms": 10.533663749694824}
{"event": "sample", "n": 640, "mode": "backward", "round": 2, "block": 3, "label": "A", "sample": 0, "ms": 10.697983741760254}
{"event": "sample", "n": 640, "mode": "backward", "round": 2, "block": 3, "label": "A", "sample": 1, "ms": 10.546143531799316}
{"event": "sample", "n": 640, "mode": "backward", "round": 2, "block": 3, "label": "A", "sample": 2, "ms": 10.542943954467773}
{"event": "sample", "n": 640, "mode": "backward", "round": 2, "block": 3, "label": "A", "sample": 3, "ms": 10.54867172241211}
{"event": "sample", "n": 640, "mode": "backward", "round": 2, "block": 3, "label": "A", "sample": 4, "ms": 10.547072410583496}
{"event": "sample", "n": 640, "mode": "backward", "round": 2, "block": 3, "label": "A", "sample": 5, "ms": 10.557056427001953}
{"event": "sample", "n": 640, "mode": "backward", "round": 2, "block": 3, "label": "A", "sample": 6, "ms": 10.533696174621582}
{"event": "sample", "n": 640, "mode": "backward", "round": 2, "block": 3, "label": "A", "sample": 7, "ms": 10.556159973144531}
{"event": "sample", "n": 640, "mode": "backward", "round": 2, "block": 3, "label": "A", "sample": 8, "ms": 10.552703857421875}
{"event": "sample", "n": 640, "mode": "backward", "round": 2, "block": 3, "label": "A", "sample": 9, "ms": 10.55571174621582}
{"event": "summary", "n": 640, "mode": "backward", "median_ms": {"A": 10.548687934875488, "B": 10.5458402633667}, "speedup": 1.0002700279387582, "samples_per_label": 60}
{"event": "sample", "n": 640, "mode": "forward_backward", "round": 0, "block": 0, "label": "A", "sample": 0, "ms": 13.726367950439453}
{"event": "sample", "n": 640, "mode": "forward_backward", "round": 0, "block": 0, "label": "A", "sample": 1, "ms": 13.332736015319824}
{"event": "sample", "n": 640, "mode": "forward_backward", "round": 0, "block": 0, "label": "A", "sample": 2, "ms": 13.349087715148926}
{"event": "sample", "n": 640, "mode": "forward_backward", "round": 0, "block": 0, "label": "A", "sample": 3, "ms": 13.296832084655762}
{"event": "sample", "n": 640, "mode": "forward_backward", "round": 0, "block": 0, "label": "A", "sample": 4, "ms": 13.360095977783203}
{"event": "sample", "n": 640, "mode": "forward_backward", "round": 0, "block": 0, "label": "A", "sample": 5, "ms": 13.349984169006348}
{"event": "sample", "n": 640, "mode": "forward_backward", "round": 0, "block": 0, "label": "A", "sample": 6, "ms": 13.340127944946289}
{"event": "sample", "n": 640, "mode": "forward_backward", "round": 0, "block": 0, "label": "A", "sample": 7, "ms": 13.320735931396484}
{"event": "sample", "n": 640, "mode": "forward_backward", "round": 0, "block": 0, "label": "A", "sample": 8, "ms": 13.296640396118164}
{"event": "sample", "n": 640, "mode": "forward_backward", "round": 0, "block": 0, "label": "A", "sample": 9, "ms": 13.308768272399902}
{"event": "sample", "n": 640, "mode": "forward_backward", "round": 0, "block": 1, "label": "B", "sample": 0, "ms": 13.635904312133789}
{"event": "sample", "n": 640, "mode": "forward_backward", "round": 0, "block": 1, "label": "B", "sample": 1, "ms": 13.245792388916016}
{"event": "sample", "n": 640, "mode": "forward_backward", "round": 0, "block": 1, "label": "B", "sample": 2, "ms": 13.242143630981445}
{"event": "sample", "n": 640, "mode": "forward_backward", "round": 0, "block": 1, "label": "B", "sample": 3, "ms": 13.257408142089844}
{"event": "sample", "n": 640, "mode": "forward_backward", "round": 0, "block": 1, "label": "B", "sample": 4, "ms": 13.23795223236084}
{"event": "sample", "n": 640, "mode": "forward_backward", "round": 0, "block": 1, "label": "B", "sample": 5, "ms": 13.265695571899414}
{"event": "sample", "n": 640, "mode": "forward_backward", "round": 0, "block": 1, "label": "B", "sample": 6, "ms": 13.276448249816895}
{"event": "sample", "n": 640, "mode": "forward_backward", "round": 0, "block": 1, "label": "B", "sample": 7, "ms": 13.292192459106445}
{"event": "sample", "n": 640, "mode": "forward_backward", "round": 0, "block": 1, "label": "B", "sample": 8, "ms": 13.294207572937012}
{"event": "sample", "n": 640, "mode": "forward_backward", "round": 0, "block": 1, "label": "B", "sample": 9, "ms": 13.293375968933105}
{"event": "sample", "n": 640, "mode": "forward_backward", "round": 0, "block": 2, "label": "B", "sample": 0, "ms": 13.642335891723633}
{"event": "sample", "n": 640, "mode": "forward_backward", "round": 0, "block": 2, "label": "B", "sample": 1, "ms": 13.281632423400879}
{"event": "sample", "n": 640, "mode": "forward_backward", "round": 0, "block": 2, "label": "B", "sample": 2, "ms": 13.265503883361816}
{"event": "sample", "n": 640, "mode": "forward_backward", "round": 0, "block": 2, "label": "B", "sample": 3, "ms": 13.224767684936523}
{"event": "sample", "n": 640, "mode": "forward_backward", "round": 0, "block": 2, "label": "B", "sample": 4, "ms": 13.284704208374023}
{"event": "sample", "n": 640, "mode": "forward_backward", "round": 0, "block": 2, "label": "B", "sample": 5, "ms": 13.243776321411133}
{"event": "sample", "n": 640, "mode": "forward_backward", "round": 0, "block": 2, "label": "B", "sample": 6, "ms": 13.241951942443848}
{"event": "sample", "n": 640, "mode": "forward_backward", "round": 0, "block": 2, "label": "B", "sample": 7, "ms": 13.260736465454102}
{"event": "sample", "n": 640, "mode": "forward_backward", "round": 0, "block": 2, "label": "B", "sample": 8, "ms": 13.251296043395996}
{"event": "sample", "n": 640, "mode": "forward_backward", "round": 0, "block": 2, "label": "B", "sample": 9, "ms": 13.260607719421387}
{"event": "sample", "n": 640, "mode": "forward_backward", "round": 0, "block": 3, "label": "A", "sample": 0, "ms": 13.733792304992676}
{"event": "sample", "n": 640, "mode": "forward_backward", "round": 0, "block": 3, "label": "A", "sample": 1, "ms": 13.346495628356934}
{"event": "sample", "n": 640, "mode": "forward_backward", "round": 0, "block": 3, "label": "A", "sample": 2, "ms": 13.32966423034668}
{"event": "sample", "n": 640, "mode": "forward_backward", "round": 0, "block": 3, "label": "A", "sample": 3, "ms": 13.285216331481934}
{"event": "sample", "n": 640, "mode": "forward_backward", "round": 0, "block": 3, "label": "A", "sample": 4, "ms": 13.348832130432129}
{"event": "sample", "n": 640, "mode": "forward_backward", "round": 0, "block": 3, "label": "A", "sample": 5, "ms": 13.342559814453125}
{"event": "sample", "n": 640, "mode": "forward_backward", "round": 0, "block": 3, "label": "A", "sample": 6, "ms": 13.341695785522461}
{"event": "sample", "n": 640, "mode": "forward_backward", "round": 0, "block": 3, "label": "A", "sample": 7, "ms": 13.33187198638916}
{"event": "sample", "n": 640, "mode": "forward_backward", "round": 0, "block": 3, "label": "A", "sample": 8, "ms": 13.29263973236084}
{"event": "sample", "n": 640, "mode": "forward_backward", "round": 0, "block": 3, "label": "A", "sample": 9, "ms": 13.302592277526855}
{"event": "sample", "n": 640, "mode": "forward_backward", "round": 1, "block": 0, "label": "A", "sample": 0, "ms": 13.711551666259766}
{"event": "sample", "n": 640, "mode": "forward_backward", "round": 1, "block": 0, "label": "A", "sample": 1, "ms": 13.325632095336914}
{"event": "sample", "n": 640, "mode": "forward_backward", "round": 1, "block": 0, "label": "A", "sample": 2, "ms": 13.320320129394531}
{"event": "sample", "n": 640, "mode": "forward_backward", "round": 1, "block": 0, "label": "A", "sample": 3, "ms": 13.321727752685547}
{"event": "sample", "n": 640, "mode": "forward_backward", "round": 1, "block": 0, "label": "A", "sample": 4, "ms": 13.348128318786621}
{"event": "sample", "n": 640, "mode": "forward_backward", "round": 1, "block": 0, "label": "A", "sample": 5, "ms": 13.353792190551758}
{"event": "sample", "n": 640, "mode": "forward_backward", "round": 1, "block": 0, "label": "A", "sample": 6, "ms": 13.339936256408691}
{"event": "sample", "n": 640, "mode": "forward_backward", "round": 1, "block": 0, "label": "A", "sample": 7, "ms": 13.348640441894531}
{"event": "sample", "n": 640, "mode": "forward_backward", "round": 1, "block": 0, "label": "A", "sample": 8, "ms": 13.328991889953613}
{"event": "sample", "n": 640, "mode": "forward_backward", "round": 1, "block": 0, "label": "A", "sample": 9, "ms": 13.327520370483398}
{"event": "sample", "n": 640, "mode": "forward_backward", "round": 1, "block": 1, "label": "B", "sample": 0, "ms": 13.636063575744629}
{"event": "sample", "n": 640, "mode": "forward_backward", "round": 1, "block": 1, "label": "B", "sample": 1, "ms": 13.272671699523926}
{"event": "sample", "n": 640, "mode": "forward_backward", "round": 1, "block": 1, "label": "B", "sample": 2, "ms": 13.284928321838379}
{"event": "sample", "n": 640, "mode": "forward_backward", "round": 1, "block": 1, "label": "B", "sample": 3, "ms": 13.20691204071045}
{"event": "sample", "n": 640, "mode": "forward_backward", "round": 1, "block": 1, "label": "B", "sample": 4, "ms": 13.235072135925293}
{"event": "sample", "n": 640, "mode": "forward_backward", "round": 1, "block": 1, "label": "B", "sample": 5, "ms": 13.233504295349121}
{"event": "sample", "n": 640, "mode": "forward_backward", "round": 1, "block": 1, "label": "B", "sample": 6, "ms": 13.26144027709961}
{"event": "sample", "n": 640, "mode": "forward_backward", "round": 1, "block": 1, "label": "B", "sample": 7, "ms": 13.285696029663086}
{"event": "sample", "n": 640, "mode": "forward_backward", "round": 1, "block": 1, "label": "B", "sample": 8, "ms": 13.303520202636719}
{"event": "sample", "n": 640, "mode": "forward_backward", "round": 1, "block": 1, "label": "B", "sample": 9, "ms": 13.269791603088379}
{"event": "sample", "n": 640, "mode": "forward_backward", "round": 1, "block": 2, "label": "B", "sample": 0, "ms": 13.656736373901367}
{"event": "sample", "n": 640, "mode": "forward_backward", "round": 1, "block": 2, "label": "B", "sample": 1, "ms": 13.293536186218262}
{"event": "sample", "n": 640, "mode": "forward_backward", "round": 1, "block": 2, "label": "B", "sample": 2, "ms": 13.313664436340332}
{"event": "sample", "n": 640, "mode": "forward_backward", "round": 1, "block": 2, "label": "B", "sample": 3, "ms": 13.309439659118652}
{"event": "sample", "n": 640, "mode": "forward_backward", "round": 1, "block": 2, "label": "B", "sample": 4, "ms": 13.302240371704102}
{"event": "sample", "n": 640, "mode": "forward_backward", "round": 1, "block": 2, "label": "B", "sample": 5, "ms": 13.308927536010742}
{"event": "sample", "n": 640, "mode": "forward_backward", "round": 1, "block": 2, "label": "B", "sample": 6, "ms": 13.29535961151123}
{"event": "sample", "n": 640, "mode": "forward_backward", "round": 1, "block": 2, "label": "B", "sample": 7, "ms": 13.262816429138184}
{"event": "sample", "n": 640, "mode": "forward_backward", "round": 1, "block": 2, "label": "B", "sample": 8, "ms": 13.214719772338867}
{"event": "sample", "n": 640, "mode": "forward_backward", "round": 1, "block": 2, "label": "B", "sample": 9, "ms": 13.230815887451172}
{"event": "sample", "n": 640, "mode": "forward_backward", "round": 1, "block": 3, "label": "A", "sample": 0, "ms": 13.693440437316895}
{"event": "sample", "n": 640, "mode": "forward_backward", "round": 1, "block": 3, "label": "A", "sample": 1, "ms": 13.313407897949219}
{"event": "sample", "n": 640, "mode": "forward_backward", "round": 1, "block": 3, "label": "A", "sample": 2, "ms": 13.274016380310059}
{"event": "sample", "n": 640, "mode": "forward_backward", "round": 1, "block": 3, "label": "A", "sample": 3, "ms": 13.286591529846191}
{"event": "sample", "n": 640, "mode": "forward_backward", "round": 1, "block": 3, "label": "A", "sample": 4, "ms": 13.294879913330078}
{"event": "sample", "n": 640, "mode": "forward_backward", "round": 1, "block": 3, "label": "A", "sample": 5, "ms": 13.307968139648438}
{"event": "sample", "n": 640, "mode": "forward_backward", "round": 1, "block": 3, "label": "A", "sample": 6, "ms": 13.317536354064941}
{"event": "sample", "n": 640, "mode": "forward_backward", "round": 1, "block": 3, "label": "A", "sample": 7, "ms": 13.320608139038086}
{"event": "sample", "n": 640, "mode": "forward_backward", "round": 1, "block": 3, "label": "A", "sample": 8, "ms": 13.306624412536621}
{"event": "sample", "n": 640, "mode": "forward_backward", "round": 1, "block": 3, "label": "A", "sample": 9, "ms": 13.335007667541504}
{"event": "sample", "n": 640, "mode": "forward_backward", "round": 2, "block": 0, "label": "A", "sample": 0, "ms": 13.717599868774414}
{"event": "sample", "n": 640, "mode": "forward_backward", "round": 2, "block": 0, "label": "A", "sample": 1, "ms": 13.303647994995117}
{"event": "sample", "n": 640, "mode": "forward_backward", "round": 2, "block": 0, "label": "A", "sample": 2, "ms": 13.266016006469727}
{"event": "sample", "n": 640, "mode": "forward_backward", "round": 2, "block": 0, "label": "A", "sample": 3, "ms": 13.29644775390625}
{"event": "sample", "n": 640, "mode": "forward_backward", "round": 2, "block": 0, "label": "A", "sample": 4, "ms": 13.3057279586792}
{"event": "sample", "n": 640, "mode": "forward_backward", "round": 2, "block": 0, "label": "A", "sample": 5, "ms": 13.27337646484375}
{"event": "sample", "n": 640, "mode": "forward_backward", "round": 2, "block": 0, "label": "A", "sample": 6, "ms": 13.311391830444336}
{"event": "sample", "n": 640, "mode": "forward_backward", "round": 2, "block": 0, "label": "A", "sample": 7, "ms": 13.302335739135742}
{"event": "sample", "n": 640, "mode": "forward_backward", "round": 2, "block": 0, "label": "A", "sample": 8, "ms": 13.293120384216309}
{"event": "sample", "n": 640, "mode": "forward_backward", "round": 2, "block": 0, "label": "A", "sample": 9, "ms": 13.301440238952637}
{"event": "sample", "n": 640, "mode": "forward_backward", "round": 2, "block": 1, "label": "B", "sample": 0, "ms": 13.716383934020996}
{"event": "sample", "n": 640, "mode": "forward_backward", "round": 2, "block": 1, "label": "B", "sample": 1, "ms": 13.257696151733398}
{"event": "sample", "n": 640, "mode": "forward_backward", "round": 2, "block": 1, "label": "B", "sample": 2, "ms": 13.279295921325684}
{"event": "sample", "n": 640, "mode": "forward_backward", "round": 2, "block": 1, "label": "B", "sample": 3, "ms": 13.286399841308594}
{"event": "sample", "n": 640, "mode": "forward_backward", "round": 2, "block": 1, "label": "B", "sample": 4, "ms": 13.279583930969238}
{"event": "sample", "n": 640, "mode": "forward_backward", "round": 2, "block": 1, "label": "B", "sample": 5, "ms": 13.273088455200195}
{"event": "sample", "n": 640, "mode": "forward_backward", "round": 2, "block": 1, "label": "B", "sample": 6, "ms": 13.278143882751465}
{"event": "sample", "n": 640, "mode": "forward_backward", "round": 2, "block": 1, "label": "B", "sample": 7, "ms": 13.241472244262695}
{"event": "sample", "n": 640, "mode": "forward_backward", "round": 2, "block": 1, "label": "B", "sample": 8, "ms": 13.249759674072266}
{"event": "sample", "n": 640, "mode": "forward_backward", "round": 2, "block": 1, "label": "B", "sample": 9, "ms": 13.250432014465332}
{"event": "sample", "n": 640, "mode": "forward_backward", "round": 2, "block": 2, "label": "B", "sample": 0, "ms": 13.647551536560059}
{"event": "sample", "n": 640, "mode": "forward_backward", "round": 2, "block": 2, "label": "B", "sample": 1, "ms": 13.257568359375}
{"event": "sample", "n": 640, "mode": "forward_backward", "round": 2, "block": 2, "label": "B", "sample": 2, "ms": 13.254079818725586}
{"event": "sample", "n": 640, "mode": "forward_backward", "round": 2, "block": 2, "label": "B", "sample": 3, "ms": 13.255871772766113}
{"event": "sample", "n": 640, "mode": "forward_backward", "round": 2, "block": 2, "label": "B", "sample": 4, "ms": 13.272576332092285}
{"event": "sample", "n": 640, "mode": "forward_backward", "round": 2, "block": 2, "label": "B", "sample": 5, "ms": 13.280608177185059}
{"event": "sample", "n": 640, "mode": "forward_backward", "round": 2, "block": 2, "label": "B", "sample": 6, "ms": 13.321215629577637}
{"event": "sample", "n": 640, "mode": "forward_backward", "round": 2, "block": 2, "label": "B", "sample": 7, "ms": 13.294495582580566}
{"event": "sample", "n": 640, "mode": "forward_backward", "round": 2, "block": 2, "label": "B", "sample": 8, "ms": 13.29753589630127}
{"event": "sample", "n": 640, "mode": "forward_backward", "round": 2, "block": 2, "label": "B", "sample": 9, "ms": 13.296256065368652}
{"event": "sample", "n": 640, "mode": "forward_backward", "round": 2, "block": 3, "label": "A", "sample": 0, "ms": 13.722304344177246}
{"event": "sample", "n": 640, "mode": "forward_backward", "round": 2, "block": 3, "label": "A", "sample": 1, "ms": 13.330528259277344}
{"event": "sample", "n": 640, "mode": "forward_backward", "round": 2, "block": 3, "label": "A", "sample": 2, "ms": 13.310463905334473}
{"event": "sample", "n": 640, "mode": "forward_backward", "round": 2, "block": 3, "label": "A", "sample": 3, "ms": 13.307168006896973}
{"event": "sample", "n": 640, "mode": "forward_backward", "round": 2, "block": 3, "label": "A", "sample": 4, "ms": 13.313407897949219}
{"event": "sample", "n": 640, "mode": "forward_backward", "round": 2, "block": 3, "label": "A", "sample": 5, "ms": 13.329119682312012}
{"event": "sample", "n": 640, "mode": "forward_backward", "round": 2, "block": 3, "label": "A", "sample": 6, "ms": 13.358912467956543}
{"event": "sample", "n": 640, "mode": "forward_backward", "round": 2, "block": 3, "label": "A", "sample": 7, "ms": 13.304927825927734}
{"event": "sample", "n": 640, "mode": "forward_backward", "round": 2, "block": 3, "label": "A", "sample": 8, "ms": 13.300383567810059}
{"event": "sample", "n": 640, "mode": "forward_backward", "round": 2, "block": 3, "label": "A", "sample": 9, "ms": 13.338656425476074}
{"event": "summary", "n": 640, "mode": "forward_backward", "median_ms": {"A": 13.321231842041016, "B": 13.274768352508545}, "speedup": 1.003500135618087, "samples_per_label": 60}
{"event": "parity", "n": 768, "checks": {"output": {"relative_l2": 0.0, "baseline_zero_max_abs_diagnostic": 0.0, "passed": true}, "dq": {"relative_l2": 1.710277319943998e-05, "baseline_zero_max_abs_diagnostic": 0.0, "passed": true}, "dk": {"relative_l2": 0.0, "baseline_zero_max_abs_diagnostic": 0.0, "passed": true}, "dv": {"relative_l2": 0.0, "baseline_zero_max_abs_diagnostic": 0.0, "passed": true}, "db": {"relative_l2": 1.9949295165133663e-05, "baseline_zero_max_abs_diagnostic": 0.0, "passed": true}}, "independent_reference": false}
{"event": "forward_configs", "n": 768, "configs": {"previous_fused_4b832de": {"kwargs": {"BLOCK_J": 64, "BLOCK_K": 64}, "num_warps": 4, "num_stages": 3, "num_ctas": 1, "maxnreg": null}, "optimized_fused": {"kwargs": {"BLOCK_J": 64, "BLOCK_K": 64}, "num_warps": 4, "num_stages": 2, "num_ctas": 1, "maxnreg": 96}}}
{"event": "memory", "n": 768, "measurements": {"A": {"peak_increment_bytes": 1413242880, "retained_increment_bytes": 1217396736}, "B": {"peak_increment_bytes": 1413242880, "retained_increment_bytes": 1217396736}}}
{"event": "sample", "n": 768, "mode": "forward", "round": 0, "block": 0, "label": "A", "sample": 0, "ms": 4.9331841468811035}
{"event": "sample", "n": 768, "mode": "forward", "round": 0, "block": 0, "label": "A", "sample": 1, "ms": 4.618688106536865}
{"event": "sample", "n": 768, "mode": "forward", "round": 0, "block": 0, "label": "A", "sample": 2, "ms": 4.619647979736328}
{"event": "sample", "n": 768, "mode": "forward", "round": 0, "block": 0, "label": "A", "sample": 3, "ms": 4.619904041290283}
{"event": "sample", "n": 768, "mode": "forward", "round": 0, "block": 0, "label": "A", "sample": 4, "ms": 4.619999885559082}
{"event": "sample", "n": 768, "mode": "forward", "round": 0, "block": 0, "label": "A", "sample": 5, "ms": 4.619904041290283}
{"event": "sample", "n": 768, "mode": "forward", "round": 0, "block": 0, "label": "A", "sample": 6, "ms": 4.619679927825928}
{"event": "sample", "n": 768, "mode": "forward", "round": 0, "block": 0, "label": "A", "sample": 7, "ms": 4.618656158447266}
{"event": "sample", "n": 768, "mode": "forward", "round": 0, "block": 0, "label": "A", "sample": 8, "ms": 4.619328022003174}
{"event": "sample", "n": 768, "mode": "forward", "round": 0, "block": 0, "label": "A", "sample": 9, "ms": 4.618559837341309}
{"event": "sample", "n": 768, "mode": "forward", "round": 0, "block": 1, "label": "B", "sample": 0, "ms": 4.8936638832092285}
{"event": "sample", "n": 768, "mode": "forward", "round": 0, "block": 1, "label": "B", "sample": 1, "ms": 4.537631988525391}
{"event": "sample", "n": 768, "mode": "forward", "round": 0, "block": 1, "label": "B", "sample": 2, "ms": 4.53769588470459}
{"event": "sample", "n": 768, "mode": "forward", "round": 0, "block": 1, "label": "B", "sample": 3, "ms": 4.537888050079346}
{"event": "sample", "n": 768, "mode": "forward", "round": 0, "block": 1, "label": "B", "sample": 4, "ms": 4.5382399559021}
{"event": "sample", "n": 768, "mode": "forward", "round": 0, "block": 1, "label": "B", "sample": 5, "ms": 4.537504196166992}
{"event": "sample", "n": 768, "mode": "forward", "round": 0, "block": 1, "label": "B", "sample": 6, "ms": 4.53872013092041}
{"event": "sample", "n": 768, "mode": "forward", "round": 0, "block": 1, "label": "B", "sample": 7, "ms": 4.537280082702637}
{"event": "sample", "n": 768, "mode": "forward", "round": 0, "block": 1, "label": "B", "sample": 8, "ms": 4.538496017456055}
{"event": "sample", "n": 768, "mode": "forward", "round": 0, "block": 1, "label": "B", "sample": 9, "ms": 4.536767959594727}
{"event": "sample", "n": 768, "mode": "forward", "round": 0, "block": 2, "label": "B", "sample": 0, "ms": 4.860960006713867}
{"event": "sample", "n": 768, "mode": "forward", "round": 0, "block": 2, "label": "B", "sample": 1, "ms": 4.527423858642578}
{"event": "sample", "n": 768, "mode": "forward", "round": 0, "block": 2, "label": "B", "sample": 2, "ms": 4.528512001037598}
{"event": "sample", "n": 768, "mode": "forward", "round": 0, "block": 2, "label": "B", "sample": 3, "ms": 4.527040004730225}
{"event": "sample", "n": 768, "mode": "forward", "round": 0, "block": 2, "label": "B", "sample": 4, "ms": 4.5293121337890625}
{"event": "sample", "n": 768, "mode": "forward", "round": 0, "block": 2, "label": "B", "sample": 5, "ms": 4.526559829711914}
{"event": "sample", "n": 768, "mode": "forward", "round": 0, "block": 2, "label": "B", "sample": 6, "ms": 4.528223991394043}
{"event": "sample", "n": 768, "mode": "forward", "round": 0, "block": 2, "label": "B", "sample": 7, "ms": 4.527359962463379}
{"event": "sample", "n": 768, "mode": "forward", "round": 0, "block": 2, "label": "B", "sample": 8, "ms": 4.528543949127197}
{"event": "sample", "n": 768, "mode": "forward", "round": 0, "block": 2, "label": "B", "sample": 9, "ms": 4.5265278816223145}
{"event": "sample", "n": 768, "mode": "forward", "round": 0, "block": 3, "label": "A", "sample": 0, "ms": 4.960351943969727}
{"event": "sample", "n": 768, "mode": "forward", "round": 0, "block": 3, "label": "A", "sample": 1, "ms": 4.608191967010498}
{"event": "sample", "n": 768, "mode": "forward", "round": 0, "block": 3, "label": "A", "sample": 2, "ms": 4.607583999633789}
{"event": "sample", "n": 768, "mode": "forward", "round": 0, "block": 3, "label": "A", "sample": 3, "ms": 4.607967853546143}
{"event": "sample", "n": 768, "mode": "forward", "round": 0, "block": 3, "label": "A", "sample": 4, "ms": 4.608223915100098}
{"event": "sample", "n": 768, "mode": "forward", "round": 0, "block": 3, "label": "A", "sample": 5, "ms": 4.609087944030762}
{"event": "sample", "n": 768, "mode": "forward", "round": 0, "block": 3, "label": "A", "sample": 6, "ms": 4.6084160804748535}
{"event": "sample", "n": 768, "mode": "forward", "round": 0, "block": 3, "label": "A", "sample": 7, "ms": 4.608736038208008}
{"event": "sample", "n": 768, "mode": "forward", "round": 0, "block": 3, "label": "A", "sample": 8, "ms": 4.607456207275391}
{"event": "sample", "n": 768, "mode": "forward", "round": 0, "block": 3, "label": "A", "sample": 9, "ms": 4.608287811279297}
{"event": "sample", "n": 768, "mode": "forward", "round": 1, "block": 0, "label": "A", "sample": 0, "ms": 4.946847915649414}
{"event": "sample", "n": 768, "mode": "forward", "round": 1, "block": 0, "label": "A", "sample": 1, "ms": 4.620128154754639}
{"event": "sample", "n": 768, "mode": "forward", "round": 1, "block": 0, "label": "A", "sample": 2, "ms": 4.620607852935791}
{"event": "sample", "n": 768, "mode": "forward", "round": 1, "block": 0, "label": "A", "sample": 3, "ms": 4.619679927825928}
{"event": "sample", "n": 768, "mode": "forward", "round": 1, "block": 0, "label": "A", "sample": 4, "ms": 4.619935989379883}
{"event": "sample", "n": 768, "mode": "forward", "round": 1, "block": 0, "label": "A", "sample": 5, "ms": 4.619647979736328}
{"event": "sample", "n": 768, "mode": "forward", "round": 1, "block": 0, "label": "A", "sample": 6, "ms": 4.619647979736328}
{"event": "sample", "n": 768, "mode": "forward", "round": 1, "block": 0, "label": "A", "sample": 7, "ms": 4.61952018737793}
{"event": "sample", "n": 768, "mode": "forward", "round": 1, "block": 0, "label": "A", "sample": 8, "ms": 4.620575904846191}
{"event": "sample", "n": 768, "mode": "forward", "round": 1, "block": 0, "label": "A", "sample": 9, "ms": 4.619135856628418}
{"event": "sample", "n": 768, "mode": "forward", "round": 1, "block": 1, "label": "B", "sample": 0, "ms": 4.8406081199646}
{"event": "sample", "n": 768, "mode": "forward", "round": 1, "block": 1, "label": "B", "sample": 1, "ms": 4.53766393661499}
{"event": "sample", "n": 768, "mode": "forward", "round": 1, "block": 1, "label": "B", "sample": 2, "ms": 4.5379838943481445}
{"event": "sample", "n": 768, "mode": "forward", "round": 1, "block": 1, "label": "B", "sample": 3, "ms": 4.536640167236328}
{"event": "sample", "n": 768, "mode": "forward", "round": 1, "block": 1, "label": "B", "sample": 4, "ms": 4.537407875061035}
{"event": "sample", "n": 768, "mode": "forward", "round": 1, "block": 1, "label": "B", "sample": 5, "ms": 4.536543846130371}
{"event": "sample", "n": 768, "mode": "forward", "round": 1, "block": 1, "label": "B", "sample": 6, "ms": 4.5381760597229}
{"event": "sample", "n": 768, "mode": "forward", "round": 1, "block": 1, "label": "B", "sample": 7, "ms": 4.536799907684326}
{"event": "sample", "n": 768, "mode": "forward", "round": 1, "block": 1, "label": "B", "sample": 8, "ms": 4.538496017456055}
{"event": "sample", "n": 768, "mode": "forward", "round": 1, "block": 1, "label": "B", "sample": 9, "ms": 4.536992073059082}
{"event": "sample", "n": 768, "mode": "forward", "round": 1, "block": 2, "label": "B", "sample": 0, "ms": 5.185311794281006}
{"event": "sample", "n": 768, "mode": "forward", "round": 1, "block": 2, "label": "B", "sample": 1, "ms": 4.5378241539001465}
{"event": "sample", "n": 768, "mode": "forward", "round": 1, "block": 2, "label": "B", "sample": 2, "ms": 4.528512001037598}
{"event": "sample", "n": 768, "mode": "forward", "round": 1, "block": 2, "label": "B", "sample": 3, "ms": 4.526368141174316}
{"event": "sample", "n": 768, "mode": "forward", "round": 1, "block": 2, "label": "B", "sample": 4, "ms": 4.527103900909424}
{"event": "sample", "n": 768, "mode": "forward", "round": 1, "block": 2, "label": "B", "sample": 5, "ms": 4.5272321701049805}
{"event": "sample", "n": 768, "mode": "forward", "round": 1, "block": 2, "label": "B", "sample": 6, "ms": 4.527872085571289}
{"event": "sample", "n": 768, "mode": "forward", "round": 1, "block": 2, "label": "B", "sample": 7, "ms": 4.525760173797607}
{"event": "sample", "n": 768, "mode": "forward", "round": 1, "block": 2, "label": "B", "sample": 8, "ms": 4.529888153076172}
{"event": "sample", "n": 768, "mode": "forward", "round": 1, "block": 2, "label": "B", "sample": 9, "ms": 4.528031826019287}
{"event": "sample", "n": 768, "mode": "forward", "round": 1, "block": 3, "label": "A", "sample": 0, "ms": 5.007552146911621}
{"event": "sample", "n": 768, "mode": "forward", "round": 1, "block": 3, "label": "A", "sample": 1, "ms": 4.60697603225708}
{"event": "sample", "n": 768, "mode": "forward", "round": 1, "block": 3, "label": "A", "sample": 2, "ms": 4.607168197631836}
{"event": "sample", "n": 768, "mode": "forward", "round": 1, "block": 3, "label": "A", "sample": 3, "ms": 4.607967853546143}
{"event": "sample", "n": 768, "mode": "forward", "round": 1, "block": 3, "label": "A", "sample": 4, "ms": 4.607071876525879}
{"event": "sample", "n": 768, "mode": "forward", "round": 1, "block": 3, "label": "A", "sample": 5, "ms": 4.606560230255127}
{"event": "sample", "n": 768, "mode": "forward", "round": 1, "block": 3, "label": "A", "sample": 6, "ms": 4.6077117919921875}
{"event": "sample", "n": 768, "mode": "forward", "round": 1, "block": 3, "label": "A", "sample": 7, "ms": 4.607872009277344}
{"event": "sample", "n": 768, "mode": "forward", "round": 1, "block": 3, "label": "A", "sample": 8, "ms": 4.607583999633789}
{"event": "sample", "n": 768, "mode": "forward", "round": 1, "block": 3, "label": "A", "sample": 9, "ms": 4.607456207275391}
{"event": "sample", "n": 768, "mode": "forward", "round": 2, "block": 0, "label": "A", "sample": 0, "ms": 4.977952003479004}
{"event": "sample", "n": 768, "mode": "forward", "round": 2, "block": 0, "label": "A", "sample": 1, "ms": 4.607423782348633}
{"event": "sample", "n": 768, "mode": "forward", "round": 2, "block": 0, "label": "A", "sample": 2, "ms": 4.607903957366943}
{"event": "sample", "n": 768, "mode": "forward", "round": 2, "block": 0, "label": "A", "sample": 3, "ms": 4.617248058319092}
{"event": "sample", "n": 768, "mode": "forward", "round": 2, "block": 0, "label": "A", "sample": 4, "ms": 4.620639801025391}
{"event": "sample", "n": 768, "mode": "forward", "round": 2, "block": 0, "label": "A", "sample": 5, "ms": 4.620063781738281}
{"event": "sample", "n": 768, "mode": "forward", "round": 2, "block": 0, "label": "A", "sample": 6, "ms": 4.618879795074463}
{"event": "sample", "n": 768, "mode": "forward", "round": 2, "block": 0, "label": "A", "sample": 7, "ms": 4.620800018310547}
{"event": "sample", "n": 768, "mode": "forward", "round": 2, "block": 0, "label": "A", "sample": 8, "ms": 4.620160102844238}
{"event": "sample", "n": 768, "mode": "forward", "round": 2, "block": 0, "label": "A", "sample": 9, "ms": 4.618271827697754}
{"event": "sample", "n": 768, "mode": "forward", "round": 2, "block": 1, "label": "B", "sample": 0, "ms": 4.858784198760986}
{"event": "sample", "n": 768, "mode": "forward", "round": 2, "block": 1, "label": "B", "sample": 1, "ms": 4.5392961502075195}
{"event": "sample", "n": 768, "mode": "forward", "round": 2, "block": 1, "label": "B", "sample": 2, "ms": 4.537888050079346}
{"event": "sample", "n": 768, "mode": "forward", "round": 2, "block": 1, "label": "B", "sample": 3, "ms": 4.536448001861572}
{"event": "sample", "n": 768, "mode": "forward", "round": 2, "block": 1, "label": "B", "sample": 4, "ms": 4.537792205810547}
{"event": "sample", "n": 768, "mode": "forward", "round": 2, "block": 1, "label": "B", "sample": 5, "ms": 4.537087917327881}
{"event": "sample", "n": 768, "mode": "forward", "round": 2, "block": 1, "label": "B", "sample": 6, "ms": 4.5381760597229}
{"event": "sample", "n": 768, "mode": "forward", "round": 2, "block": 1, "label": "B", "sample": 7, "ms": 4.536767959594727}
{"event": "sample", "n": 768, "mode": "forward", "round": 2, "block": 1, "label": "B", "sample": 8, "ms": 4.538080215454102}
{"event": "sample", "n": 768, "mode": "forward", "round": 2, "block": 1, "label": "B", "sample": 9, "ms": 4.536831855773926}
{"event": "sample", "n": 768, "mode": "forward", "round": 2, "block": 2, "label": "B", "sample": 0, "ms": 4.8903679847717285}
{"event": "sample", "n": 768, "mode": "forward", "round": 2, "block": 2, "label": "B", "sample": 1, "ms": 4.5377278327941895}
{"event": "sample", "n": 768, "mode": "forward", "round": 2, "block": 2, "label": "B", "sample": 2, "ms": 4.5382080078125}
{"event": "sample", "n": 768, "mode": "forward", "round": 2, "block": 2, "label": "B", "sample": 3, "ms": 4.537312030792236}
{"event": "sample", "n": 768, "mode": "forward", "round": 2, "block": 2, "label": "B", "sample": 4, "ms": 4.534624099731445}
{"event": "sample", "n": 768, "mode": "forward", "round": 2, "block": 2, "label": "B", "sample": 5, "ms": 4.5274882316589355}
{"event": "sample", "n": 768, "mode": "forward", "round": 2, "block": 2, "label": "B", "sample": 6, "ms": 4.527967929840088}
{"event": "sample", "n": 768, "mode": "forward", "round": 2, "block": 2, "label": "B", "sample": 7, "ms": 4.527071952819824}
{"event": "sample", "n": 768, "mode": "forward", "round": 2, "block": 2, "label": "B", "sample": 8, "ms": 4.528031826019287}
{"event": "sample", "n": 768, "mode": "forward", "round": 2, "block": 2, "label": "B", "sample": 9, "ms": 4.52780818939209}
{"event": "sample", "n": 768, "mode": "forward", "round": 2, "block": 3, "label": "A", "sample": 0, "ms": 4.952832221984863}
{"event": "sample", "n": 768, "mode": "forward", "round": 2, "block": 3, "label": "A", "sample": 1, "ms": 4.606880187988281}
{"event": "sample", "n": 768, "mode": "forward", "round": 2, "block": 3, "label": "A", "sample": 2, "ms": 4.607744216918945}
{"event": "sample", "n": 768, "mode": "forward", "round": 2, "block": 3, "label": "A", "sample": 3, "ms": 4.607071876525879}
{"event": "sample", "n": 768, "mode": "forward", "round": 2, "block": 3, "label": "A", "sample": 4, "ms": 4.6077117919921875}
{"event": "sample", "n": 768, "mode": "forward", "round": 2, "block": 3, "label": "A", "sample": 5, "ms": 4.607264041900635}
{"event": "sample", "n": 768, "mode": "forward", "round": 2, "block": 3, "label": "A", "sample": 6, "ms": 4.607583999633789}
{"event": "sample", "n": 768, "mode": "forward", "round": 2, "block": 3, "label": "A", "sample": 7, "ms": 4.607327938079834}
{"event": "sample", "n": 768, "mode": "forward", "round": 2, "block": 3, "label": "A", "sample": 8, "ms": 4.608575820922852}
{"event": "sample", "n": 768, "mode": "forward", "round": 2, "block": 3, "label": "A", "sample": 9, "ms": 4.607391834259033}
{"event": "summary", "n": 768, "mode": "forward", "median_ms": {"A": 4.617759943008423, "B": 4.536911964416504}, "speedup": 1.017820045710831, "samples_per_label": 60}
{"event": "sample", "n": 768, "mode": "backward", "round": 0, "block": 0, "label": "A", "sample": 0, "ms": 18.059551239013672}
{"event": "sample", "n": 768, "mode": "backward", "round": 0, "block": 0, "label": "A", "sample": 1, "ms": 17.856895446777344}
{"event": "sample", "n": 768, "mode": "backward", "round": 0, "block": 0, "label": "A", "sample": 2, "ms": 17.854528427124023}
{"event": "sample", "n": 768, "mode": "backward", "round": 0, "block": 0, "label": "A", "sample": 3, "ms": 17.867456436157227}
{"event": "sample", "n": 768, "mode": "backward", "round": 0, "block": 0, "label": "A", "sample": 4, "ms": 17.861696243286133}
{"event": "sample", "n": 768, "mode": "backward", "round": 0, "block": 0, "label": "A", "sample": 5, "ms": 17.85660743713379}
{"event": "sample", "n": 768, "mode": "backward", "round": 0, "block": 0, "label": "A", "sample": 6, "ms": 17.91116714477539}
{"event": "sample", "n": 768, "mode": "backward", "round": 0, "block": 0, "label": "A", "sample": 7, "ms": 17.931488037109375}
{"event": "sample", "n": 768, "mode": "backward", "round": 0, "block": 0, "label": "A", "sample": 8, "ms": 17.92064094543457}
{"event": "sample", "n": 768, "mode": "backward", "round": 0, "block": 0, "label": "A", "sample": 9, "ms": 17.923200607299805}
{"event": "sample", "n": 768, "mode": "backward", "round": 0, "block": 1, "label": "B", "sample": 0, "ms": 18.0798397064209}
{"event": "sample", "n": 768, "mode": "backward", "round": 0, "block": 1, "label": "B", "sample": 1, "ms": 17.897823333740234}
{"event": "sample", "n": 768, "mode": "backward", "round": 0, "block": 1, "label": "B", "sample": 2, "ms": 17.86502456665039}
{"event": "sample", "n": 768, "mode": "backward", "round": 0, "block": 1, "label": "B", "sample": 3, "ms": 17.89081573486328}
{"event": "sample", "n": 768, "mode": "backward", "round": 0, "block": 1, "label": "B", "sample": 4, "ms": 17.864511489868164}
{"event": "sample", "n": 768, "mode": "backward", "round": 0, "block": 1, "label": "B", "sample": 5, "ms": 17.8853759765625}
{"event": "sample", "n": 768, "mode": "backward", "round": 0, "block": 1, "label": "B", "sample": 6, "ms": 17.863487243652344}
{"event": "sample", "n": 768, "mode": "backward", "round": 0, "block": 1, "label": "B", "sample": 7, "ms": 17.882368087768555}
{"event": "sample", "n": 768, "mode": "backward", "round": 0, "block": 1, "label": "B", "sample": 8, "ms": 17.860063552856445}
{"event": "sample", "n": 768, "mode": "backward", "round": 0, "block": 1, "label": "B", "sample": 9, "ms": 17.864320755004883}
{"event": "sample", "n": 768, "mode": "backward", "round": 0, "block": 2, "label": "B", "sample": 0, "ms": 18.05241584777832}
{"event": "sample", "n": 768, "mode": "backward", "round": 0, "block": 2, "label": "B", "sample": 1, "ms": 17.86172866821289}
{"event": "sample", "n": 768, "mode": "backward", "round": 0, "block": 2, "label": "B", "sample": 2, "ms": 17.873823165893555}
{"event": "sample", "n": 768, "mode": "backward", "round": 0, "block": 2, "label": "B", "sample": 3, "ms": 17.84761619567871}
{"event": "sample", "n": 768, "mode": "backward", "round": 0, "block": 2, "label": "B", "sample": 4, "ms": 17.8438720703125}
{"event": "sample", "n": 768, "mode": "backward", "round": 0, "block": 2, "label": "B", "sample": 5, "ms": 17.846303939819336}
{"event": "sample", "n": 768, "mode": "backward", "round": 0, "block": 2, "label": "B", "sample": 6, "ms": 17.852415084838867}
{"event": "sample", "n": 768, "mode": "backward", "round": 0, "block": 2, "label": "B", "sample": 7, "ms": 17.83203125}
{"event": "sample", "n": 768, "mode": "backward", "round": 0, "block": 2, "label": "B", "sample": 8, "ms": 17.856351852416992}
{"event": "sample", "n": 768, "mode": "backward", "round": 0, "block": 2, "label": "B", "sample": 9, "ms": 17.878463745117188}
{"event": "sample", "n": 768, "mode": "backward", "round": 0, "block": 3, "label": "A", "sample": 0, "ms": 18.042015075683594}
{"event": "sample", "n": 768, "mode": "backward", "round": 0, "block": 3, "label": "A", "sample": 1, "ms": 17.87958335876465}
{"event": "sample", "n": 768, "mode": "backward", "round": 0, "block": 3, "label": "A", "sample": 2, "ms": 17.864479064941406}
{"event": "sample", "n": 768, "mode": "backward", "round": 0, "block": 3, "label": "A", "sample": 3, "ms": 17.875328063964844}
{"event": "sample", "n": 768, "mode": "backward", "round": 0, "block": 3, "label": "A", "sample": 4, "ms": 17.840511322021484}
{"event": "sample", "n": 768, "mode": "backward", "round": 0, "block": 3, "label": "A", "sample": 5, "ms": 17.841503143310547}
{"event": "sample", "n": 768, "mode": "backward", "round": 0, "block": 3, "label": "A", "sample": 6, "ms": 17.84444808959961}
{"event": "sample", "n": 768, "mode": "backward", "round": 0, "block": 3, "label": "A", "sample": 7, "ms": 17.849184036254883}
{"event": "sample", "n": 768, "mode": "backward", "round": 0, "block": 3, "label": "A", "sample": 8, "ms": 17.847551345825195}
{"event": "sample", "n": 768, "mode": "backward", "round": 0, "block": 3, "label": "A", "sample": 9, "ms": 17.86777687072754}
{"event": "sample", "n": 768, "mode": "backward", "round": 1, "block": 0, "label": "A", "sample": 0, "ms": 18.08812713623047}
{"event": "sample", "n": 768, "mode": "backward", "round": 1, "block": 0, "label": "A", "sample": 1, "ms": 17.870271682739258}
{"event": "sample", "n": 768, "mode": "backward", "round": 1, "block": 0, "label": "A", "sample": 2, "ms": 17.85100746154785}
{"event": "sample", "n": 768, "mode": "backward", "round": 1, "block": 0, "label": "A", "sample": 3, "ms": 17.85526466369629}
{"event": "sample", "n": 768, "mode": "backward", "round": 1, "block": 0, "label": "A", "sample": 4, "ms": 17.87116813659668}
{"event": "sample", "n": 768, "mode": "backward", "round": 1, "block": 0, "label": "A", "sample": 5, "ms": 17.848480224609375}
{"event": "sample", "n": 768, "mode": "backward", "round": 1, "block": 0, "label": "A", "sample": 6, "ms": 17.85321617126465}
{"event": "sample", "n": 768, "mode": "backward", "round": 1, "block": 0, "label": "A", "sample": 7, "ms": 17.85321617126465}
{"event": "sample", "n": 768, "mode": "backward", "round": 1, "block": 0, "label": "A", "sample": 8, "ms": 17.857919692993164}
{"event": "sample", "n": 768, "mode": "backward", "round": 1, "block": 0, "label": "A", "sample": 9, "ms": 17.858688354492188}
{"event": "sample", "n": 768, "mode": "backward", "round": 1, "block": 1, "label": "B", "sample": 0, "ms": 18.03443145751953}
{"event": "sample", "n": 768, "mode": "backward", "round": 1, "block": 1, "label": "B", "sample": 1, "ms": 17.87945556640625}
{"event": "sample", "n": 768, "mode": "backward", "round": 1, "block": 1, "label": "B", "sample": 2, "ms": 17.868127822875977}
{"event": "sample", "n": 768, "mode": "backward", "round": 1, "block": 1, "label": "B", "sample": 3, "ms": 17.88265609741211}
{"event": "sample", "n": 768, "mode": "backward", "round": 1, "block": 1, "label": "B", "sample": 4, "ms": 17.875743865966797}
{"event": "sample", "n": 768, "mode": "backward", "round": 1, "block": 1, "label": "B", "sample": 5, "ms": 17.86195182800293}
{"event": "sample", "n": 768, "mode": "backward", "round": 1, "block": 1, "label": "B", "sample": 6, "ms": 17.87321662902832}
{"event": "sample", "n": 768, "mode": "backward", "round": 1, "block": 1, "label": "B", "sample": 7, "ms": 17.86310386657715}
{"event": "sample", "n": 768, "mode": "backward", "round": 1, "block": 1, "label": "B", "sample": 8, "ms": 17.87081527709961}
{"event": "sample", "n": 768, "mode": "backward", "round": 1, "block": 1, "label": "B", "sample": 9, "ms": 17.853824615478516}
{"event": "sample", "n": 768, "mode": "backward", "round": 1, "block": 2, "label": "B", "sample": 0, "ms": 18.03343963623047}
{"event": "sample", "n": 768, "mode": "backward", "round": 1, "block": 2, "label": "B", "sample": 1, "ms": 17.904064178466797}
{"event": "sample", "n": 768, "mode": "backward", "round": 1, "block": 2, "label": "B", "sample": 2, "ms": 17.91753578186035}
{"event": "sample", "n": 768, "mode": "backward", "round": 1, "block": 2, "label": "B", "sample": 3, "ms": 17.91823959350586}
{"event": "sample", "n": 768, "mode": "backward", "round": 1, "block": 2, "label": "B", "sample": 4, "ms": 17.898143768310547}
{"event": "sample", "n": 768, "mode": "backward", "round": 1, "block": 2, "label": "B", "sample": 5, "ms": 17.924928665161133}
{"event": "sample", "n": 768, "mode": "backward", "round": 1, "block": 2, "label": "B", "sample": 6, "ms": 17.91641616821289}
{"event": "sample", "n": 768, "mode": "backward", "round": 1, "block": 2, "label": "B", "sample": 7, "ms": 17.873823165893555}
{"event": "sample", "n": 768, "mode": "backward", "round": 1, "block": 2, "label": "B", "sample": 8, "ms": 17.87004852294922}
{"event": "sample", "n": 768, "mode": "backward", "round": 1, "block": 2, "label": "B", "sample": 9, "ms": 17.871135711669922}
{"event": "sample", "n": 768, "mode": "backward", "round": 1, "block": 3, "label": "A", "sample": 0, "ms": 18.020671844482422}
{"event": "sample", "n": 768, "mode": "backward", "round": 1, "block": 3, "label": "A", "sample": 1, "ms": 17.86012840270996}
{"event": "sample", "n": 768, "mode": "backward", "round": 1, "block": 3, "label": "A", "sample": 2, "ms": 17.873567581176758}
{"event": "sample", "n": 768, "mode": "backward", "round": 1, "block": 3, "label": "A", "sample": 3, "ms": 17.903423309326172}
{"event": "sample", "n": 768, "mode": "backward", "round": 1, "block": 3, "label": "A", "sample": 4, "ms": 17.908416748046875}
{"event": "sample", "n": 768, "mode": "backward", "round": 1, "block": 3, "label": "A", "sample": 5, "ms": 17.897823333740234}
{"event": "sample", "n": 768, "mode": "backward", "round": 1, "block": 3, "label": "A", "sample": 6, "ms": 17.925344467163086}
{"event": "sample", "n": 768, "mode": "backward", "round": 1, "block": 3, "label": "A", "sample": 7, "ms": 17.918048858642578}
{"event": "sample", "n": 768, "mode": "backward", "round": 1, "block": 3, "label": "A", "sample": 8, "ms": 17.901695251464844}
{"event": "sample", "n": 768, "mode": "backward", "round": 1, "block": 3, "label": "A", "sample": 9, "ms": 17.877824783325195}
{"event": "sample", "n": 768, "mode": "backward", "round": 2, "block": 0, "label": "A", "sample": 0, "ms": 18.01875114440918}
{"event": "sample", "n": 768, "mode": "backward", "round": 2, "block": 0, "label": "A", "sample": 1, "ms": 17.87264060974121}
{"event": "sample", "n": 768, "mode": "backward", "round": 2, "block": 0, "label": "A", "sample": 2, "ms": 17.878719329833984}
{"event": "sample", "n": 768, "mode": "backward", "round": 2, "block": 0, "label": "A", "sample": 3, "ms": 17.885343551635742}
{"event": "sample", "n": 768, "mode": "backward", "round": 2, "block": 0, "label": "A", "sample": 4, "ms": 17.864160537719727}
{"event": "sample", "n": 768, "mode": "backward", "round": 2, "block": 0, "label": "A", "sample": 5, "ms": 17.861984252929688}
{"event": "sample", "n": 768, "mode": "backward", "round": 2, "block": 0, "label": "A", "sample": 6, "ms": 17.85215950012207}
{"event": "sample", "n": 768, "mode": "backward", "round": 2, "block": 0, "label": "A", "sample": 7, "ms": 17.858495712280273}
{"event": "sample", "n": 768, "mode": "backward", "round": 2, "block": 0, "label": "A", "sample": 8, "ms": 17.8654727935791}
{"event": "sample", "n": 768, "mode": "backward", "round": 2, "block": 0, "label": "A", "sample": 9, "ms": 17.865983963012695}
{"event": "sample", "n": 768, "mode": "backward", "round": 2, "block": 1, "label": "B", "sample": 0, "ms": 18.02521514892578}
{"event": "sample", "n": 768, "mode": "backward", "round": 2, "block": 1, "label": "B", "sample": 1, "ms": 17.888736724853516}
{"event": "sample", "n": 768, "mode": "backward", "round": 2, "block": 1, "label": "B", "sample": 2, "ms": 17.860288619995117}
{"event": "sample", "n": 768, "mode": "backward", "round": 2, "block": 1, "label": "B", "sample": 3, "ms": 17.866016387939453}
{"event": "sample", "n": 768, "mode": "backward", "round": 2, "block": 1, "label": "B", "sample": 4, "ms": 17.852479934692383}
{"event": "sample", "n": 768, "mode": "backward", "round": 2, "block": 1, "label": "B", "sample": 5, "ms": 17.87068748474121}
{"event": "sample", "n": 768, "mode": "backward", "round": 2, "block": 1, "label": "B", "sample": 6, "ms": 17.876256942749023}
{"event": "sample", "n": 768, "mode": "backward", "round": 2, "block": 1, "label": "B", "sample": 7, "ms": 17.860319137573242}
{"event": "sample", "n": 768, "mode": "backward", "round": 2, "block": 1, "label": "B", "sample": 8, "ms": 17.861215591430664}
{"event": "sample", "n": 768, "mode": "backward", "round": 2, "block": 1, "label": "B", "sample": 9, "ms": 17.86569595336914}
{"event": "sample", "n": 768, "mode": "backward", "round": 2, "block": 2, "label": "B", "sample": 0, "ms": 18.04524803161621}
{"event": "sample", "n": 768, "mode": "backward", "round": 2, "block": 2, "label": "B", "sample": 1, "ms": 17.866111755371094}
{"event": "sample", "n": 768, "mode": "backward", "round": 2, "block": 2, "label": "B", "sample": 2, "ms": 17.873823165893555}
{"event": "sample", "n": 768, "mode": "backward", "round": 2, "block": 2, "label": "B", "sample": 3, "ms": 17.892032623291016}
{"event": "sample", "n": 768, "mode": "backward", "round": 2, "block": 2, "label": "B", "sample": 4, "ms": 17.877216339111328}
{"event": "sample", "n": 768, "mode": "backward", "round": 2, "block": 2, "label": "B", "sample": 5, "ms": 17.878591537475586}
{"event": "sample", "n": 768, "mode": "backward", "round": 2, "block": 2, "label": "B", "sample": 6, "ms": 17.88243293762207}
{"event": "sample", "n": 768, "mode": "backward", "round": 2, "block": 2, "label": "B", "sample": 7, "ms": 17.867168426513672}
{"event": "sample", "n": 768, "mode": "backward", "round": 2, "block": 2, "label": "B", "sample": 8, "ms": 17.8624324798584}
{"event": "sample", "n": 768, "mode": "backward", "round": 2, "block": 2, "label": "B", "sample": 9, "ms": 17.889728546142578}
{"event": "sample", "n": 768, "mode": "backward", "round": 2, "block": 3, "label": "A", "sample": 0, "ms": 18.037887573242188}
{"event": "sample", "n": 768, "mode": "backward", "round": 2, "block": 3, "label": "A", "sample": 1, "ms": 17.85830307006836}
{"event": "sample", "n": 768, "mode": "backward", "round": 2, "block": 3, "label": "A", "sample": 2, "ms": 17.860671997070312}
{"event": "sample", "n": 768, "mode": "backward", "round": 2, "block": 3, "label": "A", "sample": 3, "ms": 17.872032165527344}
{"event": "sample", "n": 768, "mode": "backward", "round": 2, "block": 3, "label": "A", "sample": 4, "ms": 17.882368087768555}
{"event": "sample", "n": 768, "mode": "backward", "round": 2, "block": 3, "label": "A", "sample": 5, "ms": 17.881120681762695}
{"event": "sample", "n": 768, "mode": "backward", "round": 2, "block": 3, "label": "A", "sample": 6, "ms": 17.881887435913086}
{"event": "sample", "n": 768, "mode": "backward", "round": 2, "block": 3, "label": "A", "sample": 7, "ms": 17.883520126342773}
{"event": "sample", "n": 768, "mode": "backward", "round": 2, "block": 3, "label": "A", "sample": 8, "ms": 17.871231079101562}
{"event": "sample", "n": 768, "mode": "backward", "round": 2, "block": 3, "label": "A", "sample": 9, "ms": 17.862272262573242}
{"event": "summary", "n": 768, "mode": "backward", "median_ms": {"A": 17.87071990966797, "B": 17.873519897460938}, "speedup": 0.9998433443547196, "samples_per_label": 60}
{"event": "sample", "n": 768, "mode": "forward_backward", "round": 0, "block": 0, "label": "A", "sample": 0, "ms": 22.847423553466797}
{"event": "sample", "n": 768, "mode": "forward_backward", "round": 0, "block": 0, "label": "A", "sample": 1, "ms": 22.576383590698242}
{"event": "sample", "n": 768, "mode": "forward_backward", "round": 0, "block": 0, "label": "A", "sample": 2, "ms": 22.56483268737793}
{"event": "sample", "n": 768, "mode": "forward_backward", "round": 0, "block": 0, "label": "A", "sample": 3, "ms": 22.572959899902344}
{"event": "sample", "n": 768, "mode": "forward_backward", "round": 0, "block": 0, "label": "A", "sample": 4, "ms": 22.578079223632812}
{"event": "sample", "n": 768, "mode": "forward_backward", "round": 0, "block": 0, "label": "A", "sample": 5, "ms": 22.507808685302734}
{"event": "sample", "n": 768, "mode": "forward_backward", "round": 0, "block": 0, "label": "A", "sample": 6, "ms": 22.48044776916504}
{"event": "sample", "n": 768, "mode": "forward_backward", "round": 0, "block": 0, "label": "A", "sample": 7, "ms": 22.494976043701172}
{"event": "sample", "n": 768, "mode": "forward_backward", "round": 0, "block": 0, "label": "A", "sample": 8, "ms": 22.493343353271484}
{"event": "sample", "n": 768, "mode": "forward_backward", "round": 0, "block": 0, "label": "A", "sample": 9, "ms": 22.51785659790039}
{"event": "sample", "n": 768, "mode": "forward_backward", "round": 0, "block": 1, "label": "B", "sample": 0, "ms": 22.78166389465332}
{"event": "sample", "n": 768, "mode": "forward_backward", "round": 0, "block": 1, "label": "B", "sample": 1, "ms": 22.41516876220703}
{"event": "sample", "n": 768, "mode": "forward_backward", "round": 0, "block": 1, "label": "B", "sample": 2, "ms": 22.452255249023438}
{"event": "sample", "n": 768, "mode": "forward_backward", "round": 0, "block": 1, "label": "B", "sample": 3, "ms": 22.420448303222656}
{"event": "sample", "n": 768, "mode": "forward_backward", "round": 0, "block": 1, "label": "B", "sample": 4, "ms": 22.378751754760742}
{"event": "sample", "n": 768, "mode": "forward_backward", "round": 0, "block": 1, "label": "B", "sample": 5, "ms": 22.43961524963379}
{"event": "sample", "n": 768, "mode": "forward_backward", "round": 0, "block": 1, "label": "B", "sample": 6, "ms": 22.41881561279297}
{"event": "sample", "n": 768, "mode": "forward_backward", "round": 0, "block": 1, "label": "B", "sample": 7, "ms": 22.38819122314453}
{"event": "sample", "n": 768, "mode": "forward_backward", "round": 0, "block": 1, "label": "B", "sample": 8, "ms": 22.406463623046875}
{"event": "sample", "n": 768, "mode": "forward_backward", "round": 0, "block": 1, "label": "B", "sample": 9, "ms": 22.414464950561523}
{"event": "sample", "n": 768, "mode": "forward_backward", "round": 0, "block": 2, "label": "B", "sample": 0, "ms": 22.88172721862793}
{"event": "sample", "n": 768, "mode": "forward_backward", "round": 0, "block": 2, "label": "B", "sample": 1, "ms": 22.507488250732422}
{"event": "sample", "n": 768, "mode": "forward_backward", "round": 0, "block": 2, "label": "B", "sample": 2, "ms": 22.4583683013916}
{"event": "sample", "n": 768, "mode": "forward_backward", "round": 0, "block": 2, "label": "B", "sample": 3, "ms": 22.40166473388672}
{"event": "sample", "n": 768, "mode": "forward_backward", "round": 0, "block": 2, "label": "B", "sample": 4, "ms": 22.414047241210938}
{"event": "sample", "n": 768, "mode": "forward_backward", "round": 0, "block": 2, "label": "B", "sample": 5, "ms": 22.40243148803711}
{"event": "sample", "n": 768, "mode": "forward_backward", "round": 0, "block": 2, "label": "B", "sample": 6, "ms": 22.357696533203125}
{"event": "sample", "n": 768, "mode": "forward_backward", "round": 0, "block": 2, "label": "B", "sample": 7, "ms": 22.460832595825195}
{"event": "sample", "n": 768, "mode": "forward_backward", "round": 0, "block": 2, "label": "B", "sample": 8, "ms": 22.4616641998291}
{"event": "sample", "n": 768, "mode": "forward_backward", "round": 0, "block": 2, "label": "B", "sample": 9, "ms": 22.451007843017578}
{"event": "sample", "n": 768, "mode": "forward_backward", "round": 0, "block": 3, "label": "A", "sample": 0, "ms": 23.218975067138672}
{"event": "sample", "n": 768, "mode": "forward_backward", "round": 0, "block": 3, "label": "A", "sample": 1, "ms": 22.528480529785156}
{"event": "sample", "n": 768, "mode": "forward_backward", "round": 0, "block": 3, "label": "A", "sample": 2, "ms": 22.48406410217285}
{"event": "sample", "n": 768, "mode": "forward_backward", "round": 0, "block": 3, "label": "A", "sample": 3, "ms": 22.5166072845459}
{"event": "sample", "n": 768, "mode": "forward_backward", "round": 0, "block": 3, "label": "A", "sample": 4, "ms": 22.515071868896484}
{"event": "sample", "n": 768, "mode": "forward_backward", "round": 0, "block": 3, "label": "A", "sample": 5, "ms": 22.479711532592773}
{"event": "sample", "n": 768, "mode": "forward_backward", "round": 0, "block": 3, "label": "A", "sample": 6, "ms": 22.527551651000977}
{"event": "sample", "n": 768, "mode": "forward_backward", "round": 0, "block": 3, "label": "A", "sample": 7, "ms": 22.498336791992188}
{"event": "sample", "n": 768, "mode": "forward_backward", "round": 0, "block": 3, "label": "A", "sample": 8, "ms": 22.548831939697266}
{"event": "sample", "n": 768, "mode": "forward_backward", "round": 0, "block": 3, "label": "A", "sample": 9, "ms": 22.52911949157715}
{"event": "sample", "n": 768, "mode": "forward_backward", "round": 1, "block": 0, "label": "A", "sample": 0, "ms": 22.797632217407227}
{"event": "sample", "n": 768, "mode": "forward_backward", "round": 1, "block": 0, "label": "A", "sample": 1, "ms": 22.5020809173584}
{"event": "sample", "n": 768, "mode": "forward_backward", "round": 1, "block": 0, "label": "A", "sample": 2, "ms": 22.456096649169922}
{"event": "sample", "n": 768, "mode": "forward_backward", "round": 1, "block": 0, "label": "A", "sample": 3, "ms": 22.48406410217285}
{"event": "sample", "n": 768, "mode": "forward_backward", "round": 1, "block": 0, "label": "A", "sample": 4, "ms": 22.505599975585938}
{"event": "sample", "n": 768, "mode": "forward_backward", "round": 1, "block": 0, "label": "A", "sample": 5, "ms": 22.494272232055664}
{"event": "sample", "n": 768, "mode": "forward_backward", "round": 1, "block": 0, "label": "A", "sample": 6, "ms": 22.555904388427734}
{"event": "sample", "n": 768, "mode": "forward_backward", "round": 1, "block": 0, "label": "A", "sample": 7, "ms": 22.540128707885742}
{"event": "sample", "n": 768, "mode": "forward_backward", "round": 1, "block": 0, "label": "A", "sample": 8, "ms": 22.535200119018555}
{"event": "sample", "n": 768, "mode": "forward_backward", "round": 1, "block": 0, "label": "A", "sample": 9, "ms": 22.492544174194336}
{"event": "sample", "n": 768, "mode": "forward_backward", "round": 1, "block": 1, "label": "B", "sample": 0, "ms": 22.902496337890625}
{"event": "sample", "n": 768, "mode": "forward_backward", "round": 1, "block": 1, "label": "B", "sample": 1, "ms": 22.405855178833008}
{"event": "sample", "n": 768, "mode": "forward_backward", "round": 1, "block": 1, "label": "B", "sample": 2, "ms": 22.396543502807617}
{"event": "sample", "n": 768, "mode": "forward_backward", "round": 1, "block": 1, "label": "B", "sample": 3, "ms": 22.43302345275879}
{"event": "sample", "n": 768, "mode": "forward_backward", "round": 1, "block": 1, "label": "B", "sample": 4, "ms": 22.482688903808594}
{"event": "sample", "n": 768, "mode": "forward_backward", "round": 1, "block": 1, "label": "B", "sample": 5, "ms": 22.48521614074707}
{"event": "sample", "n": 768, "mode": "forward_backward", "round": 1, "block": 1, "label": "B", "sample": 6, "ms": 22.51932716369629}
{"event": "sample", "n": 768, "mode": "forward_backward", "round": 1, "block": 1, "label": "B", "sample": 7, "ms": 22.502656936645508}
{"event": "sample", "n": 768, "mode": "forward_backward", "round": 1, "block": 1, "label": "B", "sample": 8, "ms": 22.433408737182617}
{"event": "sample", "n": 768, "mode": "forward_backward", "round": 1, "block": 1, "label": "B", "sample": 9, "ms": 22.346431732177734}
{"event": "sample", "n": 768, "mode": "forward_backward", "round": 1, "block": 2, "label": "B", "sample": 0, "ms": 22.79657554626465}
{"event": "sample", "n": 768, "mode": "forward_backward", "round": 1, "block": 2, "label": "B", "sample": 1, "ms": 22.48739242553711}
{"event": "sample", "n": 768, "mode": "forward_backward", "round": 1, "block": 2, "label": "B", "sample": 2, "ms": 22.52262306213379}
{"event": "sample", "n": 768, "mode": "forward_backward", "round": 1, "block": 2, "label": "B", "sample": 3, "ms": 22.50092887878418}
{"event": "sample", "n": 768, "mode": "forward_backward", "round": 1, "block": 2, "label": "B", "sample": 4, "ms": 22.42697525024414}
{"event": "sample", "n": 768, "mode": "forward_backward", "round": 1, "block": 2, "label": "B", "sample": 5, "ms": 22.39628791809082}
{"event": "sample", "n": 768, "mode": "forward_backward", "round": 1, "block": 2, "label": "B", "sample": 6, "ms": 22.479936599731445}
{"event": "sample", "n": 768, "mode": "forward_backward", "round": 1, "block": 2, "label": "B", "sample": 7, "ms": 22.429536819458008}
{"event": "sample", "n": 768, "mode": "forward_backward", "round": 1, "block": 2, "label": "B", "sample": 8, "ms": 22.426816940307617}
{"event": "sample", "n": 768, "mode": "forward_backward", "round": 1, "block": 2, "label": "B", "sample": 9, "ms": 22.492128372192383}
{"event": "sample", "n": 768, "mode": "forward_backward", "round": 1, "block": 3, "label": "A", "sample": 0, "ms": 22.893024444580078}
{"event": "sample", "n": 768, "mode": "forward_backward", "round": 1, "block": 3, "label": "A", "sample": 1, "ms": 22.528255462646484}
{"event": "sample", "n": 768, "mode": "forward_backward", "round": 1, "block": 3, "label": "A", "sample": 2, "ms": 22.52947235107422}
{"event": "sample", "n": 768, "mode": "forward_backward", "round": 1, "block": 3, "label": "A", "sample": 3, "ms": 22.495264053344727}
{"event": "sample", "n": 768, "mode": "forward_backward", "round": 1, "block": 3, "label": "A", "sample": 4, "ms": 22.482240676879883}
{"event": "sample", "n": 768, "mode": "forward_backward", "round": 1, "block": 3, "label": "A", "sample": 5, "ms": 22.59401512145996}
{"event": "sample", "n": 768, "mode": "forward_backward", "round": 1, "block": 3, "label": "A", "sample": 6, "ms": 22.46303939819336}
{"event": "sample", "n": 768, "mode": "forward_backward", "round": 1, "block": 3, "label": "A", "sample": 7, "ms": 22.499679565429688}
{"event": "sample", "n": 768, "mode": "forward_backward", "round": 1, "block": 3, "label": "A", "sample": 8, "ms": 22.423072814941406}
{"event": "sample", "n": 768, "mode": "forward_backward", "round": 1, "block": 3, "label": "A", "sample": 9, "ms": 22.47871971130371}
{"event": "sample", "n": 768, "mode": "forward_backward", "round": 2, "block": 0, "label": "A", "sample": 0, "ms": 22.9421443939209}
{"event": "sample", "n": 768, "mode": "forward_backward", "round": 2, "block": 0, "label": "A", "sample": 1, "ms": 22.521087646484375}
{"event": "sample", "n": 768, "mode": "forward_backward", "round": 2, "block": 0, "label": "A", "sample": 2, "ms": 22.540191650390625}
{"event": "sample", "n": 768, "mode": "forward_backward", "round": 2, "block": 0, "label": "A", "sample": 3, "ms": 22.579072952270508}
{"event": "sample", "n": 768, "mode": "forward_backward", "round": 2, "block": 0, "label": "A", "sample": 4, "ms": 22.517152786254883}
{"event": "sample", "n": 768, "mode": "forward_backward", "round": 2, "block": 0, "label": "A", "sample": 5, "ms": 22.482879638671875}
{"event": "sample", "n": 768, "mode": "forward_backward", "round": 2, "block": 0, "label": "A", "sample": 6, "ms": 22.498815536499023}
{"event": "sample", "n": 768, "mode": "forward_backward", "round": 2, "block": 0, "label": "A", "sample": 7, "ms": 22.511423110961914}
{"event": "sample", "n": 768, "mode": "forward_backward", "round": 2, "block": 0, "label": "A", "sample": 8, "ms": 22.4237117767334}
{"event": "sample", "n": 768, "mode": "forward_backward", "round": 2, "block": 0, "label": "A", "sample": 9, "ms": 22.511072158813477}
{"event": "sample", "n": 768, "mode": "forward_backward", "round": 2, "block": 1, "label": "B", "sample": 0, "ms": 22.93654441833496}
{"event": "sample", "n": 768, "mode": "forward_backward", "round": 2, "block": 1, "label": "B", "sample": 1, "ms": 22.449983596801758}
{"event": "sample", "n": 768, "mode": "forward_backward", "round": 2, "block": 1, "label": "B", "sample": 2, "ms": 22.478591918945312}
{"event": "sample", "n": 768, "mode": "forward_backward", "round": 2, "block": 1, "label": "B", "sample": 3, "ms": 22.50668716430664}
{"event": "sample", "n": 768, "mode": "forward_backward", "round": 2, "block": 1, "label": "B", "sample": 4, "ms": 22.4467830657959}
{"event": "sample", "n": 768, "mode": "forward_backward", "round": 2, "block": 1, "label": "B", "sample": 5, "ms": 22.427936553955078}
{"event": "sample", "n": 768, "mode": "forward_backward", "round": 2, "block": 1, "label": "B", "sample": 6, "ms": 22.43516731262207}
{"event": "sample", "n": 768, "mode": "forward_backward", "round": 2, "block": 1, "label": "B", "sample": 7, "ms": 22.40492820739746}
{"event": "sample", "n": 768, "mode": "forward_backward", "round": 2, "block": 1, "label": "B", "sample": 8, "ms": 22.436416625976562}
{"event": "sample", "n": 768, "mode": "forward_backward", "round": 2, "block": 1, "label": "B", "sample": 9, "ms": 22.449472427368164}
{"event": "sample", "n": 768, "mode": "forward_backward", "round": 2, "block": 2, "label": "B", "sample": 0, "ms": 22.830432891845703}
{"event": "sample", "n": 768, "mode": "forward_backward", "round": 2, "block": 2, "label": "B", "sample": 1, "ms": 22.487680435180664}
{"event": "sample", "n": 768, "mode": "forward_backward", "round": 2, "block": 2, "label": "B", "sample": 2, "ms": 22.422527313232422}
{"event": "sample", "n": 768, "mode": "forward_backward", "round": 2, "block": 2, "label": "B", "sample": 3, "ms": 22.385055541992188}
{"event": "sample", "n": 768, "mode": "forward_backward", "round": 2, "block": 2, "label": "B", "sample": 4, "ms": 22.47881507873535}
{"event": "sample", "n": 768, "mode": "forward_backward", "round": 2, "block": 2, "label": "B", "sample": 5, "ms": 22.438495635986328}
{"event": "sample", "n": 768, "mode": "forward_backward", "round": 2, "block": 2, "label": "B", "sample": 6, "ms": 22.349407196044922}
{"event": "sample", "n": 768, "mode": "forward_backward", "round": 2, "block": 2, "label": "B", "sample": 7, "ms": 22.501344680786133}
{"event": "sample", "n": 768, "mode": "forward_backward", "round": 2, "block": 2, "label": "B", "sample": 8, "ms": 22.478271484375}
{"event": "sample", "n": 768, "mode": "forward_backward", "round": 2, "block": 2, "label": "B", "sample": 9, "ms": 22.45747184753418}
{"event": "sample", "n": 768, "mode": "forward_backward", "round": 2, "block": 3, "label": "A", "sample": 0, "ms": 22.972192764282227}
{"event": "sample", "n": 768, "mode": "forward_backward", "round": 2, "block": 3, "label": "A", "sample": 1, "ms": 22.512544631958008}
{"event": "sample", "n": 768, "mode": "forward_backward", "round": 2, "block": 3, "label": "A", "sample": 2, "ms": 22.50511932373047}
{"event": "sample", "n": 768, "mode": "forward_backward", "round": 2, "block": 3, "label": "A", "sample": 3, "ms": 22.46556854248047}
{"event": "sample", "n": 768, "mode": "forward_backward", "round": 2, "block": 3, "label": "A", "sample": 4, "ms": 22.480512619018555}
{"event": "sample", "n": 768, "mode": "forward_backward", "round": 2, "block": 3, "label": "A", "sample": 5, "ms": 22.54431915283203}
{"event": "sample", "n": 768, "mode": "forward_backward", "round": 2, "block": 3, "label": "A", "sample": 6, "ms": 22.546239852905273}
{"event": "sample", "n": 768, "mode": "forward_backward", "round": 2, "block": 3, "label": "A", "sample": 7, "ms": 22.59231948852539}
{"event": "sample", "n": 768, "mode": "forward_backward", "round": 2, "block": 3, "label": "A", "sample": 8, "ms": 22.583744049072266}
{"event": "sample", "n": 768, "mode": "forward_backward", "round": 2, "block": 3, "label": "A", "sample": 9, "ms": 22.52511978149414}
{"event": "summary", "n": 768, "mode": "forward_backward", "median_ms": {"A": 22.51688003540039, "B": 22.44812774658203}, "speedup": 1.0030627181738498, "samples_per_label": 60}
{"event": "parity", "n": 800, "checks": {"output": {"relative_l2": 0.0, "baseline_zero_max_abs_diagnostic": 0.0, "passed": true}, "dq": {"relative_l2": 1.7733025742927566e-05, "baseline_zero_max_abs_diagnostic": 1.862645149230957e-09, "passed": true}, "dk": {"relative_l2": 0.0, "baseline_zero_max_abs_diagnostic": 0.0, "passed": true}, "dv": {"relative_l2": 0.0, "baseline_zero_max_abs_diagnostic": 0.0, "passed": true}, "db": {"relative_l2": 2.2285608793026768e-05, "baseline_zero_max_abs_diagnostic": 0.0, "passed": true}}, "independent_reference": false}
{"event": "forward_configs", "n": 800, "configs": {"previous_fused_4b832de": {"kwargs": {"BLOCK_J": 64, "BLOCK_K": 64}, "num_warps": 4, "num_stages": 3, "num_ctas": 1, "maxnreg": null}, "optimized_fused": {"kwargs": {"BLOCK_J": 64, "BLOCK_K": 64}, "num_warps": 4, "num_stages": 2, "num_ctas": 1, "maxnreg": 96}}}
{"event": "memory", "n": 800, "measurements": {"A": {"peak_increment_bytes": 1530438656, "retained_increment_bytes": 1321451520}, "B": {"peak_increment_bytes": 1530438656, "retained_increment_bytes": 1321451520}}}
{"event": "sample", "n": 800, "mode": "forward", "round": 0, "block": 0, "label": "A", "sample": 0, "ms": 6.248000144958496}
{"event": "sample", "n": 800, "mode": "forward", "round": 0, "block": 0, "label": "A", "sample": 1, "ms": 5.909952163696289}
{"event": "sample", "n": 800, "mode": "forward", "round": 0, "block": 0, "label": "A", "sample": 2, "ms": 5.914815902709961}
{"event": "sample", "n": 800, "mode": "forward", "round": 0, "block": 0, "label": "A", "sample": 3, "ms": 5.911871910095215}
{"event": "sample", "n": 800, "mode": "forward", "round": 0, "block": 0, "label": "A", "sample": 4, "ms": 5.912576198577881}
{"event": "sample", "n": 800, "mode": "forward", "round": 0, "block": 0, "label": "A", "sample": 5, "ms": 5.9112958908081055}
{"event": "sample", "n": 800, "mode": "forward", "round": 0, "block": 0, "label": "A", "sample": 6, "ms": 5.912799835205078}
{"event": "sample", "n": 800, "mode": "forward", "round": 0, "block": 0, "label": "A", "sample": 7, "ms": 5.917632102966309}
{"event": "sample", "n": 800, "mode": "forward", "round": 0, "block": 0, "label": "A", "sample": 8, "ms": 5.918655872344971}
{"event": "sample", "n": 800, "mode": "forward", "round": 0, "block": 0, "label": "A", "sample": 9, "ms": 5.918047904968262}
{"event": "sample", "n": 800, "mode": "forward", "round": 0, "block": 1, "label": "B", "sample": 0, "ms": 6.13212776184082}
{"event": "sample", "n": 800, "mode": "forward", "round": 0, "block": 1, "label": "B", "sample": 1, "ms": 5.794976234436035}
{"event": "sample", "n": 800, "mode": "forward", "round": 0, "block": 1, "label": "B", "sample": 2, "ms": 5.794528007507324}
{"event": "sample", "n": 800, "mode": "forward", "round": 0, "block": 1, "label": "B", "sample": 3, "ms": 5.7952961921691895}
{"event": "sample", "n": 800, "mode": "forward", "round": 0, "block": 1, "label": "B", "sample": 4, "ms": 5.794496059417725}
{"event": "sample", "n": 800, "mode": "forward", "round": 0, "block": 1, "label": "B", "sample": 5, "ms": 5.795040130615234}
{"event": "sample", "n": 800, "mode": "forward", "round": 0, "block": 1, "label": "B", "sample": 6, "ms": 5.795616149902344}
{"event": "sample", "n": 800, "mode": "forward", "round": 0, "block": 1, "label": "B", "sample": 7, "ms": 5.793856143951416}
{"event": "sample", "n": 800, "mode": "forward", "round": 0, "block": 1, "label": "B", "sample": 8, "ms": 5.793536186218262}
{"event": "sample", "n": 800, "mode": "forward", "round": 0, "block": 1, "label": "B", "sample": 9, "ms": 5.7961602210998535}
{"event": "sample", "n": 800, "mode": "forward", "round": 0, "block": 2, "label": "B", "sample": 0, "ms": 6.159200191497803}
{"event": "sample", "n": 800, "mode": "forward", "round": 0, "block": 2, "label": "B", "sample": 1, "ms": 5.794623851776123}
{"event": "sample", "n": 800, "mode": "forward", "round": 0, "block": 2, "label": "B", "sample": 2, "ms": 5.795392036437988}
{"event": "sample", "n": 800, "mode": "forward", "round": 0, "block": 2, "label": "B", "sample": 3, "ms": 5.793087959289551}
{"event": "sample", "n": 800, "mode": "forward", "round": 0, "block": 2, "label": "B", "sample": 4, "ms": 5.795616149902344}
{"event": "sample", "n": 800, "mode": "forward", "round": 0, "block": 2, "label": "B", "sample": 5, "ms": 5.795263767242432}
{"event": "sample", "n": 800, "mode": "forward", "round": 0, "block": 2, "label": "B", "sample": 6, "ms": 5.796319961547852}
{"event": "sample", "n": 800, "mode": "forward", "round": 0, "block": 2, "label": "B", "sample": 7, "ms": 5.794015884399414}
{"event": "sample", "n": 800, "mode": "forward", "round": 0, "block": 2, "label": "B", "sample": 8, "ms": 5.794816017150879}
{"event": "sample", "n": 800, "mode": "forward", "round": 0, "block": 2, "label": "B", "sample": 9, "ms": 5.79369592666626}
{"event": "sample", "n": 800, "mode": "forward", "round": 0, "block": 3, "label": "A", "sample": 0, "ms": 6.264224052429199}
{"event": "sample", "n": 800, "mode": "forward", "round": 0, "block": 3, "label": "A", "sample": 1, "ms": 5.9169921875}
{"event": "sample", "n": 800, "mode": "forward", "round": 0, "block": 3, "label": "A", "sample": 2, "ms": 5.9191999435424805}
{"event": "sample", "n": 800, "mode": "forward", "round": 0, "block": 3, "label": "A", "sample": 3, "ms": 5.917952060699463}
{"event": "sample", "n": 800, "mode": "forward", "round": 0, "block": 3, "label": "A", "sample": 4, "ms": 5.919936180114746}
{"event": "sample", "n": 800, "mode": "forward", "round": 0, "block": 3, "label": "A", "sample": 5, "ms": 5.918943881988525}
{"event": "sample", "n": 800, "mode": "forward", "round": 0, "block": 3, "label": "A", "sample": 6, "ms": 5.920415878295898}
{"event": "sample", "n": 800, "mode": "forward", "round": 0, "block": 3, "label": "A", "sample": 7, "ms": 5.916672229766846}
{"event": "sample", "n": 800, "mode": "forward", "round": 0, "block": 3, "label": "A", "sample": 8, "ms": 5.920000076293945}
{"event": "sample", "n": 800, "mode": "forward", "round": 0, "block": 3, "label": "A", "sample": 9, "ms": 5.919519901275635}
{"event": "sample", "n": 800, "mode": "forward", "round": 1, "block": 0, "label": "A", "sample": 0, "ms": 6.255392074584961}
{"event": "sample", "n": 800, "mode": "forward", "round": 1, "block": 0, "label": "A", "sample": 1, "ms": 5.917791843414307}
{"event": "sample", "n": 800, "mode": "forward", "round": 1, "block": 0, "label": "A", "sample": 2, "ms": 5.9202880859375}
{"event": "sample", "n": 800, "mode": "forward", "round": 1, "block": 0, "label": "A", "sample": 3, "ms": 5.919295787811279}
{"event": "sample", "n": 800, "mode": "forward", "round": 1, "block": 0, "label": "A", "sample": 4, "ms": 5.9191999435424805}
{"event": "sample", "n": 800, "mode": "forward", "round": 1, "block": 0, "label": "A", "sample": 5, "ms": 5.917407989501953}
{"event": "sample", "n": 800, "mode": "forward", "round": 1, "block": 0, "label": "A", "sample": 6, "ms": 5.920447826385498}
{"event": "sample", "n": 800, "mode": "forward", "round": 1, "block": 0, "label": "A", "sample": 7, "ms": 5.920703887939453}
{"event": "sample", "n": 800, "mode": "forward", "round": 1, "block": 0, "label": "A", "sample": 8, "ms": 5.919487953186035}
{"event": "sample", "n": 800, "mode": "forward", "round": 1, "block": 0, "label": "A", "sample": 9, "ms": 5.917920112609863}
{"event": "sample", "n": 800, "mode": "forward", "round": 1, "block": 1, "label": "B", "sample": 0, "ms": 6.139039993286133}
{"event": "sample", "n": 800, "mode": "forward", "round": 1, "block": 1, "label": "B", "sample": 1, "ms": 5.794976234436035}
{"event": "sample", "n": 800, "mode": "forward", "round": 1, "block": 1, "label": "B", "sample": 2, "ms": 5.794144153594971}
{"event": "sample", "n": 800, "mode": "forward", "round": 1, "block": 1, "label": "B", "sample": 3, "ms": 5.792064189910889}
{"event": "sample", "n": 800, "mode": "forward", "round": 1, "block": 1, "label": "B", "sample": 4, "ms": 5.794496059417725}
{"event": "sample", "n": 800, "mode": "forward", "round": 1, "block": 1, "label": "B", "sample": 5, "ms": 5.795104026794434}
{"event": "sample", "n": 800, "mode": "forward", "round": 1, "block": 1, "label": "B", "sample": 6, "ms": 5.795199871063232}
{"event": "sample", "n": 800, "mode": "forward", "round": 1, "block": 1, "label": "B", "sample": 7, "ms": 5.8023681640625}
{"event": "sample", "n": 800, "mode": "forward", "round": 1, "block": 1, "label": "B", "sample": 8, "ms": 5.8072638511657715}
{"event": "sample", "n": 800, "mode": "forward", "round": 1, "block": 1, "label": "B", "sample": 9, "ms": 5.808191776275635}
{"event": "sample", "n": 800, "mode": "forward", "round": 1, "block": 2, "label": "B", "sample": 0, "ms": 6.123424053192139}
{"event": "sample", "n": 800, "mode": "forward", "round": 1, "block": 2, "label": "B", "sample": 1, "ms": 5.807551860809326}
{"event": "sample", "n": 800, "mode": "forward", "round": 1, "block": 2, "label": "B", "sample": 2, "ms": 5.8066558837890625}
{"event": "sample", "n": 800, "mode": "forward", "round": 1, "block": 2, "label": "B", "sample": 3, "ms": 5.806560039520264}
{"event": "sample", "n": 800, "mode": "forward", "round": 1, "block": 2, "label": "B", "sample": 4, "ms": 5.807072162628174}
{"event": "sample", "n": 800, "mode": "forward", "round": 1, "block": 2, "label": "B", "sample": 5, "ms": 5.804992198944092}
{"event": "sample", "n": 800, "mode": "forward", "round": 1, "block": 2, "label": "B", "sample": 6, "ms": 5.807744026184082}
{"event": "sample", "n": 800, "mode": "forward", "round": 1, "block": 2, "label": "B", "sample": 7, "ms": 5.805088043212891}
{"event": "sample", "n": 800, "mode": "forward", "round": 1, "block": 2, "label": "B", "sample": 8, "ms": 5.806591987609863}
{"event": "sample", "n": 800, "mode": "forward", "round": 1, "block": 2, "label": "B", "sample": 9, "ms": 5.806943893432617}
{"event": "sample", "n": 800, "mode": "forward", "round": 1, "block": 3, "label": "A", "sample": 0, "ms": 6.302688121795654}
{"event": "sample", "n": 800, "mode": "forward", "round": 1, "block": 3, "label": "A", "sample": 1, "ms": 5.930463790893555}
{"event": "sample", "n": 800, "mode": "forward", "round": 1, "block": 3, "label": "A", "sample": 2, "ms": 5.933279991149902}
{"event": "sample", "n": 800, "mode": "forward", "round": 1, "block": 3, "label": "A", "sample": 3, "ms": 5.930816173553467}
{"event": "sample", "n": 800, "mode": "forward", "round": 1, "block": 3, "label": "A", "sample": 4, "ms": 5.921343803405762}
{"event": "sample", "n": 800, "mode": "forward", "round": 1, "block": 3, "label": "A", "sample": 5, "ms": 5.917151927947998}
{"event": "sample", "n": 800, "mode": "forward", "round": 1, "block": 3, "label": "A", "sample": 6, "ms": 5.917632102966309}
{"event": "sample", "n": 800, "mode": "forward", "round": 1, "block": 3, "label": "A", "sample": 7, "ms": 5.914752006530762}
{"event": "sample", "n": 800, "mode": "forward", "round": 1, "block": 3, "label": "A", "sample": 8, "ms": 5.920576095581055}
{"event": "sample", "n": 800, "mode": "forward", "round": 1, "block": 3, "label": "A", "sample": 9, "ms": 5.918784141540527}
{"event": "sample", "n": 800, "mode": "forward", "round": 2, "block": 0, "label": "A", "sample": 0, "ms": 6.2794880867004395}
{"event": "sample", "n": 800, "mode": "forward", "round": 2, "block": 0, "label": "A", "sample": 1, "ms": 5.917759895324707}
{"event": "sample", "n": 800, "mode": "forward", "round": 2, "block": 0, "label": "A", "sample": 2, "ms": 5.919616222381592}
{"event": "sample", "n": 800, "mode": "forward", "round": 2, "block": 0, "label": "A", "sample": 3, "ms": 5.919040203094482}
{"event": "sample", "n": 800, "mode": "forward", "round": 2, "block": 0, "label": "A", "sample": 4, "ms": 5.918752193450928}
{"event": "sample", "n": 800, "mode": "forward", "round": 2, "block": 0, "label": "A", "sample": 5, "ms": 5.917535781860352}
{"event": "sample", "n": 800, "mode": "forward", "round": 2, "block": 0, "label": "A", "sample": 6, "ms": 5.920159816741943}
{"event": "sample", "n": 800, "mode": "forward", "round": 2, "block": 0, "label": "A", "sample": 7, "ms": 5.91923189163208}
{"event": "sample", "n": 800, "mode": "forward", "round": 2, "block": 0, "label": "A", "sample": 8, "ms": 5.91926383972168}
{"event": "sample", "n": 800, "mode": "forward", "round": 2, "block": 0, "label": "A", "sample": 9, "ms": 5.918015956878662}
{"event": "sample", "n": 800, "mode": "forward", "round": 2, "block": 1, "label": "B", "sample": 0, "ms": 6.162464141845703}
{"event": "sample", "n": 800, "mode": "forward", "round": 2, "block": 1, "label": "B", "sample": 1, "ms": 5.808224201202393}
{"event": "sample", "n": 800, "mode": "forward", "round": 2, "block": 1, "label": "B", "sample": 2, "ms": 5.806848049163818}
{"event": "sample", "n": 800, "mode": "forward", "round": 2, "block": 1, "label": "B", "sample": 3, "ms": 5.806240081787109}
{"event": "sample", "n": 800, "mode": "forward", "round": 2, "block": 1, "label": "B", "sample": 4, "ms": 5.806943893432617}
{"event": "sample", "n": 800, "mode": "forward", "round": 2, "block": 1, "label": "B", "sample": 5, "ms": 5.804224014282227}
{"event": "sample", "n": 800, "mode": "forward", "round": 2, "block": 1, "label": "B", "sample": 6, "ms": 5.806272029876709}
{"event": "sample", "n": 800, "mode": "forward", "round": 2, "block": 1, "label": "B", "sample": 7, "ms": 5.804863929748535}
{"event": "sample", "n": 800, "mode": "forward", "round": 2, "block": 1, "label": "B", "sample": 8, "ms": 5.806528091430664}
{"event": "sample", "n": 800, "mode": "forward", "round": 2, "block": 1, "label": "B", "sample": 9, "ms": 5.8056321144104}
{"event": "sample", "n": 800, "mode": "forward", "round": 2, "block": 2, "label": "B", "sample": 0, "ms": 6.157631874084473}
{"event": "sample", "n": 800, "mode": "forward", "round": 2, "block": 2, "label": "B", "sample": 1, "ms": 5.8072638511657715}
{"event": "sample", "n": 800, "mode": "forward", "round": 2, "block": 2, "label": "B", "sample": 2, "ms": 5.8060479164123535}
{"event": "sample", "n": 800, "mode": "forward", "round": 2, "block": 2, "label": "B", "sample": 3, "ms": 5.804255962371826}
{"event": "sample", "n": 800, "mode": "forward", "round": 2, "block": 2, "label": "B", "sample": 4, "ms": 5.805727958679199}
{"event": "sample", "n": 800, "mode": "forward", "round": 2, "block": 2, "label": "B", "sample": 5, "ms": 5.804927825927734}
{"event": "sample", "n": 800, "mode": "forward", "round": 2, "block": 2, "label": "B", "sample": 6, "ms": 5.804895877838135}
{"event": "sample", "n": 800, "mode": "forward", "round": 2, "block": 2, "label": "B", "sample": 7, "ms": 5.799295902252197}
{"event": "sample", "n": 800, "mode": "forward", "round": 2, "block": 2, "label": "B", "sample": 8, "ms": 5.79369592666626}
{"event": "sample", "n": 800, "mode": "forward", "round": 2, "block": 2, "label": "B", "sample": 9, "ms": 5.7936320304870605}
{"event": "sample", "n": 800, "mode": "forward", "round": 2, "block": 3, "label": "A", "sample": 0, "ms": 6.269440174102783}
{"event": "sample", "n": 800, "mode": "forward", "round": 2, "block": 3, "label": "A", "sample": 1, "ms": 5.9170241355896}
{"event": "sample", "n": 800, "mode": "forward", "round": 2, "block": 3, "label": "A", "sample": 2, "ms": 5.918975830078125}
{"event": "sample", "n": 800, "mode": "forward", "round": 2, "block": 3, "label": "A", "sample": 3, "ms": 5.916031837463379}
{"event": "sample", "n": 800, "mode": "forward", "round": 2, "block": 3, "label": "A", "sample": 4, "ms": 5.918752193450928}
{"event": "sample", "n": 800, "mode": "forward", "round": 2, "block": 3, "label": "A", "sample": 5, "ms": 5.918623924255371}
{"event": "sample", "n": 800, "mode": "forward", "round": 2, "block": 3, "label": "A", "sample": 6, "ms": 5.918335914611816}
{"event": "sample", "n": 800, "mode": "forward", "round": 2, "block": 3, "label": "A", "sample": 7, "ms": 5.9161601066589355}
{"event": "sample", "n": 800, "mode": "forward", "round": 2, "block": 3, "label": "A", "sample": 8, "ms": 5.918303966522217}
{"event": "sample", "n": 800, "mode": "forward", "round": 2, "block": 3, "label": "A", "sample": 9, "ms": 5.918879985809326}
{"event": "summary", "n": 800, "mode": "forward", "median_ms": {"A": 5.918832063674927, "B": 5.804559946060181}, "speedup": 1.0196866116771364, "samples_per_label": 60}
{"event": "sample", "n": 800, "mode": "backward", "round": 0, "block": 0, "label": "A", "sample": 0, "ms": 24.480831146240234}
{"event": "sample", "n": 800, "mode": "backward", "round": 0, "block": 0, "label": "A", "sample": 1, "ms": 23.902368545532227}
{"event": "sample", "n": 800, "mode": "backward", "round": 0, "block": 0, "label": "A", "sample": 2, "ms": 23.850496292114258}
{"event": "sample", "n": 800, "mode": "backward", "round": 0, "block": 0, "label": "A", "sample": 3, "ms": 23.838848114013672}
{"event": "sample", "n": 800, "mode": "backward", "round": 0, "block": 0, "label": "A", "sample": 4, "ms": 23.841407775878906}
{"event": "sample", "n": 800, "mode": "backward", "round": 0, "block": 0, "label": "A", "sample": 5, "ms": 23.833248138427734}
{"event": "sample", "n": 800, "mode": "backward", "round": 0, "block": 0, "label": "A", "sample": 6, "ms": 23.856063842773438}
{"event": "sample", "n": 800, "mode": "backward", "round": 0, "block": 0, "label": "A", "sample": 7, "ms": 23.880800247192383}
{"event": "sample", "n": 800, "mode": "backward", "round": 0, "block": 0, "label": "A", "sample": 8, "ms": 23.856704711914062}
{"event": "sample", "n": 800, "mode": "backward", "round": 0, "block": 0, "label": "A", "sample": 9, "ms": 23.88528060913086}
{"event": "sample", "n": 800, "mode": "backward", "round": 0, "block": 1, "label": "B", "sample": 0, "ms": 24.050495147705078}
{"event": "sample", "n": 800, "mode": "backward", "round": 0, "block": 1, "label": "B", "sample": 1, "ms": 23.821184158325195}
{"event": "sample", "n": 800, "mode": "backward", "round": 0, "block": 1, "label": "B", "sample": 2, "ms": 23.8110408782959}
{"event": "sample", "n": 800, "mode": "backward", "round": 0, "block": 1, "label": "B", "sample": 3, "ms": 23.826623916625977}
{"event": "sample", "n": 800, "mode": "backward", "round": 0, "block": 1, "label": "B", "sample": 4, "ms": 23.841567993164062}
{"event": "sample", "n": 800, "mode": "backward", "round": 0, "block": 1, "label": "B", "sample": 5, "ms": 23.841344833374023}
{"event": "sample", "n": 800, "mode": "backward", "round": 0, "block": 1, "label": "B", "sample": 6, "ms": 23.860736846923828}
{"event": "sample", "n": 800, "mode": "backward", "round": 0, "block": 1, "label": "B", "sample": 7, "ms": 23.870208740234375}
{"event": "sample", "n": 800, "mode": "backward", "round": 0, "block": 1, "label": "B", "sample": 8, "ms": 23.86012840270996}
{"event": "sample", "n": 800, "mode": "backward", "round": 0, "block": 1, "label": "B", "sample": 9, "ms": 23.86569595336914}
{"event": "sample", "n": 800, "mode": "backward", "round": 0, "block": 2, "label": "B", "sample": 0, "ms": 24.005535125732422}
{"event": "sample", "n": 800, "mode": "backward", "round": 0, "block": 2, "label": "B", "sample": 1, "ms": 23.81657600402832}
{"event": "sample", "n": 800, "mode": "backward", "round": 0, "block": 2, "label": "B", "sample": 2, "ms": 23.82374382019043}
{"event": "sample", "n": 800, "mode": "backward", "round": 0, "block": 2, "label": "B", "sample": 3, "ms": 23.850624084472656}
{"event": "sample", "n": 800, "mode": "backward", "round": 0, "block": 2, "label": "B", "sample": 4, "ms": 23.85215950012207}
{"event": "sample", "n": 800, "mode": "backward", "round": 0, "block": 2, "label": "B", "sample": 5, "ms": 23.853727340698242}
{"event": "sample", "n": 800, "mode": "backward", "round": 0, "block": 2, "label": "B", "sample": 6, "ms": 23.890304565429688}
{"event": "sample", "n": 800, "mode": "backward", "round": 0, "block": 2, "label": "B", "sample": 7, "ms": 23.865312576293945}
{"event": "sample", "n": 800, "mode": "backward", "round": 0, "block": 2, "label": "B", "sample": 8, "ms": 23.826847076416016}
{"event": "sample", "n": 800, "mode": "backward", "round": 0, "block": 2, "label": "B", "sample": 9, "ms": 23.823871612548828}
{"event": "sample", "n": 800, "mode": "backward", "round": 0, "block": 3, "label": "A", "sample": 0, "ms": 24.031391143798828}
{"event": "sample", "n": 800, "mode": "backward", "round": 0, "block": 3, "label": "A", "sample": 1, "ms": 23.82784080505371}
{"event": "sample", "n": 800, "mode": "backward", "round": 0, "block": 3, "label": "A", "sample": 2, "ms": 23.85977554321289}
{"event": "sample", "n": 800, "mode": "backward", "round": 0, "block": 3, "label": "A", "sample": 3, "ms": 23.873567581176758}
{"event": "sample", "n": 800, "mode": "backward", "round": 0, "block": 3, "label": "A", "sample": 4, "ms": 23.857215881347656}
{"event": "sample", "n": 800, "mode": "backward", "round": 0, "block": 3, "label": "A", "sample": 5, "ms": 23.86969566345215}
{"event": "sample", "n": 800, "mode": "backward", "round": 0, "block": 3, "label": "A", "sample": 6, "ms": 23.86025619506836}
{"event": "sample", "n": 800, "mode": "backward", "round": 0, "block": 3, "label": "A", "sample": 7, "ms": 23.835039138793945}
{"event": "sample", "n": 800, "mode": "backward", "round": 0, "block": 3, "label": "A", "sample": 8, "ms": 23.85327911376953}
{"event": "sample", "n": 800, "mode": "backward", "round": 0, "block": 3, "label": "A", "sample": 9, "ms": 23.835615158081055}
{"event": "sample", "n": 800, "mode": "backward", "round": 1, "block": 0, "label": "A", "sample": 0, "ms": 24.02444839477539}
{"event": "sample", "n": 800, "mode": "backward", "round": 1, "block": 0, "label": "A", "sample": 1, "ms": 23.878719329833984}
{"event": "sample", "n": 800, "mode": "backward", "round": 1, "block": 0, "label": "A", "sample": 2, "ms": 23.85545539855957}
{"event": "sample", "n": 800, "mode": "backward", "round": 1, "block": 0, "label": "A", "sample": 3, "ms": 23.88150405883789}
{"event": "sample", "n": 800, "mode": "backward", "round": 1, "block": 0, "label": "A", "sample": 4, "ms": 23.866336822509766}
{"event": "sample", "n": 800, "mode": "backward", "round": 1, "block": 0, "label": "A", "sample": 5, "ms": 23.832767486572266}
{"event": "sample", "n": 800, "mode": "backward", "round": 1, "block": 0, "label": "A", "sample": 6, "ms": 23.838016510009766}
{"event": "sample", "n": 800, "mode": "backward", "round": 1, "block": 0, "label": "A", "sample": 7, "ms": 23.826047897338867}
{"event": "sample", "n": 800, "mode": "backward", "round": 1, "block": 0, "label": "A", "sample": 8, "ms": 23.851360321044922}
{"event": "sample", "n": 800, "mode": "backward", "round": 1, "block": 0, "label": "A", "sample": 9, "ms": 23.861312866210938}
{"event": "sample", "n": 800, "mode": "backward", "round": 1, "block": 1, "label": "B", "sample": 0, "ms": 24.04729652404785}
{"event": "sample", "n": 800, "mode": "backward", "round": 1, "block": 1, "label": "B", "sample": 1, "ms": 23.860960006713867}
{"event": "sample", "n": 800, "mode": "backward", "round": 1, "block": 1, "label": "B", "sample": 2, "ms": 23.855968475341797}
{"event": "sample", "n": 800, "mode": "backward", "round": 1, "block": 1, "label": "B", "sample": 3, "ms": 23.828479766845703}
{"event": "sample", "n": 800, "mode": "backward", "round": 1, "block": 1, "label": "B", "sample": 4, "ms": 23.823135375976562}
{"event": "sample", "n": 800, "mode": "backward", "round": 1, "block": 1, "label": "B", "sample": 5, "ms": 23.83148765563965}
{"event": "sample", "n": 800, "mode": "backward", "round": 1, "block": 1, "label": "B", "sample": 6, "ms": 23.83590316772461}
{"event": "sample", "n": 800, "mode": "backward", "round": 1, "block": 1, "label": "B", "sample": 7, "ms": 23.864160537719727}
{"event": "sample", "n": 800, "mode": "backward", "round": 1, "block": 1, "label": "B", "sample": 8, "ms": 23.86579132080078}
{"event": "sample", "n": 800, "mode": "backward", "round": 1, "block": 1, "label": "B", "sample": 9, "ms": 23.87491226196289}
{"event": "sample", "n": 800, "mode": "backward", "round": 1, "block": 2, "label": "B", "sample": 0, "ms": 24.053312301635742}
{"event": "sample", "n": 800, "mode": "backward", "round": 1, "block": 2, "label": "B", "sample": 1, "ms": 23.83344078063965}
{"event": "sample", "n": 800, "mode": "backward", "round": 1, "block": 2, "label": "B", "sample": 2, "ms": 23.82454490661621}
{"event": "sample", "n": 800, "mode": "backward", "round": 1, "block": 2, "label": "B", "sample": 3, "ms": 23.83228874206543}
{"event": "sample", "n": 800, "mode": "backward", "round": 1, "block": 2, "label": "B", "sample": 4, "ms": 23.8154239654541}
{"event": "sample", "n": 800, "mode": "backward", "round": 1, "block": 2, "label": "B", "sample": 5, "ms": 23.853696823120117}
{"event": "sample", "n": 800, "mode": "backward", "round": 1, "block": 2, "label": "B", "sample": 6, "ms": 23.857248306274414}
{"event": "sample", "n": 800, "mode": "backward", "round": 1, "block": 2, "label": "B", "sample": 7, "ms": 23.87513542175293}
{"event": "sample", "n": 800, "mode": "backward", "round": 1, "block": 2, "label": "B", "sample": 8, "ms": 23.8417911529541}
{"event": "sample", "n": 800, "mode": "backward", "round": 1, "block": 2, "label": "B", "sample": 9, "ms": 23.831104278564453}
{"event": "sample", "n": 800, "mode": "backward", "round": 1, "block": 3, "label": "A", "sample": 0, "ms": 24.045440673828125}
{"event": "sample", "n": 800, "mode": "backward", "round": 1, "block": 3, "label": "A", "sample": 1, "ms": 23.84217643737793}
{"event": "sample", "n": 800, "mode": "backward", "round": 1, "block": 3, "label": "A", "sample": 2, "ms": 23.84761619567871}
{"event": "sample", "n": 800, "mode": "backward", "round": 1, "block": 3, "label": "A", "sample": 3, "ms": 23.84668731689453}
{"event": "sample", "n": 800, "mode": "backward", "round": 1, "block": 3, "label": "A", "sample": 4, "ms": 23.848384857177734}
{"event": "sample", "n": 800, "mode": "backward", "round": 1, "block": 3, "label": "A", "sample": 5, "ms": 23.856159210205078}
{"event": "sample", "n": 800, "mode": "backward", "round": 1, "block": 3, "label": "A", "sample": 6, "ms": 23.86502456665039}
{"event": "sample", "n": 800, "mode": "backward", "round": 1, "block": 3, "label": "A", "sample": 7, "ms": 23.910400390625}
{"event": "sample", "n": 800, "mode": "backward", "round": 1, "block": 3, "label": "A", "sample": 8, "ms": 23.825632095336914}
{"event": "sample", "n": 800, "mode": "backward", "round": 1, "block": 3, "label": "A", "sample": 9, "ms": 23.840768814086914}
{"event": "sample", "n": 800, "mode": "backward", "round": 2, "block": 0, "label": "A", "sample": 0, "ms": 24.060640335083008}
{"event": "sample", "n": 800, "mode": "backward", "round": 2, "block": 0, "label": "A", "sample": 1, "ms": 23.845279693603516}
{"event": "sample", "n": 800, "mode": "backward", "round": 2, "block": 0, "label": "A", "sample": 2, "ms": 23.85625648498535}
{"event": "sample", "n": 800, "mode": "backward", "round": 2, "block": 0, "label": "A", "sample": 3, "ms": 23.880800247192383}
{"event": "sample", "n": 800, "mode": "backward", "round": 2, "block": 0, "label": "A", "sample": 4, "ms": 23.879871368408203}
{"event": "sample", "n": 800, "mode": "backward", "round": 2, "block": 0, "label": "A", "sample": 5, "ms": 23.87696075439453}
{"event": "sample", "n": 800, "mode": "backward", "round": 2, "block": 0, "label": "A", "sample": 6, "ms": 23.851903915405273}
{"event": "sample", "n": 800, "mode": "backward", "round": 2, "block": 0, "label": "A", "sample": 7, "ms": 23.831039428710938}
{"event": "sample", "n": 800, "mode": "backward", "round": 2, "block": 0, "label": "A", "sample": 8, "ms": 23.84502410888672}
{"event": "sample", "n": 800, "mode": "backward", "round": 2, "block": 0, "label": "A", "sample": 9, "ms": 23.831167221069336}
{"event": "sample", "n": 800, "mode": "backward", "round": 2, "block": 1, "label": "B", "sample": 0, "ms": 24.034080505371094}
{"event": "sample", "n": 800, "mode": "backward", "round": 2, "block": 1, "label": "B", "sample": 1, "ms": 23.89072036743164}
{"event": "sample", "n": 800, "mode": "backward", "round": 2, "block": 1, "label": "B", "sample": 2, "ms": 23.862335205078125}
{"event": "sample", "n": 800, "mode": "backward", "round": 2, "block": 1, "label": "B", "sample": 3, "ms": 23.85478401184082}
{"event": "sample", "n": 800, "mode": "backward", "round": 2, "block": 1, "label": "B", "sample": 4, "ms": 23.848447799682617}
{"event": "sample", "n": 800, "mode": "backward", "round": 2, "block": 1, "label": "B", "sample": 5, "ms": 23.810592651367188}
{"event": "sample", "n": 800, "mode": "backward", "round": 2, "block": 1, "label": "B", "sample": 6, "ms": 23.82147216796875}
{"event": "sample", "n": 800, "mode": "backward", "round": 2, "block": 1, "label": "B", "sample": 7, "ms": 23.827199935913086}
{"event": "sample", "n": 800, "mode": "backward", "round": 2, "block": 1, "label": "B", "sample": 8, "ms": 23.813024520874023}
{"event": "sample", "n": 800, "mode": "backward", "round": 2, "block": 1, "label": "B", "sample": 9, "ms": 23.85923194885254}
{"event": "sample", "n": 800, "mode": "backward", "round": 2, "block": 2, "label": "B", "sample": 0, "ms": 24.05392074584961}
{"event": "sample", "n": 800, "mode": "backward", "round": 2, "block": 2, "label": "B", "sample": 1, "ms": 23.84012794494629}
{"event": "sample", "n": 800, "mode": "backward", "round": 2, "block": 2, "label": "B", "sample": 2, "ms": 23.877248764038086}
{"event": "sample", "n": 800, "mode": "backward", "round": 2, "block": 2, "label": "B", "sample": 3, "ms": 23.815519332885742}
{"event": "sample", "n": 800, "mode": "backward", "round": 2, "block": 2, "label": "B", "sample": 4, "ms": 23.841920852661133}
{"event": "sample", "n": 800, "mode": "backward", "round": 2, "block": 2, "label": "B", "sample": 5, "ms": 23.829408645629883}
{"event": "sample", "n": 800, "mode": "backward", "round": 2, "block": 2, "label": "B", "sample": 6, "ms": 23.812320709228516}
{"event": "sample", "n": 800, "mode": "backward", "round": 2, "block": 2, "label": "B", "sample": 7, "ms": 23.87183952331543}
{"event": "sample", "n": 800, "mode": "backward", "round": 2, "block": 2, "label": "B", "sample": 8, "ms": 23.86307144165039}
{"event": "sample", "n": 800, "mode": "backward", "round": 2, "block": 2, "label": "B", "sample": 9, "ms": 23.874656677246094}
{"event": "sample", "n": 800, "mode": "backward", "round": 2, "block": 3, "label": "A", "sample": 0, "ms": 24.087039947509766}
{"event": "sample", "n": 800, "mode": "backward", "round": 2, "block": 3, "label": "A", "sample": 1, "ms": 23.86479949951172}
{"event": "sample", "n": 800, "mode": "backward", "round": 2, "block": 3, "label": "A", "sample": 2, "ms": 23.85126495361328}
{"event": "sample", "n": 800, "mode": "backward", "round": 2, "block": 3, "label": "A", "sample": 3, "ms": 23.845983505249023}
{"event": "sample", "n": 800, "mode": "backward", "round": 2, "block": 3, "label": "A", "sample": 4, "ms": 23.83353614807129}
{"event": "sample", "n": 800, "mode": "backward", "round": 2, "block": 3, "label": "A", "sample": 5, "ms": 23.845184326171875}
{"event": "sample", "n": 800, "mode": "backward", "round": 2, "block": 3, "label": "A", "sample": 6, "ms": 23.87673568725586}
{"event": "sample", "n": 800, "mode": "backward", "round": 2, "block": 3, "label": "A", "sample": 7, "ms": 23.882911682128906}
{"event": "sample", "n": 800, "mode": "backward", "round": 2, "block": 3, "label": "A", "sample": 8, "ms": 23.886112213134766}
{"event": "sample", "n": 800, "mode": "backward", "round": 2, "block": 3, "label": "A", "sample": 9, "ms": 23.85980796813965}
{"event": "summary", "n": 800, "mode": "backward", "median_ms": {"A": 23.856207847595215, "B": 23.851391792297363}, "speedup": 1.0002019192565277, "samples_per_label": 60}
{"event": "sample", "n": 800, "mode": "forward_backward", "round": 0, "block": 0, "label": "A", "sample": 0, "ms": 30.2357120513916}
{"event": "sample", "n": 800, "mode": "forward_backward", "round": 0, "block": 0, "label": "A", "sample": 1, "ms": 29.72991943359375}
{"event": "sample", "n": 800, "mode": "forward_backward", "round": 0, "block": 0, "label": "A", "sample": 2, "ms": 29.747072219848633}
{"event": "sample", "n": 800, "mode": "forward_backward", "round": 0, "block": 0, "label": "A", "sample": 3, "ms": 29.788000106811523}
{"event": "sample", "n": 800, "mode": "forward_backward", "round": 0, "block": 0, "label": "A", "sample": 4, "ms": 29.808544158935547}
{"event": "sample", "n": 800, "mode": "forward_backward", "round": 0, "block": 0, "label": "A", "sample": 5, "ms": 29.79859161376953}
{"event": "sample", "n": 800, "mode": "forward_backward", "round": 0, "block": 0, "label": "A", "sample": 6, "ms": 29.776639938354492}
{"event": "sample", "n": 800, "mode": "forward_backward", "round": 0, "block": 0, "label": "A", "sample": 7, "ms": 29.795103073120117}
{"event": "sample", "n": 800, "mode": "forward_backward", "round": 0, "block": 0, "label": "A", "sample": 8, "ms": 29.8024959564209}
{"event": "sample", "n": 800, "mode": "forward_backward", "round": 0, "block": 0, "label": "A", "sample": 9, "ms": 29.830463409423828}
{"event": "sample", "n": 800, "mode": "forward_backward", "round": 0, "block": 1, "label": "B", "sample": 0, "ms": 30.16054344177246}
{"event": "sample", "n": 800, "mode": "forward_backward", "round": 0, "block": 1, "label": "B", "sample": 1, "ms": 29.670368194580078}
{"event": "sample", "n": 800, "mode": "forward_backward", "round": 0, "block": 1, "label": "B", "sample": 2, "ms": 29.649951934814453}
{"event": "sample", "n": 800, "mode": "forward_backward", "round": 0, "block": 1, "label": "B", "sample": 3, "ms": 29.664608001708984}
{"event": "sample", "n": 800, "mode": "forward_backward", "round": 0, "block": 1, "label": "B", "sample": 4, "ms": 29.601408004760742}
{"event": "sample", "n": 800, "mode": "forward_backward", "round": 0, "block": 1, "label": "B", "sample": 5, "ms": 29.618080139160156}
{"event": "sample", "n": 800, "mode": "forward_backward", "round": 0, "block": 1, "label": "B", "sample": 6, "ms": 29.624319076538086}
{"event": "sample", "n": 800, "mode": "forward_backward", "round": 0, "block": 1, "label": "B", "sample": 7, "ms": 29.6648006439209}
{"event": "sample", "n": 800, "mode": "forward_backward", "round": 0, "block": 1, "label": "B", "sample": 8, "ms": 29.66713523864746}
{"event": "sample", "n": 800, "mode": "forward_backward", "round": 0, "block": 1, "label": "B", "sample": 9, "ms": 29.63974380493164}
{"event": "sample", "n": 800, "mode": "forward_backward", "round": 0, "block": 2, "label": "B", "sample": 0, "ms": 30.131103515625}
{"event": "sample", "n": 800, "mode": "forward_backward", "round": 0, "block": 2, "label": "B", "sample": 1, "ms": 29.688831329345703}
{"event": "sample", "n": 800, "mode": "forward_backward", "round": 0, "block": 2, "label": "B", "sample": 2, "ms": 29.65862464904785}
{"event": "sample", "n": 800, "mode": "forward_backward", "round": 0, "block": 2, "label": "B", "sample": 3, "ms": 29.670848846435547}
{"event": "sample", "n": 800, "mode": "forward_backward", "round": 0, "block": 2, "label": "B", "sample": 4, "ms": 29.694751739501953}
{"event": "sample", "n": 800, "mode": "forward_backward", "round": 0, "block": 2, "label": "B", "sample": 5, "ms": 29.628671646118164}
{"event": "sample", "n": 800, "mode": "forward_backward", "round": 0, "block": 2, "label": "B", "sample": 6, "ms": 29.657024383544922}
{"event": "sample", "n": 800, "mode": "forward_backward", "round": 0, "block": 2, "label": "B", "sample": 7, "ms": 29.625280380249023}
{"event": "sample", "n": 800, "mode": "forward_backward", "round": 0, "block": 2, "label": "B", "sample": 8, "ms": 29.61369514465332}
{"event": "sample", "n": 800, "mode": "forward_backward", "round": 0, "block": 2, "label": "B", "sample": 9, "ms": 29.623519897460938}
{"event": "sample", "n": 800, "mode": "forward_backward", "round": 0, "block": 3, "label": "A", "sample": 0, "ms": 30.245376586914062}
{"event": "sample", "n": 800, "mode": "forward_backward", "round": 0, "block": 3, "label": "A", "sample": 1, "ms": 29.809663772583008}
{"event": "sample", "n": 800, "mode": "forward_backward", "round": 0, "block": 3, "label": "A", "sample": 2, "ms": 29.795839309692383}
{"event": "sample", "n": 800, "mode": "forward_backward", "round": 0, "block": 3, "label": "A", "sample": 3, "ms": 29.771743774414062}
{"event": "sample", "n": 800, "mode": "forward_backward", "round": 0, "block": 3, "label": "A", "sample": 4, "ms": 29.729759216308594}
{"event": "sample", "n": 800, "mode": "forward_backward", "round": 0, "block": 3, "label": "A", "sample": 5, "ms": 29.7805118560791}
{"event": "sample", "n": 800, "mode": "forward_backward", "round": 0, "block": 3, "label": "A", "sample": 6, "ms": 29.76464080810547}
{"event": "sample", "n": 800, "mode": "forward_backward", "round": 0, "block": 3, "label": "A", "sample": 7, "ms": 29.75702476501465}
{"event": "sample", "n": 800, "mode": "forward_backward", "round": 0, "block": 3, "label": "A", "sample": 8, "ms": 29.775360107421875}
{"event": "sample", "n": 800, "mode": "forward_backward", "round": 0, "block": 3, "label": "A", "sample": 9, "ms": 29.821504592895508}
{"event": "sample", "n": 800, "mode": "forward_backward", "round": 1, "block": 0, "label": "A", "sample": 0, "ms": 30.512575149536133}
{"event": "sample", "n": 800, "mode": "forward_backward", "round": 1, "block": 0, "label": "A", "sample": 1, "ms": 29.736671447753906}
{"event": "sample", "n": 800, "mode": "forward_backward", "round": 1, "block": 0, "label": "A", "sample": 2, "ms": 29.71353530883789}
{"event": "sample", "n": 800, "mode": "forward_backward", "round": 1, "block": 0, "label": "A", "sample": 3, "ms": 29.771263122558594}
{"event": "sample", "n": 800, "mode": "forward_backward", "round": 1, "block": 0, "label": "A", "sample": 4, "ms": 29.79088020324707}
{"event": "sample", "n": 800, "mode": "forward_backward", "round": 1, "block": 0, "label": "A", "sample": 5, "ms": 29.778528213500977}
{"event": "sample", "n": 800, "mode": "forward_backward", "round": 1, "block": 0, "label": "A", "sample": 6, "ms": 29.775968551635742}
{"event": "sample", "n": 800, "mode": "forward_backward", "round": 1, "block": 0, "label": "A", "sample": 7, "ms": 29.75702476501465}
{"event": "sample", "n": 800, "mode": "forward_backward", "round": 1, "block": 0, "label": "A", "sample": 8, "ms": 29.745407104492188}
{"event": "sample", "n": 800, "mode": "forward_backward", "round": 1, "block": 0, "label": "A", "sample": 9, "ms": 29.74224090576172}
{"event": "sample", "n": 800, "mode": "forward_backward", "round": 1, "block": 1, "label": "B", "sample": 0, "ms": 30.038911819458008}
{"event": "sample", "n": 800, "mode": "forward_backward", "round": 1, "block": 1, "label": "B", "sample": 1, "ms": 29.68934440612793}
{"event": "sample", "n": 800, "mode": "forward_backward", "round": 1, "block": 1, "label": "B", "sample": 2, "ms": 29.666976928710938}
{"event": "sample", "n": 800, "mode": "forward_backward", "round": 1, "block": 1, "label": "B", "sample": 3, "ms": 29.66783905029297}
{"event": "sample", "n": 800, "mode": "forward_backward", "round": 1, "block": 1, "label": "B", "sample": 4, "ms": 29.627391815185547}
{"event": "sample", "n": 800, "mode": "forward_backward", "round": 1, "block": 1, "label": "B", "sample": 5, "ms": 29.600128173828125}
{"event": "sample", "n": 800, "mode": "forward_backward", "round": 1, "block": 1, "label": "B", "sample": 6, "ms": 29.622047424316406}
{"event": "sample", "n": 800, "mode": "forward_backward", "round": 1, "block": 1, "label": "B", "sample": 7, "ms": 29.663040161132812}
{"event": "sample", "n": 800, "mode": "forward_backward", "round": 1, "block": 1, "label": "B", "sample": 8, "ms": 29.649919509887695}
{"event": "sample", "n": 800, "mode": "forward_backward", "round": 1, "block": 1, "label": "B", "sample": 9, "ms": 29.655071258544922}
{"event": "sample", "n": 800, "mode": "forward_backward", "round": 1, "block": 2, "label": "B", "sample": 0, "ms": 30.032608032226562}
{"event": "sample", "n": 800, "mode": "forward_backward", "round": 1, "block": 2, "label": "B", "sample": 1, "ms": 29.571392059326172}
{"event": "sample", "n": 800, "mode": "forward_backward", "round": 1, "block": 2, "label": "B", "sample": 2, "ms": 29.62281608581543}
{"event": "sample", "n": 800, "mode": "forward_backward", "round": 1, "block": 2, "label": "B", "sample": 3, "ms": 29.640031814575195}
{"event": "sample", "n": 800, "mode": "forward_backward", "round": 1, "block": 2, "label": "B", "sample": 4, "ms": 29.65667152404785}
{"event": "sample", "n": 800, "mode": "forward_backward", "round": 1, "block": 2, "label": "B", "sample": 5, "ms": 29.646976470947266}
{"event": "sample", "n": 800, "mode": "forward_backward", "round": 1, "block": 2, "label": "B", "sample": 6, "ms": 29.679296493530273}
{"event": "sample", "n": 800, "mode": "forward_backward", "round": 1, "block": 2, "label": "B", "sample": 7, "ms": 29.628128051757812}
{"event": "sample", "n": 800, "mode": "forward_backward", "round": 1, "block": 2, "label": "B", "sample": 8, "ms": 29.61939239501953}
{"event": "sample", "n": 800, "mode": "forward_backward", "round": 1, "block": 2, "label": "B", "sample": 9, "ms": 29.63055992126465}
{"event": "sample", "n": 800, "mode": "forward_backward", "round": 1, "block": 3, "label": "A", "sample": 0, "ms": 30.173311233520508}
{"event": "sample", "n": 800, "mode": "forward_backward", "round": 1, "block": 3, "label": "A", "sample": 1, "ms": 29.773408889770508}
{"event": "sample", "n": 800, "mode": "forward_backward", "round": 1, "block": 3, "label": "A", "sample": 2, "ms": 29.78495979309082}
{"event": "sample", "n": 800, "mode": "forward_backward", "round": 1, "block": 3, "label": "A", "sample": 3, "ms": 29.800064086914062}
{"event": "sample", "n": 800, "mode": "forward_backward", "round": 1, "block": 3, "label": "A", "sample": 4, "ms": 29.822208404541016}
{"event": "sample", "n": 800, "mode": "forward_backward", "round": 1, "block": 3, "label": "A", "sample": 5, "ms": 29.787551879882812}
{"event": "sample", "n": 800, "mode": "forward_backward", "round": 1, "block": 3, "label": "A", "sample": 6, "ms": 29.808576583862305}
{"event": "sample", "n": 800, "mode": "forward_backward", "round": 1, "block": 3, "label": "A", "sample": 7, "ms": 29.796831130981445}
{"event": "sample", "n": 800, "mode": "forward_backward", "round": 1, "block": 3, "label": "A", "sample": 8, "ms": 29.809471130371094}
{"event": "sample", "n": 800, "mode": "forward_backward", "round": 1, "block": 3, "label": "A", "sample": 9, "ms": 29.791584014892578}
{"event": "sample", "n": 800, "mode": "forward_backward", "round": 2, "block": 0, "label": "A", "sample": 0, "ms": 30.18172836303711}
{"event": "sample", "n": 800, "mode": "forward_backward", "round": 2, "block": 0, "label": "A", "sample": 1, "ms": 29.768800735473633}
{"event": "sample", "n": 800, "mode": "forward_backward", "round": 2, "block": 0, "label": "A", "sample": 2, "ms": 29.735679626464844}
{"event": "sample", "n": 800, "mode": "forward_backward", "round": 2, "block": 0, "label": "A", "sample": 3, "ms": 29.736000061035156}
{"event": "sample", "n": 800, "mode": "forward_backward", "round": 2, "block": 0, "label": "A", "sample": 4, "ms": 29.78054428100586}
{"event": "sample", "n": 800, "mode": "forward_backward", "round": 2, "block": 0, "label": "A", "sample": 5, "ms": 29.749984741210938}
{"event": "sample", "n": 800, "mode": "forward_backward", "round": 2, "block": 0, "label": "A", "sample": 6, "ms": 29.777055740356445}
{"event": "sample", "n": 800, "mode": "forward_backward", "round": 2, "block": 0, "label": "A", "sample": 7, "ms": 29.775232315063477}
{"event": "sample", "n": 800, "mode": "forward_backward", "round": 2, "block": 0, "label": "A", "sample": 8, "ms": 29.797760009765625}
{"event": "sample", "n": 800, "mode": "forward_backward", "round": 2, "block": 0, "label": "A", "sample": 9, "ms": 29.78665542602539}
{"event": "sample", "n": 800, "mode": "forward_backward", "round": 2, "block": 1, "label": "B", "sample": 0, "ms": 30.057119369506836}
{"event": "sample", "n": 800, "mode": "forward_backward", "round": 2, "block": 1, "label": "B", "sample": 1, "ms": 29.655872344970703}
{"event": "sample", "n": 800, "mode": "forward_backward", "round": 2, "block": 1, "label": "B", "sample": 2, "ms": 29.67625617980957}
{"event": "sample", "n": 800, "mode": "forward_backward", "round": 2, "block": 1, "label": "B", "sample": 3, "ms": 29.69772720336914}
{"event": "sample", "n": 800, "mode": "forward_backward", "round": 2, "block": 1, "label": "B", "sample": 4, "ms": 29.63408088684082}
{"event": "sample", "n": 800, "mode": "forward_backward", "round": 2, "block": 1, "label": "B", "sample": 5, "ms": 29.599807739257812}
{"event": "sample", "n": 800, "mode": "forward_backward", "round": 2, "block": 1, "label": "B", "sample": 6, "ms": 29.601280212402344}
{"event": "sample", "n": 800, "mode": "forward_backward", "round": 2, "block": 1, "label": "B", "sample": 7, "ms": 29.656991958618164}
{"event": "sample", "n": 800, "mode": "forward_backward", "round": 2, "block": 1, "label": "B", "sample": 8, "ms": 29.648639678955078}
{"event": "sample", "n": 800, "mode": "forward_backward", "round": 2, "block": 1, "label": "B", "sample": 9, "ms": 29.67011260986328}
{"event": "sample", "n": 800, "mode": "forward_backward", "round": 2, "block": 2, "label": "B", "sample": 0, "ms": 30.013856887817383}
{"event": "sample", "n": 800, "mode": "forward_backward", "round": 2, "block": 2, "label": "B", "sample": 1, "ms": 29.68022346496582}
{"event": "sample", "n": 800, "mode": "forward_backward", "round": 2, "block": 2, "label": "B", "sample": 2, "ms": 29.640928268432617}
{"event": "sample", "n": 800, "mode": "forward_backward", "round": 2, "block": 2, "label": "B", "sample": 3, "ms": 29.654815673828125}
{"event": "sample", "n": 800, "mode": "forward_backward", "round": 2, "block": 2, "label": "B", "sample": 4, "ms": 29.718847274780273}
{"event": "sample", "n": 800, "mode": "forward_backward", "round": 2, "block": 2, "label": "B", "sample": 5, "ms": 29.67919921875}
{"event": "sample", "n": 800, "mode": "forward_backward", "round": 2, "block": 2, "label": "B", "sample": 6, "ms": 29.658784866333008}
{"event": "sample", "n": 800, "mode": "forward_backward", "round": 2, "block": 2, "label": "B", "sample": 7, "ms": 29.638240814208984}
{"event": "sample", "n": 800, "mode": "forward_backward", "round": 2, "block": 2, "label": "B", "sample": 8, "ms": 29.62531280517578}
{"event": "sample", "n": 800, "mode": "forward_backward", "round": 2, "block": 2, "label": "B", "sample": 9, "ms": 29.625568389892578}
{"event": "sample", "n": 800, "mode": "forward_backward", "round": 2, "block": 3, "label": "A", "sample": 0, "ms": 30.183103561401367}
{"event": "sample", "n": 800, "mode": "forward_backward", "round": 2, "block": 3, "label": "A", "sample": 1, "ms": 29.75052833557129}
{"event": "sample", "n": 800, "mode": "forward_backward", "round": 2, "block": 3, "label": "A", "sample": 2, "ms": 29.82646369934082}
{"event": "sample", "n": 800, "mode": "forward_backward", "round": 2, "block": 3, "label": "A", "sample": 3, "ms": 29.772607803344727}
{"event": "sample", "n": 800, "mode": "forward_backward", "round": 2, "block": 3, "label": "A", "sample": 4, "ms": 29.771583557128906}
{"event": "sample", "n": 800, "mode": "forward_backward", "round": 2, "block": 3, "label": "A", "sample": 5, "ms": 29.80294418334961}
{"event": "sample", "n": 800, "mode": "forward_backward", "round": 2, "block": 3, "label": "A", "sample": 6, "ms": 29.794496536254883}
{"event": "sample", "n": 800, "mode": "forward_backward", "round": 2, "block": 3, "label": "A", "sample": 7, "ms": 29.810976028442383}
{"event": "sample", "n": 800, "mode": "forward_backward", "round": 2, "block": 3, "label": "A", "sample": 8, "ms": 29.83795166015625}
{"event": "sample", "n": 800, "mode": "forward_backward", "round": 2, "block": 3, "label": "A", "sample": 9, "ms": 29.881471633911133}
{"event": "summary", "n": 800, "mode": "forward_backward", "median_ms": {"A": 29.7871036529541, "B": 29.655471801757812}, "speedup": 1.0044387036590154, "samples_per_label": 60}
{"event": "parity", "n": 1024, "checks": {"output": {"relative_l2": 0.0, "baseline_zero_max_abs_diagnostic": 0.0, "passed": true}, "dq": {"relative_l2": 1.8278517018188722e-05, "baseline_zero_max_abs_diagnostic": 1.862645149230957e-09, "passed": true}, "dk": {"relative_l2": 0.0, "baseline_zero_max_abs_diagnostic": 0.0, "passed": true}, "dv": {"relative_l2": 0.0, "baseline_zero_max_abs_diagnostic": 0.0, "passed": true}, "db": {"relative_l2": 9.798909559322055e-06, "baseline_zero_max_abs_diagnostic": 0.0, "passed": true}}, "independent_reference": false}
{"event": "forward_configs", "n": 1024, "configs": {"previous_fused_4b832de": {"kwargs": {"BLOCK_J": 64, "BLOCK_K": 64}, "num_warps": 4, "num_stages": 3, "num_ctas": 1, "maxnreg": null}, "optimized_fused": {"kwargs": {"BLOCK_J": 64, "BLOCK_K": 64}, "num_warps": 4, "num_stages": 2, "num_ctas": 1, "maxnreg": 96}}}
{"event": "memory", "n": 1024, "measurements": {"A": {"peak_increment_bytes": 2433777664, "retained_increment_bytes": 2164260864}, "B": {"peak_increment_bytes": 2433777664, "retained_increment_bytes": 2164260864}}}
{"event": "sample", "n": 1024, "mode": "forward", "round": 0, "block": 0, "label": "A", "sample": 0, "ms": 10.96236801147461}
{"event": "sample", "n": 1024, "mode": "forward", "round": 0, "block": 0, "label": "A", "sample": 1, "ms": 10.638496398925781}
{"event": "sample", "n": 1024, "mode": "forward", "round": 0, "block": 0, "label": "A", "sample": 2, "ms": 10.639200210571289}
{"event": "sample", "n": 1024, "mode": "forward", "round": 0, "block": 0, "label": "A", "sample": 3, "ms": 10.638688087463379}
{"event": "sample", "n": 1024, "mode": "forward", "round": 0, "block": 0, "label": "A", "sample": 4, "ms": 10.63804817199707}
{"event": "sample", "n": 1024, "mode": "forward", "round": 0, "block": 0, "label": "A", "sample": 5, "ms": 10.639328002929688}
{"event": "sample", "n": 1024, "mode": "forward", "round": 0, "block": 0, "label": "A", "sample": 6, "ms": 10.638912200927734}
{"event": "sample", "n": 1024, "mode": "forward", "round": 0, "block": 0, "label": "A", "sample": 7, "ms": 10.639200210571289}
{"event": "sample", "n": 1024, "mode": "forward", "round": 0, "block": 0, "label": "A", "sample": 8, "ms": 10.639391899108887}
{"event": "sample", "n": 1024, "mode": "forward", "round": 0, "block": 0, "label": "A", "sample": 9, "ms": 10.640735626220703}
{"event": "sample", "n": 1024, "mode": "forward", "round": 0, "block": 1, "label": "B", "sample": 0, "ms": 10.81065559387207}
{"event": "sample", "n": 1024, "mode": "forward", "round": 0, "block": 1, "label": "B", "sample": 1, "ms": 10.462847709655762}
{"event": "sample", "n": 1024, "mode": "forward", "round": 0, "block": 1, "label": "B", "sample": 2, "ms": 10.463359832763672}
{"event": "sample", "n": 1024, "mode": "forward", "round": 0, "block": 1, "label": "B", "sample": 3, "ms": 10.463520050048828}
{"event": "sample", "n": 1024, "mode": "forward", "round": 0, "block": 1, "label": "B", "sample": 4, "ms": 10.463744163513184}
{"event": "sample", "n": 1024, "mode": "forward", "round": 0, "block": 1, "label": "B", "sample": 5, "ms": 10.463456153869629}
{"event": "sample", "n": 1024, "mode": "forward", "round": 0, "block": 1, "label": "B", "sample": 6, "ms": 10.461536407470703}
{"event": "sample", "n": 1024, "mode": "forward", "round": 0, "block": 1, "label": "B", "sample": 7, "ms": 10.464799880981445}
{"event": "sample", "n": 1024, "mode": "forward", "round": 0, "block": 1, "label": "B", "sample": 8, "ms": 10.478495597839355}
{"event": "sample", "n": 1024, "mode": "forward", "round": 0, "block": 1, "label": "B", "sample": 9, "ms": 10.48857593536377}
{"event": "sample", "n": 1024, "mode": "forward", "round": 0, "block": 2, "label": "B", "sample": 0, "ms": 10.851936340332031}
{"event": "sample", "n": 1024, "mode": "forward", "round": 0, "block": 2, "label": "B", "sample": 1, "ms": 10.488863945007324}
{"event": "sample", "n": 1024, "mode": "forward", "round": 0, "block": 2, "label": "B", "sample": 2, "ms": 10.484416007995605}
{"event": "sample", "n": 1024, "mode": "forward", "round": 0, "block": 2, "label": "B", "sample": 3, "ms": 10.484543800354004}
{"event": "sample", "n": 1024, "mode": "forward", "round": 0, "block": 2, "label": "B", "sample": 4, "ms": 10.483519554138184}
{"event": "sample", "n": 1024, "mode": "forward", "round": 0, "block": 2, "label": "B", "sample": 5, "ms": 10.486016273498535}
{"event": "sample", "n": 1024, "mode": "forward", "round": 0, "block": 2, "label": "B", "sample": 6, "ms": 10.48412799835205}
{"event": "sample", "n": 1024, "mode": "forward", "round": 0, "block": 2, "label": "B", "sample": 7, "ms": 10.479328155517578}
{"event": "sample", "n": 1024, "mode": "forward", "round": 0, "block": 2, "label": "B", "sample": 8, "ms": 10.461183547973633}
{"event": "sample", "n": 1024, "mode": "forward", "round": 0, "block": 2, "label": "B", "sample": 9, "ms": 10.461824417114258}
{"event": "sample", "n": 1024, "mode": "forward", "round": 0, "block": 3, "label": "A", "sample": 0, "ms": 10.978560447692871}
{"event": "sample", "n": 1024, "mode": "forward", "round": 0, "block": 3, "label": "A", "sample": 1, "ms": 10.637344360351562}
{"event": "sample", "n": 1024, "mode": "forward", "round": 0, "block": 3, "label": "A", "sample": 2, "ms": 10.638367652893066}
{"event": "sample", "n": 1024, "mode": "forward", "round": 0, "block": 3, "label": "A", "sample": 3, "ms": 10.637855529785156}
{"event": "sample", "n": 1024, "mode": "forward", "round": 0, "block": 3, "label": "A", "sample": 4, "ms": 10.638848304748535}
{"event": "sample", "n": 1024, "mode": "forward", "round": 0, "block": 3, "label": "A", "sample": 5, "ms": 10.639679908752441}
{"event": "sample", "n": 1024, "mode": "forward", "round": 0, "block": 3, "label": "A", "sample": 6, "ms": 10.640192031860352}
{"event": "sample", "n": 1024, "mode": "forward", "round": 0, "block": 3, "label": "A", "sample": 7, "ms": 10.640095710754395}
{"event": "sample", "n": 1024, "mode": "forward", "round": 0, "block": 3, "label": "A", "sample": 8, "ms": 10.638943672180176}
{"event": "sample", "n": 1024, "mode": "forward", "round": 0, "block": 3, "label": "A", "sample": 9, "ms": 10.640543937683105}
{"event": "sample", "n": 1024, "mode": "forward", "round": 1, "block": 0, "label": "A", "sample": 0, "ms": 10.993632316589355}
{"event": "sample", "n": 1024, "mode": "forward", "round": 1, "block": 0, "label": "A", "sample": 1, "ms": 10.63759994506836}
{"event": "sample", "n": 1024, "mode": "forward", "round": 1, "block": 0, "label": "A", "sample": 2, "ms": 10.638879776000977}
{"event": "sample", "n": 1024, "mode": "forward", "round": 1, "block": 0, "label": "A", "sample": 3, "ms": 10.639840126037598}
{"event": "sample", "n": 1024, "mode": "forward", "round": 1, "block": 0, "label": "A", "sample": 4, "ms": 10.639424324035645}
{"event": "sample", "n": 1024, "mode": "forward", "round": 1, "block": 0, "label": "A", "sample": 5, "ms": 10.639103889465332}
{"event": "sample", "n": 1024, "mode": "forward", "round": 1, "block": 0, "label": "A", "sample": 6, "ms": 10.638976097106934}
{"event": "sample", "n": 1024, "mode": "forward", "round": 1, "block": 0, "label": "A", "sample": 7, "ms": 10.640288352966309}
{"event": "sample", "n": 1024, "mode": "forward", "round": 1, "block": 0, "label": "A", "sample": 8, "ms": 10.638175964355469}
{"event": "sample", "n": 1024, "mode": "forward", "round": 1, "block": 0, "label": "A", "sample": 9, "ms": 10.639519691467285}
{"event": "sample", "n": 1024, "mode": "forward", "round": 1, "block": 1, "label": "B", "sample": 0, "ms": 10.874560356140137}
{"event": "sample", "n": 1024, "mode": "forward", "round": 1, "block": 1, "label": "B", "sample": 1, "ms": 10.46560001373291}
{"event": "sample", "n": 1024, "mode": "forward", "round": 1, "block": 1, "label": "B", "sample": 2, "ms": 10.464223861694336}
{"event": "sample", "n": 1024, "mode": "forward", "round": 1, "block": 1, "label": "B", "sample": 3, "ms": 10.464672088623047}
{"event": "sample", "n": 1024, "mode": "forward", "round": 1, "block": 1, "label": "B", "sample": 4, "ms": 10.462911605834961}
{"event": "sample", "n": 1024, "mode": "forward", "round": 1, "block": 1, "label": "B", "sample": 5, "ms": 10.46348762512207}
{"event": "sample", "n": 1024, "mode": "forward", "round": 1, "block": 1, "label": "B", "sample": 6, "ms": 10.462400436401367}
{"event": "sample", "n": 1024, "mode": "forward", "round": 1, "block": 1, "label": "B", "sample": 7, "ms": 10.462464332580566}
{"event": "sample", "n": 1024, "mode": "forward", "round": 1, "block": 1, "label": "B", "sample": 8, "ms": 10.463616371154785}
{"event": "sample", "n": 1024, "mode": "forward", "round": 1, "block": 1, "label": "B", "sample": 9, "ms": 10.46288013458252}
{"event": "sample", "n": 1024, "mode": "forward", "round": 1, "block": 2, "label": "B", "sample": 0, "ms": 10.786335945129395}
{"event": "sample", "n": 1024, "mode": "forward", "round": 1, "block": 2, "label": "B", "sample": 1, "ms": 10.46399974822998}
{"event": "sample", "n": 1024, "mode": "forward", "round": 1, "block": 2, "label": "B", "sample": 2, "ms": 10.4618558883667}
{"event": "sample", "n": 1024, "mode": "forward", "round": 1, "block": 2, "label": "B", "sample": 3, "ms": 10.463935852050781}
{"event": "sample", "n": 1024, "mode": "forward", "round": 1, "block": 2, "label": "B", "sample": 4, "ms": 10.462719917297363}
{"event": "sample", "n": 1024, "mode": "forward", "round": 1, "block": 2, "label": "B", "sample": 5, "ms": 10.486656188964844}
{"event": "sample", "n": 1024, "mode": "forward", "round": 1, "block": 2, "label": "B", "sample": 6, "ms": 10.510144233703613}
{"event": "sample", "n": 1024, "mode": "forward", "round": 1, "block": 2, "label": "B", "sample": 7, "ms": 10.640288352966309}
{"event": "sample", "n": 1024, "mode": "forward", "round": 1, "block": 2, "label": "B", "sample": 8, "ms": 10.66543960571289}
{"event": "sample", "n": 1024, "mode": "forward", "round": 1, "block": 2, "label": "B", "sample": 9, "ms": 10.745280265808105}
{"event": "sample", "n": 1024, "mode": "forward", "round": 1, "block": 3, "label": "A", "sample": 0, "ms": 11.308287620544434}
{"event": "sample", "n": 1024, "mode": "forward", "round": 1, "block": 3, "label": "A", "sample": 1, "ms": 11.004799842834473}
{"event": "sample", "n": 1024, "mode": "forward", "round": 1, "block": 3, "label": "A", "sample": 2, "ms": 10.874176025390625}
{"event": "sample", "n": 1024, "mode": "forward", "round": 1, "block": 3, "label": "A", "sample": 3, "ms": 10.828031539916992}
{"event": "sample", "n": 1024, "mode": "forward", "round": 1, "block": 3, "label": "A", "sample": 4, "ms": 10.81481647491455}
{"event": "sample", "n": 1024, "mode": "forward", "round": 1, "block": 3, "label": "A", "sample": 5, "ms": 10.807456016540527}
{"event": "sample", "n": 1024, "mode": "forward", "round": 1, "block": 3, "label": "A", "sample": 6, "ms": 10.807488441467285}
{"event": "sample", "n": 1024, "mode": "forward", "round": 1, "block": 3, "label": "A", "sample": 7, "ms": 10.825183868408203}
{"event": "sample", "n": 1024, "mode": "forward", "round": 1, "block": 3, "label": "A", "sample": 8, "ms": 10.912799835205078}
{"event": "sample", "n": 1024, "mode": "forward", "round": 1, "block": 3, "label": "A", "sample": 9, "ms": 10.911711692810059}
{"event": "sample", "n": 1024, "mode": "forward", "round": 2, "block": 0, "label": "A", "sample": 0, "ms": 11.269920349121094}
{"event": "sample", "n": 1024, "mode": "forward", "round": 2, "block": 0, "label": "A", "sample": 1, "ms": 10.846112251281738}
{"event": "sample", "n": 1024, "mode": "forward", "round": 2, "block": 0, "label": "A", "sample": 2, "ms": 10.80838394165039}
{"event": "sample", "n": 1024, "mode": "forward", "round": 2, "block": 0, "label": "A", "sample": 3, "ms": 10.73459243774414}
{"event": "sample", "n": 1024, "mode": "forward", "round": 2, "block": 0, "label": "A", "sample": 4, "ms": 10.710463523864746}
{"event": "sample", "n": 1024, "mode": "forward", "round": 2, "block": 0, "label": "A", "sample": 5, "ms": 10.709407806396484}
{"event": "sample", "n": 1024, "mode": "forward", "round": 2, "block": 0, "label": "A", "sample": 6, "ms": 10.710111618041992}
{"event": "sample", "n": 1024, "mode": "forward", "round": 2, "block": 0, "label": "A", "sample": 7, "ms": 10.711104393005371}
{"event": "sample", "n": 1024, "mode": "forward", "round": 2, "block": 0, "label": "A", "sample": 8, "ms": 10.710016250610352}
{"event": "sample", "n": 1024, "mode": "forward", "round": 2, "block": 0, "label": "A", "sample": 9, "ms": 10.710271835327148}
{"event": "sample", "n": 1024, "mode": "forward", "round": 2, "block": 1, "label": "B", "sample": 0, "ms": 10.857024192810059}
{"event": "sample", "n": 1024, "mode": "forward", "round": 2, "block": 1, "label": "B", "sample": 1, "ms": 10.53600025177002}
{"event": "sample", "n": 1024, "mode": "forward", "round": 2, "block": 1, "label": "B", "sample": 2, "ms": 10.631872177124023}
{"event": "sample", "n": 1024, "mode": "forward", "round": 2, "block": 1, "label": "B", "sample": 3, "ms": 10.723584175109863}
{"event": "sample", "n": 1024, "mode": "forward", "round": 2, "block": 1, "label": "B", "sample": 4, "ms": 10.908672332763672}
{"event": "sample", "n": 1024, "mode": "forward", "round": 2, "block": 1, "label": "B", "sample": 5, "ms": 10.986783981323242}
{"event": "sample", "n": 1024, "mode": "forward", "round": 2, "block": 1, "label": "B", "sample": 6, "ms": 10.905792236328125}
{"event": "sample", "n": 1024, "mode": "forward", "round": 2, "block": 1, "label": "B", "sample": 7, "ms": 10.89798355102539}
{"event": "sample", "n": 1024, "mode": "forward", "round": 2, "block": 1, "label": "B", "sample": 8, "ms": 10.880288124084473}
{"event": "sample", "n": 1024, "mode": "forward", "round": 2, "block": 1, "label": "B", "sample": 9, "ms": 10.809280395507812}
{"event": "sample", "n": 1024, "mode": "forward", "round": 2, "block": 2, "label": "B", "sample": 0, "ms": 11.15385627746582}
{"event": "sample", "n": 1024, "mode": "forward", "round": 2, "block": 2, "label": "B", "sample": 1, "ms": 10.72383975982666}
{"event": "sample", "n": 1024, "mode": "forward", "round": 2, "block": 2, "label": "B", "sample": 2, "ms": 10.624544143676758}
{"event": "sample", "n": 1024, "mode": "forward", "round": 2, "block": 2, "label": "B", "sample": 3, "ms": 10.625408172607422}
{"event": "sample", "n": 1024, "mode": "forward", "round": 2, "block": 2, "label": "B", "sample": 4, "ms": 10.622943878173828}
{"event": "sample", "n": 1024, "mode": "forward", "round": 2, "block": 2, "label": "B", "sample": 5, "ms": 10.624480247497559}
{"event": "sample", "n": 1024, "mode": "forward", "round": 2, "block": 2, "label": "B", "sample": 6, "ms": 10.622112274169922}
{"event": "sample", "n": 1024, "mode": "forward", "round": 2, "block": 2, "label": "B", "sample": 7, "ms": 10.625727653503418}
{"event": "sample", "n": 1024, "mode": "forward", "round": 2, "block": 2, "label": "B", "sample": 8, "ms": 10.624768257141113}
{"event": "sample", "n": 1024, "mode": "forward", "round": 2, "block": 2, "label": "B", "sample": 9, "ms": 10.624223709106445}
{"event": "sample", "n": 1024, "mode": "forward", "round": 2, "block": 3, "label": "A", "sample": 0, "ms": 11.1878080368042}
{"event": "sample", "n": 1024, "mode": "forward", "round": 2, "block": 3, "label": "A", "sample": 1, "ms": 10.721664428710938}
{"event": "sample", "n": 1024, "mode": "forward", "round": 2, "block": 3, "label": "A", "sample": 2, "ms": 10.723072052001953}
{"event": "sample", "n": 1024, "mode": "forward", "round": 2, "block": 3, "label": "A", "sample": 3, "ms": 10.723199844360352}
{"event": "sample", "n": 1024, "mode": "forward", "round": 2, "block": 3, "label": "A", "sample": 4, "ms": 10.722496032714844}
{"event": "sample", "n": 1024, "mode": "forward", "round": 2, "block": 3, "label": "A", "sample": 5, "ms": 10.72275161743164}
{"event": "sample", "n": 1024, "mode": "forward", "round": 2, "block": 3, "label": "A", "sample": 6, "ms": 10.722847938537598}
{"event": "sample", "n": 1024, "mode": "forward", "round": 2, "block": 3, "label": "A", "sample": 7, "ms": 10.722463607788086}
{"event": "sample", "n": 1024, "mode": "forward", "round": 2, "block": 3, "label": "A", "sample": 8, "ms": 10.723072052001953}
{"event": "sample", "n": 1024, "mode": "forward", "round": 2, "block": 3, "label": "A", "sample": 9, "ms": 10.72214412689209}
{"event": "summary", "n": 1024, "mode": "forward", "median_ms": {"A": 10.71019172668457, "B": 10.487616062164307}, "speedup": 1.021222712883554, "samples_per_label": 60}
{"event": "sample", "n": 1024, "mode": "backward", "round": 0, "block": 0, "label": "A", "sample": 0, "ms": 41.73513412475586}
{"event": "sample", "n": 1024, "mode": "backward", "round": 0, "block": 0, "label": "A", "sample": 1, "ms": 41.47043228149414}
{"event": "sample", "n": 1024, "mode": "backward", "round": 0, "block": 0, "label": "A", "sample": 2, "ms": 41.42611312866211}
{"event": "sample", "n": 1024, "mode": "backward", "round": 0, "block": 0, "label": "A", "sample": 3, "ms": 41.34883117675781}
{"event": "sample", "n": 1024, "mode": "backward", "round": 0, "block": 0, "label": "A", "sample": 4, "ms": 41.299102783203125}
{"event": "sample", "n": 1024, "mode": "backward", "round": 0, "block": 0, "label": "A", "sample": 5, "ms": 41.38643264770508}
{"event": "sample", "n": 1024, "mode": "backward", "round": 0, "block": 0, "label": "A", "sample": 6, "ms": 41.436927795410156}
{"event": "sample", "n": 1024, "mode": "backward", "round": 0, "block": 0, "label": "A", "sample": 7, "ms": 41.46361541748047}
{"event": "sample", "n": 1024, "mode": "backward", "round": 0, "block": 0, "label": "A", "sample": 8, "ms": 41.34038543701172}
{"event": "sample", "n": 1024, "mode": "backward", "round": 0, "block": 0, "label": "A", "sample": 9, "ms": 41.3100471496582}
{"event": "sample", "n": 1024, "mode": "backward", "round": 0, "block": 1, "label": "B", "sample": 0, "ms": 41.53260803222656}
{"event": "sample", "n": 1024, "mode": "backward", "round": 0, "block": 1, "label": "B", "sample": 1, "ms": 41.32780838012695}
{"event": "sample", "n": 1024, "mode": "backward", "round": 0, "block": 1, "label": "B", "sample": 2, "ms": 41.297760009765625}
{"event": "sample", "n": 1024, "mode": "backward", "round": 0, "block": 1, "label": "B", "sample": 3, "ms": 41.30681610107422}
{"event": "sample", "n": 1024, "mode": "backward", "round": 0, "block": 1, "label": "B", "sample": 4, "ms": 41.28927993774414}
{"event": "sample", "n": 1024, "mode": "backward", "round": 0, "block": 1, "label": "B", "sample": 5, "ms": 41.33670425415039}
{"event": "sample", "n": 1024, "mode": "backward", "round": 0, "block": 1, "label": "B", "sample": 6, "ms": 41.328609466552734}
{"event": "sample", "n": 1024, "mode": "backward", "round": 0, "block": 1, "label": "B", "sample": 7, "ms": 41.30537414550781}
{"event": "sample", "n": 1024, "mode": "backward", "round": 0, "block": 1, "label": "B", "sample": 8, "ms": 41.27641677856445}
{"event": "sample", "n": 1024, "mode": "backward", "round": 0, "block": 1, "label": "B", "sample": 9, "ms": 41.31817626953125}
{"event": "sample", "n": 1024, "mode": "backward", "round": 0, "block": 2, "label": "B", "sample": 0, "ms": 41.62249755859375}
{"event": "sample", "n": 1024, "mode": "backward", "round": 0, "block": 2, "label": "B", "sample": 1, "ms": 41.405086517333984}
{"event": "sample", "n": 1024, "mode": "backward", "round": 0, "block": 2, "label": "B", "sample": 2, "ms": 41.36393737792969}
{"event": "sample", "n": 1024, "mode": "backward", "round": 0, "block": 2, "label": "B", "sample": 3, "ms": 41.335166931152344}
{"event": "sample", "n": 1024, "mode": "backward", "round": 0, "block": 2, "label": "B", "sample": 4, "ms": 41.320255279541016}
{"event": "sample", "n": 1024, "mode": "backward", "round": 0, "block": 2, "label": "B", "sample": 5, "ms": 41.323585510253906}
{"event": "sample", "n": 1024, "mode": "backward", "round": 0, "block": 2, "label": "B", "sample": 6, "ms": 41.30867385864258}
{"event": "sample", "n": 1024, "mode": "backward", "round": 0, "block": 2, "label": "B", "sample": 7, "ms": 41.310752868652344}
{"event": "sample", "n": 1024, "mode": "backward", "round": 0, "block": 2, "label": "B", "sample": 8, "ms": 41.30003356933594}
{"event": "sample", "n": 1024, "mode": "backward", "round": 0, "block": 2, "label": "B", "sample": 9, "ms": 41.33020782470703}
{"event": "sample", "n": 1024, "mode": "backward", "round": 0, "block": 3, "label": "A", "sample": 0, "ms": 41.61663818359375}
{"event": "sample", "n": 1024, "mode": "backward", "round": 0, "block": 3, "label": "A", "sample": 1, "ms": 41.44038391113281}
{"event": "sample", "n": 1024, "mode": "backward", "round": 0, "block": 3, "label": "A", "sample": 2, "ms": 41.287742614746094}
{"event": "sample", "n": 1024, "mode": "backward", "round": 0, "block": 3, "label": "A", "sample": 3, "ms": 41.30607986450195}
{"event": "sample", "n": 1024, "mode": "backward", "round": 0, "block": 3, "label": "A", "sample": 4, "ms": 41.34940719604492}
{"event": "sample", "n": 1024, "mode": "backward", "round": 0, "block": 3, "label": "A", "sample": 5, "ms": 41.34150314331055}
{"event": "sample", "n": 1024, "mode": "backward", "round": 0, "block": 3, "label": "A", "sample": 6, "ms": 41.314369201660156}
{"event": "sample", "n": 1024, "mode": "backward", "round": 0, "block": 3, "label": "A", "sample": 7, "ms": 41.22556686401367}
{"event": "sample", "n": 1024, "mode": "backward", "round": 0, "block": 3, "label": "A", "sample": 8, "ms": 41.25795364379883}
{"event": "sample", "n": 1024, "mode": "backward", "round": 0, "block": 3, "label": "A", "sample": 9, "ms": 41.248321533203125}
{"event": "sample", "n": 1024, "mode": "backward", "round": 1, "block": 0, "label": "A", "sample": 0, "ms": 41.48044967651367}
{"event": "sample", "n": 1024, "mode": "backward", "round": 1, "block": 0, "label": "A", "sample": 1, "ms": 41.29779052734375}
{"event": "sample", "n": 1024, "mode": "backward", "round": 1, "block": 0, "label": "A", "sample": 2, "ms": 41.33113479614258}
{"event": "sample", "n": 1024, "mode": "backward", "round": 1, "block": 0, "label": "A", "sample": 3, "ms": 41.33027267456055}
{"event": "sample", "n": 1024, "mode": "backward", "round": 1, "block": 0, "label": "A", "sample": 4, "ms": 41.31568145751953}
{"event": "sample", "n": 1024, "mode": "backward", "round": 1, "block": 0, "label": "A", "sample": 5, "ms": 41.37424087524414}
{"event": "sample", "n": 1024, "mode": "backward", "round": 1, "block": 0, "label": "A", "sample": 6, "ms": 41.307167053222656}
{"event": "sample", "n": 1024, "mode": "backward", "round": 1, "block": 0, "label": "A", "sample": 7, "ms": 41.27097702026367}
{"event": "sample", "n": 1024, "mode": "backward", "round": 1, "block": 0, "label": "A", "sample": 8, "ms": 41.25551986694336}
{"event": "sample", "n": 1024, "mode": "backward", "round": 1, "block": 0, "label": "A", "sample": 9, "ms": 41.30985641479492}
{"event": "sample", "n": 1024, "mode": "backward", "round": 1, "block": 1, "label": "B", "sample": 0, "ms": 41.49177551269531}
{"event": "sample", "n": 1024, "mode": "backward", "round": 1, "block": 1, "label": "B", "sample": 1, "ms": 41.291969299316406}
{"event": "sample", "n": 1024, "mode": "backward", "round": 1, "block": 1, "label": "B", "sample": 2, "ms": 41.24995040893555}
{"event": "sample", "n": 1024, "mode": "backward", "round": 1, "block": 1, "label": "B", "sample": 3, "ms": 41.268672943115234}
{"event": "sample", "n": 1024, "mode": "backward", "round": 1, "block": 1, "label": "B", "sample": 4, "ms": 41.307071685791016}
{"event": "sample", "n": 1024, "mode": "backward", "round": 1, "block": 1, "label": "B", "sample": 5, "ms": 41.319679260253906}
{"event": "sample", "n": 1024, "mode": "backward", "round": 1, "block": 1, "label": "B", "sample": 6, "ms": 41.31372833251953}
{"event": "sample", "n": 1024, "mode": "backward", "round": 1, "block": 1, "label": "B", "sample": 7, "ms": 41.292415618896484}
{"event": "sample", "n": 1024, "mode": "backward", "round": 1, "block": 1, "label": "B", "sample": 8, "ms": 41.34483337402344}
{"event": "sample", "n": 1024, "mode": "backward", "round": 1, "block": 1, "label": "B", "sample": 9, "ms": 41.404991149902344}
{"event": "sample", "n": 1024, "mode": "backward", "round": 1, "block": 2, "label": "B", "sample": 0, "ms": 41.595359802246094}
{"event": "sample", "n": 1024, "mode": "backward", "round": 1, "block": 2, "label": "B", "sample": 1, "ms": 41.31407928466797}
{"event": "sample", "n": 1024, "mode": "backward", "round": 1, "block": 2, "label": "B", "sample": 2, "ms": 41.316097259521484}
{"event": "sample", "n": 1024, "mode": "backward", "round": 1, "block": 2, "label": "B", "sample": 3, "ms": 41.374942779541016}
{"event": "sample", "n": 1024, "mode": "backward", "round": 1, "block": 2, "label": "B", "sample": 4, "ms": 41.42473602294922}
{"event": "sample", "n": 1024, "mode": "backward", "round": 1, "block": 2, "label": "B", "sample": 5, "ms": 41.38684844970703}
{"event": "sample", "n": 1024, "mode": "backward", "round": 1, "block": 2, "label": "B", "sample": 6, "ms": 41.31244659423828}
{"event": "sample", "n": 1024, "mode": "backward", "round": 1, "block": 2, "label": "B", "sample": 7, "ms": 41.309024810791016}
{"event": "sample", "n": 1024, "mode": "backward", "round": 1, "block": 2, "label": "B", "sample": 8, "ms": 41.31651306152344}
{"event": "sample", "n": 1024, "mode": "backward", "round": 1, "block": 2, "label": "B", "sample": 9, "ms": 41.30534362792969}
{"event": "sample", "n": 1024, "mode": "backward", "round": 1, "block": 3, "label": "A", "sample": 0, "ms": 41.50700759887695}
{"event": "sample", "n": 1024, "mode": "backward", "round": 1, "block": 3, "label": "A", "sample": 1, "ms": 41.3100471496582}
{"event": "sample", "n": 1024, "mode": "backward", "round": 1, "block": 3, "label": "A", "sample": 2, "ms": 41.3480339050293}
{"event": "sample", "n": 1024, "mode": "backward", "round": 1, "block": 3, "label": "A", "sample": 3, "ms": 41.430721282958984}
{"event": "sample", "n": 1024, "mode": "backward", "round": 1, "block": 3, "label": "A", "sample": 4, "ms": 41.44636917114258}
{"event": "sample", "n": 1024, "mode": "backward", "round": 1, "block": 3, "label": "A", "sample": 5, "ms": 41.350975036621094}
{"event": "sample", "n": 1024, "mode": "backward", "round": 1, "block": 3, "label": "A", "sample": 6, "ms": 41.310848236083984}
{"event": "sample", "n": 1024, "mode": "backward", "round": 1, "block": 3, "label": "A", "sample": 7, "ms": 41.28876876831055}
{"event": "sample", "n": 1024, "mode": "backward", "round": 1, "block": 3, "label": "A", "sample": 8, "ms": 41.42937469482422}
{"event": "sample", "n": 1024, "mode": "backward", "round": 1, "block": 3, "label": "A", "sample": 9, "ms": 41.439937591552734}
{"event": "sample", "n": 1024, "mode": "backward", "round": 2, "block": 0, "label": "A", "sample": 0, "ms": 41.546207427978516}
{"event": "sample", "n": 1024, "mode": "backward", "round": 2, "block": 0, "label": "A", "sample": 1, "ms": 41.29827117919922}
{"event": "sample", "n": 1024, "mode": "backward", "round": 2, "block": 0, "label": "A", "sample": 2, "ms": 41.34201431274414}
{"event": "sample", "n": 1024, "mode": "backward", "round": 2, "block": 0, "label": "A", "sample": 3, "ms": 41.456031799316406}
{"event": "sample", "n": 1024, "mode": "backward", "round": 2, "block": 0, "label": "A", "sample": 4, "ms": 41.438880920410156}
{"event": "sample", "n": 1024, "mode": "backward", "round": 2, "block": 0, "label": "A", "sample": 5, "ms": 41.34659194946289}
{"event": "sample", "n": 1024, "mode": "backward", "round": 2, "block": 0, "label": "A", "sample": 6, "ms": 41.35331344604492}
{"event": "sample", "n": 1024, "mode": "backward", "round": 2, "block": 0, "label": "A", "sample": 7, "ms": 41.30803298950195}
{"event": "sample", "n": 1024, "mode": "backward", "round": 2, "block": 0, "label": "A", "sample": 8, "ms": 41.33804702758789}
{"event": "sample", "n": 1024, "mode": "backward", "round": 2, "block": 0, "label": "A", "sample": 9, "ms": 41.32704162597656}
{"event": "sample", "n": 1024, "mode": "backward", "round": 2, "block": 1, "label": "B", "sample": 0, "ms": 41.465057373046875}
{"event": "sample", "n": 1024, "mode": "backward", "round": 2, "block": 1, "label": "B", "sample": 1, "ms": 41.356990814208984}
{"event": "sample", "n": 1024, "mode": "backward", "round": 2, "block": 1, "label": "B", "sample": 2, "ms": 41.32659149169922}
{"event": "sample", "n": 1024, "mode": "backward", "round": 2, "block": 1, "label": "B", "sample": 3, "ms": 41.31635284423828}
{"event": "sample", "n": 1024, "mode": "backward", "round": 2, "block": 1, "label": "B", "sample": 4, "ms": 41.336639404296875}
{"event": "sample", "n": 1024, "mode": "backward", "round": 2, "block": 1, "label": "B", "sample": 5, "ms": 41.32032012939453}
{"event": "sample", "n": 1024, "mode": "backward", "round": 2, "block": 1, "label": "B", "sample": 6, "ms": 41.31584167480469}
{"event": "sample", "n": 1024, "mode": "backward", "round": 2, "block": 1, "label": "B", "sample": 7, "ms": 41.30953598022461}
{"event": "sample", "n": 1024, "mode": "backward", "round": 2, "block": 1, "label": "B", "sample": 8, "ms": 41.30156707763672}
{"event": "sample", "n": 1024, "mode": "backward", "round": 2, "block": 1, "label": "B", "sample": 9, "ms": 41.29052734375}
{"event": "sample", "n": 1024, "mode": "backward", "round": 2, "block": 2, "label": "B", "sample": 0, "ms": 41.82156753540039}
{"event": "sample", "n": 1024, "mode": "backward", "round": 2, "block": 2, "label": "B", "sample": 1, "ms": 41.252193450927734}
{"event": "sample", "n": 1024, "mode": "backward", "round": 2, "block": 2, "label": "B", "sample": 2, "ms": 41.325599670410156}
{"event": "sample", "n": 1024, "mode": "backward", "round": 2, "block": 2, "label": "B", "sample": 3, "ms": 41.328704833984375}
{"event": "sample", "n": 1024, "mode": "backward", "round": 2, "block": 2, "label": "B", "sample": 4, "ms": 41.30121612548828}
{"event": "sample", "n": 1024, "mode": "backward", "round": 2, "block": 2, "label": "B", "sample": 5, "ms": 41.26224136352539}
{"event": "sample", "n": 1024, "mode": "backward", "round": 2, "block": 2, "label": "B", "sample": 6, "ms": 41.26054382324219}
{"event": "sample", "n": 1024, "mode": "backward", "round": 2, "block": 2, "label": "B", "sample": 7, "ms": 41.316097259521484}
{"event": "sample", "n": 1024, "mode": "backward", "round": 2, "block": 2, "label": "B", "sample": 8, "ms": 41.297630310058594}
{"event": "sample", "n": 1024, "mode": "backward", "round": 2, "block": 2, "label": "B", "sample": 9, "ms": 41.2402229309082}
{"event": "sample", "n": 1024, "mode": "backward", "round": 2, "block": 3, "label": "A", "sample": 0, "ms": 41.4180793762207}
{"event": "sample", "n": 1024, "mode": "backward", "round": 2, "block": 3, "label": "A", "sample": 1, "ms": 41.26707077026367}
{"event": "sample", "n": 1024, "mode": "backward", "round": 2, "block": 3, "label": "A", "sample": 2, "ms": 41.30361557006836}
{"event": "sample", "n": 1024, "mode": "backward", "round": 2, "block": 3, "label": "A", "sample": 3, "ms": 41.323646545410156}
{"event": "sample", "n": 1024, "mode": "backward", "round": 2, "block": 3, "label": "A", "sample": 4, "ms": 41.31257629394531}
{"event": "sample", "n": 1024, "mode": "backward", "round": 2, "block": 3, "label": "A", "sample": 5, "ms": 41.29974365234375}
{"event": "sample", "n": 1024, "mode": "backward", "round": 2, "block": 3, "label": "A", "sample": 6, "ms": 41.352352142333984}
{"event": "sample", "n": 1024, "mode": "backward", "round": 2, "block": 3, "label": "A", "sample": 7, "ms": 41.42387390136719}
{"event": "sample", "n": 1024, "mode": "backward", "round": 2, "block": 3, "label": "A", "sample": 8, "ms": 41.44035339355469}
{"event": "sample", "n": 1024, "mode": "backward", "round": 2, "block": 3, "label": "A", "sample": 9, "ms": 41.29558563232422}
{"event": "summary", "n": 1024, "mode": "backward", "median_ms": {"A": 41.34094429016113, "B": 41.31622505187988}, "speedup": 1.0005982937272273, "samples_per_label": 60}
{"event": "sample", "n": 1024, "mode": "forward_backward", "round": 0, "block": 0, "label": "A", "sample": 0, "ms": 52.48428726196289}
{"event": "sample", "n": 1024, "mode": "forward_backward", "round": 0, "block": 0, "label": "A", "sample": 1, "ms": 51.97001647949219}
{"event": "sample", "n": 1024, "mode": "forward_backward", "round": 0, "block": 0, "label": "A", "sample": 2, "ms": 51.94620895385742}
{"event": "sample", "n": 1024, "mode": "forward_backward", "round": 0, "block": 0, "label": "A", "sample": 3, "ms": 51.969825744628906}
{"event": "sample", "n": 1024, "mode": "forward_backward", "round": 0, "block": 0, "label": "A", "sample": 4, "ms": 51.935935974121094}
{"event": "sample", "n": 1024, "mode": "forward_backward", "round": 0, "block": 0, "label": "A", "sample": 5, "ms": 51.95280075073242}
{"event": "sample", "n": 1024, "mode": "forward_backward", "round": 0, "block": 0, "label": "A", "sample": 6, "ms": 52.019615173339844}
{"event": "sample", "n": 1024, "mode": "forward_backward", "round": 0, "block": 0, "label": "A", "sample": 7, "ms": 52.09747314453125}
{"event": "sample", "n": 1024, "mode": "forward_backward", "round": 0, "block": 0, "label": "A", "sample": 8, "ms": 52.02470397949219}
{"event": "sample", "n": 1024, "mode": "forward_backward", "round": 0, "block": 0, "label": "A", "sample": 9, "ms": 51.97670364379883}
{"event": "sample", "n": 1024, "mode": "forward_backward", "round": 0, "block": 1, "label": "B", "sample": 0, "ms": 52.25059127807617}
{"event": "sample", "n": 1024, "mode": "forward_backward", "round": 0, "block": 1, "label": "B", "sample": 1, "ms": 51.93849563598633}
{"event": "sample", "n": 1024, "mode": "forward_backward", "round": 0, "block": 1, "label": "B", "sample": 2, "ms": 51.80339050292969}
{"event": "sample", "n": 1024, "mode": "forward_backward", "round": 0, "block": 1, "label": "B", "sample": 3, "ms": 51.779296875}
{"event": "sample", "n": 1024, "mode": "forward_backward", "round": 0, "block": 1, "label": "B", "sample": 4, "ms": 51.89440155029297}
{"event": "sample", "n": 1024, "mode": "forward_backward", "round": 0, "block": 1, "label": "B", "sample": 5, "ms": 51.936832427978516}
{"event": "sample", "n": 1024, "mode": "forward_backward", "round": 0, "block": 1, "label": "B", "sample": 6, "ms": 51.76972961425781}
{"event": "sample", "n": 1024, "mode": "forward_backward", "round": 0, "block": 1, "label": "B", "sample": 7, "ms": 51.76758575439453}
{"event": "sample", "n": 1024, "mode": "forward_backward", "round": 0, "block": 1, "label": "B", "sample": 8, "ms": 51.91292953491211}
{"event": "sample", "n": 1024, "mode": "forward_backward", "round": 0, "block": 1, "label": "B", "sample": 9, "ms": 51.917823791503906}
{"event": "sample", "n": 1024, "mode": "forward_backward", "round": 0, "block": 2, "label": "B", "sample": 0, "ms": 52.17612838745117}
{"event": "sample", "n": 1024, "mode": "forward_backward", "round": 0, "block": 2, "label": "B", "sample": 1, "ms": 51.76486587524414}
{"event": "sample", "n": 1024, "mode": "forward_backward", "round": 0, "block": 2, "label": "B", "sample": 2, "ms": 51.92777633666992}
{"event": "sample", "n": 1024, "mode": "forward_backward", "round": 0, "block": 2, "label": "B", "sample": 3, "ms": 51.91891098022461}
{"event": "sample", "n": 1024, "mode": "forward_backward", "round": 0, "block": 2, "label": "B", "sample": 4, "ms": 51.813568115234375}
{"event": "sample", "n": 1024, "mode": "forward_backward", "round": 0, "block": 2, "label": "B", "sample": 5, "ms": 51.78451156616211}
{"event": "sample", "n": 1024, "mode": "forward_backward", "round": 0, "block": 2, "label": "B", "sample": 6, "ms": 51.93376159667969}
{"event": "sample", "n": 1024, "mode": "forward_backward", "round": 0, "block": 2, "label": "B", "sample": 7, "ms": 51.86422348022461}
{"event": "sample", "n": 1024, "mode": "forward_backward", "round": 0, "block": 2, "label": "B", "sample": 8, "ms": 51.777503967285156}
{"event": "sample", "n": 1024, "mode": "forward_backward", "round": 0, "block": 2, "label": "B", "sample": 9, "ms": 51.8089599609375}
{"event": "sample", "n": 1024, "mode": "forward_backward", "round": 0, "block": 3, "label": "A", "sample": 0, "ms": 52.482784271240234}
{"event": "sample", "n": 1024, "mode": "forward_backward", "round": 0, "block": 3, "label": "A", "sample": 1, "ms": 52.036705017089844}
{"event": "sample", "n": 1024, "mode": "forward_backward", "round": 0, "block": 3, "label": "A", "sample": 2, "ms": 51.95695877075195}
{"event": "sample", "n": 1024, "mode": "forward_backward", "round": 0, "block": 3, "label": "A", "sample": 3, "ms": 52.060543060302734}
{"event": "sample", "n": 1024, "mode": "forward_backward", "round": 0, "block": 3, "label": "A", "sample": 4, "ms": 52.07334518432617}
{"event": "sample", "n": 1024, "mode": "forward_backward", "round": 0, "block": 3, "label": "A", "sample": 5, "ms": 51.980926513671875}
{"event": "sample", "n": 1024, "mode": "forward_backward", "round": 0, "block": 3, "label": "A", "sample": 6, "ms": 51.94985580444336}
{"event": "sample", "n": 1024, "mode": "forward_backward", "round": 0, "block": 3, "label": "A", "sample": 7, "ms": 52.079105377197266}
{"event": "sample", "n": 1024, "mode": "forward_backward", "round": 0, "block": 3, "label": "A", "sample": 8, "ms": 52.129791259765625}
{"event": "sample", "n": 1024, "mode": "forward_backward", "round": 0, "block": 3, "label": "A", "sample": 9, "ms": 51.97324752807617}
{"event": "sample", "n": 1024, "mode": "forward_backward", "round": 1, "block": 0, "label": "A", "sample": 0, "ms": 52.35862350463867}
{"event": "sample", "n": 1024, "mode": "forward_backward", "round": 1, "block": 0, "label": "A", "sample": 1, "ms": 52.0786247253418}
{"event": "sample", "n": 1024, "mode": "forward_backward", "round": 1, "block": 0, "label": "A", "sample": 2, "ms": 52.091007232666016}
{"event": "sample", "n": 1024, "mode": "forward_backward", "round": 1, "block": 0, "label": "A", "sample": 3, "ms": 51.96905517578125}
{"event": "sample", "n": 1024, "mode": "forward_backward", "round": 1, "block": 0, "label": "A", "sample": 4, "ms": 51.958526611328125}
{"event": "sample", "n": 1024, "mode": "forward_backward", "round": 1, "block": 0, "label": "A", "sample": 5, "ms": 52.08550262451172}
{"event": "sample", "n": 1024, "mode": "forward_backward", "round": 1, "block": 0, "label": "A", "sample": 6, "ms": 52.079647064208984}
{"event": "sample", "n": 1024, "mode": "forward_backward", "round": 1, "block": 0, "label": "A", "sample": 7, "ms": 51.970176696777344}
{"event": "sample", "n": 1024, "mode": "forward_backward", "round": 1, "block": 0, "label": "A", "sample": 8, "ms": 51.943870544433594}
{"event": "sample", "n": 1024, "mode": "forward_backward", "round": 1, "block": 0, "label": "A", "sample": 9, "ms": 51.97923278808594}
{"event": "sample", "n": 1024, "mode": "forward_backward", "round": 1, "block": 1, "label": "B", "sample": 0, "ms": 52.14448165893555}
{"event": "sample", "n": 1024, "mode": "forward_backward", "round": 1, "block": 1, "label": "B", "sample": 1, "ms": 51.78470230102539}
{"event": "sample", "n": 1024, "mode": "forward_backward", "round": 1, "block": 1, "label": "B", "sample": 2, "ms": 51.83695983886719}
{"event": "sample", "n": 1024, "mode": "forward_backward", "round": 1, "block": 1, "label": "B", "sample": 3, "ms": 51.88502502441406}
{"event": "sample", "n": 1024, "mode": "forward_backward", "round": 1, "block": 1, "label": "B", "sample": 4, "ms": 51.876190185546875}
{"event": "sample", "n": 1024, "mode": "forward_backward", "round": 1, "block": 1, "label": "B", "sample": 5, "ms": 51.7355842590332}
{"event": "sample", "n": 1024, "mode": "forward_backward", "round": 1, "block": 1, "label": "B", "sample": 6, "ms": 51.834049224853516}
{"event": "sample", "n": 1024, "mode": "forward_backward", "round": 1, "block": 1, "label": "B", "sample": 7, "ms": 51.89539337158203}
{"event": "sample", "n": 1024, "mode": "forward_backward", "round": 1, "block": 1, "label": "B", "sample": 8, "ms": 51.82668685913086}
{"event": "sample", "n": 1024, "mode": "forward_backward", "round": 1, "block": 1, "label": "B", "sample": 9, "ms": 51.75900650024414}
{"event": "sample", "n": 1024, "mode": "forward_backward", "round": 1, "block": 2, "label": "B", "sample": 0, "ms": 52.183841705322266}
{"event": "sample", "n": 1024, "mode": "forward_backward", "round": 1, "block": 2, "label": "B", "sample": 1, "ms": 51.935935974121094}
{"event": "sample", "n": 1024, "mode": "forward_backward", "round": 1, "block": 2, "label": "B", "sample": 2, "ms": 51.815425872802734}
{"event": "sample", "n": 1024, "mode": "forward_backward", "round": 1, "block": 2, "label": "B", "sample": 3, "ms": 51.779808044433594}
{"event": "sample", "n": 1024, "mode": "forward_backward", "round": 1, "block": 2, "label": "B", "sample": 4, "ms": 51.90563201904297}
{"event": "sample", "n": 1024, "mode": "forward_backward", "round": 1, "block": 2, "label": "B", "sample": 5, "ms": 51.93404769897461}
{"event": "sample", "n": 1024, "mode": "forward_backward", "round": 1, "block": 2, "label": "B", "sample": 6, "ms": 51.774208068847656}
{"event": "sample", "n": 1024, "mode": "forward_backward", "round": 1, "block": 2, "label": "B", "sample": 7, "ms": 51.801631927490234}
{"event": "sample", "n": 1024, "mode": "forward_backward", "round": 1, "block": 2, "label": "B", "sample": 8, "ms": 51.90681457519531}
{"event": "sample", "n": 1024, "mode": "forward_backward", "round": 1, "block": 2, "label": "B", "sample": 9, "ms": 51.919647216796875}
{"event": "sample", "n": 1024, "mode": "forward_backward", "round": 1, "block": 3, "label": "A", "sample": 0, "ms": 52.382625579833984}
{"event": "sample", "n": 1024, "mode": "forward_backward", "round": 1, "block": 3, "label": "A", "sample": 1, "ms": 51.97020721435547}
{"event": "sample", "n": 1024, "mode": "forward_backward", "round": 1, "block": 3, "label": "A", "sample": 2, "ms": 52.110591888427734}
{"event": "sample", "n": 1024, "mode": "forward_backward", "round": 1, "block": 3, "label": "A", "sample": 3, "ms": 52.078304290771484}
{"event": "sample", "n": 1024, "mode": "forward_backward", "round": 1, "block": 3, "label": "A", "sample": 4, "ms": 51.91571044921875}
{"event": "sample", "n": 1024, "mode": "forward_backward", "round": 1, "block": 3, "label": "A", "sample": 5, "ms": 51.989601135253906}
{"event": "sample", "n": 1024, "mode": "forward_backward", "round": 1, "block": 3, "label": "A", "sample": 6, "ms": 52.10345458984375}
{"event": "sample", "n": 1024, "mode": "forward_backward", "round": 1, "block": 3, "label": "A", "sample": 7, "ms": 52.00057601928711}
{"event": "sample", "n": 1024, "mode": "forward_backward", "round": 1, "block": 3, "label": "A", "sample": 8, "ms": 51.96278381347656}
{"event": "sample", "n": 1024, "mode": "forward_backward", "round": 1, "block": 3, "label": "A", "sample": 9, "ms": 52.01929473876953}
{"event": "sample", "n": 1024, "mode": "forward_backward", "round": 2, "block": 0, "label": "A", "sample": 0, "ms": 52.79616165161133}
{"event": "sample", "n": 1024, "mode": "forward_backward", "round": 2, "block": 0, "label": "A", "sample": 1, "ms": 52.05315017700195}
{"event": "sample", "n": 1024, "mode": "forward_backward", "round": 2, "block": 0, "label": "A", "sample": 2, "ms": 51.95167922973633}
{"event": "sample", "n": 1024, "mode": "forward_backward", "round": 2, "block": 0, "label": "A", "sample": 3, "ms": 52.031742095947266}
{"event": "sample", "n": 1024, "mode": "forward_backward", "round": 2, "block": 0, "label": "A", "sample": 4, "ms": 52.05254364013672}
{"event": "sample", "n": 1024, "mode": "forward_backward", "round": 2, "block": 0, "label": "A", "sample": 5, "ms": 51.97459030151367}
{"event": "sample", "n": 1024, "mode": "forward_backward", "round": 2, "block": 0, "label": "A", "sample": 6, "ms": 51.96249771118164}
{"event": "sample", "n": 1024, "mode": "forward_backward", "round": 2, "block": 0, "label": "A", "sample": 7, "ms": 52.084991455078125}
{"event": "sample", "n": 1024, "mode": "forward_backward", "round": 2, "block": 0, "label": "A", "sample": 8, "ms": 52.07712173461914}
{"event": "sample", "n": 1024, "mode": "forward_backward", "round": 2, "block": 0, "label": "A", "sample": 9, "ms": 51.97990417480469}
{"event": "sample", "n": 1024, "mode": "forward_backward", "round": 2, "block": 1, "label": "B", "sample": 0, "ms": 52.195518493652344}
{"event": "sample", "n": 1024, "mode": "forward_backward", "round": 2, "block": 1, "label": "B", "sample": 1, "ms": 51.92041778564453}
{"event": "sample", "n": 1024, "mode": "forward_backward", "round": 2, "block": 1, "label": "B", "sample": 2, "ms": 51.911678314208984}
{"event": "sample", "n": 1024, "mode": "forward_backward", "round": 2, "block": 1, "label": "B", "sample": 3, "ms": 51.760318756103516}
{"event": "sample", "n": 1024, "mode": "forward_backward", "round": 2, "block": 1, "label": "B", "sample": 4, "ms": 51.80847930908203}
{"event": "sample", "n": 1024, "mode": "forward_backward", "round": 2, "block": 1, "label": "B", "sample": 5, "ms": 51.92643356323242}
{"event": "sample", "n": 1024, "mode": "forward_backward", "round": 2, "block": 1, "label": "B", "sample": 6, "ms": 51.90118408203125}
{"event": "sample", "n": 1024, "mode": "forward_backward", "round": 2, "block": 1, "label": "B", "sample": 7, "ms": 51.77008056640625}
{"event": "sample", "n": 1024, "mode": "forward_backward", "round": 2, "block": 1, "label": "B", "sample": 8, "ms": 51.79148864746094}
{"event": "sample", "n": 1024, "mode": "forward_backward", "round": 2, "block": 1, "label": "B", "sample": 9, "ms": 51.927520751953125}
{"event": "sample", "n": 1024, "mode": "forward_backward", "round": 2, "block": 2, "label": "B", "sample": 0, "ms": 52.260414123535156}
{"event": "sample", "n": 1024, "mode": "forward_backward", "round": 2, "block": 2, "label": "B", "sample": 1, "ms": 51.77596664428711}
{"event": "sample", "n": 1024, "mode": "forward_backward", "round": 2, "block": 2, "label": "B", "sample": 2, "ms": 51.812286376953125}
{"event": "sample", "n": 1024, "mode": "forward_backward", "round": 2, "block": 2, "label": "B", "sample": 3, "ms": 51.898624420166016}
{"event": "sample", "n": 1024, "mode": "forward_backward", "round": 2, "block": 2, "label": "B", "sample": 4, "ms": 51.85804748535156}
{"event": "sample", "n": 1024, "mode": "forward_backward", "round": 2, "block": 2, "label": "B", "sample": 5, "ms": 51.76758575439453}
{"event": "sample", "n": 1024, "mode": "forward_backward", "round": 2, "block": 2, "label": "B", "sample": 6, "ms": 51.86332702636719}
{"event": "sample", "n": 1024, "mode": "forward_backward", "round": 2, "block": 2, "label": "B", "sample": 7, "ms": 51.925472259521484}
{"event": "sample", "n": 1024, "mode": "forward_backward", "round": 2, "block": 2, "label": "B", "sample": 8, "ms": 51.813663482666016}
{"event": "sample", "n": 1024, "mode": "forward_backward", "round": 2, "block": 2, "label": "B", "sample": 9, "ms": 51.779422760009766}
{"event": "sample", "n": 1024, "mode": "forward_backward", "round": 2, "block": 3, "label": "A", "sample": 0, "ms": 52.45644760131836}
{"event": "sample", "n": 1024, "mode": "forward_backward", "round": 2, "block": 3, "label": "A", "sample": 1, "ms": 52.11017608642578}
{"event": "sample", "n": 1024, "mode": "forward_backward", "round": 2, "block": 3, "label": "A", "sample": 2, "ms": 51.99497604370117}
{"event": "sample", "n": 1024, "mode": "forward_backward", "round": 2, "block": 3, "label": "A", "sample": 3, "ms": 51.9323844909668}
{"event": "sample", "n": 1024, "mode": "forward_backward", "round": 2, "block": 3, "label": "A", "sample": 4, "ms": 52.065120697021484}
{"event": "sample", "n": 1024, "mode": "forward_backward", "round": 2, "block": 3, "label": "A", "sample": 5, "ms": 52.079166412353516}
{"event": "sample", "n": 1024, "mode": "forward_backward", "round": 2, "block": 3, "label": "A", "sample": 6, "ms": 51.950592041015625}
{"event": "sample", "n": 1024, "mode": "forward_backward", "round": 2, "block": 3, "label": "A", "sample": 7, "ms": 51.93171310424805}
{"event": "sample", "n": 1024, "mode": "forward_backward", "round": 2, "block": 3, "label": "A", "sample": 8, "ms": 51.94268798828125}
{"event": "sample", "n": 1024, "mode": "forward_backward", "round": 2, "block": 3, "label": "A", "sample": 9, "ms": 51.95414352416992}
{"event": "summary", "n": 1024, "mode": "forward_backward", "median_ms": {"A": 52.00993537902832, "B": 51.8637752532959}, "speedup": 1.0028181543865367, "samples_per_label": 60}
{"event": "complete"}
